1,232,,erin71@yahoo.com,scrypt:32768:8:1$buf8vNtHDTx2mTE6$a1ea11e75c85b096f81aedeba50f2b1fd5a2b49ecf546bcc404bee818b72f13139993d416cb7ab1846a0867dd962433bbe3b15f48b1da50b15f26af1f40f2d42,David Rivera,"60712 Rivera Rest Apt. 770, Rebeccachester, AS 03995",7230.56
2,610,,tgalloway@hotmail.com,scrypt:32768:8:1$IhGASQ7uRoqpgnjc$bf0299c5e73fcdcdcf90fdebf83273a72d7f4a6589b9755c43580bda08341b10a1a2c570bba81038bc8bd7f08fe0cc684947a0bb6de05ab1991a4244c2e0071c,Theresa Gomez,"990 Parsons Forest, South Charleston, PA 25156",5043.66
3,268,,stephen29@gmail.com,scrypt:32768:8:1$1IW84XwQDCXrxGBm$faf983fb51da3a71ad369048eda24f34a373213f8049de08ee076f76238e07c3515409e01ade212f69f633cde63c6c3843e58cf87e30ce75b06f415d594bf373,Christopher Robinson,"5422 Hill Light Apt. 972, Floydchester, WV 51245",1778.41
4,435,,williamdoyle@gmail.com,scrypt:32768:8:1$zNDLpPeYjwOYPedV$b41c0fac9a1fc2fe8a724fb7e5d6f4c81abc99e95e45397f4f5fe598510d2a519f078469fcfe84325344527f6d082185e6bdd2bd5f7c315d21f66f9e17876a54,Miss Heather Lee MD,"21442 Lam Gateway Apt. 173, Ronaldmouth, FM 14040",9451.63
5,456,,jeffrey95@yahoo.com,scrypt:32768:8:1$1V4yrqZ2tX4WJq9f$d5674cbaf9f7a3ae2edaa10a8a77e5c05e4655475887af543c148f573abad384f0dd70279a29b8d51fa862cad855561b8010a4caa27055e98f033479ea643b0b,Mrs. Mary Johnson,"2017 Mcneil Isle, Scottmouth, VA 42613",1877.27
6,538,113,vfoster@hotmail.com,scrypt:32768:8:1$ehOfJSdRZYzdhJWq$e673a759895b9eb9ec4f22b7ef9ef432009c9e5141a2e59e25f411bdaec7e62d9a897babe6104990bdcb9b850c7fd038950c61a43b4d199eb8808eeeb3130532,Keith Brooks,"832 Spencer Spring Suite 980, Duncanbury, MO 35092",9990.22
7,15,,angelarowe@yahoo.com,scrypt:32768:8:1$9S3b0z23xIANbUU3$a45810623eadccd9fc4093902a6686b81399d5b1971f27b89d9824b6b625c0455dd1b0f520abb49e3bc9b3727673e5af02296f895d9bffa84d9499aa2fefd112,Jennifer Griffin,"5247 Amber Hollow, Sandymouth, CA 46250",4305.47
8,323,,laurenallen@yahoo.com,scrypt:32768:8:1$YdcXVwKegpkGka9D$510b7472e8c26ffe31adc83bc9f7e79b4298c8ab296a03492b7a0df84cf462d4ce0c4fd4e2f7bfc0aba10667a79e860eb5236d9e61aed79e28fac4cad5b230c4,Gavin Silva,"2054 Sims Forks Suite 001, New Mark, OK 22130",1256.54
9,222,,randallwendy@yahoo.com,scrypt:32768:8:1$3yCJXYUSzPqgMEU2$50f54a227a1c782a15d3a01af8e5ace41676ccc9db9fa536b58416e165458b4dc26da442960b9100d70038a9803a674b119b6716a89e402adefd6416751bcb06,Brent Hernandez,"936 Randall Park, Mcgrathfurt, AR 41129",9907.14
10,127,,sharris@hotmail.com,scrypt:32768:8:1$XEB4fagcWSlTiygg$a5bd4b1ec4b4683840cb38e65bc5e99f89de17e7f09375d1b869a438ba07d0521e31f8ad49b685781b0e11aa4d109a8ac3a8086a268b3cb3046b6f05b71e8a9f,Rodney Harrison,"23422 Clark Ports Apt. 012, Baileyport, HI 08507",9898.90
11,792,,jenkinsmatthew@gmail.com,scrypt:32768:8:1$qi1Cmtnvp0eozyOA$4f70fa6e3228a4b3a3759175acd7a01fab965e8bc010ddcda1fc5c4072ff27723ac30650bef21863739d415bcad84e26f90b8a38be2fb2134e4b0bcf6b3e4424,William Bass,"3236 Gonzalez Ford, New Juanborough, NY 13836",4651.58
12,91,9,carriecollier@yahoo.com,scrypt:32768:8:1$wIB5PFgOee5ARAdb$f0d344cccd481dfe4899cd7ec58fec54c79d1b42271f16a98f236696d4fff654cdfeb42d2cc5f884149d493f5fe230a7b855300973767879baec8b066ec1e3fb,Michelle Brown,"98713 Fleming Port, Adrianmouth, VI 28252",5753.44
13,57,,charlotte38@gmail.com,scrypt:32768:8:1$VIwd4SaB4MtjemJ3$5fec1562d16a0175c5b16281950b84a5f273a0c259dd20e84da8ad36687f287549bf2ecdbc4a33512b4706276eb85c432e722e6cfe557f821d526588f4713b92,Tamara Sloan,"79204 Aguilar Shores Suite 965, Port Caleb, VI 70581",357.29
14,141,72,ramoskevin@hotmail.com,scrypt:32768:8:1$aLhD8uMPvup0bsyx$0460aee094e32e70b3df6fac7afffe4f6904fc10c42e25a4c480cdb99216fd8a0bdcb44fe3babce2667d01a7f3a0efe8f5affc01b48cc362dd7d83401fbf9b46,Tonya Andersen,"20865 Tiffany Island, Lake Nancyhaven, IN 34436",4448.90
15,688,,colonconnor@gmail.com,scrypt:32768:8:1$kHCpU8eYBS6x9F5a$63715003a5ecf92efb8abd68a907503f348c63cf3d7b63c83bf2bbaf3f313a6dec6768e7c2e5f645ddf0619846626865ad6cb29c7470e99afdc5764aee743576,Cassandra Martin,"554 April Circles Suite 196, Tylerville, VA 60222",9426.98
16,107,,osanders@gmail.com,scrypt:32768:8:1$Ku4xLU6TeQa3tQhZ$3850e4b3647cef9b8c5268f302adac0f677ca7f33cc779ea727ae53b8ddd6dc20993e24d057bd068358014a052d69207dc0278ac20752e3e04f59c6f471ff4b6,Keith Ramsey,"093 Tucker Creek Suite 175, New Bonnie, WY 13756",9549.23
17,370,,cwilliams@gmail.com,scrypt:32768:8:1$RI0PkwmNW6nE01QX$e5708555fb212cd4b02edcf79fdaf0f080c37dc1a7d9ed5888af339685ad44047632e23fcbde22b5845a9ee50b3b80b4b94f31d23bbaedb0b8321d9b6b4465b6,Matthew Clark,"67931 Shepard Extensions, Obrienland, AK 33461",6639.75
18,866,77,karenbrown@gmail.com,scrypt:32768:8:1$B7lSc29nFb6Ww2r1$26e81b428d601e64f6cbb61d9ab92aefac3d4278b97a9de1a80b10254d2d49467ac826cad61b5716ff771733f9bb65ba95400916b1ba545587bc905580c70108,Toni Mills,"14470 Rodney Greens Suite 991, New David, MN 35533",8273.90
19,830,,jennifer33@gmail.com,scrypt:32768:8:1$pxo0JjdOAGgvxmBR$ec0b39ab57d86911c15700173e48097c0c2baba906f1b4a2f8645f7fb252e19c04c0c4f8a6ff712c8c6827aa72f08f373f590610d0fad8f380c770ab8b919fdc,Tracy Shannon,"05611 Michael Expressway, Stevenmouth, ME 38400",6581.52
20,818,162,wagnerbrandon@hotmail.com,scrypt:32768:8:1$KimPSr1gmKqykpuX$7c3688002008e0fd3c6c45e8ff9a6b2542f00d9d372d7ffc01e0df0409260f52fa2b8ecd4764bc9203ccb9ffaa808b2315016f60a7c2f18880cd856b77ea6e17,Angela Tucker,"759 Kathleen Ports Apt. 777, Rogerton, AZ 96563",4300.70
21,72,80,bflores@gmail.com,scrypt:32768:8:1$tWVSh6K6q5vDnefh$67e9bbe31f360554cc515477b82c35088aeb4a1e70bd3ef6c17eefcf65a9e6e485e32d5197d9510f21150e0371adea404012d6f40595910b8438f3c14fdbb32e,Dennis Howard,"32396 Carter Via Apt. 387, Port Davidland, AL 40824",9820.75
22,984,190,williamsmith@hotmail.com,scrypt:32768:8:1$ibS0zhOWLMRhvxlu$96b997d94b90a43941be380b61faf1f7487018922c26ae3bfe19efbcca25206de31d09775e0700e3c3413750031f192e030e110dd1f7b07eea8808cd0acfea94,Julie Gordon,"7498 Kelly Gateway Apt. 733, Lisaborough, PW 75402",2203.11
23,78,94,crystalwoodard@hotmail.com,scrypt:32768:8:1$dwE0cJxGE7oioNTg$ab1e390afab51148880df772c8b61f7a881fae425e6e5f26da60a1473d8e7e9c843c231848eae325248784269de7caff0c115bfd79f059013991d9a975fac1f2,Justin Sampson,"1055 Hernandez Harbor Apt. 172, Ferrellport, SC 67367",108.74
24,638,,nicholaswilson@yahoo.com,scrypt:32768:8:1$l8eIaCbO8NCCKSIs$1fad94029d16a909ca06a80e6c5225ac7ccf4113d92136060536a924f7ef79711e7dbe83b52437871df6b01aeac94083e705c78955ee5c39b80be812457b2dd4,Richard Stewart,"11381 Tara Stravenue Apt. 910, West Sharon, OR 69273",5421.20
25,43,,kristine84@gmail.com,scrypt:32768:8:1$JzzhaJsXBrgJVOPA$80ec8eedc52f5729dfc1345ccde01067ee17ecd9d07db361f770d9e12bb41311533a7168a97db1694a41961ee47541267a365411078a6edefd85e1953257363b,Joanna Kim,"35091 Christopher Unions, Carlaville, ND 51823",4481.07
26,774,,hamptonterri@hotmail.com,scrypt:32768:8:1$lzRpwiW3AOdNc02e$5a28e800f85ed253979eced5299ee71792d7295bfda56dd815288c5f9e1d858f3ae0438c4c34e09b478063153a810baad20e4f2fc9395a178d37f36f09cc0d91,Jack Stephens,"52057 Angela Ridge Suite 498, East Elizabeth, NJ 15619",293.39
27,267,17,marydaniel@yahoo.com,scrypt:32768:8:1$WzztT7z6zd7AGvQc$ff62bd8ed1b987ba558a83c92fbc4b685856f3b88add14f1c94170b5739eb3bb568240d134a5c0363ffa8903b8ce7e69c9f86087c834e4242079925365a914d9,Tonya Jacobs,"734 Johnson Lakes, Tiffanyshire, KS 31092",2182.46
28,67,28,tammy52@hotmail.com,scrypt:32768:8:1$ayjYh2m6LSGt2ccP$25eb1bfba5c54e83c924b9a515237c821be945928d061a94d9c284558d04f9583fe1b3fcb943a5e0ec619400b1e6594664907ff04eee1bfd288184f3bc751e20,William Collins,"05771 Green Curve, Barryborough, NC 38824",9971.54
29,108,35,scottalexa@gmail.com,scrypt:32768:8:1$V8sPYO4txDz6RZyj$04a596492f2c84d36ad708367ee19aeb37578accdc20934c50a363d48b83f756bb69a948b65d17ac8d19493fc660fd65a34aaa286dd86944a625ce1d245fba1f,Diana Woods,"9920 Candice Fall, Port Anthonymouth, AK 93360",4200.58
30,540,81,petersonkimberly@yahoo.com,scrypt:32768:8:1$6vyGk5Q8Swjgq4zW$620bccc15d0f2d30072b69e8415599474296de28e98722f95c492dbfecc687505ba6d1fe9afcc70f1cd2ef89331d4f82e2f097c1b2dcb5523705f4e674ea7fda,Kimberly Park,"1461 Hull Route Suite 956, Lake Davidtown, FL 70328",6783.61
31,505,45,lorimccullough@hotmail.com,scrypt:32768:8:1$lh5vCk6y3GLDkd8k$e09c958e28de0bdf386e186b0448d34a3125bb2da98273dbc33b30ddeb1dd511451ef7bfad86afe61eb543fe4e277f313bc68080fd5de6fd1e6fa0243c5be7d3,Edward Andrade,"Unit 8300 Box 4962, DPO AE 30596",2542.54
32,832,12,claytonperry@yahoo.com,scrypt:32768:8:1$uBJxcj3z5Y3mmVNR$0d4b26cdc93037d9c141c25388cd65fa60def638660b89dcbb7667b4825f9749ec7cd911a7eb8208c2672a72e849d49346904953d600e6d2a73107d401b3a934,Kevin Edwards,"10723 Duncan Corner, Lindaview, MA 56278",45.57
33,934,137,jacksonandrea@yahoo.com,scrypt:32768:8:1$VsDTgVTF07NmEiHu$d66d4bbb0044bf884e5bb0034341bb2d9ae01943f366be70d9989dcac612a0bcf7dd708fbfb4d65e0238cfebd2f91c1526bc5523c68f6202f5ced652951d7b24,Barbara Bennett,"14477 Joseph Springs Suite 747, New Amy, CT 55308",397.85
34,234,,sharris@gmail.com,scrypt:32768:8:1$cvAjR2b1o6JbIOtT$e9ba7f063e2987d1ac8ad675d130d2136fee7e86ed1e6b1ef42f1f5231be67e7ef42e28e28713d5e6dce495f3a75237c911baaffb2464908905320c5fb9f56aa,Matthew Forbes DDS,"65659 Kirby Island Apt. 019, Rodriguezmouth, SC 29288",9372.29
35,275,,noblemelinda@gmail.com,scrypt:32768:8:1$6VwdtojWoe40Oiyx$911f2966df6116bad14efeabad121c1165bf894bbc8cfd83ee8b0efb159fadd30767a61b3faa2110268ead46f13070c27db9e4235e07b81a66dc65f767eb8a9c,Angelica Daniels,"0205 Mitchell Throughway Suite 520, Frankmouth, NV 16272",5348.00
36,553,,jkennedy@gmail.com,scrypt:32768:8:1$GTIZgDtCH3HPTx7T$d18130fe7740bf6c114c28881e45f0033d7888bd91318b6d33deec510a2bdd018af6ca2f3ad5b4a9d64e8ac368b43e8ef23bd95699dd3b5bf6ffdcc827d30456,Rebecca Sandoval,"145 Roberts Common Suite 347, East Lindseyville, AK 44449",8069.22
37,453,,shawnharris@gmail.com,scrypt:32768:8:1$jZckU9oNtYN62LeJ$1d5c77ad3c348c5780785596502dc222e5554487cef325a520f6f9e256c25e4b1e7e550c6aa4e14e1cedebde093b829a9dd029022555b750b8fb9984a357ebb2,Bryan Scott,"726 Gerald View Apt. 592, Huangstad, SD 81293",9501.18
38,128,,michelehicks@gmail.com,scrypt:32768:8:1$lhuBC5dNpHovn3jG$928e7eed5b7a0c5808582c52c183458222e4db3514aff8470b31b467f8548dcf614bc74c8dbfc0422cb85dd9f0f1cf0a6d4497f752cb0ccacf7937cdea6fc9a1,Laura Johnson,"47806 Ryan Motorway, Port Karen, MS 05623",7719.81
39,883,,jwarren@hotmail.com,scrypt:32768:8:1$IJ4fdgHim58sDWVS$e2b3f97cce98dd58d163748f361714f52efa127da951a7ba08b846245a41cc71982e34f59f70882b4ef7372314b1e2cb6d604be90f3e0971fe3afc52df8d9c48,Larry Mahoney,"39637 Kimberly Pine, West Stevenmouth, NJ 07616",2746.03
40,121,,lisamcdaniel@yahoo.com,scrypt:32768:8:1$NSbxksPV3TbgM1V9$716d954b09de5c1056a45d97bed006f49f1d2c8caee9a8db9d133be924bee658aad583bbff77faed57b85ecfaa4dd952e631f5ea56c94b3eee6248659d6a68d4,Patrick Bryan,"132 Joseph Mountains, Debraberg, ID 46457",9140.79
41,349,,vsalas@hotmail.com,scrypt:32768:8:1$u3pZCua8Ooi4xktr$6a8f03b5e49ae6f5f17090549ca607ca86a2f771d6187a93ee541685b7a091d51bfae7abf9b4fc46192357378e22ee10768756611948ff719827f698a263ed31,Melinda Colon,"814 Matthew Mount, New Tony, PR 11416",7433.08
42,182,,vincenthill@gmail.com,scrypt:32768:8:1$PfyMQXZUOQZXX2Hx$0d3e48a627cfa43c8d742d6fbcd1ef40d0961df3e2b72feb58e7e92fe72e404f4601a4d4be9fa904bdf7e54ac0eac1bc5caac9ac490ebcced7bac1d40ff482d9,James Robinson,"19509 Beck Fords Apt. 879, Chelseabury, MO 97888",1756.96
43,714,73,rodriguezthomas@yahoo.com,scrypt:32768:8:1$VLXa0nlRIwPn3GEI$6bb0f3ba41fc2229197290f8b7fb5b132cc263454709d0f1b2a683eb0f38a5acd61579543ff399ab9409b834815c3cd415734f3512cf30b340f9fbed5f468dc2,Gary Martinez,"63888 Lopez Squares Apt. 778, Victoriahaven, WV 92298",7993.53
44,870,135,shelleybird@hotmail.com,scrypt:32768:8:1$bznciiq2qeSCch2b$a6ebf64506f3fab871dc339bb65d597f118fe9b044ec5c5aabf1c0c039cc769f8724e8c0ee470707b86ff8d3412de66b9e32d416d24e686473eff14b11f75a7f,Scott Martinez,"4604 Williams Plains, Camposshire, NC 44605",9110.09
45,663,,christina00@hotmail.com,scrypt:32768:8:1$gi72XI0TsKRF7MMf$b19f2d4026aae5fbfd470ca4c5a41da3a93ba16980c77cc1812438c2cd93215210b45a445deb191af251474e47a9fab9c26dbcbbcefdf60a2700c9518d0225f7,Stephanie Montgomery,"1894 Theresa Circle Apt. 851, Stephaniestad, WY 82521",815.65
46,878,18,danielle56@hotmail.com,scrypt:32768:8:1$LsMrFI08qv2DRpAP$3a997d04c370f0b94e315a8532d279e785971026b3e3e85d43d85cc9a411e7b19ec734449fef4a252cb2e04d9a61704507ae800de6fbf9fddad9b3ab91c6f02d,Rebecca Reyes,"163 Hayley Fords Suite 583, South Karen, VI 97729",5826.26
47,698,,daychristopher@yahoo.com,scrypt:32768:8:1$brY2P1cG7kWKRVJx$6802dc909a4442544cc4d2f3656fda6a9e6b786924a7c5d19045a25ad9ed4aae07f46a4f38dca0ae723ff6e47c00da98207f69c9e7b7eb8257626386049c6979,Charles Beard,"28158 Hannah Field Suite 260, Johnland, AL 59755",6507.08
48,157,,goodwinamy@gmail.com,scrypt:32768:8:1$YRzk1WNTBkKu3R8n$e3f301dad01cbfba454a746cd3410f9a78e9c0dd73b56f6112fc95dfa467db2cd54a187b1d20c3b44201c444f7d38cd4abcd6f7b4eb891b74e2df482b39a77c2,Kayla Hicks,"15766 Peterson Roads, Port Davidland, ND 45241",2390.26
49,895,,lbush@yahoo.com,scrypt:32768:8:1$ZBp41UcRC2RZ7t0T$014d98ba0e1ed6c7eaf624e3cd8d6a989926116ead67308f6b2ef978e4f2534b548730bbc6f4ae272fc975ad186a98372b8f6ae3af78cbfc05de157c3033e3fd,Jeffrey Robles,"56162 Lozano Stream Suite 426, Reneehaven, GU 16280",7674.04
50,467,,jordanmendez@hotmail.com,scrypt:32768:8:1$WqIP4yDxvkLoyoWG$d22a3cf44c8fbe5d773b74ced2048a43a88b5f866aaac68119117e106f97da4d5ad83932647ce0ea3caf8679caefdbcc313e2e864e93577f01ebd9c332cf1331,Matthew Ruiz,"86330 Mindy Radial Suite 343, New Carrieland, NM 35786",8835.22
51,958,,ggregory@gmail.com,scrypt:32768:8:1$Angw16Rf5iCvmtE2$378eba3e60c9cee9c4381a4625e6bc7152af7140dca467869be0285f1a57e5283df72b9d439b8f7e221e9cd59ea9d26ed292b3acbd5089c452fba698e5651c8f,Rebecca George,"01800 Alvarado Lake Apt. 378, New Jamesport, ME 04351",963.93
52,877,39,james98@yahoo.com,scrypt:32768:8:1$G0XyKWGM2Lsknsht$8854afd877fa7529054ed4a54bb78c1d75e0fa3eaba5e2110c37c307c423d4c073cf8e42c2f6443bdb449dac6c07e6ea390ba75da523c29e49366448f3086074,Christopher Dodson,"6815 Christian Meadow, Westchester, VT 55275",2938.04
53,498,,xharris@yahoo.com,scrypt:32768:8:1$oWmuxFbIuKzlIU2N$83b48ef445949c88cc60cab7154b5bde8e8cea7c24b13d7b6da9e355c76e66bc354a0751af177bddf19d86324a37da1378837d3f56db37e1ce88a3b17e8e9670,Douglas Yates,"464 Burns Court Apt. 046, Cooleyton, MS 75324",8627.66
54,858,102,wbyrd@gmail.com,scrypt:32768:8:1$HTBgWzZFRs4wVw6q$f08828ffdaa6b36b70a8b59eaea4373e40a5101cc90ca68cacc50196d3235050c46705ed2bfb1de5693d96aaac9e5f6c490c28d435bba76dfe33be3d905f14f6,Christopher Simpson,"USS Sanchez, FPO AP 38893",2497.61
55,277,160,tammyodom@gmail.com,scrypt:32768:8:1$ObJkRDqMIGh6uvy6$7e2fc67016816438d17168bd12fd75334982d05e8707df93fba5be3372b0479ce24f94c1eea0c476ef4caf697509348ff5df1fc979d4946a59dd92f8ab8bf260,Michael Murray,"654 Valentine Plaza, Lake Pamelaborough, PW 53722",81.02
56,766,,leslie39@gmail.com,scrypt:32768:8:1$c0K86WWeFdOlmh1h$c6d49bbc207148553afc55d62a6831a41c811224cae60ea0a4384eb83b8a3dd4226452f89bedcc232d463d616e5e34df901746a4e7eec5a45a8b40dd4bac964d,Rebecca Morales,"402 Cox Pass, Tinachester, WA 58419",5870.96
57,419,,edward11@yahoo.com,scrypt:32768:8:1$dTNYgIbfZlB63kuZ$6de0d33e3b813ef48c1cd81b9689b3c6988f6aaabc50da2afbdb916e1fafdfdec9410dd1c429620f2228296a1df95379eb0782712f4753d44f9d87c1721131a3,Nicole Clayton,"420 Smith Ville, West Jonathonmouth, NE 55429",8553.21
58,223,29,jasonbell@gmail.com,scrypt:32768:8:1$QCFjKQ0YCHkVzjnC$25aa9af3089d0789eab8159800393b058ac1c1f0ee3030159683c24948cb753a6d04becc75c756e7dbaff264c518543df999966449335f90917e6c0a36dc2d4c,Katie Pearson,"25402 Cardenas Club Suite 883, Frederickbury, NV 84785",1065.30
59,788,,gwilliams@gmail.com,scrypt:32768:8:1$53oUhNTsB5WxhrCJ$607fcc93bf3ba024f426047ebbc7193559745e2ee52345747add97d98a903ef97f0a2486cac50cb73d7b987e83ea2d8386418abf23026537230835fb90df80c7,Laura Russell,"02845 Morrison Lodge, East Martin, AS 83823",7097.89
60,898,155,delliott@gmail.com,scrypt:32768:8:1$9oH1p5ecruCjZpNU$64f38faa2e90f273db482b2e1b35331269ca0d74212e39d2983daef8f2f7826f3212f47d9f4df864f3e5826918f6a8d448d05be325f99563dcff1ca0ba1d4609,Kyle Russell,"809 Brian Rapids, Conradfort, IL 03668",8707.97
61,894,,ibright@yahoo.com,scrypt:32768:8:1$CkMd42NHGiFXZKya$4fa7f407df5bedf180e2552db677fb2aa526709b80c6cd2305e4bf76ed76c1a5603bad00624c42d69a8e18de56e7b9a421032365039e2821285b908149149616,Kelly Harrison,"PSC 3674, Box 4811, APO AP 57900",1446.13
62,539,,huangwilliam@gmail.com,scrypt:32768:8:1$Awf3kMrxZ8kkgJ0C$3c9bd4b545632a21fa075599c50d20fce38a1338fc85198151a3a529e390fcf26416a63173fb3d71d4bf4821d8d41de605680fe7ae1ef820126c4e42d5daff2c,Emily Warner,"837 Gonzalez Circles Suite 290, Hillport, NC 73985",3057.56
63,803,,michele73@yahoo.com,scrypt:32768:8:1$IoGmAo8BZcM3G2Q6$8dce3e02c460c99d9ee9f56624d8d18bd98412d765cf4af6fe06c98f56b2218822fcfa1806ca47fa9a703d008a4975505d65e825fb53da46923ea88868e21072,George Jones,"94531 David Radial Suite 075, Markfort, CT 00758",5328.50
64,790,159,ayalarichard@hotmail.com,scrypt:32768:8:1$owyw38nsbZOPOeBS$33501223abf0f5c77d5b9f4739c56dafaca606ed0ff6a77a76a3722878c4b5ac0ea3c7f3219c63fdc012ed5ee45de35c26ec3737fa24507c32e360f0019c106a,Jennifer Durham,"USCGC Lopez, FPO AA 61550",7059.07
65,694,,sherri51@yahoo.com,scrypt:32768:8:1$0rFdTnNWAsnVQ7Zs$ca5d009a5c10f165998017b5179cf667dd492e0dda78426d18226898c0f34d5d30ccec5ac881ce765e92ec0598dd60c9e758f69895d439b894d0aa37ff47ec76,Cassandra Smith,"887 Bethany Shore, Makaylaberg, NY 23953",787.71
66,769,,longaaron@gmail.com,scrypt:32768:8:1$rdq2s8oMOKPdDfKP$bf27d74219e970fd14a2d719a5a94774b538446ce2a8dd58789253fd2428380d5a9765d5ee3642caf012f66bf415a5ea2dfa068bb8a3d21813fdc855d4b329c7,Stephanie Flores,"1034 Chad Station Suite 233, West Kimberly, CO 29590",4489.89
67,152,,vschneider@hotmail.com,scrypt:32768:8:1$8hqkCr0CfMPtRXtU$da22d6885067658ea0edb3b68e4df3459cf9e88fbb1cbf45bbf8a995c2de78f81abca0eeb3c54246d364d7245be907116169ce8f258bd307e5bdcaffc810dcf2,Emma Parker,"PSC 1276, Box 4364, APO AE 11713",9393.54
68,976,159,lisa61@hotmail.com,scrypt:32768:8:1$Jg1VSczbDbrYpfKB$836aa854d83a8403f0c6d7273385701a5abf207f0612dd563c5f293a51271790a5a025a28ae5daf67d64d3dff0dfde4e0b2ce55f6309f8ed63a761b98d318fc1,Larry Jones,"9112 Clarke Mills Apt. 373, East Joseph, KS 72165",1809.87
69,978,74,julie32@gmail.com,scrypt:32768:8:1$lHR9SXfDhoDLd4GY$7ec85903c0d46a0bc5054b830a6e5ea865e1f2c95b1e16be57c8dae55c84f822f29b60fc1d7e762b2353b96c212b571d26abded5f1b3a391d6d3c627a3e44141,Tyler Howard,"Unit 7574 Box 4075, DPO AA 78832",2635.60
70,758,45,ortizjustin@yahoo.com,scrypt:32768:8:1$eyQ768hUUXR7dpuS$0bc4d0ac06807d7daab1fdd34ca6e886592e4de6bdc8eb8fe3e3d849563c003098ed02feff4fb7548957afaf79f1eab8cd4d10080282dd79b4506215ef6e9cd7,Katie Rhodes,"PSC 3213, Box 6249, APO AP 92629",6817.20
71,492,194,jillnguyen@gmail.com,scrypt:32768:8:1$Lu9GxN5yscCypQjN$e7bcf9fed29862134609f299cef66ef7bb44ec50c77580537166b9dc3236e1ccbf750d6d754023cd4f12ed3760f34fd1fb172b0e8ce6f645321ea5a2fe8a3d61,Paul Valencia,"42232 Jesse Glens Apt. 816, Christinamouth, WI 14190",3362.79
72,149,178,bthomas@yahoo.com,scrypt:32768:8:1$YMwSBalJIAxgM80H$c09175d6fa7e590c4ed4c5048779d42f332ce140db712120364a3e5241a00ba74701500ed1f329eb5d04da0369e2690a988a03bd0263572a7d834dd2b29f7e98,Mark Oconnor,"608 Wang Port Suite 909, Port Johnny, FL 95789",2795.42
73,903,,dakota98@gmail.com,scrypt:32768:8:1$zzuQrEH3ggwejnz9$31823b86ab94e30eb6b0182f941ff5cd35f9543145cc98b2c77fc539b1a5347cfce3c6f69c69d3454384f311ef6fecd4b40cc2cf66dafb1658aca345dbe52492,Kim Holloway,"422 Horne Ridges, East Marthaburgh, MS 92115",218.97
74,731,,wilsonbrenda@yahoo.com,scrypt:32768:8:1$cZqwMIFVW5lrIIw9$27b3823cff4693281e9da12e7681c337a1c2b9349a1be186f03c833916e273d8ad6683b908b94de8d055d6c73dcedf7724a105ca4b2b92cb152afd7f0b762d8f,Ann Hill,"6446 Summer Branch Suite 264, Alishaview, VI 93693",1783.71
75,430,,tharper@hotmail.com,scrypt:32768:8:1$rEwj4OqKkCoWX30B$859334c309348eaccb8a4d991f30772f75a7cbf3e513ae882e6b845e03715a1a86a3861694753d39b6efca38b8817ac1ba3186cf1cca712e539b780290af8c35,Joshua Castillo,"PSC 5549, Box 5783, APO AP 57675",916.26
76,137,200,hsantiago@gmail.com,scrypt:32768:8:1$Ti3Im7Ze1uHuidWs$d70471f75e2572488b4e3fdbb83e825fb3744bfe55bb9aca8f7a70abc7111ee9f5fb1bc0dd0c214929ba462b130deee3b861dba428cbe29d6af10e4a188a28f0,Sara Lopez,"4307 Levine Viaduct Apt. 438, New Teresastad, IN 24404",5741.70
77,815,72,caldwellamanda@yahoo.com,scrypt:32768:8:1$7WzbowmORDMs7oWX$9e3e89e423c312d94177c58ce73b7e1214bd683e4fab6ea860f3fcf8c96c201fdfc5aeb406847aa82d7c683bd0a6a4da20d33e3a1d3b20281399590ffccdc205,Robert Jones,"44948 Boyer Drive, North Brian, GA 65143",883.51
78,379,,kelly96@gmail.com,scrypt:32768:8:1$tixC2tqjEov4PwNG$733f2dd2c5c3e89b350723113eb17a200c8def16ff77330c9e531ec64fb34d63c618db99fa9a181b88e76cf0dfadb8cd57e9a137014d42d080f8b4af58d9723b,Amy Fox,"93801 Brown Spurs Suite 007, Donaldsonfurt, IN 54081",350.13
79,276,189,jonespaul@yahoo.com,scrypt:32768:8:1$EtcUIDkMYpYugP7c$6fa9ee4cd13f272b1d0c928a1e57ce49f6d20a324a014aa5e31a502e6b6e30090339925589a620e6fe1e428a12476b862feb688cc8020c751fd43d7a17fcf7d1,Allison Everett,"220 Kimberly Estate Suite 059, Pattonburgh, AZ 21809",4884.72
80,301,67,phayes@yahoo.com,scrypt:32768:8:1$aUaXGEfLfhLHK3Ci$649dfe46b1dbc8a2dafb45d812d3ec8f3ea1f685e5bf035c0c6f10d19e25e29d75b476af3acafeab999b4f359bf83c7a0f9acfa0a3b0e14f6876f1199c6ba357,Mrs. Patricia Hubbard,"9363 Victor Canyon, Douglasmouth, VT 66360",3622.27
81,625,,tyler69@hotmail.com,scrypt:32768:8:1$5o0htC72OENyYTf2$289eaea30028cfb65b441d730f27f2c8a67ae7527b1a10fd3f0e50841ecc2068a0f57fafedeae02ba83bb3af986039353856dba1b305ccb7a4a944c670a774c2,Laura Armstrong,"94946 Sean Locks, Christineview, AK 35064",9011.33
82,956,,yrodriguez@gmail.com,scrypt:32768:8:1$5gZkko1i0ZGs2qwE$7dcdcf8f527bb4bd0bcf1db5f87e95611d2b827c5e571dba3f68437fb1ae988f6fa4928a596180bc29babb2f170a49f5045a6870e551a48d79c92138b24224fa,Danielle Miller,"53686 Clayton Village Apt. 507, Barnesfurt, FM 67339",743.77
83,519,,wjohnson@hotmail.com,scrypt:32768:8:1$O9nQUKle3v90feIF$229d4f1b540176d6068b7cb4c4492f9ed19b3480e3cc30ca374a4d6b699347bf735ba59a706956c8a79fe2b3a86e79cd98848bf174ac01454d33c1ba2c032630,Lisa Garcia,"07819 Williams Trail Apt. 336, Victoriaton, IA 80770",8194.74
84,446,,david66@gmail.com,scrypt:32768:8:1$lOyls5Kke2t7pMry$16938548301693aada12701283b28ae356c1bdf221f793cebe14b778704672e27f209363c1033e6a22ed57e25eee3b66144c576d484e41eadbc8daa2b74e0392,John Mcguire,"0987 Thomas Cove Apt. 615, North Nathan, CT 66082",5918.34
85,148,,megan56@hotmail.com,scrypt:32768:8:1$MMAMFyhT52njXgu8$dd1cf0d91b2a494aa65e5d8716f5a7a96e1e516fb9ac6d14d095293a6a35f662341444a614287e5791ab2be94f9515bb2ac731c03b6ebe3d1737ef6e560c3bd3,Jeremy Chavez,"PSC 4787, Box 9561, APO AP 92689",4499.23
86,170,149,nicolezamora@gmail.com,scrypt:32768:8:1$SYN7UNDhm8Fs0Jel$ab2815fee81055f64d12fc8c632fa4651bed735af57da247f77fa4f933e8a08131975e38db910f60064dd9184fc11b2f3151baff3cdbce574856f72095645323,Ashley Wells,"25565 Navarro Run Suite 808, East Patrick, DC 52354",3179.49
87,824,,masseyjessica@yahoo.com,scrypt:32768:8:1$V6kR0R2B8M2iRpH0$021cd526e571f332ad2d01b9b68c1551b4e37e41fb795e8b766e0fd80da30f6b03c0d3758c721ef1741bc9609ecd7583328c612ffaf23ebe6552ba08793c666c,Jessica Dawson,"80329 Michael Extension, North Ashleyville, MP 72848",5671.27
88,801,,cynthia55@gmail.com,scrypt:32768:8:1$SXdgE4bDN2PFjlhx$d67c2d09a4ecafb372cccdfdad254dc1083a4b610047f6b30d34efaba04d774d750b02eb639c8d5a1294f7cd986b749aac0e9205031b3ac60f44e9a378585114,Kenneth Ford,"Unit 9868 Box 8233, DPO AP 39247",2188.80
89,848,,wilkersonteresa@hotmail.com,scrypt:32768:8:1$YAoNwcieTKZmLDuT$37d98757bf38ccdb81f273701fa317d7f092c3d377c704ba51fde46dfcf05799f731055a666e7036403c982a34932f7aedc2881496794739e97ad1d5e2791469,Connor Vargas,"319 Jennifer Court Suite 283, Sanchezshire, CT 83641",197.15
90,802,,smullins@hotmail.com,scrypt:32768:8:1$AjhVcCVHWAyPD0Y9$b4c25d17ea8f69197c0e4bc4c2ddf74fb0f7f1fce46687d8dc3a099fcf918d4f6d92cc7af7d4dcc27fc4f1420c2af2346d818cae54e0c0bb72887fdfc89dda59,Danny Cook,"6469 Lee Cove, South Edward, WI 30072",1806.46
91,212,,hhenderson@yahoo.com,scrypt:32768:8:1$1ymEAmEhhcbsKVjI$7f3bc8c35b63ac1a6836545afd8246d65229126039c8e31323754e7cc64791c7470f1953b8fc08fdb4c7f519063ce56ed64aaac91d39fe58c79b70e9c4daa69a,David Murray,"888 Melinda Loaf Apt. 975, Colleenside, GU 82478",911.37
92,493,,hebertchristine@hotmail.com,scrypt:32768:8:1$OL36OYDfU3h0J1hY$c90061ebed621c4d96782c0f06ecdd244ad1663990ec040e1d340eca32d4a92c79196d03998063a045294c6d52ba91f0432d05fde1cfb5ff316a9e32e16054ba,Richard Hoffman,"2274 Gallagher Crescent, South Ryan, NH 82335",6947.59
93,652,164,george00@hotmail.com,scrypt:32768:8:1$fzEPDKjrn0ZjHLMQ$3cbf9cf585e1234afb6027e408bd638ee166b43118fdf0f66fa22d049f806af0c7e30561f756a68116aa3c8e686fb2a2a4896659dc5dfedcdb6ede4621df2897,Renee Moreno,"4759 Matthew Flats Apt. 509, Maxwellborough, PA 32778",2288.88
94,842,,ellen86@hotmail.com,scrypt:32768:8:1$AvYa9hmgI0ghRn0o$ea53bf35282487517c93367381d565464031d9c23223e9d618386ec7dcd86a63bda74f4f8025715d6c7c22746dbe06a59bb9a5f5493e269f89c43cb6ddfc55db,Andrew Jordan,"03044 Murray Loop Suite 167, Terrenceborough, AL 74631",4204.48
95,743,,montoyajeremy@gmail.com,scrypt:32768:8:1$hwxgsWa7hgsBy6vf$d6be03cb24200eb126478f4cbf39ef78656edce41860f17f579f4bf1fa768488608fd70b50696b9ade1b112f1db1c5473aa71c0975549588b2190a0e4b78329d,Mr. Cameron Fitzpatrick,"5272 Barton Brooks Suite 682, Port Zacharyfurt, OH 02977",1271.47
96,558,,jessicamendoza@hotmail.com,scrypt:32768:8:1$jFYdR5i8TTZrxDRJ$323f6468683810336b9d25156b3b669909b62237230826955b8a5cf4c108f538789fb5dda33fc8e079489bff8e233e3fc884f2672433ca71b27ef9b0f79de120,Eric Williamson,"75597 White Vista Apt. 867, New Jameschester, IL 15998",379.25
97,400,70,harold84@yahoo.com,scrypt:32768:8:1$vPJ5ExYHwMTTHFYD$b60770aa42b8f251425c39e68198d3f32e87f86dbc81d032a6479b4c2eb218d7b11d24bbd08b9da06af53eb3c266b194f28e73cc680a56cbf6cfbd29d3e23abd,Grant Silva,"0852 Gabrielle Run Suite 336, East Erikview, DE 02775",1069.02
98,783,148,pjones@hotmail.com,scrypt:32768:8:1$1TF0ADfQqTJvhUWd$1a9993a9de71f01d8e4d34093a309c23e97cfb18a7d0915015d952bd5ab58684c59364c0b766b99814ba85ba8b5479dc69e9e541333bceacb445e4da6df9881d,Sarah Garrett,"41658 Carter Landing, New Stephaniehaven, PW 75462",3127.72
99,103,,fperez@hotmail.com,scrypt:32768:8:1$nKgKnIEYK0xPilDY$d5ce52d176396712a3f9b063392e4959170950a95261ba19cdf5b00fd4f3d97aca754d1b1daffd15a6885cb3fc11393384142a649af8c79008eaa207d090396c,Elizabeth Mathis,"5282 Wilkins Mission, New Stephenmouth, MH 08354",7068.08
100,920,1,denisebaker@hotmail.com,scrypt:32768:8:1$Hc1pAxmZiumNbLpd$239312a4b39517bccbda5c36c2e9fed236b430767265fc93f62077cff7d085c8f5e4d826124b144f2009f2ee5514d7277d73f9380727f0755468c66fe22ee88b,Christopher Carter,"263 Ross Roads Apt. 017, Jasonchester, PR 04709",9102.56
101,293,,mathewcruz@hotmail.com,scrypt:32768:8:1$fdH9UJRls0KcOkTo$5c32591c6fd7dbe7546778e2b414ad2f87bc131a74e31c3a25f9598de8097d701026b400042191df65a366c98d39030a17887f1d846b4177bd09a3db0029d0a5,Alexandra Miller,"76275 Brittney Causeway Apt. 743, North Carolfort, IN 31939",5155.91
102,928,,mhanson@hotmail.com,scrypt:32768:8:1$44ycb8SKNQSsbbPm$e0560e0e2b43984c13ec0cb80e64efbed31f5f303b316b6fbbd4b9a16ddbd80eddc25f17049c9fe5924b358dbe284d7567fb33c9fae21382c7932d28c198904c,Sara Greer,"87852 Brittney Lodge, Morrishaven, MT 79079",6801.71
103,807,,dana76@yahoo.com,scrypt:32768:8:1$DG468un4tzGgZdo3$538745ccc582618c80ce6439ee62c6948c3ea5a29c53c98122dd494a4a40a1c37d23bb3e12dcf3ecf3cef8debc7e23f66658855406f86797e4fd3b17dcdd706b,Megan Palmer,"1390 Kevin Square, East Apriltown, TX 16761",7025.79
104,426,71,orrnicole@gmail.com,scrypt:32768:8:1$BeutZVw1L7esE2fo$16e60d9c1788f4402aef5c46ec54dd6ef453d6b2f4f457390814aaefb3f217301aa0e186cd629a38fd9bfd6b3fdfd33896e9328489b770ab7da5140f85763e64,David Haney,"Unit 9599 Box 9067, DPO AP 15269",7425.99
105,44,,desireenelson@hotmail.com,scrypt:32768:8:1$ipvmJImm43DJWGlW$62def3838dd03e67f1c8eb869d3cc43a1b514ba5808ef7751bf518161dc0260e8fb49c5cdbaa9fbbbe08e0f23955aabecd0587c6082feab039dd15f8c558a2bb,Lisa Johnson,"315 Harris Extension Apt. 659, Parkerport, FL 08186",1057.30
106,620,,xbaker@hotmail.com,scrypt:32768:8:1$pEIB0M5D10aVc0Xh$8a04cead6cd0ab013023b1407252687faf4a3d922c7fe9eb4cdfa6ab40b73488fd176fa0bf75d7bd835bf73b332d4644bfde58ddc75c40202df22b461ad4a1bc,Jenna Mitchell,"357 Hinton Mission, Donaldport, IA 49257",8711.56
107,455,,thomasgreen@hotmail.com,scrypt:32768:8:1$y0a5yJhvqmhorqKr$18631faa0719de14cce938ef34c8feb2b91759af96f71271015ae5005e760df5060b2bde87708d81b803ba6b42368db42dee13d5a75e2101678ee5363c2864d1,Jonathan Jones,"95337 Wells Trace, Allenport, IA 49714",5357.70
108,422,,ian80@hotmail.com,scrypt:32768:8:1$SJbSb2LZ75RxikwG$e46ba47d6c5cc9cb2f4cb049e21f47dfff3d0f273fe1a38e2efc86f3aacdc67ffd4074f67fb630b4a4288158ae866ae93bba8835148daeb7f6486e2879a251a6,William Price,"PSC 4977, Box 0184, APO AP 82271",1863.09
109,989,194,michael83@gmail.com,scrypt:32768:8:1$ky3f0836bV8rvsIs$1f63683ed5f3c4f9bdabd6c81c4358b18eb30d7a4cd379476bdaf3aec28f2db7935e57863775853bc5a36665882cebfcd148cd3b4b6a9ed32769658f8ee91889,Daniel Kelley,"49704 Darren Park, North Christinaborough, MD 55362",7462.49
110,142,33,michael91@gmail.com,scrypt:32768:8:1$DupthMT0LZfMboNe$d89d3dc7e611ffba058df0ac9270cb85371ac4817cf8277b318e1abb4a95833f067756dff0a482b8073ace502de16b9a9b901a31b4c8e41010479dd53c38652a,Alexis Richard,"322 Andrea Tunnel, Justinshire, KY 93087",616.39
111,475,,jeffrey00@hotmail.com,scrypt:32768:8:1$n46XhuLQJ9smOiYX$a3fa4cd99c5e62bd9055df22cae5ad5262cb4a6cbceb8e910b661dc560622a0c3987f4f442d6ae61321cff70e03784e4ecdf402b7b53fec7732326fe0cf2bf66,Anthony Daniels,"6540 Andrew Junctions Suite 723, North Davidchester, UT 02400",9001.77
112,683,103,sheryl31@gmail.com,scrypt:32768:8:1$eBSk1vwkTIV5ewtQ$d3367a4110ab51900759fdbf7011c997993c49ea021d178b5dd90820fc16e5a5ad1f7b76bebad4053041c3210447065dd5792ae022a10803d93f319e3ba74a96,Amy Jones,"USS Hartman, FPO AE 55170",3044.97
113,382,,crystalallen@gmail.com,scrypt:32768:8:1$zcqX3SpFQvCOh53s$f0695005e1292c19ad0e9261956f91157bfbb784db56075b8ca87c24f312aa5b9e018cd2d66f3172aaf39ae5cb86de0f07cc64f6b089fbb6618c6b6bed9b87a3,Rachel Kerr,"050 Contreras Plains, Barajashaven, LA 99353",898.31
114,624,42,ericmontgomery@hotmail.com,scrypt:32768:8:1$KAPuoY9GtGT9AK1U$6e51ece3d1d9c6ddd9f741ab8fc6ca4a6afeee287009e800c627ca36e3f0668da82ff34f12393408e742c5663a8c182b56ab036200cfed1ed1be6b88d4bc0264,Jennifer Patton,"0833 Acosta Crossing, New Joseph, NJ 64900",432.61
115,719,,danielpowers@gmail.com,scrypt:32768:8:1$DKcaUEM5bXL7XbXw$106225fb726a3052c960dfb206852418d404b7c0efc6a272c1464600107e66741b5b75156a651e9f7a4e223cc98c64cd3ba8a0060c811abc017c447ec2174242,Jennifer Kim,"38499 Lane Ridges, Jacobtown, UT 43969",7755.54
116,890,,toddrobert@gmail.com,scrypt:32768:8:1$tcKiSxK6w26xt5Qe$76b2299686ea8e221f592f478cceb2cad2e68de0795e819ccccb72c9f145e2ec7687257645a6852040308c9ce150daae3400c14fc9f5a67262da65532524cb2c,Sara Hayes,"296 Zachary Groves Apt. 098, Alvarezshire, SC 53136",7276.55
117,927,,hdavis@hotmail.com,scrypt:32768:8:1$VJE3zdjReyTTDVrZ$12efdf992cd28bfb8a5eabec7789a08178a38c6bfcbcad78a2487db9ac2b524bed5a42cb93c365e412a74a550aa097e87126d04841c81ce2816fae6598c706ed,Beth Lowe,"Unit 2741 Box 7298, DPO AA 67348",1434.91
118,35,,milesjenny@gmail.com,scrypt:32768:8:1$HRkB2y3EP1UHUKmT$693820a9d8922a0a149038cf762e838fabf9b8cd328e35a940ffdf84a73fbc9279e4cac3433f5f84f81ce5125ab9d47a86d88e7cdd36fbdff6f8bdf576411c3f,Heather Gross,"73032 Pamela Light, North Angelica, NE 09636",4201.27
119,73,,akennedy@hotmail.com,scrypt:32768:8:1$u4j7btoExS1GqPpr$80a215a9d9def3e4f40fc91cf690d3bef76aa48b60ec804684d085386478dee20647a6a55248ffd55edf239c2ec9b0e98e1f86d24199d84b2535b0bf06ee1fa5,Carlos Carey,"48216 Murphy Flats, West Christopher, VI 37214",9634.87
120,778,,wsmith@hotmail.com,scrypt:32768:8:1$fe3euDpCXQ4fD4v6$ec2a5279d9035ebda2d636e6d5590f76d5c72d16f3f24ab456f5ef38742ae722847a1de7ef92f76ded3f22eaaf8a4850fe5adb2fa22a9ed978eafec23c9ed99a,Brian Mathis,"6597 William Parkway, Curtismouth, DE 02874",4503.89
121,6,,travis58@gmail.com,scrypt:32768:8:1$w6bNIGEF7OYY6gRt$b628d4f7343e6ec0b5de3d0fdc14a637e20cf51c69368ecdc41b280ca063deb130697d2f11675a87bc23e23178ceb9182cc5fc2d7dc6fa9f62ec9d2cf460fb0b,Ashley Williams,"011 Sarah Points Apt. 716, Perezfurt, HI 69292",7119.47
122,834,77,dylanwaller@hotmail.com,scrypt:32768:8:1$hop47zWMgjJimW1S$6aae73978a99f18331b7398969cd8041212c1feeb82f2020ca9bd4130142c76b27735856b458350ac22119e35cce83a589c4e983ad407d57f39684b601864c4a,Kevin Reed,"74085 Taylor Turnpike Apt. 550, Davidview, GU 13770",6079.47
123,377,,jessicamiller@yahoo.com,scrypt:32768:8:1$p4mqIf6JIrFu3XwA$c0ddcfc08a388e9b7ee090c677c7a44732fa9cc6199b94a39aa45029eaa8a63d21c47664adb380105dc4d5088fa1abab5f24757b985bcaeecc039ec3f9d2c753,Jeremy Williams,"8223 Raymond Falls Suite 583, Lake Alexandra, ND 11217",2147.30
124,440,,brian61@yahoo.com,scrypt:32768:8:1$kZ5gDdnOsAViOz1y$53c95daffaa0e64c0a653d9d456a8ee048adbc229813e6ecf4baf72a6edf106c065ca966662815b33c33ccc2301be387f5c519ce2520bc8d0d0afc563dd7212d,Robert Evans,"855 Cox Turnpike, Lake Donald, MP 98109",7000.89
125,369,,herringjames@yahoo.com,scrypt:32768:8:1$InqnWqXjVdK3s04E$2aeecef1198f52e209c0ca16f21226cde2ac046b8b66ea8b86e4d9bf095b9beafb888af414cc9d57393ac6c293a815685ee170a46e954b4688adccfc67604ae8,Natalie Pham,"48661 Andrew Run Suite 068, New Jason, MH 06147",3339.16
126,671,8,christopher55@yahoo.com,scrypt:32768:8:1$Kt3pOOWXDVcmANDW$eb827f644a2d64665ba3e7a4648fa110ba21df5c341394da73d74f141f971fbdfae5cb3262907f828472aaefbc88c7295fde8342048fde0e37551f4e5b6435d8,Angela Bennett,"99636 Jennifer Glens Apt. 823, East Jerryside, ID 57949",8039.10
127,299,,matthew43@hotmail.com,scrypt:32768:8:1$ALJdPx0Sl6wSFzih$3129079ae208f37dff67ee03046476a9bbbf7eed004b381cbe0d5051ee970cc476aaa5711bda58d62f8d972120c22ec93d40bafceb0e21989994e829e79049d8,Joseph Jordan,"8401 Jeffrey Manor, North Nicholas, OR 84642",9481.28
128,708,,dmorris@gmail.com,scrypt:32768:8:1$iC1UT8wlB91gzG0Q$e8910c13c18dfb457f670bf2df266b14ca74970b8168bc67a88839218e8967ca9577359adc2ab6e96fe85f38c8a36be1b15d7b4f506f3ca9fbdb81ee3b1131d3,Joan Cochran,"Unit 8373 Box 3286, DPO AE 30010",2780.13
129,416,,hernandezkenneth@gmail.com,scrypt:32768:8:1$YoDDsiW1WjNNN1zo$9cf4f0a784e915b827ef29b06df60553175baa45859e7afe39454164c1548420618e4409a8fb8bde835790b05303e58fdac8861b398109462e5d12aea5faa59c,Joseph Wiggins,"8000 Wilson Stream Suite 040, Braytown, CA 56158",42.26
130,228,64,larrywilliams@hotmail.com,scrypt:32768:8:1$dsV23JAuHJKmfV6h$dab6d15811b80d865de203ecc4cbd5d40dde535361784921d417f12c582209663b2e34c4774dc831ee974c8146000c29e0767582fc565a1717e7340ec4ff28bf,James Bailey,"882 Peters Flats, Barkerchester, ID 48635",618.88
131,504,182,markwolfe@gmail.com,scrypt:32768:8:1$GDDRW7r9Iw4HFH6v$2e3d6cd1c41528ffbaa0a7a795d15fe70b1d6c7139be6ece904a323358e999a66d29734f74f90fc124a314e9cc0a6f9afa61b7678ad2e10cb1ca484dba23b9b3,Keith Gomez,"805 Brianna Walk Apt. 149, Bonillahaven, PA 14553",6189.71
132,980,,matthew92@gmail.com,scrypt:32768:8:1$pWHfmmkWkRthtbhV$e94d70a3bceb6a25b23688f07d131562bb32df8ad6d13d5e221c4fa79b9d3777fdbdb05a74aae788f9ba3d04a858454ef38a918a9857303452769f535d04eb02,Lori Morris,"5176 Katherine Wall, Williamfort, MO 27839",9909.31
133,954,83,floressheryl@yahoo.com,scrypt:32768:8:1$jdr7sAFN0LtaM9zz$fac427adade9a0bf3e0af750a182f92ecb7d4ab7dc0a0a48c74c121f8a9764a944080946fb2327a4498ecbb0c25d9bce6d2be5e10c777daad81f299928bb8f97,Anna Carr,"12813 Alyssa Rapid Apt. 165, Port Michaelfurt, TN 62456",1217.56
134,331,,holly15@yahoo.com,scrypt:32768:8:1$WrFW6xYSIjhGBXkc$142a1840e9e6beffd31a8e26431e6f9ec564c461349ebce557b0124e41c49bf4a4da22d0998f4c91eddd27dc1c3e544aeb852b9bec034dd83e977290fc184fd5,Mark Schaefer,"53664 Megan Valleys Suite 578, New Anthony, KS 60342",8596.51
135,226,,michael89@hotmail.com,scrypt:32768:8:1$D5iDA36aix0pV3BQ$49811f1c6f198e5b35cbcef16c4174b4cc02778e5e64d5d6a39ed61594f8a83cd4911b1840bdf07d4cf9ef7b930355468cac180258e67852b1098293030f1291,Stephanie Haynes,"Unit 2180 Box 4893, DPO AA 58202",4348.21
136,83,,debra95@hotmail.com,scrypt:32768:8:1$6vdXCvGvZ8rSzHNL$18bc3e38d0bd8457cba18290d1282d9d34f77cc91b39eb19b091c907bb7103492111e3ed13116ccf685c811dd12f87127fabc7494ec486ab5a79fe4786fd0a7b,Elizabeth Crawford,"362 Justin Wells, Millerchester, MH 92977",7782.44
137,887,,marie76@hotmail.com,scrypt:32768:8:1$pmorSfVmhghbuGjP$2890ebfd2e87e21cd3c48af966e102321e740f984af43b67a216b29139b3562948ecee727eb3a6ff9d16b5ee739d18b173f20f2610ea7ebae42959fca51b740a,Marissa Harrell,"11892 Peter Glens Apt. 572, West Matthewtown, WV 72710",8957.66
138,383,,twalker@hotmail.com,scrypt:32768:8:1$HTTKntdAWZewQan3$5a97ee35c63aabf37d84ef0c9080c497497469e116886c2c3a616dd796ea6cb441723785e6cdc0d9c698cee037fe1208b3bccdb92c94b0f8cb0a3a52f65d1918,Rachel Knox,"85048 Ross Port, Kristenfort, GA 96751",1402.02
139,431,,bwilliams@gmail.com,scrypt:32768:8:1$cZ5VVVny3aYuoZLF$57b7e15c7e76fb6b7c019d6fd0643efe7e5d822c6dce28d4c856997aa1aa7382acd510009e13769dde21ac936418c8df6059013e481863edd4528bf73e20d2b7,James Lopez,"PSC 0278, Box 8860, APO AE 24915",5928.52
140,606,137,stefanie09@yahoo.com,scrypt:32768:8:1$WPzx2bHaqVjytCHE$e9c84e3959f64bb36f0c6ac0cf6ee536b23ac416c665242b141191c29bda7ae478d54f352dede05f809db9aa2c413cd094e44110732fb361ea11fa29e0c8d8fa,Ruben Hall,"USS Johnston, FPO AE 75907",9668.07
141,827,145,hgonzales@hotmail.com,scrypt:32768:8:1$v4Uz6FOWfLy8JC2M$c91e54eef53a37bcafd7139f1433b8465e983ec735a7c6fca49b011697b42c02db8b48bf01b1b74e8ffd7a1ce243b7af2013f2f00ea452efec5026837fe9de9f,Pam Ritter,"6897 Gardner Islands Suite 805, Scottside, TX 95921",1972.26
142,318,,leslie43@hotmail.com,scrypt:32768:8:1$q8eCyVqzTQ54C03X$2b47233612fc1c17f408ad671f4bc24225eb717e3f70ec6becb38a2a2f79907d48508f53cb09c32e14b415866b977f3c2389c19cded81f5559fa5f24e3d39873,James Weaver,"1753 Drake Burg Apt. 102, Christinaberg, NY 23764",7593.83
143,836,,steven18@yahoo.com,scrypt:32768:8:1$8KbRaijH3pNfeUHt$2acb82de4de1b806479ff3ccfe2338ab571a0a051fbb885e51ea5fdf36fd72b0d2045b98a8e69f6218df12df76cbacfbd6dd5318e037301b6e0567de5ae5d8d6,Charlene Torres,"8584 Cooper Island Apt. 775, East Mark, NM 67044",89.76
144,596,,bensonrebecca@hotmail.com,scrypt:32768:8:1$BhUq5yfIAVXccbQs$faf10b6bc4198f7702f5cc44a35648f9106984a840e2f6936c007fe7bc594bd6cb2d37ab8ce9faedeb10769c805231968170d00a80f0a21650a66935e15633fb,Daniel Ochoa MD,"19983 Stephanie Brook, Port Hollyland, MA 52890",8977.89
145,998,40,nwhite@gmail.com,scrypt:32768:8:1$h0MLgaITxCR9ilNx$cb88f3070d84bb579164b4483f421ddf57c842bb0d13085eab625c23d79bcdaaadb1bf77c50b81538a78f1a8582449a3b1c67175162b3f8b2f5863429140c1a0,Keith Moore,"USNS Serrano, FPO AP 36911",6461.46
146,657,,watsonrichard@yahoo.com,scrypt:32768:8:1$QquqXbt9fyRZN6m8$986c78968229588e666b76264b35a031bc27abbf7b8679abe5dc8752c113f2f913d1ca6adf43a2103bd0a2352bdb1d47eb3b1452c7fdf9444f50cc9ffd10278b,Gerald Hamilton,"01068 Brittney Rue, Christineberg, NC 42133",1501.58
147,243,,yangyolanda@gmail.com,scrypt:32768:8:1$nRBcdq2GmnHMOOV5$93b9c8560de988cec2412e8d8fb017fb5e49710d8095cd2bb1be13a4b0d3b2f170ddfe11dd7018d42ba27a757320e06a572046225a60a9a8dc6c2bb346d8c184,Stephanie Love,"711 Schmitt Curve Suite 810, Jessicaland, GA 31332",7539.12
148,216,,simmonsbobby@yahoo.com,scrypt:32768:8:1$FGfVJQ9io2FkuuPK$f17e8cac58f494de422c9b3b89eb165ce2550826a4f9b32049826ce406f6f722f29f815c3b045c82691c5b1496bc26cadc3efa2bdb8830dcba48b0e6b26a991b,Matthew Trujillo,"12611 Hancock Cape Suite 959, South Johnberg, IN 36213",5718.31
149,828,,julia08@hotmail.com,scrypt:32768:8:1$IXNaKkXIsTbkq9fC$e96b6ad3d38600742cd8b28b12e6b76859f1cccd141a06d323a4380c4d55a2e86ea8dc80325ba2b03ab3073c1db985c87dfa82f48fd9b38e482e98dd3ced09fd,Carolyn Dunlap,"26869 Thompson Curve, Robertland, IL 91954",445.98
150,84,,lewisjoshua@yahoo.com,scrypt:32768:8:1$L3m3Cn2Mj7wmtRWU$e31631be90bc9e466b1c5f1d6016ccf45468039a9a5eead3868c18febe00a70a7bdc1882cdef010810dd6b48837d8070d5a350a93a3e93adea0e62ccb5723a2b,Ann Booth,"2115 Horn Rue, Mckeefurt, AS 29942",6075.97
151,36,34,popepaul@hotmail.com,scrypt:32768:8:1$KPIzXtdKx7c8XPJv$3b6e0d2cb364a8b70f8ae9bb3412e3a6898aa0550010ea59118c4290e1d978a60308516defa5b88918554e7c439aa90ad42c6c3a22aa2d1ed0d6ac02cc79f493,Susan Stevenson,"8451 Floyd Wall Suite 744, Nicoleton, MI 47188",1250.15
152,751,,samantha25@hotmail.com,scrypt:32768:8:1$e2yhXlUtl9MUdDJb$7448d95dc7af4eb189d0d544f159ef413235c0b4c78f77d7c145962e9bd09044245779c19ca02e1086f607813037728e0df3d2f9988683d5d1f7cd4d29de7392,Cody Norman,"234 Mcclain Neck Apt. 583, Lake Jamesside, DE 02637",394.75
153,689,,derrickkline@yahoo.com,scrypt:32768:8:1$uq1xCSeqJBgQtXdA$f34edfaa5af8857d2b79fd011bcd703cdbc3d8bd24cb8d60db3a9d711369936d953b774dc01dfb4e35dabeddb7fde8fcf05d6622120680c10ca004ef4b05c6e4,Anthony Hansen,"55226 Meghan Forge, Shannonshire, GU 45362",7804.72
154,518,,amber82@yahoo.com,scrypt:32768:8:1$fsmswzESt2ckQQx6$ea3ad3dbf68b48500e8a6cdb6075feea5a24513e05584841795c743a6308d8a6663a01e9f3d4efbbf077c649ea2b97c4d339bb33ac1257a9b014607127ba6381,Frank Sparks,"4894 Smith Field, East John, AR 43907",7838.70
155,129,,cindygibson@gmail.com,scrypt:32768:8:1$tRem6NeZ9ucYGljr$c05bee825eaa6a1c066446a8084be306a385ff9698cbe9626296ecbf3613c5f1e5d6bc2206e69944cf3090ad94131e7a9c571507ff7eb6625c614e1a6b87943d,Stacy Nelson,"093 Thompson Drive, Harrisbury, MN 06626",3110.84
156,5,,smithroy@gmail.com,scrypt:32768:8:1$ILorXTkSAfZKTPsI$18a5e05aec0c1554665bdfb46f2b8cd59a13d0d42c212e1fffb661a73216e9b49b80fcebfa8c26f13e3ff17d1e22c76146c6e0c409e04e68009c204109045363,Vanessa Bailey,"5276 Christopher Spring Suite 293, Jonestown, NV 51158",5559.07
157,140,,fullerjessica@hotmail.com,scrypt:32768:8:1$seJHBDcecXiuRFpQ$45ebd4a43e5b9e1c473f2d6f279f6f4523d142145b63e1a5d0646ec47fba2226d742d4cfabc258c28d819d06ce2a0318dee4a025889eb19a04e0fbeeb16672d4,Aaron Page,"3391 Katie Junctions, South Juliefurt, VT 35436",8658.67
158,565,,jennifer13@gmail.com,scrypt:32768:8:1$C5cdYvsmqKUROdqS$2107b4fca8eded6d80152b825fc03a2c36a4f10d6809515cdf7ba78f10fb0bd82b18a3da5e9bf7cddb3e8c18ad65df8001780ac8603ea7425ade7ac5b9f37e10,Elizabeth Benson,"753 Francis Ford, Tinastad, SC 61926",7018.19
159,781,,qmontes@gmail.com,scrypt:32768:8:1$6uNKckJL02K4L51s$91599c9f649fdc95e6db53db0101862671c3402b31315f406d20c76f47b64320216bf39a5189a70b02bf519a093125c387484e241702e704f0cef50bc39e7efd,Richard Morse,"9814 Timothy Ways, Annefurt, VI 56694",8438.57
160,80,,nancy59@hotmail.com,scrypt:32768:8:1$NvzmleSl8NI5bnT2$3fa82348bdd8aa04ea35c3abf22481a0db791d52cf6fbf243c51eb197b9829a144601e1901fbcf3418d2514589f8414894dd41bcb1f74b68c8a371b1cd85b419,Maria Kelley,"131 Chelsea Pines Apt. 569, North Sean, FM 86737",1768.14
161,529,,shawn39@hotmail.com,scrypt:32768:8:1$Z5bbSqYqEAHUqIpA$7b3982c9027ca250ab19ca61562d8ebc88971fdb32b4e73c44b5a5a691465d547976895fec6a0814a8176679cff479d2a2d0d06d97b0a618ffef14b7e473a731,Sean Macdonald,"2797 Campos Villages, Andersonburgh, MN 55910",3079.97
162,338,7,atkinsbriana@yahoo.com,scrypt:32768:8:1$eGiwLtkgb66p53A3$0dc84b4d4dd350ae813cddf01936b9af924d77c253f5a7f0eaf589288d4b79a47962ede76ccac56f4cff4bef738edd18a9a3c463de7e2ad42c5dcd1ba6f707a5,Katie Robinson,"52683 Ward Falls, Danielshire, HI 81562",2819.83
163,741,,emily82@hotmail.com,scrypt:32768:8:1$Ojq8z1MeKYJPph5W$87b4e9a4c203cef7764335b79f8af230312dd87f0ca004a1450dd92d6296242d12f8d2a5466edfaa94c84ed1f26c3ee6d964c4c825875f08748f5df4772a567a,Kristina Lawson,"02530 Flores Via, Roberttown, AK 39226",9272.54
164,396,,jessica46@hotmail.com,scrypt:32768:8:1$JxLoGHukWAfQ3dhs$ae3b2a6d0d558a31516c503f9a834678981070515464bd3cb44abd8cc804fac6090e643b7763fdbd7963dbe69314b42abe737f6faa980a185894ae5885647370,Timothy Delgado,"1860 Carolyn Lock Suite 800, Harveyhaven, KY 30725",3981.86
165,659,,alison37@hotmail.com,scrypt:32768:8:1$c28f9yG5DA9Yd2A1$ba78326acea359c6ce5b6a4df6976290174a8aff3a8be4c0037e0b5395984f89370185f82ad2040ecf9750d2bf8a3c2523dfa3386bdc119865615ff7dd818304,Sophia Hill,"PSC 0101, Box 2750, APO AP 27845",8798.60
166,326,,mariahhopkins@yahoo.com,scrypt:32768:8:1$5pY8NuNZ3rJ6LUNX$c263207b258b166bde25778ddef9555bc4d93b3d22a4e3b79d568e813f5e0238e679f8e3dc31b0b73d93a7eb5e1207e590587066886faff71b2e047d71b3a62f,Justin Taylor,"2195 Jessica Islands, West Tanya, LA 67534",5518.13
167,551,,jeffreyholmes@gmail.com,scrypt:32768:8:1$ZrGkE0dg4ZXLWqV0$90ea9d29fc85c6d43809f83b085f23ac09220ae1356b4999132dcec4d1156f5ccda099d23f78a4fabb63ab7e2221d634c62ecf189cec3c691d73b4e7b99892d1,Jordan Hamilton,"74049 Robert Plains Suite 510, Shafferbury, WY 43409",9963.39
168,204,107,pmason@gmail.com,scrypt:32768:8:1$JCaeLJgsCm0YPRz6$05f5c534115781b51bddbaf6a953eb12d0568d34948b969b11ed0616646e3e91551576f6f4747cc2c6a69106941c1d68627d4feb8a5655eb7dd54439a1006bc3,Dr. Shelby Anderson,"9525 Robert Parkways, Port Christopherchester, GA 85594",1535.21
169,736,,janetcosta@yahoo.com,scrypt:32768:8:1$mg9oP8Ckq58DAaRe$18b90f6c026e2d8e1067cd4fc8de847c3421be3ea2daaf4c10ead309e01e1a4284e912056484ea646cafe186a0bc8f70729da013f14cbecca69bb93eb89d7626,Thomas Lee PhD,"69285 Hicks Skyway, New Amanda, MT 30321",3776.60
170,561,,stacycox@yahoo.com,scrypt:32768:8:1$SU09a4DxEXRxGKbg$19bc9f6a6716de63097595a484d0e19c768878940b525bbbf193a83853e35ea04da9b681bbc1cc99b112e4d5d9df3f18251a69a3781a3416104be1a646839a68,Dawn Rocha,"09318 Tran Ferry, South Robertstad, OK 07757",5686.82
171,531,,johnmorrison@gmail.com,scrypt:32768:8:1$dKn35QG4sJJgMNE7$e1aab56d83e6aa2612e787fb0c307c8622fe711aa861759457d881d37f1837dffde327676374226bda1bcba1551be4c8d8db89fa740e7ee68233e6821cfdebe5,Jennifer Johnson,"12792 Elizabeth Track Suite 038, New Michaelberg, MD 53844",608.17
172,656,96,warrenrobert@hotmail.com,scrypt:32768:8:1$Fkp7yzudseC7OMUR$85c6beb902e76ed9e9a76c075669be58c2f667606356785739afcc4674aa7101e71959a9a5afaaaae1f282471d1dce08362f151af06d1479245b5391099bc929,Jennifer Ortega,"071 Ashley Gateway, South Jacobburgh, MD 18750",3073.05
173,187,,kellie59@yahoo.com,scrypt:32768:8:1$r5ge2AnXMipAvXh3$92d9beb89192d5dfb265314d8c593f01471e69a78dee728c8557be2cbb511cec73143fe14a10f275eca3d69dac1c0fc968f6dfbaa748b64867969802320482e2,Jacob Walsh,"5167 Emma Manor, Williamhaven, MN 25345",1075.97
174,486,,hthompson@gmail.com,scrypt:32768:8:1$VMb5k8S0oLrnXl1R$32b6e6c61d086df244f515ef91d10297a9bdbf17f9c273d28894d8011620345f27e67a4202b5ad8fbcbac0f680150461eab14fdc045e2eb9234e82774dc01476,Michael Brown,"80305 Jerome Motorway, Martinborough, TX 01410",6232.87
175,447,173,robin13@yahoo.com,scrypt:32768:8:1$om10bD6RF8rnnpqf$78570a26a4c0e8286fa31a99f11c1ffae410f13c52dbc8d91a49b6b78949b72797a13666bbfbe47fa661a71a378833ab9fffe34aac09f2db633b1b8b5093fd77,Julie Middleton,"944 Le Points, North Teresa, ME 08348",8718.27
176,18,,walterslaura@gmail.com,scrypt:32768:8:1$BYJ4hll5hy1XZrew$710fecaba580332e403f2822366cfbccefcae593a84153dfcf149b37e866135ad23e0a7b0ff7fdd6ebdcd3c8d7ac5b389b307c822aa82de843f5ee950998e4b4,Lisa Morales,"38799 Johnson Station Apt. 372, East Patrickstad, NH 03574",1582.82
177,735,141,ncasey@gmail.com,scrypt:32768:8:1$CF2kiWSoK9VUiV2N$ed3b3f8463bf4b43e99a722092dd3ac78adbdbaeb8ec265edafb9633add438e65ca9454dc6f6212c8fa0735010006654d81aa68a5b4ce7c2d064ca4e0baef1a1,Lisa Walker,"8536 Morales Views, Joelbury, FM 97917",920.82
178,452,95,whamilton@hotmail.com,scrypt:32768:8:1$kTOcHsTUBIJtw2oq$426fedf23972566477fb7b2dc694c669017bcc61e667d14aef5efc29d8e0bd76263a5ab65fdce3992b6e0a2c8739816f3a34701d2510cadd4f2e6f16e737fdf9,Denise Montgomery,"7314 Harris Gateway Suite 189, North Kimberly, DC 57272",2563.83
179,937,,luis72@yahoo.com,scrypt:32768:8:1$3NoOzaIC9Dh79hs3$985890002128f84b4125551911ecd46870535b57d6d4d308e81df20c445d0188a47d05cb1e6d9295e4ea26e0beb213d2748985a9e73d9833dee62dfeeb272ff0,Joshua Floyd,"03196 Vasquez Field, South Tammy, WA 05050",901.15
180,1000,,xbailey@yahoo.com,scrypt:32768:8:1$ElZEr31ArQHaw4g1$02b04b27607058d138877d78d27fc053f1f28c82999b38816a83ad0d3eed8af2f9f105c13c6dcd61e987db1fdd9a7833dcdbcea66ffdce9dfa181326d37c0400,Trevor Johnson,"50020 Teresa Tunnel, South Ashleystad, KY 16428",239.99
181,194,26,gstevens@gmail.com,scrypt:32768:8:1$vBTNpOHtHcjRO5m0$05db16c99da4be75068dca73b92f749dda60671609561eebcadb6be799885e032a4e3a425dbf502e320e801e8621fe32afd7215a0b9801009f7503cfccfc6146,Michael Martin,"55147 Villarreal Isle Suite 304, New Tracy, OH 14776",2882.03
182,309,,masonpamela@gmail.com,scrypt:32768:8:1$AQMFFWSAccUIAt6u$8047ec1048600241b64f678f0ed9ecdce734d3004bbebf47538421a4c66216ec34a939369c688dbeaaddbf1bbf340ca323274e324a2f8c9a8bb08402d3b981b3,Lucas Butler,"063 Bethany Alley Suite 838, Kimberlyfort, TX 83227",6378.36
183,622,,allensusan@gmail.com,scrypt:32768:8:1$heLkLAmWc3nHgGEe$c52898e80c6c4b32950e865a33f1c413b2ed6e68646376647ec480bac9a99b7b123f8bd81c5b10558cae683f854e2a9188a8428940ea861c07ebd47f04a0531a,John Sanchez,"7745 Butler Inlet, East Angelamouth, MP 25152",7394.97
184,425,177,emily33@gmail.com,scrypt:32768:8:1$Kx45Bbk4uBoLhVPB$0194a96c3e9e1b12e9e6a7ce43200af58a7ad34c7c71a325290a4a9c8d4519fef3be221d461efd6820bfa465f0f5aaccd9f15e4a2a9e69c3528ceb942b89807b,Edward Weaver,"625 Michael Divide Suite 771, East Richardburgh, FL 11388",377.57
185,424,,prattdavid@yahoo.com,scrypt:32768:8:1$9vGoJidgN3vW8Roc$849e54c3be2aa97452ffbf70eea036d4e821baa9111cf6c7eab272178398facd0fa4800ac17721455a9b23229e719da48d3949e0a5b8873dde4d130d8e9dee36,Kimberly Parker,"941 Christopher Street, West Kevin, FL 17211",7109.80
186,707,,martinvanessa@yahoo.com,scrypt:32768:8:1$Nl2St4ljZ5VlEqO9$43249df1388378f2f602271131b46f5502b92e1123ba5834c6a900a7f4f93b8655d131ad206c24a7335ff5afcd09e1032b4723c87d78d30678fb6fef5b619eac,Brian Meyers,"7866 Gentry Rapids Apt. 396, North William, VI 83233",3134.88
187,914,97,gbenson@gmail.com,scrypt:32768:8:1$pGUFZ05VXI1ss7dK$5949a02645b4c263e5ebaaeb5560a4b8d56b6e3783acb179b0e3bb49f9dc861a4a57ba879bc91b07e24c50f161d84bc6d53bbf3cbf74c1b23804071aebf586a2,Alex Young,"99512 Branch Junctions Suite 392, Charlesfort, PR 28179",872.24
188,994,,alexisramirez@gmail.com,scrypt:32768:8:1$kz09bp2foGRRO7Mr$56e0534c434a69f4f2acf2ab2eae58383ef635eda10ac314ef36003743d7930b2de73772c825708862cc45ff221f087b7cb063b3037b88e69785cb7ca1fbf8ee,Michael Paul,"USNV Watts, FPO AE 20368",6438.58
189,762,,sarah27@yahoo.com,scrypt:32768:8:1$Hor8AN25nirJjWB6$9320272e1343526a3470d35d65cafd0d2ed97df06146eb8e2388d644f5c2f25099469cd75b630c683d288d41ba16b2916ec1a6afff39bbe365c54fd8f23c2866,Lisa Noble,"706 Burton Curve Apt. 027, South Ryan, CT 58265",9670.11
190,111,,wheelerdavid@yahoo.com,scrypt:32768:8:1$nPaOVuOsUcbqK91E$933ab7bfc170e9c63a5ef343d6dbd3b44a1d91dd5fc141aed7452406428fac98e040cabbc4d0f3660583c3345f18222caaf458ea43ba4bf11a23ae8d9ab46eb6,Janet Palmer,"29297 David Mount Suite 991, North Julie, PR 33990",3547.76
191,820,,jeff37@yahoo.com,scrypt:32768:8:1$DB3B8tCrMxWLBoPj$372a8be9ca7009e5855fa4da264a54027e120b94ed33c53f7c3aa809a4182515318ffa65edf053bf52ea1f4599d35696429ee863453c6746fa0d388a2bc9abae,Anna Nelson,"874 Jeremy Forks, Ellisburgh, LA 45249",8097.45
192,811,,aramos@yahoo.com,scrypt:32768:8:1$DDSNr2cmNXYPfFfd$a09e9ac07b2f3e638ef4d0b7d3252e2ebdeacc5dd4b012ba3d58038191fd63cee3b9db9c59eeb55efb04fb710e2940e646bff71a3f09bd7ecc87c0cd11ee92a8,Robyn Davis,"PSC 4758, Box 2977, APO AA 06421",5306.33
193,725,,alisonmckinney@hotmail.com,scrypt:32768:8:1$36WViShKb9YScw4r$fc60cc870278c1c76c2fecc63c5c5de95173773f79ed37e012f4ffd782b51c5152fb9a1d616c64fcf8e228635032c6783ecae50e33461b1b5c15c7e4c54fdf56,Michelle Torres,"49158 Joseph Crossroad Apt. 947, Mortonchester, TN 39107",3037.06
194,947,,ecarney@gmail.com,scrypt:32768:8:1$Hr940mqL5pLy1mYR$0972e00adcb030fd9efe1a402888ffec3f46e22288f7767a7efd63cab1858388f8accd6caba2785a47c5efadd7872caa719ebf7f08d8589423826afd83ddb005,Amber Brown,"1705 Jennifer Fork, Romanborough, MS 35507",1763.34
195,225,,daniel45@yahoo.com,scrypt:32768:8:1$GSxvN48YBdTnBZ0W$c21f5a0dcca8141336fca69e6f481f20f548930ebe8c34709c3458da94f95462d5f568892b14ee71452e81b08cf2e4a9a4da7b2b16c8334c15e6f1fa41d56583,Kimberly Miller,"Unit 3260 Box 6430, DPO AE 47703",5263.54
196,509,,shelbymoore@hotmail.com,scrypt:32768:8:1$AJEDwYGxRHYL5rRO$0c105d1c336b82a9c11f3c714eaa88781280b4dacea1fdcf303151f0a85374d8ec881ed0811cb195d580c3b758d45717f457652d65a6205a6cff4b448279fe69,Jennifer Dillon,"58815 Dawson Trail Suite 623, Shawnborough, AS 84677",7725.73
197,100,91,christophersmith@yahoo.com,scrypt:32768:8:1$NOl3Lx2a3GbpRoIQ$fe1ce34de4eef70ed6544cacee81d68b339e77ac0ce58afeb18589729b44618bd5ef667226923cf32cd202f3dc42301ed75b8bb05aceb50aa7b253bf5ce3ac57,Michael Richardson,"8809 Natasha Cliff Apt. 364, East Paul, WA 88154",7123.80
198,779,197,johnbriggs@gmail.com,scrypt:32768:8:1$ldXN9Dj4stdBWKG7$998cb71c6bdc2d7a4a8d9015332509c6d581a908dd4f8b232ca7896c36ecbedb70e533d7fb7ad3e6ed4b7ee7c4a121db0188f2c2c4248f8d8530b08a4b939bc8,Maria White,"265 Michael Divide, Port Angelaside, OR 45246",5805.16
199,563,154,fmoran@gmail.com,scrypt:32768:8:1$FzbbgLA4oaZniWX6$f759fbac6b8308ddf88c6fc63e356c5e25582512259b198c3778940171c75bd943ff4ecfe725a6e30b63bfa483ed8362f8c887291fd0ea0059df05f4aeb93b8d,Tricia Jefferson,"726 Anderson Mount Apt. 415, New Raymond, MA 33006",193.99
200,122,,sloanmarc@yahoo.com,scrypt:32768:8:1$8mQLJsUH3LppwUvU$3beccc95e1eb81c5e575e8b64f8bbbad53c977016a995e20e519d1587d86cc36ab16ddf29fb24f1bd5d9f48361c241d1fe6ade1e16345be1b314cd11d2aedb60,Andre Murray,"7459 Collier Motorway, West Christopher, VI 97685",5310.80
201,20,,brookschristopher@gmail.com,scrypt:32768:8:1$oz0pxp0twv26GBCI$cf40d4872033d3d65edeb4b45b082886d525801212525eca6a4b4d36efd076af109e63635e1397a4cdaf7c3e2c4f1dd1c627deb61830c6bd5d04c97c5b48814f,Kenneth Gibbs,"9825 Abigail Terrace Suite 673, South Brett, MI 78060",3053.07
202,297,,matthewmeyer@hotmail.com,scrypt:32768:8:1$w3NMa1LINeTVOdDx$9eeceacee4406aceb846b2456685633f4461612a688374c7a81bded3ff7a6bbd2a652f01de2b7a0dd8c2629b145494c857704a416a4de1fe8cfe32a12749a780,Monica Brown,"4291 Nathan Islands Suite 487, East Spencer, AK 24495",7739.98
203,885,111,lisarose@gmail.com,scrypt:32768:8:1$aphVmX6Vmsu0BgyO$adb66b0e4c6297af7c30c76c814bb80ebdde4f0db09e1f3a1ba0ba4a118252651ef0da5e9e5f40a48dc594887b28b9ee89f4b811b251ad4834e876e2132d7c4f,Jessica Goodwin,"584 Kirk Pines Suite 110, Geraldside, PR 18061",5961.83
204,649,142,daniel99@yahoo.com,scrypt:32768:8:1$n3VoL3kM3HXFQP0D$79144ce4c0e37b0ba64addee71fa53ffa0b7d6f9b9b008283cddefcb60e6fab59c41e98ac1e8bf3e2e6be7133fe0c1428f204e9d8090c5d9e77cb73c1b408201,John Williams,"358 Henderson Union, Harrisville, NY 96366",3014.35
205,992,156,juliashaw@hotmail.com,scrypt:32768:8:1$b46iv1qG7RfC27x7$9270038508c442a3ca99e4542922b913252171433e558c33f89112be7d2fb97d83a5a4c25ff74fc720a9e6e462e21019af814e946e0992192c4a4eb12ca8a1d2,Nicole Brown,"490 Thomas Orchard Apt. 265, Lake Randytown, AL 11783",9743.09
206,11,70,alexa65@yahoo.com,scrypt:32768:8:1$TojQr6nyw8CuMUrP$36caaf14ae1cb5dfcdbec631accbf033c5f5fe5a65ab8b30b584a567db931918441c4cbd3f512c7c68ce07b8c541addf6675e66c1219cf46c179a2d2951ba696,Taylor Wong,"83254 Conley Ports, Hillmouth, NJ 12639",8831.33
207,90,,nramirez@hotmail.com,scrypt:32768:8:1$jWCSAcsorBfgUZIB$a451143d7be7869161a09aed95dbb5a05fd00d7be8dbab55ee42b7ece986502ff7b593a95f4de4acbbe7293310ef0f7a143377b58f344e16791591a933748d2e,John Underwood,"55907 Pamela Circle, New Sara, GA 50392",613.46
208,578,8,khughes@gmail.com,scrypt:32768:8:1$VBihYkSpMAc2P7M8$e93f03cdd3579d8324dad5aaa8d5db8602bfc0458834b3e36b73852c5795e3844c508a48a386d7c13cde68a07c35c45b4982fcaac7d5eb0869c340c963b33361,Amy Walters,"PSC 6081, Box 3534, APO AP 87178",944.30
209,583,,igraham@gmail.com,scrypt:32768:8:1$Lg6PtFMOuYk7kDZe$e4cb3e726d2efdd5ad1f3b34f14c62e4c40a629a86985a5645ec578df5da49a8073c7f731d1f345c4fff73c32a07da6d200667e2dcee4e1d848820d261de804a,Brian Wilson,"140 Erin Knoll, Nicoleview, DC 77635",9620.81
210,917,84,mathew72@yahoo.com,scrypt:32768:8:1$tzNRl89j5RUTAIPc$81afc2c7e9f83f433d959d89644c059ca3e98bb3c41b99ac6b0ad61a514b03ea2aef54cb5332be66f98cd946d9caf4b1ba481ec984d8af2108548cd035688d5a,Erika Malone,"055 Hunter Squares, East Peggy, IA 19702",8019.17
211,522,,ihughes@yahoo.com,scrypt:32768:8:1$iBb0WTutV6W82lM6$48e1f5056b1d2178fb671091ad2cb7562471d3c39f9aad3f6edbcdd8830054ceedb1caca131da7509ddecf56ddb739614dc54323940150c495e1f9f515f86392,Jesse Baldwin,"6442 Nicholas Plaza Apt. 900, South Mark, ME 04557",7057.67
212,172,,brandon91@hotmail.com,scrypt:32768:8:1$oB3R1O0o2LODwTwn$02426c3f93a2e933cbf1c20a677407e951a70991a2cd00ddcfca1c446831586ff9802d68ab9f49f65fe79cd0083a92f972d23836121f561489db271e4bc2ece7,Melanie Gonzalez,"579 White Squares Apt. 863, Port Shannon, UT 50837",9778.43
213,354,,beasleydavid@gmail.com,scrypt:32768:8:1$AYzUIw5LGkTiy79v$42d0976583aeaef2b81c54fc9448172c681fe11aa6da9b4f0b06472d2bd0db816f6f5fe0d264b38d6bd54844087380559edb1c135371604d9db224ce19e0eebe,Carrie Fritz,"2743 Lynch Route Apt. 360, Terriberg, FM 28201",562.60
214,775,,jacob44@yahoo.com,scrypt:32768:8:1$GsY2rFq0Pl5LcHJK$3021afccff28fc317e8cd92258c6daafdfa9f7bb0bc7b3f2252d957bef2020dc8cbfd9171dbbe520224b5beeb9d1c5191c06fa74c9257cddf75e0a237ef191b6,David Morgan,"9448 Morris Cape Apt. 101, Ivanview, WA 09187",3551.68
215,47,148,iedwards@hotmail.com,scrypt:32768:8:1$bGLae7jlv86QXtO4$8d87236cda08a1d13df7b0c67a07007995d02df90c6fa585e13d0d7165644e3903e87a054355d5f7556338d9c9c3e00a8776cccac5dec2d6e0a26ed5aa48443b,Suzanne Jones,"172 Mcclain Brook Suite 805, East Cindy, AL 13050",2977.48
216,857,,davidbrown@hotmail.com,scrypt:32768:8:1$wT1SK6ifekD7Zu9M$abacb5465be70a8382ada4c606a43e76799963613f37e393fa77676501edc7568bd73fad643a7cb51a20721406523078b3c3111fcd171ca0bbaa297d183f7fed,Ashley Griffin,"653 Diaz Drive Apt. 579, North Renee, ID 69240",2585.70
217,880,,millerjacob@hotmail.com,scrypt:32768:8:1$m0Tkr6F4dNhnTtj7$5cc3fbf1fe2d6698c1c680efaf02f1b7d94b70cff0d665438f469efac70b7e83028a8aa2ce4ebc01005641d4a0bd386e9d95f86ba8397b6b01e2892249bba55d,Brian Wilson,"76119 Villarreal Ramp, Michaelchester, ME 77713",7632.19
218,959,198,kevinmyers@hotmail.com,scrypt:32768:8:1$A3qIhyFFSBTRsF2s$95b58cb771da860894698d3af4773ba5db11aa323e6affda98e2d7067ebfa8a70c52b556553524672488fdee48416bc4c07e4b8cac7b724838dc2ec2682e6292,Sandra Ward,"PSC 6364, Box 8206, APO AA 18243",8916.46
219,445,,michael29@hotmail.com,scrypt:32768:8:1$kufnWs4ARWLX93VV$8dd025d905dde7ad4d4e3e3077997d504c4dbc0e898154241f96ad19c82136af76bd748fb117582d83caa149bec09578aa333e9536dce686d32e83fbd98e0bb7,Lisa Ford,"54683 Robinson Garden, Sotoview, NM 51487",4003.80
220,738,6,sharris@yahoo.com,scrypt:32768:8:1$4kmJH8HAKSec9bxB$98da0f6e290c25f2de7649d92731a65035a95286c3ca75b64d5aaedf806252953ac5a313e77e1779b08d8b57b5f38f80c99d2ecbfc799713bde788c9c6cf899d,Kerri Cochran,"49274 Kyle Centers Apt. 662, Goodmanside, DC 05400",1508.67
221,892,,morganmolly@gmail.com,scrypt:32768:8:1$5ukSn2UC1iGX52Cp$afca8d4d39523e3fd03c9b86ccc336172999cb1f0ec78b692ad5ae833ec80a1991677805eacfc81d5adac7113a52a03b4dae0d679f6b1f7b81a2c995ec602c30,Kyle Johnson,"59672 Gregory Station, Lake Scottbury, MI 13337",6364.92
222,552,,kevin06@yahoo.com,scrypt:32768:8:1$RUfLbdbJJrd0FQUH$c76a5e7b272eed8545567e69355db4bcaf158185d8df66c0767399b693ed08dd066630d26b7d4b81609b607d1f6647151620629759e8df17bc69933ca671dee8,Jesus Nguyen,"315 Stephanie Lights Suite 943, Markside, NV 64627",6141.37
223,566,,bryanherring@hotmail.com,scrypt:32768:8:1$LqpiSGXIm59SIyd6$8f711e38ae0252a75a8c3e7c24274d5a851885b053241fd11941955bda049befd7456cc761ccda9267e286d8716bc2415fc0ce8b7815d3a9324d83840e5317c1,Sharon Soto,"179 John Spurs, Brownchester, DC 12848",2297.51
224,641,,jackbright@hotmail.com,scrypt:32768:8:1$WkiS2yJ5zvED5UPt$a8f605c51d2baee43417a3b73416647c269e59de99a894bebfea7fcc0d1eeaea383626b816858f161b0ebf42d53d80237f39c5fee5026c5c4ab0bb982cf1665f,Dennis Reilly,"044 Preston Corner Apt. 657, North Amandaside, MA 51934",7892.84
225,403,33,lisaperez@yahoo.com,scrypt:32768:8:1$vaj3IhlpLGF0FX1D$5dbc325c612b63b91050a24bf73412121f88aa41ee146b919be3b3760b04f3714231734a2983eb2eb659f9bc7c038d1dc7b19b6fc50f4a3dbda7f677606069a5,Cheryl Salas,"Unit 7401 Box 8751, DPO AP 55504",1254.27
226,280,,ryanedwards@gmail.com,scrypt:32768:8:1$FF1AxmiWtC8dMX3r$e42f4b9464206aca48e4fd7c1d50e39da6bdabd6bf7a8232753756890b3520791355585562792aa3617e6758dd5d4fef8e41430df20b6d80c008888bd5f7de00,John Fernandez,"49201 Reed Throughway, West Frankton, VA 44099",8635.10
227,178,,katherineporter@gmail.com,scrypt:32768:8:1$UcTEIJqhLaDV7O0Q$e858d14deece797597e84ba35b82746058f9c8fd89bac16107d85f17980b0387078926cdb224822aec007eb9ab7513f0b7231c621f711f9c6c63f1ab0cc5ea54,Amanda Anderson,"6950 Michelle Square, East Larry, CT 50135",6326.26
228,691,131,nicholasbarnes@yahoo.com,scrypt:32768:8:1$zAiJUcrXFm9KhtKT$0e562127852119c6506838de8ab2a55c1bcf654ba7e3f7a281716f1a2b4ff0a96c4501bbf6824ccea650998357387762dac0529c2c7fe5d0cc43245e0fa18701,Debbie Smith,"847 Smith Rapid, New Rebeccafurt, TX 33628",7432.66
229,397,122,erikmurray@gmail.com,scrypt:32768:8:1$4GvDu8ifO4MR2aEy$38d837894e84f0506bbc47a36c17afcdefc4b9e893acb19a591cec724329adb5d6fad4a6f371d32451a1ee59b7e71c89b790f2077cd0b2cfa21b859d53d11dc5,Anna Lang,"82376 Angela Shoals Apt. 083, Martinezburgh, FL 96156",8099.47
230,245,,patriciagilmore@gmail.com,scrypt:32768:8:1$zBWmHeRduHHLQRph$a8f0507aa9aefbf859ba6004b1d9c984ca45d9e810e60373ff5628be727cfc8a98ac4fa7d3cc15fee2fed7a51d8e0f655c769726803606ce6bb8a410f85b541b,Courtney Black,"253 Smith Rapids Apt. 614, Port Williamtown, PR 13559",5327.65
231,7,65,karenjones@hotmail.com,scrypt:32768:8:1$DGYabSBy64fLP0Mj$eaa45a70a679f70958c8d7d117cf60797f454fb30582fdf6ddfe3c1855c12a8c25eed3a54d240c37ec23e3707bdd948e59febe8714b941d540b86058f569650a,Jeff Miller,"139 Copeland Mews Apt. 809, Aprilberg, RI 89088",1079.77
232,147,,brett59@hotmail.com,scrypt:32768:8:1$oFV7bQ22IIV8GBEW$ba2f00ac56daa6544cbb7830f4eac6b43e426bda6626e681b3bb76f47e2fff1e9178e9e54d18563832b01900d520982d4a5f611b501526f4eab2e81e94fa3ae8,Megan Crawford,"6835 Robert Curve, Amandamouth, AK 25205",746.43
233,65,,kevincoleman@yahoo.com,scrypt:32768:8:1$XXzBl3rkVgjmkKYc$25b73a511be65c4395243534548b62fa5727aad750bdf5861ea48040c709ce3bc2daf60927032f8879aeea71d0cc503a9fc88e86f07534dcc24f6084efd98d44,Andrea Hunter,"34283 Emily Center, Lake Jasonville, GU 25584",9230.03
234,941,133,brian62@yahoo.com,scrypt:32768:8:1$XZZQkcJkieLu9Qj8$a724b4411e8082a5ac55e2e7ef0d7f29dbcf36ae2fe9b383e30ae27554f2cd0cc0c0738b9eee370db1a585782672bafced4afb6cf74c6ad1c16d010a197224ff,Vincent Copeland,"5456 Nelson Prairie, North Jennifer, UT 71494",5524.03
235,154,,vroberts@yahoo.com,scrypt:32768:8:1$ZCB45IN2AsDYBB5Y$c1f9103a8765db59a71c61dd54062eddab680ee17155f046804e85b1001f1e96ec8903cdffbb74020e028ee46d661a3e842a35fd2e6652ef416217e5d839f911,Casey Armstrong,"162 Eaton Brook Suite 206, Port Michaelburgh, MI 82255",3249.93
236,611,,willisbrian@gmail.com,scrypt:32768:8:1$vNlP3KhX193VVIR9$4c176dd474bb571bf56d0d7f94a69d47d7f09fdbe7698026f1b1c7242a0ca7a1dc0ae7a49d830d0dc89e362426bcb25472ddc7127cda0df528eb5ebe574c41ed,Michael Lambert,"013 Owens Rue Suite 710, North Michelle, NV 51193",7944.93
237,460,,emilypreston@hotmail.com,scrypt:32768:8:1$TMRzwwjcC9ZLZNcn$abe54f32b6c0dd8a1a1d607fc14e74507b4c3e314a17692c870c70f94d7f5c3a70ddb4119817fce084cdb33378af0258111878707ca7cb463de2a71c62a76880,Desiree Morales,"336 Mckinney Lights Apt. 719, Tylerbury, VA 98412",6497.35
238,482,,rdavis@yahoo.com,scrypt:32768:8:1$jeU4IALeO3CsdFVy$a23a8855436fdf2ba1530e8628737b942579b091921e20454456904a7c9496ca4a27805c1d35ab1124e1874f3ed1a555db7f63ab49ba73ce57234d5a63d68439,Joseph Webb,"07892 Helen Drive, Port Kennethview, DE 48597",2178.08
239,919,141,ymiller@gmail.com,scrypt:32768:8:1$Zknm7b2Q6cJOvN81$270798774fa6343a0953b4b5bd86647374138b16ea415b3b4ebffb6a2260ce82f9c49e49b333c5f4f2d39a981285d11e69b44aa837c6e408ee9cc5434f0c61cc,Michael Larsen,"952 Wallace Run, Tonyville, NY 48276",1138.35
240,327,197,charles09@gmail.com,scrypt:32768:8:1$1UJdA63Dghkx9B1B$3693f17857937dc4493d686fea30a3cccca037504908ab56a5d6b33d41d2221b20e16d176462691c46077dbd228c6b1b3246494846b1681d9cfe3b0b90c6893f,Jill Hardy,"5123 Frank Field Apt. 039, Bonniehaven, MD 25156",3145.68
241,753,,carrbrian@yahoo.com,scrypt:32768:8:1$76O8GVzeSZTbxfc9$1e9296d96d4d112650618f4b1c3ee5046658958f2d1d60199e5ea39d6a6169f2862984b94a7279f315d0217ca279628d9a048557a6b23231fa55571e8f0c0bee,Donald Myers,"1579 Medina Park, Edwardsport, ID 11611",4434.30
242,594,,angelagonzalez@hotmail.com,scrypt:32768:8:1$SCLap09zDD5GzWZ8$efc5ea23b8bb7d0c4326de85bdc0ed6487278c83e0f8893a5b08f19beae485e87d865ff6702a510d158327f0359e81d95792cb33c4678688be9622d5dfa73b7f,Brittany Berg,"09148 Sarah Trace, Lake Chadland, ID 33086",874.53
243,210,,andrewrobbins@yahoo.com,scrypt:32768:8:1$LThYueKo06FJ1X6e$3effd10c9a60b073d13f615226350a95cbc1b4a55066d3d9a29c51f45bcdf9bfa5977d8800027fcc1931a845d4bfa5f76e5c9da9b4aaab6dea2fa097f9ab7776,Alan Smith,"563 Savannah Lodge, New Rebeccastad, IN 46621",1444.18
244,12,,robertsantana@gmail.com,scrypt:32768:8:1$WxgG8LP1p5eGq9yJ$fa457c3925df5ee6a49e4834b8b84c5989992c9d791fb36abdd0a6f2e1845de5bca04704b823d3e30a01cbea07b8661f7e9b89a9185e7ecc17e8567be4df7bcf,Judy Benitez,"21076 Parsons Club Suite 518, East Rickyville, SC 16186",7345.13
245,237,145,phamilton@yahoo.com,scrypt:32768:8:1$D8IpZuph14piVyZP$d7bc3f92daac64f35e341f08248a1a8ea53a11b726fd64bb661aea417f3471e359675823544461a88b7fa3c0378ca57a2770ef0fe03efb71c3e22e33f61492b6,Jennifer Powell,"USNV Brown, FPO AE 56519",1624.42
246,712,,heather71@gmail.com,scrypt:32768:8:1$tWgizaZbXw1toDdc$9c09ac13db8a7c53bf07143efe70bff3516ae03aa7eb1ec860d712b0bdf7a7a632940b73015fb35fc28869720ef84892ab76543dd632e20d2a5335f412abcdfb,Jacob Johnson,"199 Brenda Camp, Angelaberg, UT 51107",986.58
247,690,,pennyjackson@hotmail.com,scrypt:32768:8:1$XJQnM2Ru3OeS9uAQ$26007c628479b8a8dd78ab9938db8691ae65d3e0dd1be4c269811e6724baef2494f256176e04f5e41ac8b6373d4bac27462de530157f5796503e5802358a0bf3,Melinda Best,"2019 Rowe Dale, South Matthew, AR 46461",949.09
248,341,,zimmermancarrie@hotmail.com,scrypt:32768:8:1$4aNjFl1zkiZEHTjG$86a71374791523da0d8277c5bc103d662dd290903ef31cee406c71c783838109d66e07e528145ecddcd7504e031fc5b420bf761de393997d4b4e5447af856c56,Robert Camacho,"146 Herrera Causeway, Gilbertmouth, SC 40938",3244.62
249,924,,parkmichael@yahoo.com,scrypt:32768:8:1$cco2Ty08puCBeY2m$ac5a77d4d0d07480150c3762ae8f3c6e13d3610a1e5c89a19e147f74bfafe6709d50fda5cba5599f4fb5219ca0b80846ae06381c2cdaa94d96f6a55462451822,Ruben Thomas,"352 Ryan Streets, North Steven, WI 94399",1983.87
250,668,17,alex86@gmail.com,scrypt:32768:8:1$4RyEwZxO8QzjWDjH$e9e13cbc3f4d915a718103bae54cf4a0c2d2d75ab073d4927825090dc0a8a148c8193343c2961f59a50c565f5addbfe0e94a06255471fa5707281fc176f52e4b,Jennifer Ferguson,"5490 Clark Extensions, Jonesfort, AZ 41485",1780.80
251,38,13,andre81@gmail.com,scrypt:32768:8:1$4OJH75wRedodIG1G$981923fc0e824de231b83fa27e6f20c359759d024e47e5fe5b4edd70babfcfc8f2929c941025f338d70e6274ba44bb4f07112de10ad0773f4f7f40bc7891695e,Theresa Harris,"454 Baker Underpass, Lake Jamesburgh, VA 36824",1288.87
252,174,,michael04@hotmail.com,scrypt:32768:8:1$8oafSaO8EG0490sc$865f02297fc4a223e5690b6e300c75dc425f3aca4206125f7f3cc8af7674805e05c3ca8d4bb0b6006130d60b167e28f7d1f5de2acb80c2ae7c93c46969b20f44,Beth Martin,"9008 Rachel Fall Suite 752, Mooreland, AZ 61182",4357.81
253,464,,barrondarrell@gmail.com,scrypt:32768:8:1$VqG9hVPMA67WvJmF$f94b30ff107cb5d3c1837282924b56e62dc67d2033e3ae1267cf6cd23e1007be4806ffb5eb45335e0870ec93afb3c4ffffb637baf9fb29ad2b93ede999e79043,Diana Stephenson,"53175 Katelyn Row, Lake Gregory, GA 39212",4758.17
254,765,,sjones@yahoo.com,scrypt:32768:8:1$LqdbgpnzOyvZATnM$3bdc3c631487f391be20250ef6e7b9c3be1b871c644a363560d6cec0999e124384e3e40ab9695e9cdfb23fd2bf477e75021c1f4c5194706782f9dd0fbbace08f,Kevin Robbins,"152 Johnson Burgs Suite 931, Jasonburgh, SD 27104",6947.69
255,258,,hbaker@hotmail.com,scrypt:32768:8:1$knkyyOcVjCVRvZjv$3b31942d28bbf741b9e7a86667da5170558b85843f2dbfd82e3c1b870e7e07ba0cd2e46a2b4cf16f87c70b4b0d9dfc1ffc48eec55f66f668f8ccf045bb627f47,Mrs. Sarah Sanders,"6324 Michael Divide, Alexanderborough, NV 49649",5359.89
256,66,29,kathryn44@yahoo.com,scrypt:32768:8:1$3UQ4hh8kJotuYR8J$78a4872aef0b9c76a3a404886b8b3b44b17a7b7764692f76db85c1cbd47588ac83b678670522b158ab943853f35aaed821f617385e78029c759e9d90cb35cc12,Kyle King,"493 Strong Villages, Glassview, VI 53556",4814.67
257,949,,tracymurphy@yahoo.com,scrypt:32768:8:1$eRiIvDmiBEUTM3Em$2ba356814111b8a8893395cf1df6d5cd2d1241974247b65b2a0760ddec047e091588125773ee9305434cb9e1a25ef4bc29d724041c9c36bbdf19996f9d39d420,Robert Steele,"3576 Scott Valley Suite 212, Simmonsland, DC 88916",5339.53
258,332,172,caitlin05@hotmail.com,scrypt:32768:8:1$J2oXTXhksMh5W7uL$8ffbfe94b580d5754329925fae3531e45d3b5bdcc5473e9bdc97f8a1e92d86e4c12dd955eeac0f9b46e23c47825986e8403192d4e7e6e5fd339df69471022f4e,Kara Reynolds,"77762 Michelle Ports, Jimenezborough, MH 39806",5141.23
259,640,,austinatkins@gmail.com,scrypt:32768:8:1$KpUumqMjYJalQluv$a867ff995228504c85b3a262a3f12bd71d446b792cf5af1c8561ec7e94db0269851be46310a9c2af3e18ad8563e307e28c7cb5820de6e741b0c962adc07fd249,Jeremy Thompson,"008 John Meadow, South Ryan, VI 12922",7005.64
260,730,,jim14@hotmail.com,scrypt:32768:8:1$wdASgciMheoPLY3M$40d3e91338ed5c8e4ca8df4fe65ed1a55e3632cfc405bd551a824c68095d21d57b1b822fcf42b112577163ac53cde109c1348a37efbbad91ad4bafd42ee10ef5,Madeline Wilson,"953 Zuniga Valleys, Websterport, LA 14779",9163.24
261,163,172,candicenicholson@gmail.com,scrypt:32768:8:1$GAobRnsC4zWXtVro$3908b13e1ef4edc76171f09508a1e71a04e884cbb645302624eb6cbd452b8a67a123b3c85e0f368e56186990f07241687c652c682616647562d1b992d1a916ce,William Austin,"0376 Susan Grove, North Leslie, MT 05963",4152.76
262,186,,speterson@yahoo.com,scrypt:32768:8:1$ef4bMTsuCvAdSEFp$d7ee483e28dacb07ac88a801de38420615ce385cbdb62f4f9c4390c2f862ed16b1eb7ab5a9435ed973da651198b1f31067210d268d4b1e8a4b91301ef7a4b1bd,Erica Ward,"346 Fields Summit Apt. 729, New Lindsay, VI 37681",3257.44
263,119,,smeadows@gmail.com,scrypt:32768:8:1$fmefkEpzfNdoNbSu$49a0902403560bbe87a3f251639f5b860fe25daf2c0e78e611d8045dd15ac3e1644b215a812a3969e0836f0b2b5ca30175312d1ba9dbd7884e8b930be5b01467,Aaron Golden,"96473 Sharp Plains Apt. 729, North Paulaview, LA 28511",8817.84
264,796,,jkhan@hotmail.com,scrypt:32768:8:1$z1JuTnAnUnyBxvjY$01bce25b51cd7d9f13ef8339c18ac9d1efbff2af726ad34946d4bfcc2790e282b61659d695aa4d57b66744e3ec3b4659bbc315235f901e63a8ee29b40866db81,Ronald Miller,"059 Allen Garden, Timothyberg, FL 37350",87.01
265,574,,pnorris@hotmail.com,scrypt:32768:8:1$XmmY9xhyfqJZfrDk$5a6fae5a8d97b6e34f94a76b8de575e402150040ff48c6631762a3eadc17f6fdb1207000c682df27695cdc656dc0b32b58765d84832a040b0b851d001b741a0d,Jonathan Compton,"4010 Guzman Parkways, Phillipstad, MD 02350",2784.92
266,405,,foleymarisa@hotmail.com,scrypt:32768:8:1$jzF3VzR7A23YoZ4c$5428009538badf0bba75f8799e005b84e21142e15c12a371057f6ef0a5d18ce7425f3ca5a6cea015fe87c30d1c073b939150bc8e1147416b04e542da3e3c5d47,Catherine Stevens,"18102 Flores Lane Apt. 956, Bradleymouth, MA 60513",8270.22
267,513,,fuentesscott@yahoo.com,scrypt:32768:8:1$7WC1eNcs67Tzr5pa$bbf7f667d360723547426caee6b667444c1e459450fc3e55a5e1d9af86af8ab5903cb6b4c707629cd99605fd035d16af71ea745c44bbfa8bc0f9f64273bb860d,Erica Burnett,"64440 Wright Vista Suite 266, Port Clinton, AK 97684",7781.28
268,835,,cmoore@gmail.com,scrypt:32768:8:1$A9JO8TEKpF5XIti4$b6f33e3c2c27176d4f0b4414e09649ffe2b0e6594ea8e8c8e792d4a62ecb39fb8676bad48970539424dc08b0659c554787ba9a3d207ba0b236835be3ed9e6cb8,Michael Dougherty,"35567 Eric Ranch Apt. 427, Mooreview, IA 02375",713.34
269,201,30,kaitlynalexander@yahoo.com,scrypt:32768:8:1$NmOiYWs4Un744GjO$b6c7e817b6bf5a8edb59e9f5cce3c05dd0f04821b26bbe06a0a5ef6a7b47556fb38e2482a50477db2d2c5d208bec951fddc2c6debc8f841a4ecfd0f469761109,Virginia Chandler DDS,"995 Donovan Square Suite 783, North Sarahtown, WI 17100",677.78
270,192,,zberry@gmail.com,scrypt:32768:8:1$hvvRhwDdCrqMjhiO$f2797c28b10fdd6155b863c79098a803f5e50324e35ae3d2d68c48088b06a1f7299b74aad58b2cd180c4386979c968d74fb4801d5576d40b67ea37a19735ae82,John Hart,"439 Washington Harbors Suite 540, Patelborough, ID 12936",3827.49
271,390,,geoffreymorris@yahoo.com,scrypt:32768:8:1$Me0TsGIaUtW8COZ1$4bbe7a62e688ecc3ddfb6983a18af77dfc34968c3f8a918e0ccfbac0c5ba8938a6f8e3ea2fd6f16fea4f567bc0ffe65052651e98121b33a6ddc6e8181820ac55,Zachary Hale,"Unit 7373 Box 0521, DPO AP 14630",5535.37
272,97,,williamsmichael@yahoo.com,scrypt:32768:8:1$O7N1KuM1tCjmNKbT$e1ce9bd5a071b0e444161da6b667df28e7d9f2276ab7e8db2e2cebe20a5442a287c669aa436fc2a13a7c37f1f8ba0b62779c357a96f9b5d6286df15f4674c827,Guy Odom,"5218 Kurt Square Apt. 580, Maldonadoland, MS 17285",1302.32
273,604,,dianabriggs@hotmail.com,scrypt:32768:8:1$Hxn9R6jvIqqfXx7J$8f24b92d914a4526ef5f32e2502b9fb6b853c6a5426c9a53a4e633e0183038f3e1d448770cbe85751b60420d2744c49e65316d00b05d3861c7b619d98cc91868,Sherry Williams,"USNS Proctor, FPO AE 43958",8452.77
274,873,58,catherine17@hotmail.com,scrypt:32768:8:1$oD2LdktVatEiDYHh$068b572d8efebf84d76c2bf5a803db8d6d7c8f6a923f56fb6a755eb8051e1c196829c128e16c10a28c3a7b1f551dcf3a7b07c2403ccc83fd02b18cf07f575f0d,Courtney Keith,"493 Powell Field, West Jacobville, AZ 92295",9687.07
275,214,,qgarcia@gmail.com,scrypt:32768:8:1$L2ia3HCAozzIVnfF$d03b7b6103d9ff0d0a90fcda461c0261c03af6ffd31ba796daea54d31421d8f697a72bf3b2c870c41991ce64ce2e3c8ba105754a5e2f49adda99d11996bd3c20,Jeffrey Robertson,"60065 Christina Via Apt. 415, East Karenton, MP 13615",8879.05
276,246,,jacobwang@yahoo.com,scrypt:32768:8:1$Y2iidwG0bERXMviA$45c51263c639ba280bbaec0b9caf431f80871336f7b57ab0afa5ae5e59cace2426c0711e1b0e3b44acf0e6d0dcf70aecd2834fd9d3845b38016c2be8da8d6b8f,Stephen Davis,"310 Clark Points, Christinechester, HI 63968",571.90
277,443,,dparker@hotmail.com,scrypt:32768:8:1$itlsO0yqZhKyFnzC$1e32cd2afd04a4d81caed3f4fe4e7f0c7a0c68628bc3554b6511378ee2962985688779f5ed0c2eaf15b6dee40b1f0f9f5f08b89c196844e83ebb121cb45b7fb7,Brandon Meyers,"26249 Joseph Street Suite 300, Maynardmouth, MD 44573",1836.12
278,76,,gallagherrachel@hotmail.com,scrypt:32768:8:1$tYMM4R5bb74q24VF$166e8d5b56426d268322dd5c0d3c775ae4be6939af20929ef7faf84f4afd9c332c1a10f04b35acfa70beedcf0c803ee589371ec1d98b32d98a56baedfef661e7,Annette Smith,"979 Conley Walks Suite 760, New Kaitlynview, LA 32568",358.70
279,68,162,watkinsjohn@yahoo.com,scrypt:32768:8:1$2QsN0YPPa9ZSZrdS$e1b0ab32cd2eda7639d0405e15b6ef2c43b2c9ed4f3be7da278cb3e9b106be72b9c3afcd2a5f02e5bdfc1a2e98d7eaa865f26126d07179a02c16b16a38c12194,William Ryan,"07080 Cobb Wall, South Sarah, VT 50866",482.53
280,595,,victoria27@yahoo.com,scrypt:32768:8:1$T7nhGnlmxyXQQaGW$001920aefc340dcd4a9543bd4db31836e46f509ef9c33b011dbe51328acdb5fe49eca1daf18484b5a20daa8868e1af5a1ad2efbd40586b646b729a33fb72ffa6,Michael Zuniga,"535 Jones Pike, West Manuel, MT 68069",4154.34
281,782,,phillipchang@hotmail.com,scrypt:32768:8:1$CIi58O6dnaeeb2xT$b051dd87b7c0404fcc4339aa1a95a3a6b1ede898b28f33f057ce49ef201f35b26c70ea7f36d0f448a88f8b0fc1ebcc7f67a4830a5ff79d28dd1f78b656a0e668,Kathryn Sanders,"409 Williams Forge, Rachaelmouth, WY 37408",879.28
282,472,,sparksashley@gmail.com,scrypt:32768:8:1$tD8xtoJefMCOPkIl$5f428bee4494cf5cd1f5cb46921ea37fd0804b32692390fa5aa46087eaf1ff0a5e4c1f890398ab959dcdefe1ab0a01be76601e2ba005bcacfbc647603880cafc,William Arnold,"44216 Manning Spurs Suite 053, South Mark, ME 88379",4696.57
283,278,,linda31@hotmail.com,scrypt:32768:8:1$fmmglg31kQZccmB8$7ba4baeeea002017b61974277f840fd0e46d49d43edfdb7ab4618ef2a5543b91ef620f1158d4980d6925bbaa85a38a3c245787e537023746bf12de8904499342,Mark Moore,"691 Dickerson Glens Apt. 632, West Sandrabury, NH 79994",5764.77
284,728,,jared76@hotmail.com,scrypt:32768:8:1$L25sMtFNuFOthOEs$d193c74b91b7ef707c9347000839cfd0168536fe7d56f2ebbe7b0a30fc0b5814a0f9b15e955914abc44183305875ccdc6091763f7ea9613cfa7dcd13a9aeee1c,Sara Garrison,"Unit 4704 Box 2746, DPO AP 59757",6518.20
285,833,,stephanie48@hotmail.com,scrypt:32768:8:1$JJRwNPfJVem4aaX6$747c3b43590def2b8a6fc625b7bd8220a5498dde85abc62b8ab5fcb799819525964f987ec7b0a6cf715b33c7374232c6a46022ca20dc5099e1e6bdd34cc09013,Sean Carney,"315 Allen Junction, East Rachelberg, SC 07469",9684.35
286,633,31,gregorycochran@hotmail.com,scrypt:32768:8:1$58g0zahoxRsbet8s$82a2432f1d79f18df8c3352c904fd60abc893521b4faa8c4a8f4fe7ee21e24f603813ddfc8c83b961c67a2b1863f09267a740a4559afce2ec1c27cb5262168c9,James Burgess,"87219 Benjamin Fort, Pamelaville, KS 09698",7547.76
287,588,,michelle03@hotmail.com,scrypt:32768:8:1$1c9cxhyCEUJwhwSw$81b1004d2dea8494209a5cf58c18c728f9412c3f6894ff3a49042482e57113bfa0faa8ee827cf9d33d7f8651ddf2daa9ad5aaf1a74b8ddc7dabc161c46c77272,Katherine Salas,"5878 Woods Point Apt. 768, Petersside, NV 91379",6324.04
288,402,,kweber@hotmail.com,scrypt:32768:8:1$a6xvFjDrrrG0uMsj$0c155b6b0974409ba361121c502ab52c1cfae842480801f80faa460abd6877c680411906523b5b0e79116a3566ef1fdc90abe377b5e22c2b03642411b2367bd9,Scott Martinez,"29481 Paul Crescent, East Nicholas, PA 74947",9082.34
289,693,,ashleywalker@yahoo.com,scrypt:32768:8:1$Q6fgkVOBv14w8JCl$61d9a6996427a2bde057964343f8d47b96b4f39205d83ae47d7632efee10721e272f55b8ecc9613f93267de435e54f893af00453a550fe29a526f77837a646f6,Sandy Jones,"1087 Weaver Keys Apt. 717, Andradeville, AZ 00615",1109.91
290,542,95,jonathanbradley@hotmail.com,scrypt:32768:8:1$tXrAkniEDccKQ2iv$ccd59f0c20c49ae859f70992d7db4041522ef1a1a505a85f562750770d7c4c9a23b1874f81ff8b182364bb2ce69ca2b8728e205b0a5c0facdbb4bd156d55be8b,Jacob Young,"90586 Sherman Valleys Apt. 302, South Larryberg, MH 03695",9767.95
291,573,,yanghannah@gmail.com,scrypt:32768:8:1$6Fk34ft5UDKg6aot$e19583cbbcd77cde697b02f89cc5c79720f9208a60e0625f4f3d3e524f500ad0c07200a5952bd522cae04831b1da0dc02c0d2ad08f1bb74b01ae6794c08451ba,Nathan Olson,"06387 Marquez Plaza, Joneston, CO 59084",6279.80
292,376,,eric06@yahoo.com,scrypt:32768:8:1$IGOESjPUzsWeD4Cb$eaf5c091e608c087d213df9c7ae8334a5f897af637d9b74ba33031541dab441749f1a79e7574b8f5bd62528e14dc9953f5c30281466f97eb89945b9c12b78d16,Mrs. Megan Morgan,"21612 Baker Springs, Arnoldside, TN 23672",6583.74
293,428,160,waynestewart@gmail.com,scrypt:32768:8:1$XB2ZcSHYA06dbcIq$abdefc237b8e30a63fef415c8b4e18ea3b11c497882abf854d6a738d26ba792cdf474dadb45fd9018cae51e7ebd0c338ff78a4876d7d4eb2d0a4b05f5b625c5e,Francis Williams,"696 Lucas Ferry, West Donnabury, PW 64072",6444.34
294,409,,khodges@yahoo.com,scrypt:32768:8:1$Vtk7TPa4Wj5NNM2s$91b61d10acfa90847fe6893988fcbcf27af867200fea05b841189e1436c2657a24e4455f6563e25a3b3bf95c6fa039569711105bdd0d469fba93d427dc8c28d1,Erika Hutchinson,"8149 Ferguson Falls, South Christopherchester, AS 29046",2819.78
295,876,,sarah34@gmail.com,scrypt:32768:8:1$Q2ZGajvQ1IMAEVhv$1890f2d5774b693041fd3e6bc76dd321ece765bf3488fdadf39581f976f812809f99294056bd8352404c7ba0ea0ca607d9e7ecbd62dfa65051637423fa035725,Mrs. Stephanie Edwards,"1792 Lane Villages Suite 450, Youngport, IA 95314",2783.51
296,615,,brianbaker@gmail.com,scrypt:32768:8:1$B9HZ5XCL6uPZSWSL$3860c8746cedfe50ad8a10a857e0d1af7a869ba59a4dc9d0d00261793502336e2a2990a5027041d908568d6ae3f0375ac37436fa4f722b54dfd172fd74827bc8,Tiffany Day,"9474 Sabrina Orchard Suite 542, Port Deannatown, WV 57161",3112.78
297,195,171,clinepaul@hotmail.com,scrypt:32768:8:1$z3pfa0TU40VfKTzS$7858067a2d7addae5593ec61a9fa6065adbd1466d57a74c2bc8102ffc6a5dced9e471a7977898a696c5e34b982f8c0746f6b72792d939c642a798cd4f4ee9ea8,Tiffany Gilbert,"93509 Acevedo Junction Suite 474, Michaelton, LA 91649",9156.75
298,967,,jkelley@hotmail.com,scrypt:32768:8:1$Ff3rsjRlDfHOM9T9$0cf830b6c5e8f69f420de52f9d3293211b94f1695e854847982247686be0e84c6d0a60696daff2fbf842b752223447995994c4a320e4455b62ed834ebb5cc157,Brenda Jordan,"USCGC Macias, FPO AA 00694",3025.37
299,347,,cabbott@hotmail.com,scrypt:32768:8:1$wdZ38gSsELdHbLJX$a5178f708f84cf6bdada4f034a93e3bbc55a5af62a4ae820ca62f456c990780e0cf0a3b8115b9dc5a744d5247b423b64d0b3285230af513ce86dad21a4f435c2,Kelsey Johnson,"946 Long Curve, Ericview, VI 38536",5462.67
300,30,,kimberly27@hotmail.com,scrypt:32768:8:1$vaEc6T3X8DMu23Ye$10d6c9fdcbca9543ebab7c025bba5311762280eb148cff87f4aa6f31f93a4f78a7e49e43274b94d2253ae41c4879afd49e7f27169275c4f6f4f1b3ca36007dcf,Dennis Johnson,"Unit 6291 Box 0512, DPO AE 33866",6481.86
301,208,,shelbykelly@gmail.com,scrypt:32768:8:1$HeOQfgZyLBToHL7f$828bcd9b22ad5e1b45a17e14d67cd42ada5f250bfea9d0d2382388282352edeba2d7afba267818121c94c52acb010f08c7eab85ed9a0316ba16b6df52c1638ed,Ashley Martinez,"11925 Zachary Crossing, Port Maureentown, PW 44019",1553.41
302,161,,rebeccatate@gmail.com,scrypt:32768:8:1$4nsUoAn662FVGEuX$3adf636f39590db862fbf8f3a39165f59baadb98dd4de37a521f3c1f3d0d7743ca0afcd30de6b470035a4bff5d881e85de8465cd9a888a81d3c61c22fb635fca,John Johnson,"156 Mcmillan Vista, Port Jeffreyburgh, PA 88437",5063.48
303,291,,acamacho@gmail.com,scrypt:32768:8:1$MC7wcBugIYDXMq6N$d7bd580a844fc77be864961fa642ca733f1e68080e44a7b1d8e3aea47876e2aa27f79d87f50fb6214e97aa07a836f655d4b12b8e67ed17dcb8236365b53abc67,James Patton III,"9987 Allen Villages Apt. 460, Ayersfurt, TX 63548",7339.12
304,771,,vickireyes@yahoo.com,scrypt:32768:8:1$f2HgoISWc6WVGK9X$f963e02feeb33768905a43e1410753a3dc8783095ee22ea3f63d1cfb77cd81bb6836dd94bc5593e05a45f3d13b5a81d47b9b1fd90c2e8c0b7bbf52d63b3c4348,Chelsea Hall,"3564 Phyllis Road Apt. 295, Sandraville, NY 74899",649.89
305,913,,breynolds@hotmail.com,scrypt:32768:8:1$z6OoWfyhjrFlSufB$fa2e8c190310804be6990824f610956a91a9ebfd74ee7dfabd0814cf996df67a3a2cfb2a0c3f11692628fa87bf6e21a461f3d067b82779ed9414ad4c49259aa9,Jason Norman,"14241 Howard Lodge Suite 438, New Greg, AL 02889",1529.44
306,8,161,grant82@yahoo.com,scrypt:32768:8:1$wpZyjTkLy5Oe5IJN$e8cdc67d25a785261eafe32efaae1658c4c6761cfb34f94b97c6aa01f56f49a9ce8ff117c95986fc78097c09fbf68c71beee7b9f776dbfa59099147cdfff0481,Lauren Garcia,"04666 Contreras Club, North Jeremymouth, NJ 59917",4594.57
307,335,,raymondwalker@gmail.com,scrypt:32768:8:1$rybUC4DU6X3uhrCV$833fe2a668ee5a967995a4bffb2c573b77be907eadc3254b8483a5c66f3dca1d4f27ccab5c577163b729f4306b11052299ae36671e145663c4fc2ea8c7ea50d1,Christine Abbott,"20522 Fisher Corner Suite 808, East Brendanland, MI 89681",64.48
308,410,,dwilliams@gmail.com,scrypt:32768:8:1$z5SlEWYiDHlo5XC9$076d1a625db89820241fa2845939cfc65cc4d55c723f9d7ef8637d6d0941de7db83d6f6d7a7d3344ab528948a753a4b42f7ae95d2a463d7d18d0ecc7edc23749,Meredith Cantu,"4799 Karen Port Suite 670, Knappfurt, IA 65008",923.66
309,156,138,gutierrezjeffery@hotmail.com,scrypt:32768:8:1$lPREaCjewhXNS6vz$fbb52a9629a05940559ddfc4ad52a65f04dba56522e33b64bfaaed5b2616e07819962c7612fe2b0f856f77bcea7569cf2f3940c1b6964f648278bac3d5da2f3d,Anthony Cole,"USNV Miller, FPO AP 57796",8121.05
310,502,184,lmartinez@hotmail.com,scrypt:32768:8:1$Z3uOM80IK3m2GaoD$23d31b4323a8c381d4401d6a74478bbdf5bbc5b23c2152d9336c0fdb6739a5434daab4f7983f7bbb29ff4114b12c940b3216609bc8ba7518b14c613e4bf54e11,Natalie Yu,"6989 Zavala Viaduct Apt. 288, Rebeccabury, AR 89417",8718.63
311,215,,hallen@yahoo.com,scrypt:32768:8:1$qJkTTGxya8Xx13J0$1efe2e2fc79aefc9d9385c493c17e9128b90098e2877c3b530a4cca633ca09c0447ddff904ccd05c408524dd2b21a9f7c56a65c80ec9792897e501ed7012f1f3,Stephanie Stewart,"84209 Laura Course, Elizabethshire, ID 78311",5847.38
312,905,,rogersjerry@gmail.com,scrypt:32768:8:1$Olc1362OuNtZ3Do9$ab5cef420ccf39a63925d0688c3b22846096383918e317178b49668e67a45b608d7bb0639289e35981598c84028a9c3d42b5e1a2df9e3c02a6a3d1221d541f58,Timothy Myers,"USCGC Gray, FPO AE 42133",4573.66
313,257,13,justinhenderson@yahoo.com,scrypt:32768:8:1$2NSdQBo2zJMat3cm$0a164f02901166cb8a4e40b6de142968550aa2fef865af952f82036cb0187cdcd075f410908b08718f74f58e1188b5e45f127a7f60799cfc0cf6aec6c8cae65a,Brandy Bailey,"9465 Collins Motorway, Tammyshire, DC 66858",8807.20
314,468,,emily84@hotmail.com,scrypt:32768:8:1$ja9M3ThYCaNBxmSc$33d363bb5a228ddcf4ac4a81e696e0ea0b83cac48abef17fc5ea8e0eaa45dcb663110f749084ea6ef5a4cda8427ae2068591ba363ade5f3c8ee3e73db7913162,Michelle Wright,"48732 Pennington Meadows, Lake Stacyberg, CT 65357",470.17
315,303,,klee@gmail.com,scrypt:32768:8:1$ZTeIuoBChU1RtXm1$10346d061ba6f4afdc86b33efd9f8399592ce1adb553d1007c0be0d9bc095e8f522eebd8c477363b1c334398078140b65be6ed586aba18a531bb2925148dedc8,Jeffrey Burns,"793 Christopher Mission, Paulhaven, TX 75868",7390.40
316,371,131,maldonadoamy@gmail.com,scrypt:32768:8:1$IBtf5L8kPbpnKexy$0a8eac83923739a927f20dbe21b654b8ae686eb274f5fa3825f73abb1dd94ab54579a54598e1dfee8f57e50d578268fb7830105f929d9528ae27329a640c1c43,Julia Bradford,"USNS Brady, FPO AP 18601",5713.35
317,951,,jennifer04@yahoo.com,scrypt:32768:8:1$H7UWQU01MeiCaQH9$9dc119fe21af4d0787bd234e70dff1b5cbf168a16cc48d7d470d9208ec6f95a877428003aab1ca87e61df36c4da1c895fa5810daba8fd0c8014f703869cbfe25,Allison Moss,"994 Joshua Villages, Watkinsstad, NC 85276",7081.67
318,904,,hwilliams@yahoo.com,scrypt:32768:8:1$MA7AZnde5J2otimu$97ffd552189c01c2dcd1f5cd4d7dd5894a56ef24e760e02c7502eddf07dab7fbb0eddc6f09f377a60d5ca99e2166ab440c3de21fb684d3198acab4793aee28ec,Anthony Parker,"70656 Renee Hill, North Katie, AR 64818",1014.58
319,777,178,panderson@yahoo.com,scrypt:32768:8:1$HqspfKI0xQUGAmQI$77889935b0ccf66f1548314ba392bdc387ff0bb8ab385e2957b4c20474821cebe9206785baa8d4178a36ff54c0ad8ae867460f6ea3b6fc231d22d69d579b30a3,Alyssa Hendrix,"936 Julie Turnpike, New Jeffrey, SC 50541",2184.83
320,548,166,tayloramber@gmail.com,scrypt:32768:8:1$ZyTiFTKjbLJJozpH$3af0816d2322e05fd3479c51de5f5ed73fec1e5d417d4e0d459cc109cc08f748a9dcb5485113f8372bfe7896835f90cd61de97a72d7923698cbd74d15d6151f1,Timothy Clark,"9403 Samuel Vista Suite 858, Darylton, PA 82081",2171.53
321,439,182,lleach@yahoo.com,scrypt:32768:8:1$bS0EnpiQvImpFhxq$c86e845575502847a9241f44f4ecd0ba68cc344e606c55d434f7b8c78f1f4679d963e3ed5a5141f21215f26e552850c5a02ed8f386dcd780fb14fa2c2fd7c1c7,Annette Martinez,"81419 Stephen Junction Apt. 477, Dominiqueburgh, MO 17776",4148.15
322,597,,justin42@yahoo.com,scrypt:32768:8:1$o0xOj21FQafUE7sl$24503695c786a1d428626e5c37e00e8f33429c777db6d37c6512e4b47878a8cb71490a49fba0f80f160b82e47bd44cc4279150ba3bbf3f29b7c2440199603350,Kristen Patel,"73828 Lee Inlet Apt. 720, Rothtown, SC 66569",1462.24
323,821,,meaganmack@yahoo.com,scrypt:32768:8:1$Jjy6qNj2uQ07gLjn$77fbb8cc95279daf3b124da3cec6d6153998b6183b4e40c6c1d67230591d5227bffc12187dda9865b1dcda9169844e7a556f77b1b83e2a6010ae788eb7b34d9f,John Hernandez,"2982 Caldwell Street, Port Joshuastad, GA 38896",4667.59
324,861,,parkjames@hotmail.com,scrypt:32768:8:1$0NNWuXPspugRayHR$e84dc74698967a6fb68f814141223eecb7b5442a826c97fce4e3eacab2fb01957c9e43158fe2a0b672bd38c27f37b9855e6011ad4162276e2ce5c6ade7493c51,Elizabeth Taylor,"8904 Nathan Parkway, Ashleymouth, ME 96017",7691.05
325,864,,mark75@yahoo.com,scrypt:32768:8:1$YGfUfRpcBMLV7Vl1$a955f82133dffb05edae748a73593f303394fb23b80f0c8a89e22a738a51befdc39224520a9bb5a5c643dbe5d8f157d16f0beb52fd964aec2b839212c63b4f85,Michaela Oliver,"71581 Wilson Park, Gouldport, WI 52423",2527.17
326,645,178,tterry@hotmail.com,scrypt:32768:8:1$mCzam1JjDtr0cCCO$aafa485ea6eab4d5c29ec07ec75100140ee0e0f0fdcfee97c9b8bf9beec6004bf63ee86fce7a52d8d4b6cf689b0ffad0172c1904c178477c41967c2671f351ef,John Wilson,"6054 Allen Radial Suite 067, Kimberlyport, NE 41956",3114.78
327,350,,dmartin@hotmail.com,scrypt:32768:8:1$VDvV7hyk9LDUCmxl$0299b82cae4af0b44f38b5ee41bc2806c4258f646c78c9522fb62847f614ee4b607e849a94891d4e37efa84ff0734efb55e98ac1780cf26f12dfe57a2812c014,Donald Black,"78299 Dixon Shoals, East Juliaport, NE 45027",2842.94
328,241,,penajustin@yahoo.com,scrypt:32768:8:1$Bc4bIMsAePe9hwni$8689865588bb56f1e4bff1baa08afecc94996ef21d323a3367a5d0bb200e520eb36d65de0fffed82b7bcc4c7c8afce31edfb38e8e7676900fb0a8f287681afe2,Heather Warren,"5717 Julia Stravenue, Melissamouth, SC 24091",9392.78
329,940,,thomasfields@hotmail.com,scrypt:32768:8:1$6rm7HQNRXOQVlA27$96f5c63da6c79021d5fa0371f1f7dafd1f7732bd2708ff686731a7187841b00eb58fd9e861e2833d4846d690a0c0abcd4279e6eda0c0f0be1df2cdc033e721fc,Sherry Shelton,"437 Pruitt Knolls, Joanton, TN 50394",3911.46
330,918,83,justindavis@hotmail.com,scrypt:32768:8:1$wrSx5DGb0r0CYrVo$50ac344bfe66a31750814fe5ef64a63b4bd1b9dc33db7468a245fd6e98badc580a88e636141967c50d21b194b5d144740d1d477e57bc264ebb251911b409f0e6,Carolyn Odonnell,"83982 Monroe Park Suite 820, Edwardsland, VT 93107",8994.47
331,840,,dbradley@gmail.com,scrypt:32768:8:1$kdVC8Z2PblvDrbeV$626458ce94e291f3d2625b283a1682d320af0fe276bf80906154533f392fe74d71e2ad69e9425e9aa269689530885ee781977d1264f783c37325876ded618c34,Cynthia Davis,"35517 Scott Dam Suite 062, East Tamara, IL 43994",4528.47
332,497,,carrollsara@yahoo.com,scrypt:32768:8:1$FH37xB1PAw7LW1pW$c89808f4ec8c350af34d4191d3e5095343a72d28d64234087427ab2ece37495ea8131f7ccb6e27f5c00d83d5725809d5910ae3fece292c5b57428af369b96229,Stephanie Ayala,"05791 Walker Springs, West Sandy, SC 96054",3643.27
333,203,196,vnixon@hotmail.com,scrypt:32768:8:1$CPN8MR2hRxqfqzPW$5bbaefe10b17cf8d2489f0b9c2d4c1648f8dda2e07e0e43e5ddc0fea93df60119e6a367847f2ac07ddb3bdf8c524119bd24ea3b0c1b9037477b2200c1d0d209c,Erin Long,"6361 Hicks Lane Apt. 952, Garrettborough, OK 26430",8142.91
334,508,199,james55@gmail.com,scrypt:32768:8:1$a8tSxI9wQE4WWFL5$0cf0d6ff3648a40f9eb9deb8d3684fb48d40537384acd6d0f1e2c4d11f365f0cff1572b1a393bf619194876a3726e2dab553d0bd6170bf923179bc90e9c52d1e,James Davis,"1765 Sanders Circles Suite 000, North Nathanshire, AR 94475",4530.78
335,413,,julianbrady@gmail.com,scrypt:32768:8:1$W7DK8HkSonrTUwJS$ac3dae7040f7d881fac59529138465c04426de781eb593a302c17687d7fe17d518d461ce0a514bf16da24ab0d00074a780600e22e8c4c97f589a44a152b5c361,Sara Trujillo,"962 Stephanie Freeway, Landryhaven, MS 89175",5379.77
336,150,,sharon67@gmail.com,scrypt:32768:8:1$ehrhFZmi5XdzbsCc$31cd16867ba30497ba215b76b171b35ec1fd9394e81edd2f17464331e7f9ca17202b4788097a28aae8a4f32a4a5a1fb41124c2dd7d97574c4d3550c0a6761111,Patricia Simpson,"875 Kemp Landing, Cynthiahaven, IN 52050",9526.58
337,112,,khampton@hotmail.com,scrypt:32768:8:1$osbI6OrNz7DlAFPE$bd8aa0ecf429b5296733f4b03981f66d5b9427915eca816207b86cbe495669e9f6211fade41ff3746852b78ab7769217b38829a64d5f7a6869ad73b4e6ba224d,Jennifer Rubio,"PSC 4794, Box 8511, APO AE 18357",2299.64
338,262,,rpage@gmail.com,scrypt:32768:8:1$PrYjjK7TvJJ84Vby$38f676f6f704cbed779191be689d5a7bdc71a89dd023732583208e1741eb829f7d034ee636c672f6219daf2fd9343eb7cf5d63aadbef15167ff3c1481980cd23,Michael Johnson,"897 Michelle Island, Port Reginabury, PW 21630",45.84
339,117,,wrightdwayne@hotmail.com,scrypt:32768:8:1$Pcfnz88KUrXwWdaZ$228c9d1daf62d423b223691faad4313d84fd5c5cd97a4b24f0c905027f505738e27340cc01c96a484b99cdd4c6b87a9e91cccbd4978b094da96bc1baf06917d7,Gilbert Ramsey,"934 Ball Summit, Port Carrieburgh, ND 57103",1339.54
340,950,,kjensen@gmail.com,scrypt:32768:8:1$Pr6r7MUw2mvyyVVX$ef2522c511f32bf1dd1f50ad1941766757e92dd7921a57f2894445d1b79ea01147b35c5d4a339dbcd400b826d35d55185a29d160cd6e393f20bb52159fe902b1,Tracy Sellers,"7772 Harris Ramp, Brittneyport, AS 36100",1340.63
341,670,,cynthia75@hotmail.com,scrypt:32768:8:1$KqPsqTYQaoIzThBf$4b03425cc0cf357300cec1a6ab170c75c82eb49776a5b3e6547a3fe51b8ce96af4418748e2e63b2224e5189b24086228f2eb0544651837f3174b5bd253ebb511,Roy Nichols,"USNS Stewart, FPO AA 78000",8862.30
342,523,,raymond43@gmail.com,scrypt:32768:8:1$24evb82OLshyaP6w$4845cc1946d86a460ae296540abaa3bca238afe448161e5aa11f1095905138d8d23b5315c8a9b688630fcdf46f208ed7907bd3e13de5d9f59f5c9f05b1a61096,Cory Hamilton,"218 Palmer Neck Apt. 754, New James, TX 28694",7955.93
343,915,,mwilliams@yahoo.com,scrypt:32768:8:1$YDagwyevmevArUKb$0df64c311fb35c9da34f90b3be5cc711e1cd377603d38ff800723742555307002177a3f061576e10a69edd21d0e5d4f969489a894ceb5d4f30c4e17a11be3dc7,Thomas Schmidt,"846 Martinez Garden Suite 294, Matthewberg, CA 92735",7997.25
344,501,,jody38@yahoo.com,scrypt:32768:8:1$oZy8xkaEH7og8v7B$df675169122bf8cf9c379e0a3abb93564d75f9f37afda76b815869b5c94efbe079ea106b3454f4552755ea9a753fa26c3af4df9385f130a07461d527e1cbb7f2,Robert Rivera,"235 Watson Trail Apt. 116, Nathanshire, DE 68508",252.24
345,329,,anitafowler@yahoo.com,scrypt:32768:8:1$8H79SPZwpDxFY2Xh$51a4f3fcfcd7a614a3926519b94494ab62745a205eaf3f92824a74ca97649017dcbb83aa4a69207112811a461f3b21a1e0283b2c262d96f30b912aae5e794195,Pamela Tran,"488 Caleb Branch, Stevehaven, AK 42385",1973.15
346,388,135,andersonmichael@yahoo.com,scrypt:32768:8:1$pcovKkZ8xPjjiwWi$dc8c92935786c4d718798b9e5fa6cfe84790f332c354b2536595bc11dcd7dd576af8963987c623f1c07f268799edd0793f81dc9bb71170b2ecbb2493ce1bd4de,Scott Smith,"6534 Kyle Estate Suite 106, Palmerville, KS 81807",6749.77
347,983,,garciajamie@hotmail.com,scrypt:32768:8:1$qGUvL3LSgvocvxMT$69e9c1ff19b515d28eddf89f25544f621fbc5d9a51c1949803d4f07c0ddde8064ce123b5a9380e832a91d58c3087fb1177f43bb0b985fab8370744974398b5f6,Erica Paul,"1074 Daniel Springs, Jonathantown, HI 85616",9852.36
348,948,,stephanie91@gmail.com,scrypt:32768:8:1$p0RctLbjoy88h5U6$2e1e05a2373fd75fb13f9fc0d1cf8be31aef176e3f2a561257dc7ac2642f60be0dfa63408f3ef7e25fd4684f2f9b641c43cb1156d39a40643fca2997d0dfcaf6,Gina Luna,"49358 Williams Road, Jacksonburgh, LA 80670",279.29
349,191,,simmonsbrian@hotmail.com,scrypt:32768:8:1$qRrclfKvmiLoWgy3$1a041af1373d0968faa5997159f9192027f2d1166f4967346de0e005f7dea88209dc3cc544e995781e6b649c60ee495eb9ad153b4f9a41fb28187ed45b6466df,Jessica Walker,"8718 Kimberly Junctions, Williamsborough, OR 73851",3355.04
350,438,25,rachelellis@hotmail.com,scrypt:32768:8:1$4r6Dpwn9yMZEkUYN$bfecceff40e57143f4063ddf732149e70c261c7fcb0d351e52e633a7efcda66846346f5d2a081c4b3dc3b70f5352a83c48feabd25d099e69ed686acd03f95fb7,Jennifer Le,"296 Cook Plains, East Tinatown, NM 68783",1651.05
351,602,,kelli68@yahoo.com,scrypt:32768:8:1$kcRyKqzsHGqG0mD8$02009278feb41fdde5a8933613b0b5856a48d50849612b5a98433f8926ddfba535fe00bad01e8160f7de2cb73c4b54bf3804b3943836ffe604252049e24523cd,Kathy Brown,"760 Howell Place Suite 047, Josetown, MD 72380",5106.67
352,589,187,kylewood@gmail.com,scrypt:32768:8:1$zPsSwFRbrHIYYA8S$6831f9679553add82b63f0b5f9a03d1808cd55ad4b11a477f768508f8b4a9a1129b683662054f7e8bd59c01a50a0ddc34b9a08de7f93a47d0be0955f8c7dd625,Jonathan Horton,"2606 Lindsey Lane, Ashleyshire, TX 08838",9421.31
353,829,70,stevenholland@gmail.com,scrypt:32768:8:1$HOCwZa3bHgkKqUkp$6bbae40c5b870f57cd874ce9bc476633b9849f944b8e7323c06ad9602a520a8ef497c26277cd0898eb60cfb93733d1dcf3eec4f8fda47c2634696446a33fb188,Michael Newman,"014 Ewing Spurs Suite 628, South Steven, MO 12412",9287.83
354,334,178,nschmidt@gmail.com,scrypt:32768:8:1$to6wJbfHPEipEG2f$0c70ecd40152f7acbb934140bf55ea8e156b8637c4aa6dc264138d4a6ed22e7ec86fe192dbe5be9781b7e2327ce71d8309219681526318e80b14e04c1c3489ec,Brittany Grimes,"43782 Keith Springs Suite 652, Christophermouth, MO 03882",2880.76
355,912,112,cookbrad@hotmail.com,scrypt:32768:8:1$BWjIHkyNb39PrYeB$0175d26e0ce0806d8a351643b907be4a1977181497c6bb3b0e6bbd9b87ec14d2509884dd3486473816ad90a208a99f3cd7fc0167188adbe33457f1926f7b19df,Jeffery Vaughan II,"73757 Hamilton Crest, South Christina, CO 32478",6037.85
356,230,,nharrison@hotmail.com,scrypt:32768:8:1$KQfj3wM6yj1oacgw$4e4674636a9be025f4d1753d667cb841744589c5cf71e9a67812dda16bf9d5ed40aaf51dba6702dc0e260df5c1e6a3e5d877a014605c6abcf166917b85478254,Bryan Lamb,"29159 Gabriel Radial Apt. 022, Staceychester, AR 17200",7217.27
357,537,,ygaines@yahoo.com,scrypt:32768:8:1$r54JIh3dmLYuL4aS$eba52143b997ac99a48d6a02e3337dc853eaaa1b8641b6e5ae5cdbc6ff298052ee9383e985dd32b548519460a19188493d08d17651d736f6474c8e5ec87caf75,Chris Hunter,"Unit 5431 Box 1565, DPO AP 11963",5345.83
358,613,160,karen00@hotmail.com,scrypt:32768:8:1$YZBuPk2Xtc5gUuq6$30f327afa782960cc4163078360c744ea6a311578e52da404d09479dda083d816a3941a12b394a0398681e425dd86b35121ec2d26ded7b6194328c696e40578f,Tonya Martinez,"17507 Murphy Crescent, New Christopherburgh, MO 44427",6859.89
359,863,,paulbryant@gmail.com,scrypt:32768:8:1$oQWKnMCOQUiQ60cH$1a559f3fc348d488fbad7d082e3d5e07cfd65000ab31b49e1135009ca7042581e097411a5914edfc58566758eed5a97b572a2c400afe970c7df464e11f9bf544,Brenda Montgomery,"07603 Mitchell Trail, Westton, PW 76788",6469.97
360,559,,bartonlisa@yahoo.com,scrypt:32768:8:1$SvuxbLD821ys7YXD$1a17f72ddcf57f86025861773da1df91335197cae844032476803373d5e0d3c82cd19f2f2232cdfd65ae2bb8391920edc3cf72a2d545287b45fcea54d643a9c8,Anthony Watkins,"USCGC Beck, FPO AP 82921",7829.54
361,496,,emma87@gmail.com,scrypt:32768:8:1$mCxSMjrz8q6FSTq6$52a0f990d733d58b9249d9b3a69bcf918c7d84391f8f9f39e35b473c2beffa74882f64263ea40a9d538bf341a286a90604c9f35c51a9a2e7c4728ce18ef957bb,Rebecca Weber,"44050 Karen Fort Suite 380, Lake Darleneview, MT 79681",7377.18
362,134,,mooremark@yahoo.com,scrypt:32768:8:1$Ta0sgA8gplBnjxrJ$415395e27032de74eae80ea04a182f9ef05949d9fae1167911d35f220a3e66a3005df7c40aa1434ae9819348926dabe5f7f18ccd7f2369430608a18dd79df4b8,Jeremy Espinoza,"15355 Sarah Road Apt. 633, Lake Cynthialand, MT 50874",7754.37
363,632,75,isabelcruz@hotmail.com,scrypt:32768:8:1$TVAWNvG3w1PUNxqU$7c1ced76a2655cf1682cb91fe8f92f640e5bc14208cd08a79dd36dbb68141d7c4d02e20bd19845a74fd0d5965656116caae3c27bbd8a3ba97b6ef736686fb6bc,Jerry Reese,"6311 Robertson Plains Apt. 860, Bradleyburgh, MD 25008",4550.73
364,699,,dchang@yahoo.com,scrypt:32768:8:1$i4LZIkiXDyEnVsL7$83a488484509351725ac6a3873cd9d69e634b8692b68d6ae35974d30d9de33508b064927c48f8239341c98d7204bee84136a8e3e3a8e02b7824017e633746065,William Smith,"998 Jessica Light, Martinezfurt, WA 58148",2422.85
365,263,,jeffrey65@hotmail.com,scrypt:32768:8:1$1APCcp3t7LMKgF8A$cfad1b59cbacf73eb084b0527aaad0800b0a51454a24767218701490d91d48504c5a22db324a9cf84531fc04c8d18752fccfee8502386e4b1f5ac520f6d621e2,Joshua Cantu,"678 Jennifer Lakes Apt. 139, East Sarahton, NJ 71548",1774.99
366,124,,fuentessamuel@gmail.com,scrypt:32768:8:1$GY5aybGyelfc6xA5$5396002b92dfe6e7f2082e1d7fb253c86ce45d338e749d8356a9e33d43226dc16fb1c2f47eb85ba3a7c6e7a0809fea005a4687c98741218454c4bf26eb6c6e65,Laura Jones,"207 Gloria Station, New Jeffreybury, WI 21497",6263.32
367,227,20,beth43@yahoo.com,scrypt:32768:8:1$YT6hTzJEOhcM4l1r$f412211cacc3bb2b119ec49d5ae4fee1bf1eb8638de039faef30380c20016f306aa42fdff275a698efed14a812c3cc284facfbbb55b3b0ff5fb3d8307d455849,Kathy Robertson,"46761 Farmer Branch Apt. 535, South Jonathan, CA 64089",8519.68
368,259,,darlene25@yahoo.com,scrypt:32768:8:1$vFd1nHn5bJjogp5b$07d762e450675f13c7db8e66adc13f7e43fdc0167d73f306088665631a7c0d7edc11b6ddafaaf4bb3c180887452b14d73ddaf174dc6214f527fd601c66c1acae,Jocelyn Guerra,"8471 Davis Expressway Apt. 408, East Williamberg, VA 82966",6180.23
369,249,59,aprilweaver@gmail.com,scrypt:32768:8:1$OJcDrEPbyKq8sd3M$c88ee96f6740c1d61dc378c2727b2b4b436afb0ab8fa53348203c7ab302e3b3d576b285f6f4d8596697e694cea74feaea3279b197578e747dbcee0c417560c44,Angela Petersen,"8320 Harper Station Apt. 795, Shealand, AR 31261",1761.19
370,922,110,hjackson@gmail.com,scrypt:32768:8:1$PXYOE5npjweZ39W4$d13452ccb2490aad5e4d1afb08da4644a2df0a3658e187284ce159ede4a68781e79e8509deaaa6d46f60e79f1760bc22bf4e62d077d374ac0c39dcf203609445,Diane Lee,"860 Taylor Islands Suite 597, Dudleymouth, NE 93711",4741.26
371,248,52,kimberly23@hotmail.com,scrypt:32768:8:1$IHhAJqqUNAyJvjvP$b1e02c4d117c95e97850ac0810cbf1cd46c369a6c0dc67ed6581c1556918f57e101c01b2de80d912255125cfefb42679ac04565808674123463140f8d0ce953c,Patty Aguilar,"95569 Janice Burgs, East Michellemouth, OH 58698",5133.52
372,600,132,bshannon@gmail.com,scrypt:32768:8:1$AYnTb4RxCCTlu1ZT$e2442793b99f6290f15f12b4f3b8d3101547af28be18ca0b5556c20060af64a98f35234ba34045258579245196faaf0b96b48b467f1150a91b7d3d59b7c49601,Mrs. Brandy Bentley,"230 Joyce Junctions, South Christopherville, HI 84333",6046.55
373,368,,suzannenielsen@hotmail.com,scrypt:32768:8:1$LKdOsRNSIFIiMdXX$b9fdaf1ae91b5c9b86e3bd33cea649034ab9275995e6f81b60ae6e3407477ed7588b16797172ae2e1633a9579fcf348f7a869be799f41a5c4a01e3f3d1216f3a,Robert Hoffman,"9058 Vaughan Rapids, West Chase, WI 12238",440.19
374,601,,marquezross@yahoo.com,scrypt:32768:8:1$XGk5zOt4sz6wCOeV$149d2bc4dd1d00615bab48adcc5611b4c600e55051350f558b787295970f776d2258888d5b3006c2b6c8ae4f206a0b8b845077961d023ad05373f99eb2586218,Valerie Tyler,"USNS Gutierrez, FPO AA 23194",2952.22
375,973,,jensenlinda@hotmail.com,scrypt:32768:8:1$NdPxCTTrpjS5lNKK$1c027dbdf9cc03d1b7c9d8f4b7f29d16351d1dad2a0c17375b027f736c3c1ea52f0ba20a6e1c8869445cacac8962dd4f76ad6790577ec244cb90facb7ce58b25,Lindsey Jones,"225 Lee Keys, Port Melissaville, VI 05979",3265.49
376,511,,anna96@hotmail.com,scrypt:32768:8:1$SMv4z4DF2Ka0WeEI$692b2b61bf747a4e78b7300e743bc6ec5127fee284d2198b03482fdb855667ffe27c045f86b3e99fa4e24c3536af75a718d7fb6fcfa923f63d69496a7a1356cb,Joseph Armstrong,"Unit 9920 Box 5970, DPO AE 53434",8519.45
377,872,,pmelendez@hotmail.com,scrypt:32768:8:1$Dt06z5qVG4ydQE1n$924e641ec97bc3bd173e5c74335bbec87812fb104526d8fbbc15e65178e2be4ae96f6d9d1847739f16e519813e7e56e9d3c6a4cee83822d6acd92a60963aaadb,Tammy Clark,"77829 Chelsea Parkway Apt. 159, Jordanville, DC 73177",6476.70
378,754,,shelbywilson@gmail.com,scrypt:32768:8:1$bYY0UqK9vTnRbtSl$5479e17f35c762cb95d463049d9f5da06bd7796254bdf1c309e265f80844eabdd88dfb062fa878c6312af1b22fcb7807afda93a01d504de76c7613e995d2dfcc,Terri Walker,"8868 Gill Course Suite 712, South Richard, NV 76130",3195.10
379,626,,longkimberly@gmail.com,scrypt:32768:8:1$S6EqOoy5aAu9TChk$ba0768be880f424270f94b3cdb1d351b4a14a0bf8bfb140e6213f5532f400fa43d2ac71987d708c01d3454752ea61d1b206753fff42930e3ce8c5866b2417c63,Jessica Gonzalez,"USNS Snyder, FPO AA 90767",9171.36
380,879,,angelaperkins@hotmail.com,scrypt:32768:8:1$dNFsmdG04FGTajK0$a0c5d3da4f5a59cbb7f09b2d24408bd18cb7c934730c55fdb0d8cafa7161c426257113b6cd5951a97a705467a83e69fc2a1146669b4227189e9d448d5e0ed02f,Jacob Diaz,"PSC 1794, Box 1379, APO AE 64471",4231.50
381,391,,torresdavid@gmail.com,scrypt:32768:8:1$m1A8NF5ktP04azPG$141c0816bcf2090b8a646e2c6bed772299a891ab3271afa4257d0427eef5e81b0abd0471da25a2cf3a61c9c5841e23bcd2b949dd8fd0034692b0bd5b852b1a24,Timothy Short,"USS Richardson, FPO AA 82927",4194.35
382,749,,brooke27@yahoo.com,scrypt:32768:8:1$AyLArsyDTFRtUcqN$ccd58f3a7b2b8e78534bc80bcc02922875aa9fbcc1e129d6629762609c3e928078a91abcc51c1efb192dcaee05275eec801228bc06b44e21d6de0acfa9f36548,George Porter,"4289 Matthews Extension Suite 570, New Jeremiah, OK 88758",9496.58
383,665,43,ojacobs@yahoo.com,scrypt:32768:8:1$ifDdCLNZ7516gjxl$758abfb75f33286cbb1f17938c93feb3bf67d25eed8ca2e7c2b7f51dba69bff6644c0bb8cb34175a50f5283b02aa39887ac92a96db4b445fe305d1984dfdfcff,Anthony Young,"USS Lee, FPO AE 93501",1875.18
384,717,20,sarah38@yahoo.com,scrypt:32768:8:1$bAP1qGifioSltDMS$5855bda5411eec4417193b4f49e327815ed2fef7824b8e89464ba165eaafff8d53cb3f24ff105d4ca90d35807fe6ffacf54b4f24916116c2b653eca6d5ab61e6,John Garza,"9260 Kathryn Plaza Apt. 745, Haileybury, SD 47637",5389.21
385,490,,meltonbenjamin@yahoo.com,scrypt:32768:8:1$26ojY3bG4MdgEgeP$8adebf7734b1c80126a8704249791309b5d61a6c3956fb3085ac0eecfd90e81d68bfa4feb3a1d87178059bc836905786f0e9a2ca0e36bc9ba1a9245cad4d21be,Kim Smith,"8639 Samuel Flats Suite 203, South Christinashire, AR 25921",9434.77
386,353,,rbrown@hotmail.com,scrypt:32768:8:1$w5BZrcqVTHNySKRE$4cd1695694f99ec7808473bd6108958a0caa2defab1ec1e342b92af0743dcae18d869e1c252c509817b15d4e6449a7f8a26d07fe7c4a989b65b7908a346a256f,Erica Butler,"314 Webb Circles Apt. 869, Robertview, PR 39379",8187.74
387,60,102,jbarajas@yahoo.com,scrypt:32768:8:1$B5TaX7D6UTKZGwui$21f6655166fe7d32a093964c93d6f691a9dd23af530bfca6c5e93c579fbdf218e8d17f5ca3a0a4af1e54ae9fd179d295f30acf9acdcb1571dd0993954702f183,Rhonda Collins,"33601 Stewart Viaduct, West Jason, CA 94758",2605.07
388,963,101,amy20@yahoo.com,scrypt:32768:8:1$aFjCThJ7PhUmfd6n$e41ce37bb709e55cda703c30afc99ace5685466f8e433cdf35d9b4b2d00d67fe55adaad1f89b2d98295a223ae37d5140d4ce25761bdf79fa99e0f79cd9ffb44a,Johnathan White,"033 Adams Garden, North Lindsay, MS 37539",4647.86
389,133,,alexreed@yahoo.com,scrypt:32768:8:1$Zc5bLsrsryRBH3Dp$e678e8bd7fab25f4fac7411cfcde901e87e07ca5232d99a70b4e0c28482dd8643a942e48cc72ffe34c1c369c9d8ce956e8306d0b0f143bb69fdeaa8edc4dd22a,Sara Clark,"019 Martin Radial Apt. 882, Lake Angela, NM 09127",4557.19
390,590,,smithpaula@hotmail.com,scrypt:32768:8:1$hG7QTEXGfDnw096g$93a146b5b73ea82f47511e35e0c926cc9566774e82f1bf88d52d4af60cbca865bd9df0cc06e4df88c82ec1578b5d33b36fa3728e999a87a12b058da8f138a078,Mr. Keith Pena,"516 William Cove, Blackhaven, ME 78866",3812.67
391,776,,cmckay@yahoo.com,scrypt:32768:8:1$jF0YjjB9ruEIRsiw$65e678cf991f27925b82fc5fa0be49a65032c94113ac9d4c56666d5088e0a7be281ce1246c0cd57392f3a9c9783f1bd57d170a31f4b21f4f18f54c73132a6ae8,Krista Wong,"89282 Jessica Dam, Elizabethport, TX 48757",5201.72
392,146,,echang@yahoo.com,scrypt:32768:8:1$Z0sEcmgxfBcreYH5$aab49895d574da6b3fdc24b6c82c9430429f5f06728218fd68b993f5cc696451701469a2b85369f4e49c93bba55d218330844d718a655a8005c863ee5d093ca8,Jay Johnson,"559 Jordan Oval Apt. 413, Alexanderfort, AK 36434",6939.44
393,525,,wongtammy@gmail.com,scrypt:32768:8:1$P0HRWSL7kS6zo7jT$ee34fbca729cafb8c7cc72f95720882e97825af9561a5f8263f62b05b4a096e989ba3ca93fbd841c4e9c08b7e92294133d080c859c5dc87e7418248d15bc9fda,Kathleen Wilson,"Unit 4062 Box 7412, DPO AE 68145",8982.27
394,546,194,bbrewer@yahoo.com,scrypt:32768:8:1$X6fdThnDDV7W0iZd$f3f73cb3d32512bd3e16a7186d8bb8358f4a840c01f06fe9e3e1b568c046f7c5063646356321a7fccdd14cd9de19ba61f923f57ba8ab572637479f8e8837c178,Nicole Williams,"USCGC Morales, FPO AA 61344",7545.80
395,54,,danagibson@yahoo.com,scrypt:32768:8:1$4DwNKQVFvPwTQDLs$5880d8ecfee659fc602bf4b6d921701cb252b2697060e35e6e5b6c5c9807e81e2eef36e4eccd9e0a78b6f7987f6002aae16b4c7e26983666f5fe86bb383195c2,Joseph Flores MD,"135 Jones Mews, Alvarezland, MN 21118",863.22
396,854,,kristenmartin@yahoo.com,scrypt:32768:8:1$SYy1ueeQ9wt9X6mE$0870145e0ac2f7a0875c63a4ccf81b66db464d5951b5a5b1243a13a7688b3effa89038468c772feffe218ddc6b3125e365a8592e7aa1a67190131556f3ff765a,Todd Hall,"13748 Ashley Square, New Daniel, IN 44145",6926.43
397,473,,ohall@gmail.com,scrypt:32768:8:1$aSZfrL9BobkYF9H7$3987a3c011e231c7a1958d511c12e8d70eb7f64a1200857b409fbfa66536d9939f8bf78518b108743d91e3b2e09ffa248bfce5eade3b5a9e94fcc50209c0091c,Joseph Jacobs,"0784 Wagner Divide, Lake Robertport, DE 28874",8209.16
398,304,,john56@hotmail.com,scrypt:32768:8:1$jRWTfVhgG0U2xZuu$452c5df3ea957485c942ee35314fb10370ef5137975bb14cabb55beff3e62750b75bd221c91ab95f83e1058d295f656de6390d89709b4f3d67b14cb90ae82300,Michele Melendez,"USNS Melton, FPO AP 55470",5633.14
399,556,18,brianlopez@yahoo.com,scrypt:32768:8:1$6GYpspPRX1tpe6OG$2b986e51b5610e9506834f30ed5b6f7fe7d151611e6dedfec0815d472154f0186a4a0f12b8cd38087b0858588cb827ee3831cb31e3e7f3f3c5b3eb816132c23b,Michael White,"271 Melissa Station, Christianshire, IL 87506",7884.76
400,711,,kurt28@gmail.com,scrypt:32768:8:1$0EQF43KjjFIKSMiY$d999e55e4358856551346d47259b48d0f15f6dd692f0038a7180e26d7457f143d5c867ae1886a6835288c84e9f33bf44adb1d22c771c3441c9a1d52765634fb1,Brandon Dennis,"57922 Jennifer Street, New Bonnie, ME 54372",7495.42
401,33,,rebecca20@gmail.com,scrypt:32768:8:1$Acp28TVJsLVgjxSD$8a6ef5f6fec7be678ff38b3ccdefd8f30680cae08975b25a075c2381c6b983253d46bfc321fb054069a27754213aa130983da0ebc9704af03bf1a75e5fe86c88,Antonio Collins,"395 Nelson Park, Jacobfurt, GU 64451",2687.17
402,681,,georgeamy@gmail.com,scrypt:32768:8:1$stQLaFA1B5T3EUzf$944f570b4ce307e788b8d34b9c520642fdfbb594a299a2ee64599abd651d5fe4f8cb220227f24eb558f8ea160259663c1659e2f0847af2792440e7f6e6b00b24,Grace Fisher,"6698 Shields Hill, Sarahbury, MH 11895",7436.74
403,240,,james53@gmail.com,scrypt:32768:8:1$Vy7kVwVznI1jqQ7b$1cf15a7e3de6cd6d2f819666f674f2b8af8b9e775e44fbbb3c4d519224d86b907a8988bec0170678a0faa614ec3736c98411027a4aa4c48a23dfc34a8cec437f,Jacob Rodriguez,"3442 Shelly Neck Apt. 152, East Kristin, PW 27279",3325.68
404,343,,fernandezmichael@yahoo.com,scrypt:32768:8:1$6KsNq2AhxgA9QWdG$dcf0da2982290299a7d6deed03318e951a2d2ac4046b3c5a6d6a816e3c05eb46b2db962d36a58accb79b7fa9da2fc506937b1e2a5a6c919b7af16fd8eee9fe9e,Tracy Ware,"2443 Tammy Road Apt. 035, North Julieton, WI 68049",3250.45
405,130,191,beckerjulie@gmail.com,scrypt:32768:8:1$raNF65Cg37OnO19T$652e136907aa6ee9199417ec2b4e901c82b1e8a38b4336bcbf263658548129cf2342963b0ee24c732897fbb7d906f7d78d119732b514aaa75719d90bda76f45c,Kara Smith,"82809 Wang Throughway, Wilsonshire, FL 25565",56.58
406,609,,derek03@gmail.com,scrypt:32768:8:1$PsLRyW9l3YvjFggd$e03116cafbfce080ee28a0bfd714bff6bfbf2b89be0f87ebab059ae4b97ee75a1c2b0f38510f9d2dce3d63ec2584b22fb72c78eecb2cf43e1fae966a015cb674,Philip Maynard,"370 Chen Center, Brianberg, DC 23159",7206.81
407,846,,pgarcia@yahoo.com,scrypt:32768:8:1$WmikAhsFxgLWhPwY$6595011a95c27d5fa354486d7aeedcaeced1e02de5474040ba80fa90990a58a9202c5d9b9127aab79cee35ec5f529452f87b555a304da4dbd2d9ff44ba117ae8,Sara Bell,"4105 Kathleen Wells, Crystalville, KS 05363",2338.73
408,233,,jkelly@yahoo.com,scrypt:32768:8:1$c2vH911rFPyQaA5C$4f0b3d0ba9bcd33b94baffbdcb51a0d4eb115af11e128e10684967de7ceb61719b2b9d1fbef3dfba4be7e4a75102eadbb2d8dbdbd5b751f417f8c816da81fb2b,Laura Smith,"1535 Derek Mission Apt. 851, East Thomas, PR 40449",7903.60
409,990,,stantonsandra@hotmail.com,scrypt:32768:8:1$PH6G3N4ltLfUqvjf$ef494f7884085b7c6a60a302b0f9e01fbd4eac113b490c19a09a54fdbdcbaf165d3220befefa024092e4978d2c2ab47d737f790d52d917f0f8f1f26b764acc47,Robert Waller,"37598 John Heights Apt. 782, Andrewmouth, DC 67484",8402.84
410,478,22,ccollins@gmail.com,scrypt:32768:8:1$lquNxuns1zruifK6$b46d4cb83ad70124bee5a5d8c1f53fbce744a3c244fd4ee72d4a598b0cc60f304f4586a2ae99cbb1d609d51a2abb574eec6a9d864706206cbf83a89aaf4d2bcb,James Jones,"0660 Sandra Run Apt. 652, Middletonmouth, NJ 74302",8936.86
411,61,,ryanthompson@yahoo.com,scrypt:32768:8:1$1N5PRzMyqjuP5z0M$369eb5a2c91db7cd5b086700f428a9f5f8901743fc89c5c75e9d7be99cedb78ba4c57ffad6bd44565591e60c7e55cd6af387c0c82236986930d404c746bcdde4,Brandon Kelley,"2592 Shelly Canyon Suite 039, Howardville, AS 29905",1689.72
412,936,,turneradam@gmail.com,scrypt:32768:8:1$6MjpME2E0ccrSqxm$67ff4fdfadaf3ec3765e63f7e079a75edcdfaf8be3d718fd8e00a318b4c9e52ad2897e9cbf37e233b1660c07e029269ae8c27063d630dc970741935653f032be,Shannon Reed,"332 Traci Spurs Suite 830, East Bradleyfurt, NE 48106",5574.49
413,287,,vlloyd@hotmail.com,scrypt:32768:8:1$twNSYBVQrHUu4j9g$79ae1473680534a78bd94e32cd94eb5d51bdac5e49116311c659486d08a103fbf4601e7ecae68de12851e4fdf0fcfff74b9421655330b9ffa85c0c3ef70b7e37,Charles Fleming,"09539 Murphy Knoll, Port Christopherville, ME 76637",9853.49
414,53,72,wayne42@hotmail.com,scrypt:32768:8:1$vdbvmQJ9KGxIarO6$a005fe85885c49f74c4d74f78d863ce62f02058ebe1e9aa0670d6e71fdc391370b16f9f120a1c0f43f45db07646af6405cd7a4e0a31cbb048580ac48cfc3d27e,Michelle Terrell,"PSC 6008, Box 7150, APO AA 27545",9844.38
415,279,166,wmckenzie@hotmail.com,scrypt:32768:8:1$aicdTfel2TiEYRY9$4973f51be45cde99322151967ed5f5fb35e5664fe25f89fc41b13038e13978ff995fe452a32f9e6183e1afbbb46aa3cc16231b5432f89c7719e26b12fae4d6fc,Sandy Wallace,"0854 Palmer Ridges Suite 859, Smithland, HI 32580",9989.59
416,330,,bradleybarnett@gmail.com,scrypt:32768:8:1$Hm5BzDRTIaybFrfq$c9321c471d5589527a2eaa810661bc45e5290ed0e99968efe50114fd19a07b231e378f3400967d7716c14d1cc246b661a3f60c86673705ab4565408011340239,Julie Guerra,"8485 Perez Cape Apt. 625, East Timothyview, VT 43765",5264.42
417,74,,brian80@hotmail.com,scrypt:32768:8:1$MEtuc8MYv7zJPruL$c51a7351ca8a498b1a29f2ba1d640cffe6b364c50e30edad80dfd3f2f72487baa71e009d83ca1cd593cef115d59462bb3d060b999fc94981055384b3c2b31a0c,Jason Lynch,"97482 Karen Summit Suite 182, Alexandraport, MI 63484",4208.56
418,593,,maxwellsusan@hotmail.com,scrypt:32768:8:1$ANDQsClUJtj9kZLm$b3a1aeb6d4552f697a2fcb4e9c490f6d9c494cb07734452193eefd1cbce1e612f165fdbb9417d058fb0853563909fc782299d8efce8d5809ff2b743e4aad23d5,Joseph Roman,"78597 Sierra Estate Suite 782, South Brianmouth, NE 54183",4363.68
419,294,90,qcameron@hotmail.com,scrypt:32768:8:1$yJPQshroIckTTerj$2d133f0ea443447b748d0d3eedfea519ee4930da2b71beacc36e703d90da757e4c4d02cab3a81e1ca79242a97d8ef299784dea26c8d2254dae16970358a74b95,Howard Kramer,"189 Danielle Burg Suite 388, New Nicoleburgh, WI 90732",4359.82
420,459,,davisamanda@gmail.com,scrypt:32768:8:1$7Ll5YhcyVX1WytSV$7e929b359e7273aa1cdeca436e458279f3152b86488350b51a49c47ea9ca94719c2caeded6b311aa1207ba8fc38ad9a0fb1a4e1bf8f4ca460cd3a26e9fe7815d,Andrew Hall,"88920 Tate Mount, South Abigail, MT 25686",1831.70
421,374,,snyderchristy@gmail.com,scrypt:32768:8:1$H2EJw2GbJjaOOSR6$8dd414ecdf61bc8c687ba2b9137a34f3660a7cea3420c9dd6840029e8d72e899c6cb471fc802ba70af1a42b0057887ef52b0fd19e0702d434ed4d463ff318caf,Sharon Yang,"532 Kyle Green, East Mariastad, LA 59383",6855.74
422,256,152,sdaniels@gmail.com,scrypt:32768:8:1$vRO4IhCRpN5DaNkE$a7b3e1f88ee9c588de7bdab1bc5782d909113acb1c828abc61c1dcc61520a35288f43853c2441975869072096149644cd1dfac44351739ef44eca99040d5a2ab,George Browning,"USCGC Brown, FPO AA 03952",7093.03
423,721,170,kelly58@yahoo.com,scrypt:32768:8:1$t5vTqVQbYNfxwj13$c8a8bc98858f4a1e92924f31ca8e81f87036c96ec750a2d0dcf8b91d090f28250e17c2f5e4464975be3094fc2b48efa0221d567401958303475e260bd7fa9476,Andrew Jackson,"73246 Dana Lodge, Wangton, CT 76271",9126.98
424,784,,kristopherthomas@hotmail.com,scrypt:32768:8:1$wYG6T2biWNxlHqcw$db7267e18f3fa60f1b62e72f86f3e48c61a0c5b0ea6123f45f255b5d3ade16625bd3fd6560a1de901cca0bb751100e91933366207151eeeec64417011dc3c849,Jennifer Yu,"98451 Hailey Pines, Stevenshaven, OR 22721",9144.94
425,320,41,jesse70@yahoo.com,scrypt:32768:8:1$2jHFIlG0adfYa2TE$e0511f749ca3674304e196fb78ff81f4a1a9839482d87f67a4b8e57af885bc4d2fc496def1948a9daa58f46840515a5b96edae2f1c813a1547065fccdb6c1666,Deborah James,"USNS Rios, FPO AE 24986",7151.15
426,587,,boylelaura@hotmail.com,scrypt:32768:8:1$UjIrCsCjbX0nMjHv$9c2649b498e71da739758e6c33bd4340ecfb2b815c0cac5edb461e4129b20baccbc5f5d273ef433eebe4d4e93ced5fd7644a0cc7657a526b546739541c9e4316,Veronica Banks,"21087 Miller Shores Apt. 111, Lake Frank, FM 13066",3942.10
427,255,,michelle53@yahoo.com,scrypt:32768:8:1$kNX6cpNJ2fo54U6z$55162a391ba8234e180011df62517bae4769589267f4a1b9080e4d861f828c66991b75bbfd97af13e4b8dc64b8ae27504ddf5d1222bb2a2ce4b59753b7f8f40c,Jacqueline Kim,"85118 Lori Gardens Apt. 882, Port Johnmouth, MP 14142",9100.31
428,351,81,ysanchez@gmail.com,scrypt:32768:8:1$nLLa9vvu3UjPzGhZ$edb63f0e71b219258a2a7b347cb688483b9d1ffe8f8c555dddc5e380c9a3d892d4f82a6e374ac1bfb55bfa0e6a111151c0954980b40f5e41b38b778fc1b7f012,Brandy Guzman MD,"03493 William Plains, Moranburgh, NM 38894",4350.26
429,89,200,james62@hotmail.com,scrypt:32768:8:1$eKScG7psNzHglvSL$25146be9330c6c38811935283b50c5b1a0a7309b6c7b64f3f1fc5e9fbd70b6406fb4d75e9d62bbbf3d222d73b31f712cfa5977df0b71f8db12d54d28b427dc59,Margaret Brewer,"50301 Jessica Route, Mcfarlandside, CA 62747",9795.95
430,364,,grantmia@yahoo.com,scrypt:32768:8:1$y0cuaFGe02KQlZDz$a63c8e1c58ab9ae99b9d18dd86a54575edfec9b56363e2c79df9676af6e817b8164118bab96167852a28f3a9ef02bb63fa424e76d962ddf8ae2a98b91e8ac861,Lauren Molina,"USNV Villanueva, FPO AP 70470",5198.01
431,706,,roy17@hotmail.com,scrypt:32768:8:1$JcBDCTHNZ55jhe6J$e0be4769c8b6ccbb7aae4bf01ecac93a4f0f100e4dbde110447d46486462e6fb26e21653943423986aa3422d4536544d3d64df6979500a159db5b634dd757ce4,Sandy Peck,"949 Jessica Rapid Suite 607, East Sara, IA 27833",8574.46
432,592,,huynhvanessa@hotmail.com,scrypt:32768:8:1$y0xF1oNFHfa3IwDQ$56f67ac2f1d6c6536a09520a791ff917946f606cf016163747549692c4bb81295c9d47d953a6d53ff6ab1f8df10cbb7d267b96efa2b1967aea29c284d142b802,Catherine Pearson,"Unit 4759 Box 0562, DPO AP 79433",3853.20
433,789,,iwright@hotmail.com,scrypt:32768:8:1$9qCkQWJzKFUKPHwu$5ba9292e5085e0760497c026f70ee9cc48adcb5f72006461494bf2ca98a7168bfe09ad0b5f9d6168989bb6c5bfdee7c002bf7f73dc39d992789609ba036544d0,Roger Thornton,"38341 Ashley Loop Suite 564, West Meghan, UT 73341",3995.17
434,325,,jesse90@gmail.com,scrypt:32768:8:1$7YHyBuhO4df1OHLl$2873b86c2aa36ccdf26b02ac9ed046a2ed8df03acd31339c9e782e4d0df8e42990210210f2fc67950c920ad73d19a7a5b565b95e1dcc065f7e6ef6e5e33fab6b,Christian Ruiz,"73203 Andrea Mill, East Loriberg, MO 60948",4219.64
435,586,35,tammyowens@yahoo.com,scrypt:32768:8:1$rvBCwHemccq3EpoC$816ab172596c6005d41677f90760e0e5fa6f21b94ac9c4a1775348ce8b85aba1874a24c00436cb024da3489e20651f2f16cb88edef3d3f2cda76f25856e85e46,Frederick Peck,"88844 Morris Summit Suite 599, Matthewsmouth, UT 03185",1630.75
436,27,,wongnicole@yahoo.com,scrypt:32768:8:1$s2DBlw7BnpiM7F9u$9f0b57ca085c598e43909350e49eaebd1b3b94dad8b29a3fc607e5b24e8e7d986ca45a03997c7a802883ea61db6579e3a63a882e60d9b7cd37fdf21c19a2e4b0,Tina Campbell,"027 Martin Views Suite 478, Tammymouth, VA 38143",5816.79
437,1,,tsherman@gmail.com,scrypt:32768:8:1$gP4y9QqUwyaZYdyF$102a1553e9146a08a8607691dc22b231b56daba35692454fe70370acfb90977d9ddcf330bd551a4ef52c821ab283f34f4b97f739b48ee64fe7e9327e89b84a8f,Connor Hanna,"6795 Burke Drive Apt. 007, Dawnburgh, MA 01263",6425.27
438,510,,mahoneyjessica@gmail.com,scrypt:32768:8:1$CoO2CvpTs4gf6BWI$385038401480545ba31531fc0e6fa0f1dd74aab10c397527a3d88d80fcccec541e3768b4c0aaf41f4e5d2df3d4f6d7b1c1c7bdb795030e01c7c18152dc1da9e2,Rachel Hardy,"53787 Taylor Fort, Williamsburgh, SC 55966",5830.34
439,345,,tapiamaria@gmail.com,scrypt:32768:8:1$X7Q37hnuo7AsBc4w$90f77946ba0455fe59998e1ffd1c8b0a5657ef36c87ce80abc747a4953474c21d8f5f7e3810b2d8203eff90444cea1df12bee66306bc3cb5d085bcd83d2efb3b,Erica Thompson,"938 Kennedy Unions Suite 315, Port Jeremy, IA 74368",8290.17
440,672,,suarezmichael@gmail.com,scrypt:32768:8:1$VuaIXQNSVQNgBTGo$4110007950d29a7b9279678513290d70a796efdfa00051ba4b788596e2b87b8cd4bc015a06d06139d28a874e174b7a847a3cf9b4c85acfd2de2a7b10086daf37,Marc Holt,"95546 Philip Falls Apt. 652, South Joe, PR 80268",9981.83
441,996,,cheryl38@gmail.com,scrypt:32768:8:1$JnbZLdXed52Ynfgw$fb5c8237daa10d5fe31c813f505b8ed5a5640a5ebab98f6eb86908d96afe7c67fbad59e435b58d3dcda737199d5f7578d93e48e3f218df73c81ccf34081f4bb6,Linda Matthews,"834 Scott Pine, South Sarah, IA 58307",3636.96
442,810,83,gmata@gmail.com,scrypt:32768:8:1$enAoF9scPARlj89j$fff2f58c3399c97c47690166e319f92f5c880d800e1e5914533ce24db6122a4de86ee5db74959ac1659281477a8f9afc952536c10de9358b909a5d6523839105,Kimberly Walker,"7623 Anderson Port, Stevebury, WV 50789",1402.64
443,432,87,theresaspencer@yahoo.com,scrypt:32768:8:1$0q3y4WXSTLXBatbg$95a820851b303ac60ae2daf220f614edd9c930b7907ec5c5119615c841525c8c8c2a573c3a7dd4433ffceb60aee311df17fd49bb65349fbb7b49a394bb3e37b7,Katherine Rocha,"02524 Levine Spring Apt. 880, West Elizabethfort, NH 50769",6806.83
444,968,,ronaldbarnes@yahoo.com,scrypt:32768:8:1$hYdsHY3HksAwXKDk$09ad33e4ce50de9bbfc34b5ca76655352c257efc39d545e43ee01f49b1da0665029e825465a7b3df9464b7c298b2e6d3bc79d4694bdde4090218d51fcee17d21,Andrew Brown,"2750 Thomas Haven Apt. 478, North Cynthiatown, MA 18688",1324.58
445,619,,michellechoi@gmail.com,scrypt:32768:8:1$9BsuqgjkOJuy4L0t$241d4338a277f640a5480dfae4ff61db235e17670320a1dab9504000566345dc4913728e256a8f3df16606ab2d428b1873e506ca5582fe8220c689a03b175f5f,Dylan Pearson,"689 Mccall Lodge Suite 887, Evelynport, GA 48054",6867.81
446,634,,wileythomas@hotmail.com,scrypt:32768:8:1$jMycasoTXApspARf$ac2f4d996fef21e71aa77940692ebfc8a504cccaf077a7037efda1b381ed2ec26b4d01e25b2061374a403091f32f97603676aa5dd061eb96a9d823830ca46a7e,Jessica Edwards,"399 Rios Mews Suite 641, Robertside, IN 73473",1265.40
447,285,,ariasdean@hotmail.com,scrypt:32768:8:1$xyBrbg7DqzH2rRAZ$bf30edec86aa4080be37317550986a4ae4eff0be9d1389bbad3a495413c3b7fb1cbb23fb509d37781b0b53a51b275544537ad62f63efb29839a30f2509dbc330,Brandy Roberts,"8947 Smith Hills, Medinafort, NM 94651",2380.22
448,342,,barbarayoung@hotmail.com,scrypt:32768:8:1$yePSuvFFbsL56Qji$caa5a6924fe7adcec3982e99a7c4029d4c8e86a6f5c615a922c797bb591c860d08db93108983bb3bd67a97df836873b46918c263072f60802d3b2811534817d1,Lisa Lee,"6655 Steven Underpass, Wilsonport, GA 40873",4795.61
449,750,,ywashington@hotmail.com,scrypt:32768:8:1$gqKVRYeKlAxYZdGy$b5517b891660ed4f09895a99f3a9a5fa030551afa246a13fa9170d83fd0c7aa618feb9b42fa88b31b3db34f2bf37162d768e40ebe71126bdd3efb0cabc5e6874,Anthony Bryant,"10993 Garcia Canyon, South Joshua, OH 88863",1217.19
450,655,,rachel46@yahoo.com,scrypt:32768:8:1$RqMohGu75KikMmyA$fd9e5179abf94810ca6d60aa82df4835c96b6ea30f14fa5bce34a0fa4c7921be0b97a774f2573a728fce562fedde2ad960df78a0adbe04a268382fdecde87c8d,Dustin Bryant,"13351 Michael Alley Suite 662, South Haley, DE 39630",2865.96
451,806,,zstephens@gmail.com,scrypt:32768:8:1$MxC83IdVTnAZTtyp$2c31ece29fe1e454944b4a9091030b5cf6459cd2880a25057515fe1ad908bc4432bd1f34a0922aa48d0c3760e793dfbe1df345407f673cfb1d45bb0bbbfb3b89,Jennifer Meyer,"6167 Rebecca Inlet, South Catherinemouth, FL 20257",2546.03
452,658,,frenchjerry@gmail.com,scrypt:32768:8:1$K4r9gggjenwzFpwa$eaa9efd4f385e66728a3c33bcac815fcfc97eba90443821ac6ad9c921a1f30253fa4592c7a9a01a900e6f8593761f328d7abfb4eee816ba4e136ab32f27b6f72,John Turner,"6111 Joseph Tunnel, South Andrew, MN 67771",245.17
453,264,46,erica64@yahoo.com,scrypt:32768:8:1$XytAeRwyuTsobYRG$e8e4ccbfd0dd0773bc8f60cf6b77e4c113a980d638ef7e25e43e6a9171a431ea40eb1e4d1b66121fd1dbcae1f7ad85142e9398d2ba825ca49098b20a437fc2d5,Charles Carroll,"82283 Rivera Radial Apt. 916, Mahoneyside, MA 85993",6796.11
454,528,,ewalker@gmail.com,scrypt:32768:8:1$Md7NLLQZrKzpItSS$645ddf33b4366ddefe4eaa7acae1083a322ef80893fc667eb376516d23eb16393364e0c619fbbf262b0f0a3d291dcc9082cd8aa6bb61b4c131ba230038fe4b28,Megan Clay,"671 Williams Valleys, Mayerburgh, MS 13667",711.55
455,339,,cynthia90@gmail.com,scrypt:32768:8:1$4n7m8NzUW97KfwXR$7bbf1b088fecbe94f1a7600e329ba75f712119f2c33054f50aad5b00ccf4da8cac90884cbb07cbcc77f66a30d9b34335ca74b81cb49818fae25a66afcc66fc75,Kathleen Gonzalez,"799 Wagner Mountains, West Courtney, GA 07645",5437.04
456,9,107,sanchezlori@gmail.com,scrypt:32768:8:1$AIUytaIYKTU2keWm$ca63f8a853bc7011dfa131ae5ae8542ac5e5a6e6ad13573aa3a437a41e093f8e67ef6977e5b5e9cff1d2c7e3927f7b4620f05ace46c063894dabce0d14ec96b9,Teresa Garcia,"796 Crystal Extensions, South Charles, VA 51926",9472.35
457,85,,victoria98@hotmail.com,scrypt:32768:8:1$NeLEXhqQ2GteMTiP$205794cc44549b20d1c52eef56acc7e99b43f32af9cbf8f8fc8d51ee334bdbfa84e6acbdb93cd01126607ac1e5a193619ee5120714fe17bfdcb0fba0160b2cfb,Michele Johnson,"PSC 8125, Box 1641, APO AE 30079",5127.41
458,955,,whitebenjamin@hotmail.com,scrypt:32768:8:1$w4gSWl7dHOWeDn4g$50cd3af451c011a18e78fa6b1b0bdbfec44cc7903807c0328d9b58c106fb2b3a4f568aef1af4217b258bde206b4581bc39a1e8542a048e1491aaf593303ba385,Jose Green,"26338 Rodriguez Road Apt. 022, Carrilloview, NY 01240",5374.31
459,164,39,sandra35@gmail.com,scrypt:32768:8:1$N3MpjcDXkIMPBFQr$4f6ff94b70725e0bca9ab6af48f653db2125affff5c5bba719eb3f86e00ca26d05ab1e423c59b2ff8b972b2f6c4887bd53786f8539b9df9fb51417f96ec057ed,Joshua Obrien,"70845 Christina Corner Apt. 345, Mcbrideside, DC 45615",3023.98
460,884,,howellpatricia@yahoo.com,scrypt:32768:8:1$Jw0svP1fjkGYyYOy$ced7dcebf507527e45f3612626f976eb2b279ff8dbf45eb1505e288c00cb8eb17f796830fd3f7d1b669e9788e5a7b0f89b84daeeb0df0887d23fde4e7bb0f4e4,James Bryan,"60968 Danielle Trail, Bradleyberg, OH 43787",3134.46
461,221,7,donald81@hotmail.com,scrypt:32768:8:1$g2Pms8DQ0djaVMe3$152f513127b823f99b6de1ddb4a173c3dccfe46e861ea98f71821c0a827cb66efb5ebc92cdb0590408e16297d3baf40d3e562d76a474847433381792cf6da2e4,Gail Stark,"1945 Anderson Way Apt. 974, West Erin, CT 78621",2639.04
462,404,,masonanne@gmail.com,scrypt:32768:8:1$XATTtpGscAqG5xZJ$cab0d84149abb8808b1f6e8acd51cf735e17b24c7c5942f1a5c0da11ab0f225b65902f998f6cde4222d261b3206f23858e716b69803175f1e5b5f965d3027d5a,Matthew Conner,"25992 Joshua Fall Apt. 660, Scottmouth, CA 99293",4148.75
463,642,64,ymueller@gmail.com,scrypt:32768:8:1$KVMAXKr3YUA471zZ$4ea78136533d5d5a2982c0d170972fecec0b470d7b7fc750495cad524a9b289316a1eba13c92b2ab129a062e3c0c9bd1e852c2b77febfa487e9323015a22cec4,Aimee Vargas,"90704 Harvey Mill, Rodrigueztown, NY 02594",8874.52
464,669,,matthew84@yahoo.com,scrypt:32768:8:1$midzuTIHZlhS3sn5$bb392d462e72795f0262a644d3efb52385522066cb73b22f5810c16a3799a8898b6fc6878a367a1000df5fdda34dae6db25872b65abbd5b147842a4359bc0dc9,Laura Wheeler,"8482 Lori Ways Apt. 668, East Nicholasborough, MH 95837",210.40
465,986,,cummingsedward@hotmail.com,scrypt:32768:8:1$G418Aw2g263LPR8K$ccc77bd6be2225433dafa4ca0cf0374c2066a08af5cd15d9082a18dd4c77b337c0a0e8db0f1bd0509d8641e36a763811d11cda248a059c39af3149a6a4344a96,Lauren Richardson,"335 Palmer Land, Lake Wendy, DC 74383",2170.80
466,109,,andrewsamanda@yahoo.com,scrypt:32768:8:1$ZifH8qnIqFIg1xgM$b1b2108b5a506ed614df7a81ef5219fe03dd69b127f2f318a320820060c1e6647d0b30173690346674f891205c78b52e4556a5ce2ec8b718e8b8f66a8699048a,Nathan Cherry,"335 Cantrell Mission, South Williamville, OK 85207",3158.03
467,372,195,ericgriffin@yahoo.com,scrypt:32768:8:1$1rAdTinVfU3VxYLF$4c47de92febb5379b757de0b276d342db11abc27cf79e979b59c9810d5aa33394ef4cf9e09620fca948531867c339407ff0ac5f45d2bf9296826bee4d8921ce7,Karen Reeves,"2105 Rodriguez Squares, South Katie, PW 16695",5006.46
468,710,134,samuelgoodman@hotmail.com,scrypt:32768:8:1$1HheUYTvNwyXzncz$79c29ed4abf449fd142fa1bf97d785bae790729cb7d4357f7a1db18947a52ab6e8162b73ad9742bbb61820c3a6bda45e6ff3f43f2e08967fc8da2552aceadd0d,David Young,"0759 Vanessa Points Suite 080, Port Sara, OH 83979",4834.30
469,317,28,pdecker@yahoo.com,scrypt:32768:8:1$6NF7qhXjTvsQX3Rn$43f021b33c1761cb363c364e24f56cfdd93c96853472e3df8e2011cc4f877360c39d90197c2615f4c3f87f8ac801c98e666de8da686b8f4c9babb2a862717c15,Laura Johnson,"215 Kyle Garden Suite 919, Gordonfurt, GA 57877",6810.01
470,729,94,david11@yahoo.com,scrypt:32768:8:1$p2ByofRi6luK1uSC$369309d526ea9909a54b09ffa4dc46f8082b0a3419b6c81a24d14624f8be26c91acf0458bd5225243e3fed7db640b2f44eb7327caab13e6625d19176cf0a331a,Amber Hall,"89552 Melvin Stravenue Apt. 895, East Jose, WY 77863",5488.09
471,135,,bishopdonna@yahoo.com,scrypt:32768:8:1$xZgLM14EsoYiRZCq$02e43a95699339b27db4430e60a54555653c91ab6977bffd402447b702a79867be050942c05ae5851359771a3a48eae6edfcc9cc92cac642df194e23513d77f1,Mary Alvarado,"998 Thompson Passage Suite 733, South Katieborough, FM 52201",9998.33
472,273,,csandoval@gmail.com,scrypt:32768:8:1$E9tY1fpBNJcot9Xf$86235625959fbcaf9ede47a2cf2f7504253b1ce1c1e999fb12deda403d9e19e33c4a4e05e12eb2cd08a7fde2d242e1bf22b5bf0e3483a82230f5329b3eeaf2c7,David Eaton,"USCGC Ellis, FPO AP 75337",8084.41
473,40,,haasanthony@gmail.com,scrypt:32768:8:1$wNH3GljBPjBI42iX$f40361740f7926ef0394cd9e7c3f59a3966b60bb483534c2bb87676e182d507e8852b29913a83d60ba3d0bc531ffbe779b2969b59fbd5bf0df1fb9003d590cc9,Alexis Grant,"341 Gordon Ville Apt. 417, Port Alexander, TX 44351",7264.81
474,930,,kristenwheeler@hotmail.com,scrypt:32768:8:1$qjhjnyjOgeFDmEqu$d1029aa1f622de3d66e214a0f9c67c8635776869fb8ba2b7c880f31a8532124aa0dccb46dad92dbc0c686b096e86dc1ee1aa0353e3027526a0bab145d71006dd,Alejandro Sanford,"758 Ward Cliff Suite 792, Thomasberg, ND 97561",3449.16
475,219,97,ngibson@hotmail.com,scrypt:32768:8:1$txjC4s4W7oStqKT0$01d6c895c25c9d03b6a193cecd533236f842269892dbab8f9cdbb06d54cf0b7e4d3f24bc52385f9adca48a5f2b4ae9813d188e6fed0c5ddb0748756419a0416f,Emma Russell,"19939 Sarah Row, Quinnside, KS 45484",2829.94
476,333,,suzanne04@gmail.com,scrypt:32768:8:1$ulLhWqZHokXm06cd$eecda7baa0dbb26df211d608f152e49b2d7ed2d6df1b15e23d70768848c68195c02e830aecdeec1787963f83ac29ada6c0b7c92bebeb4b9bef48f0b0459c409c,Mary George,"000 Myers Street, Gregoryton, MI 98252",8356.55
477,171,,angelamejia@yahoo.com,scrypt:32768:8:1$NhMtXaBsBl2tZ5wS$06a3671d431838a19ac49d2fc180bb6b638351a5ce0c7712318c2121e544a216215082ba2d5ea1c2e230e2232cd4247586bb6b4c19707128dcfe2ac78b49667d,Mr. Eric Jones,"45591 Larsen Passage, Lake Billyfort, WY 79116",6249.74
478,476,,ericmanning@yahoo.com,scrypt:32768:8:1$KWYYKhPlrJK0IDci$fb4e9fb0084d8825fb10656748c49dcd08b0928209bb6d39740de7121dc3b20744d968e29f0fa17913584f25a0098bd6b8a7452196d1aa09b2b4891444b79a75,Christopher Brown,"4381 Scott Rest, North Jasonville, NM 26227",1652.56
479,891,,vgould@hotmail.com,scrypt:32768:8:1$72vOqgTGKOg50BW4$c3ad99243334d9fa992bb4079cc19686d474231b2f1cffb5ad9541b5d4d26ca8a9ddbd128c81ca369e3e9248ee3aaeeacfdc1a7c7958764ad08b6aab5802f4c3,Raymond Elliott,"PSC 3608, Box 4897, APO AE 60743",493.04
480,175,110,abbottmichael@hotmail.com,scrypt:32768:8:1$ITrmICs20CvK6CDI$0ca4b1057b0d9bfd4b65d73d2b3a4938b74481876bbcd25f4c303e67b30902e7d74e72eadfb9f30fd6988ad5d52f30c1cc6468071decd4261368961e2be94913,Rhonda Griffin,"85022 Jones Centers, West Charlesfurt, PW 94211",17.64
481,966,,johnsonsarah@yahoo.com,scrypt:32768:8:1$i2tPOf8nGJYmY5XV$5eff4aa33fe79ee9af66de77e1cd691351a634121b37f968e230256f85881e2410a9c0dde90f9cc0a8634bdb18be0c5272bd87456cd4f31558b1b8965c688055,Sharon Edwards,"081 Taylor Neck Suite 748, West Johnhaven, VI 41393",1386.65
482,322,,agriffin@hotmail.com,scrypt:32768:8:1$38cgPnvouaibZ4nD$82a16dd04771379d37c91dea00d9cd58c106516ee91e1695a3a849820dda666c2638685e1019d3387f89a5c6045ed4b59dbba193ccc5c5d549c37c2451246261,Lori Drake,"1560 Amanda Glen Apt. 982, New Zacharychester, OK 30998",2068.28
483,269,,sonyawilliams@hotmail.com,scrypt:32768:8:1$Ze6QwDUMxYN1mshw$ce41c856426bf990d25c3f43d8a9216e685a777f2fb14779da87cc3064d1765f94ff7d60abe21a94c3d74466a34a03a39e057966d3aed7ede2734a8152d21ae2,Nicole Carter,"87275 James Forges Suite 564, Normanberg, IA 38727",2491.46
484,389,,alexandercatherine@hotmail.com,scrypt:32768:8:1$txFwA2JAt4lQiuH9$b4f38522341e80556b1bca15902c700186356a5c111d69a06633520b710ee7a5841dd71482942e1f6979244d133a29932905a45d6dff66d037fcf0bed7f1a9a2,Donald Warren,"52964 Tyler Freeway Apt. 841, Ruizberg, WV 24104",3872.34
485,888,,ashley62@hotmail.com,scrypt:32768:8:1$agIsmW0FLy03c2bO$4aa0267e47e82a73007c346d3e5996a4cada33dff2a161c61a0db15a1cb481f4a0dfb31df62ffe06b05e71f66e6a336d5ec1d23f5789f16411cce1e1091f4360,Ashley Jackson,"94122 Keith Trace Apt. 222, Courtneymouth, ND 27446",3655.49
486,503,,canderson@yahoo.com,scrypt:32768:8:1$QjknkLuDZSO0cQup$1b97d1e007d2a7bf2f78a36ed4783548b6aab7f95127946d16800068c0a800576d1dd2c8d87c07caa17deaab701a8235e1461114a555f554888681c6c3bc70cc,Christopher Rodriguez,"22475 Crawford Burgs Apt. 210, Jessicamouth, RI 13015",9725.53
487,387,,harrisdavid@gmail.com,scrypt:32768:8:1$aEzCF3fisWIneCW9$ea04f194ed96f463d64b1cfb4dcf008ad74318bec70aa26d5f277181b80d31c8495245b6e37621e77bcc54b632725e2e7fc4389a642c993f4ab76063dfb6f159,Russell Hale,"95994 Smith Walks, New Lisa, GU 54566",839.14
488,441,30,karen65@hotmail.com,scrypt:32768:8:1$lD3HyqBfOVR6Xv1R$a81caa370e7171f8abb3513e5a51d9177901b2141faa9c0a43f7e20faa49b6f3b0ce305f3c20a1e90da2dd66dce2333a62ce11eef4bff88f8002e4179890e911,Heather Mendez,"1186 Melinda Estates Suite 868, North Jerry, MS 66100",2458.94
489,131,,lauren94@hotmail.com,scrypt:32768:8:1$lEvSNosqi43K8ZJM$ddf7ba94a1195e29a0dd531fbd4c2c074de9fc6bf98fb1fef35f7596920d47817c09fabbdcba94359b64fe49973e4da27f97adba48c72638a6d0dd0dd4db4199,Jessica Garcia,"68257 Sutton Pine, New Jenniferburgh, FM 66367",3590.61
490,991,,samantha15@gmail.com,scrypt:32768:8:1$O7wqdaNJLyOIYycO$8c66d77c0302f1eb729c49f167917630c031e1b7b72cc50ffa6eff75998a0bcb321b08bf81b36f731ebaba845b04d96c5eb0589f5506aab210ca7b05e20a444a,Jessica Hunter,"4285 Darin Views Apt. 194, South Martha, RI 20134",1514.01
491,408,,cindy49@gmail.com,scrypt:32768:8:1$A5QYWKnxYzupLLQ6$f4edd423d074ea4b0253718299839c68c8544b88b62cf680ce22a447fad5a40acb0ad6d1e8b275249428b79a734294075e53bc796b84acc39e8ff2f8190adfd9,Amy Jenkins,"79354 Rachel Fields Suite 089, Kennedystad, SD 82266",8021.71
492,550,,nicoleadams@hotmail.com,scrypt:32768:8:1$tnvVzqrHKYY3pgIQ$bee044b64bae33b62d6b3719a263d077dae05733c6fbe246bc321bef96d6004c95f63aec9134a75186a46d9462259b6b85dfb240182e3af9026c865443c4e5ac,Kelly Dean,"Unit 8418 Box 2489, DPO AE 57538",158.32
493,859,42,sherrymartinez@yahoo.com,scrypt:32768:8:1$jNL99uhb2uIFeKKj$0de2340aa1b24a96f4d9a196ebc09dbf24360826d34d9b5d0ae7eac73dd0b2f7e41c8e8241658411205af7e4d89996f45ad01ecc8e6cd1e5967207b8721aa7a4,Keith Wilson,"0016 Stevens Burgs, West Heidi, CO 48038",194.69
494,155,,jerrymarks@hotmail.com,scrypt:32768:8:1$ytpdt8uKVJ7X2guI$a89b31955ff13eb6a9b6d99b32d4bcfddbf5f0d945e951170411419248ab2441eb30411cf089e6e20f6a5c3a3f30f207171b01bd44cd3b72c2c1efb6f1b8db88,Joseph Gordon,"1418 Garcia Rapid Apt. 728, Port Dylan, GA 34052",723.58
495,805,165,scottjensen@gmail.com,scrypt:32768:8:1$FZwaWKNrYRHkCr2S$8f05031bdda3e2308fc0574364c31b5bb3d13f3bd13586ddaf70619c0e9fe3b6cc61065028ab1affcfa5cd3594f1ee68b4b137d8a567f5707c751661c8915a80,Erica Baker,"657 Kurt Fields Apt. 051, West Shellyfort, MS 57562",423.50
496,22,,leslieday@yahoo.com,scrypt:32768:8:1$l17zPy9EEIaYEnpJ$0b335b67df3f13b94af8c2364cbf85d21eb46487e5ca44a7f4ad82ecbcb46c98fa12e85700e73a0cbd01ec6359e95981573b143305fdd1c9a5219ca36dfb55b4,Anthony Alexander,"3119 Erin Mount Suite 845, Port Nancy, IN 35636",6662.62
497,406,79,cookcarol@yahoo.com,scrypt:32768:8:1$cxqqwPELbIzDKflv$f7294b20cfaad4454d20b683217f7a9e8d62f259e915ef6e874ca04c8ea7c9bee6c16fd0b2188dfdb8859cab85d24c29a5bb8d95c618d28f940463cc6d586ea8,Leslie Gray,"4242 Madison Spur Apt. 057, New Brianhaven, GA 35102",8199.20
498,316,13,randy26@gmail.com,scrypt:32768:8:1$IQ3zqD9I1PTtX2l1$5256e8cda976a56e941a389143a99b507c483050768e4a20481b676f68f0e0f4427cbe3d3e441bd8fb874eabfca2081ef9410c834b53af09802e62db381f2d49,Lauren Watson,"PSC 1741, Box 8404, APO AA 47079",9487.77
499,13,43,kevinbryant@yahoo.com,scrypt:32768:8:1$FbLex0xnpOgMKiFx$bae5b33531f13c97352213fe3cf40e5c39b0054e3b6c61802f7dc4fc1be69ed55e4e23b17e8f4707d56142ab1233f2dda65469cd5b963a1f22e2d21633cd9a5d,Sara Chung,"03845 Gutierrez Square Suite 651, South Aimee, NJ 96436",4502.92
500,381,,nreyes@hotmail.com,scrypt:32768:8:1$psk9z1z6Fcex8bEp$f4d05798922513fb9478837b6ed1758361ca402a3aab28c1f6bde91d6d215a5ca92b93e148b59ed4b8f494c40d2406116725eeccba4e1379f87cc53eb830fbaf,Morgan Hatfield,"40309 Tyler Lodge, Angelamouth, LA 70107",9462.26
501,116,,ghull@yahoo.com,scrypt:32768:8:1$yMoUyVxZxp8Y3rVy$0599933bbb31d4765d6ed32b1cd62ba60210a22d2212bb44a5679033eacbc9899705e91c855f6398a62d70921fee4534ef5722a3a6908c08229faf4ad3918d59,Patrick Rivera,"13888 Hampton Course, South Aaronville, WY 98841",6130.62
502,136,,gstone@yahoo.com,scrypt:32768:8:1$I16Kbk9n0V62YPgH$5af0a9b82c045c3c60df7c7d5af34535de6794be4996b920412af7c1794641239bbdd5ea718f4890c0fddab036dad2e53699725faf6d50875cb5f78cb554dc72,Robert Jackson,"932 Johnson Village Suite 309, Monicaburgh, ND 37076",6056.29
503,461,22,zobrien@gmail.com,scrypt:32768:8:1$WruoJCjIBqwFW8C5$9d9ef43111ce592dcb3245190d7c224d874122b61c3c2a50df22393e7be54c6eddff1bfb85deebd74690dffa237a9622aa89a17ec71150b493cd36f950e70231,Lauren Jackson,"0155 Ronald Wall Suite 423, Fernandezfurt, NM 22114",1204.25
504,814,98,mccormickgarrett@hotmail.com,scrypt:32768:8:1$J9LJWauYNYlBcHrq$039e6b0f346208b40dad2409250e3b9714f7bee5e7c9b01ec5f503d350cd7ff756bc6c0c1d56e584e19479867012fad0d85aa8dce20a9bf0c72233c34cf2fb8f,Christopher Hawkins,"715 Shaw Cliff Apt. 284, North Matthew, KY 14099",8483.07
505,977,158,scottsmith@hotmail.com,scrypt:32768:8:1$jP0WpI0deo6wYGdt$9c1c0d468a02c7002b579b1cf642f3f710137747e71e6065e204287191bff4697e912394285374ee984bafb4a5d05ab1967145cc96cda75cc93477bb932502b4,Mr. Jacob Smith,"62809 Sarah Mill, North Kathleenfurt, NM 69582",2643.97
506,605,,gadams@gmail.com,scrypt:32768:8:1$vvJnhLwrMGSYxFZF$59643ba346b6b9e900774084df75e8e8200477a5381943079a04ffc48e6567ada2fc9e3bb54128534d7592129201145a5d69c26c1d5d2812d8d256575634803c,William Jordan,"37466 Michael Drive, North Julie, RI 71323",3312.53
507,849,,robertwilson@yahoo.com,scrypt:32768:8:1$WkZxwKf0yzFsmK3j$e2290d9c5ab6f53e177dc9f9c8bcca3b12b3e9bc20e18556e32f4fdd26c70abf1d68e6698224bab17ba9f7bb4ef81c971262d061f87cb0a9a86aae2d080e9fd0,Thomas Hunt,"6678 Donna Burgs Apt. 184, Mahoneyville, AS 09155",7995.28
508,676,154,bonnieholt@hotmail.com,scrypt:32768:8:1$NoV5uJtnVq82crXL$f1735bb1fe3aaad0eb78a72574827547b7aacbadc773d2c0b1e902e3e9492fa9b31dbef4793b07a7d6d1fc911d89d0d40d4a3204e7355bf7a7e745f5867245a6,Sarah Holland,"23745 Fowler Road Apt. 862, North David, TX 12220",7037.62
509,495,159,matthewsuarez@gmail.com,scrypt:32768:8:1$h8rtiV8kkxfW6Y5i$1c204fdaf8e53a4b2b73dd780ee237b781a6d75976bcd3dde0da83a8b00e28e701bd0eaa548531cb604f51c80a447942d61d90d9f1e2121ab05627b858a67e6f,John Smith,"1494 Orr Meadows Apt. 093, Port Kristinmouth, MP 80145",8459.03
510,282,61,mitchellbrenda@gmail.com,scrypt:32768:8:1$CYV0eXLQd99W2CH8$477741b042492c67f9a9183e2e0efb92d75840c0789bfb50566a3f46b18c441f858bab99d472948231b13c55ee30f7a4808eaadd923d7c162959d74f63d897a2,Jordan Harvey,"39070 George Drive, Lindseyberg, WV 34170",9722.72
511,449,,jordan54@hotmail.com,scrypt:32768:8:1$eQWAZHCH7dTmRtS5$ae41710f7407dbd6165b62bf8093f77af644df55c7b3433d517f810c44a6a693e460026647a0079a3f7b75028beb1b30d5a69d812ca1f8187ab5e1d7516f6c39,Justin Bennett,"41620 Thompson Park, West Tiffany, AR 74062",4542.47
512,307,,perezaustin@gmail.com,scrypt:32768:8:1$7ZNBLKzkCino9dyW$23f424ce581a6d6a5b83fc0837c78a7de40f07d82f0ab9b427ecd792348ee704ed3b9480e3b150780c6029e1055aeb035c5f28d78c209dcdadc08216f58e18fe,Louis Jones,"6505 Sara Streets, Timothyhaven, VA 83893",1922.01
513,909,,stacey73@hotmail.com,scrypt:32768:8:1$7H11VgmtHgMewkmA$50f214bbfd1d42bbce55a90e56e32d90111da90d0fd2acf897c502fa4704e3832d010790d1c59c362dfa2aa98e00e9b0ac66368235bf4f056b7ebfbd6f06ebfc,Victoria Webb,"4759 Burns Turnpike Suite 911, Jacksonton, IN 63510",8304.19
514,723,,adkinsanthony@gmail.com,scrypt:32768:8:1$NOS3rgPGWqWHvSLJ$dc87d0e0345cdc5fdd58d41cc810c78f163763319f5e18a030ad689122ed649adb1684c03751c86db6b5c48401863f65238a7f7db1039ebdf36b55fb76b971bb,Danielle Wilson,"361 Wallace Port Apt. 593, Jeffreychester, AZ 62193",6718.43
515,944,,bauermatthew@hotmail.com,scrypt:32768:8:1$U1sUPBvIBFHFYlvG$066b009009ba77ef3f1e5eccd7fd67dfdd035dc6c517b7b670b38c58dae970de0321c6f2287d31870e091b9357c78f54f6d1f68f9bab83b6cf58c9ddfaf6a4c2,Jesus Johnson,"635 Bell Run Apt. 481, Tiffanyton, GU 81473",1401.62
516,88,,kevin77@gmail.com,scrypt:32768:8:1$3tVJ3kGlwLsvthmu$094f7e4bbcdb97f5c3121324d2839a60ec36690b2cb96c15ad490041240aa0820b554452ca44fec5e3a50bdb453c6f89920116d6c53b7b9af99f45dd7859c997,Alison Jones,"764 Diane Rapid Apt. 816, South Mason, RI 87972",2497.80
517,902,196,michelle21@yahoo.com,scrypt:32768:8:1$yVWwpSZ1BOXPZSLT$bf626028ba82f82727a7f747565356f54c62f417754a886f5aec9fa2e6130a43f2c212f7915985a0719a4f2e0eb73ace6bb86454fa1f01cba11e80b6c1eb1124,Jacob Mcclain,"USNS Dominguez, FPO AA 69732",1368.49
518,576,,jamiemckinney@gmail.com,scrypt:32768:8:1$hVJxIogAPhckhGzu$cd050aef867f76a95dde159600b1067d3faf096542dbda379c9215d11e4968e5952056a68239e1c7db7e6bc371a12391d6a2c8669663c9292987d80dfcbe5ecf,Christopher Mcintyre DDS,"872 Teresa Prairie Suite 427, Lindsayview, SC 46395",833.93
519,358,,sandra52@gmail.com,scrypt:32768:8:1$5kf5dZTtqlqEg2RX$eb518f667a6cf97128c1419375230c5c794bd79733840e6982950fd315da308aa95111b50e0b49c45e4a66d01aef0ef3a5b1c912e422ef31ae099219d946dbe6,Brian Bailey,"2250 Hall Villages, South Matthewton, IA 76146",7075.95
520,939,,thomasleslie@hotmail.com,scrypt:32768:8:1$JAhBNUHv6fizb9fs$fcce4e653fb69171bd76314232a309cbf369e9f67b600f3864ef5a04b5029cf309f57c48514d1db0a43eb0a7e893faf76378691ba96cc18729113e92eb72ee9f,Phillip Cantu,"26030 Blake Court, Port Edward, NJ 85635",8773.11
521,399,,lkeller@yahoo.com,scrypt:32768:8:1$2Nb3hRgEJA7w7QdZ$2c22717f85090aff4e31eec5498ad719f04878d731418736dc177435d4f5dd44db376e938dba45fa1b5ba28ad16089b0d9e503f9017e5889b5e8f0c270fb7621,Jennifer Johnson,"PSC 0682, Box 1971, APO AP 76174",7468.97
522,599,125,michaelwatkins@yahoo.com,scrypt:32768:8:1$7WReWYP6AS2oUffQ$d276d6447584cfc1d720d383de6037bf5da2f43913809479282cd40d13f81f48e27dcf2d95942ffb964903618e65613cd6e97feebd8042720dcbb6d81b1eee05,Angel Lopez,"6306 Rodney Locks Apt. 161, Heidibury, SD 18851",3828.62
523,816,151,lisa74@gmail.com,scrypt:32768:8:1$NmwybGKkYvSJy1Ro$e82fcda6ff116a9fc2a8e03b36a42f4349128a39bcd6738285d6d5c1791f978ddd03138eaf1ebe09f195d4e751837ebba7c09c434af6cd0346bb885cb53eea52,John Simmons,"04875 Alvarez Parkways Suite 059, Hoodmouth, VT 65253",8461.40
524,911,35,sheilanielsen@hotmail.com,scrypt:32768:8:1$JC1gRT5M6e53i6LR$a603b383a6d183dc68783d787e180c45e877f4fff5f1aca411a34efed8c6bfd077eacec468f6de537d545eb2a3fc0fece13aaee6a1611809e0de78afbd77054f,Patrick Palmer,"287 Mario Walks, Dawsonview, WV 46646",8992.66
525,770,,rebeccajohnson@gmail.com,scrypt:32768:8:1$hwREEeg1F10PM7o6$3f19d5a4215ac696b512786357d774650c71910a6979f1145fe4be8f817dbab54f8bbd25f2d5ba7ed869dac9aa9afb026f9b43b8f005fe2798ee5b90f5320418,Eric Nunez,"7963 Ashley Alley Apt. 252, Justinfurt, KY 38813",2937.43
526,631,30,ycook@yahoo.com,scrypt:32768:8:1$9tf7kvRvM6O5LmGW$c8ff5f22293fb945f66f25467c8305fe4aee8d0a666005bbe1b721d051de2b81408b55c1d1df79b8938895dea4e248b5c3539ad464b03955ed3706f188371360,Julie Shaw,"73016 White Meadow Apt. 111, Brookemouth, WV 65797",6082.78
527,648,,christopher25@gmail.com,scrypt:32768:8:1$WI7yDwpkDPe1uKKK$3de0c6458b262dbb8af8bd16bd13985a4d01ac0474643e6bcd12d0d82fac69bcda0b0606aa55ef3189023dea005f41b547d1067ebdf4148e7afdba901610fde0,Patricia Murphy,"3506 Gordon Ridges, Josephbury, SC 11878",1774.48
528,662,,amy53@gmail.com,scrypt:32768:8:1$vMC7rZKR2JjlankE$9c8fe63f77d2885ebee565eeecb22e881811327ec29d844664b6efd63f4a959638f8a87a35b2031f18af9534f993b0dfb5fdbddc53781bce53b22fd514aa0113,Tracy Baker,"Unit 5597 Box 2946, DPO AP 59435",8852.73
529,260,,michelle10@hotmail.com,scrypt:32768:8:1$b50L1kNKy9MfhoPn$2eeab01383148d051da83f4b8e5d5b8e9504386c7bf1858c6ab8200ddafd5c435bd63779a410d386706fd2be844953315b32bd91542298227bf897a069c1deec,Richard Smith,"55830 Nathan Extensions, South Brittanyport, AR 01041",3030.60
530,306,184,mooremelissa@yahoo.com,scrypt:32768:8:1$Lec1GMKj3ht6Yy2h$d6cd8d520eb49b4603dc6218d59251cc8755e88384e5a6ddc3a755c0d2f88ced4ab2b914f966a40d062861d9e41c448e36f561fd62167fc5299c56c5e717dc28,Jon Woods,"8782 Sharon Fall, South Kenneth, ME 32018",4781.65
531,401,,james67@gmail.com,scrypt:32768:8:1$WMSbyxKypvUcXK3L$dd9f61a5b3a8e4b2eb15ac1142ba1af7f0841f09dae7ed693ac515001a5af421f471ef2ed59e9de273b396b2ca62ef25a5ad8625b2582e62293293e08af842cd,Reginald Williams,"077 Chaney Fork Apt. 159, Jamesville, MN 14655",7865.47
532,181,45,johnsonjames@hotmail.com,scrypt:32768:8:1$P8MqFbI4WCmlEjqZ$8eeb64c8e4d1d7b3548b6cfc1d0115b8f338941beb3d7f151b277071f58f23f81ebfa0a6f77ea6c555e0926467ebf4022c7a2b956fb3a29bad3da939da97899e,Julian Carter,"20001 White Shore Suite 444, Andrewfurt, LA 88398",6358.87
533,488,120,kimberlydavis@hotmail.com,scrypt:32768:8:1$NFSakb2UJCS31sDm$d5d7f8ef041248c93338f28d48dd999b9f159b77f8e20bedd1ef6e6a53ca83322ae326a45e7c3d12eed6cee9d887decb8c3f3ecab3a42c382e2475328dbb1c6b,Jeremy Vega,"36752 Martin Forges, East Sarahton, AK 62533",4856.39
534,229,,matamike@yahoo.com,scrypt:32768:8:1$mdMkWIjDe7sVRzon$08df9a66f410bcbf6df57e35954ee942bd714c64bb3461dfae7db41bbbcc35617b9139e8c569510b28899368738f2b512dfd15650c82a1b76a02e379ad713b7c,Susan Hubbard,"3939 Johnson Ports, Jenniferside, KS 11806",3009.60
535,62,136,wmartin@yahoo.com,scrypt:32768:8:1$Qx5qOWkkUAk0rTbL$d1e7474329b9f4b0d494ad8831a7de4ac48dbdd8eae9f2a6c08baace2e5ecaba06e0c17e6ddb846e044aa53176a51d8c5c02bea389d76a0a8da6060d39176d61,Jordan Todd,"76163 Ryan Falls, Markchester, KY 09337",9318.31
536,823,,lindsey24@hotmail.com,scrypt:32768:8:1$jsh68g1968Dh2ZdQ$a9a9dcae4a273db12fbb240a8857610cfc44781b2891e7b561d493a8b9db6d0ed3babb5b546e75bbe9592c7036ae9effa4083693e9b1c393d5d35a4c91f9474b,Dr. Amber Hill,"722 Sharp Course Apt. 616, North Jeffrey, PW 71319",643.03
537,664,,martinezbenjamin@hotmail.com,scrypt:32768:8:1$f1DM2Dm0OPdyou6X$dced0bf3e87cd85d824233ee401a3cfdb182611d62b59da3b7e612c52a22df030f51884875235de51cb54db93e33b5836fffb86a5fef8a9a1bf93eded4390b64,Margaret Smith,"5683 Guzman Spurs Apt. 043, Mollyburgh, WV 60283",6481.70
538,869,,amanda43@hotmail.com,scrypt:32768:8:1$WVOhjBz5TYkcupQp$657f24b10a3c809f96aa085262fa9516eea176132b155cc4c6ec4071a1d656d347325a7cd8e8ab80992b09ccfd90db995bcbde1e48b881b3d7f3dfaa7128d562,Dylan Barnett,"5885 Linda Mall Apt. 394, East Ashley, VT 21920",3805.57
539,238,,candice13@hotmail.com,scrypt:32768:8:1$oFaYU44y2vtpchMA$5606e131ab6dcda606e0cf7a8760117ad0fbd9ef1cba4859961f2bc43d2200d404a9ab671aef689589219ffb0543c436f8911b4444972a9d1bebb2ea876ed872,Maria Fitzpatrick,"376 Baker Land, Savannahland, GU 61594",1971.76
540,162,,kristina19@gmail.com,scrypt:32768:8:1$LMrWsR08PoufvCnc$dfb24dcf0ceddfc1f141b3bb189c4e8253a8c070bea3ff0fd99e90187dcb84b6ba12f90dfffbcd583f7481bd8a1364ea75880aab9e1f68eb6826484df8337931,Tiffany Rice,"49146 April Overpass, Lake Chadville, OH 20506",7802.28
541,709,,obrienjasmine@hotmail.com,scrypt:32768:8:1$Z8PCMuJelLMoSm6e$5f26a9113716e6dd1f297c26f24f3d2c70ed4664bfed96fce6367dee2411cf7b28a347be7d28fab55b73dec9282a97e811e3f337feae85167e3231321fad2f02,Ashley Allen,"6356 Gabriel Trail Suite 479, New Kevinmouth, NC 07432",2460.10
542,680,96,levinekimberly@gmail.com,scrypt:32768:8:1$PlwcStS7WcG3HRTd$69ae75dd86d14e19c2e88ae50c5da5758de09411f0bfc65313b0e8ca705fc955529f5089cf4513985b3cea2fc26bf71ea647b24412dfc4ba53960ba816a2444c,James Boyd,"72498 Madden Fall Suite 999, North Carolmouth, KY 25973",1643.60
543,740,,carloswatson@yahoo.com,scrypt:32768:8:1$o14DumsSn7I8rbwg$c451113ce5fe46053e71163ac762c7c9ecd57e94fbd07983046bed8327837320d765bbdcaa03724350a182067900be24a01c45f3ec67c9574ed0ff4191626a9f,Andrew Wright DDS,"5322 Grant Springs Suite 358, West Brittany, AS 95995",7082.61
544,726,199,dominiqueclements@yahoo.com,scrypt:32768:8:1$FbHgNpawawgMW1vq$c93a78d2929584885f9feef3d538c630d59baf411db204388723aa2fd0440b195bf85691f76d113e7167d634777b7b788b8f1e7c64c817f8f381789e85d1fe2b,Natalie Smith,"USCGC Johnson, FPO AA 61394",1392.08
545,284,,daniel61@yahoo.com,scrypt:32768:8:1$ylxtnbqHOPA5IRd5$ea0e58d65c41d7e116ad9df2d54cac3f058b557b7e6759da305c99325c3380505650dcac34acae7d3d76940c5beb731dfb94681ec8487a90793c8bc2bb504d87,Brian Jefferson,"7612 Lewis Path Suite 019, Leonview, CO 62936",3870.45
546,398,,bkennedy@gmail.com,scrypt:32768:8:1$h6f5TMdrFTEQ1jsj$d67aaba44fe88e5f56fcabe4271420ff2a237c7e5be10f59b2c393e4f001211fc42d4b406055a8978ff488966b5519bddc11afa1a57ad68e99b85cfe5250377b,Kirsten Wilson,"07427 Amber Camp Apt. 443, Jamieshire, AK 38515",6692.56
547,554,,gcantrell@hotmail.com,scrypt:32768:8:1$DObe1mvfKPUUn55u$ac8c23b67d40f3a20128886d08dafa7fc67e6007947f4ee5a9f024b15529c2ce3cecfb7f226940b6966fa94b21dc4db702c04398cbadd22250c53c62ed200707,Daniel Bowman,"586 Richard Loaf, Phillipsmouth, ID 19377",6901.71
548,786,,james03@yahoo.com,scrypt:32768:8:1$fQfo2vC8UV21PB2R$253c1a7732152c1a1a35736caa0d42cee5ea6be3c9acfca1353140eda0a3302a5c9ba010b3273e8eceac523c1573a83477e62e0ad488f51d201ad11e417ccfd3,Christian Salazar,"19877 Miller Turnpike Suite 346, Watkinsberg, MD 70061",7356.20
549,23,133,nealscott@gmail.com,scrypt:32768:8:1$zMFXVIW1J7aawa3m$180495a40ba1db7a6e4482cec82b941e39ea80d93d61608ba99ef1993b69951894455f5fd41d19ed186f815d18a95801728fcd783a82b0919558c2af0a5559d0,Vanessa Curry,"14684 Ryan Lodge, Mitchellport, ND 19366",9350.22
550,3,112,michael27@gmail.com,scrypt:32768:8:1$SCq4RN6kSNmxdYVQ$879b233fdd82471ba632599cb9f634ff3a98b4635e5a2ecc17d5dff4b97a02258df4ee759c7f177b6ce5d85338031bd00249e3182a2137f3cc04328e0a8800fd,Brenda Mitchell,"34709 Ward Parkways Apt. 840, Smithfurt, NY 11733",731.16
551,185,,patricia48@gmail.com,scrypt:32768:8:1$ZNq8lJeuBawuxI11$2fc53c2a939fc28a2dbe3c3a75e8b6255f9d0530c03fff5e975e72e105c36422127b37aa6682a89af1d5af517defa8c2c89c04ae82bc8817b454ffb2e8b6872e,Monica Cantu,"3197 Brown Island Apt. 937, New Susanberg, KS 22677",1302.29
552,568,,waderandy@gmail.com,scrypt:32768:8:1$yXIgozG6iMFNCyBf$e90fbede26c37ba85b9e9685f23ec6986346a7465c5703461edfbc10bafdf8113c2a13c815028b4e16afaa26087b62f86a77e67f8992c08adcd8fb998a17d886,Traci Jones,"55538 Baldwin Trace Apt. 212, East Laurenmouth, IN 20456",8380.98
553,251,,stacysalinas@gmail.com,scrypt:32768:8:1$iST84NkSCHFYubMJ$b444ea8cc02958c8cb63fd88d7a5eb2fbfd049baa0a73aa907214764446d4db1782f85fdd91296580b9d2dfabdf498a86d934e48ea6e7e4c080966a03e22d914,Robert Reeves,"PSC 4594, Box 9073, APO AP 54360",5777.65
554,231,44,gvelez@gmail.com,scrypt:32768:8:1$lVuiQlFRt7T7FKLe$2a5050843e05be049fe43d9ef046b04cf865ed04504ca41835b3721f7c36789c1d281f47acfb4b8fa254320394e0132f23af6e6bbd6aa5595e66ffaad4eacf71,James Mckay,"64014 Norris Spurs, Sharonview, MT 76454",7392.36
555,138,24,johnhughes@hotmail.com,scrypt:32768:8:1$bioHawr3RoHss79Z$058ac961a71fb0cd4ceeabbb809c5e71fb7ac0bdabafa14c428691421b7b25cbf690343a3571a19b569c7a8d1afa4b7e3ed35030c1b85b1ad399da68507b7d79,Dustin Joseph,"62162 Joe Overpass Suite 313, Lake Andrewborough, HI 50328",9884.41
556,48,,amy36@yahoo.com,scrypt:32768:8:1$1f36rtQbrPDHnMRS$33c2d26986885ce4fc6d337da85b63d82b3a53cafe473257361e1d1a9dacc236d62e30dc8761286ab97163e6f148057108df146cc1c60962c67863eaa2614247,Christopher Johnson,"6193 Davis Coves, Matthewview, PA 57304",2642.48
557,56,,fbailey@yahoo.com,scrypt:32768:8:1$O5FbYYRu5a0j1S68$a5cce18d9f3f57ecbec626250121537389ee58c973f56429c61dafefb2dc10796290620abc06db51feace604e7677f1ff928c41bc8eebbac876aae154e6a4e3e,Tiffany Lynch,"694 Case Overpass Suite 261, Lake Tylerview, ME 52681",9085.40
558,844,,sandyramirez@yahoo.com,scrypt:32768:8:1$bDe2Y1nBhkaduyIh$4ac0e44114c381eb69c5ee2fc3a6cb2733e7c2917de89a8841398e91bfcf361935585c5138e32b2cac347d2d411312cf9f9d7e40872a63aafd55ba79ccae94c3,Angie Mays,"2486 Priscilla Manor Suite 247, Jacksonbury, FL 11184",7804.78
559,270,,ysanchez@hotmail.com,scrypt:32768:8:1$3PCSyEePtK6OvTZu$1e1bb96056b09d083c369b39d62113219751fcd5fefda72321e2ef7e33f60eedd536aa783d07b66dd8a7215b707e0db3b933b464eb652563dae56e231156e4d4,Amanda Simmons,"9168 Nicholas Views Apt. 298, New Jasmine, GA 96091",2252.53
560,906,,porterkaitlyn@hotmail.com,scrypt:32768:8:1$gdRYn6mAA4TsuFIf$4e34a987fea8bfa08ec81409f3a5159f9184efd3d31dcc878d26ad2d97582f5629e12db79e1c5626d663010b0221f56fec79812d0e299b0f0f3d87f94a8e3b93,Heather Raymond,"660 Gregory Fall, Peterberg, WI 54395",604.86
561,176,,matthewnelson@yahoo.com,scrypt:32768:8:1$tFAOUbe5vkl6y9B7$d1a23edf3bca665f1f384e606ade335dcbe2cd8bf5c6bb1f67325aeee8a0a6af97a81e1bcf9305dfbce762f0a3d8dcb24c0c10e4844870d6480d5a254687d0bb,Jeremy Barr,"37455 Noble Manor, Charlesmouth, VA 65738",1603.92
562,901,84,cshields@gmail.com,scrypt:32768:8:1$anZ5vH5lGZPPqLsN$115b38907f83a1f93fca5c641a8552e1e5a6f2f6906ff564b10a8738ec1bbe67a3bf5a0177e83cb9c91ff8408e6a89e83299cb87b83ba56f70a0e18761f0fcb1,Ashley Finley,"8471 Parks Club Apt. 582, Lopezfurt, WA 80242",6911.76
563,367,,andreareed@yahoo.com,scrypt:32768:8:1$1PDC6GbQCn0uosqx$02184ce7049fc9194d8f2cae37274b95a0e4cc2a0fe77e4019bc8f03f71f5a05747dac7bbb66bba86d89f5a97114804c22ac295bfbf278abf65c9523407f3176,Kenneth Allen,"2162 Garcia Cape Apt. 077, Katherinemouth, VT 08638",2647.13
564,795,,markkennedy@gmail.com,scrypt:32768:8:1$bGrgkTGso4WwrJJJ$4096b08a70bde802195f6744721bfc983499b2f4d6ca5abe426ba17eda1dcd51ec615d2edb2c084ac282ccff639792872d88292774f6665721f44b5b4692f36a,Curtis Crawford,"193 Smith Ranch Suite 563, Schultztown, MS 11186",9.15
565,544,,kelly38@yahoo.com,scrypt:32768:8:1$mH3h5W0vHrYNSrQl$182bb94abb569e80ae2d7ee8fd785a66f3bc84eb2787eecdbc920768492d6a981aefd363eb539f94d6f2bcf7be57bc43a6941926b949ad161e5254f9f02e59ba,Tyler Cain,"97573 Tanner Parkway, South Lydiabury, AK 77056",6311.81
566,34,,kathrynsantos@yahoo.com,scrypt:32768:8:1$J6icaZu6R1U4iDE9$a9cb8af986f7a8917780451addb56a69e8403b58c29a4a3250ef1780f4f8126475eeccb5faaf27c800cfe8f2548b886ce9e9b0fcd3714bb7e47cc6a0c07e3b4b,Courtney Mann,"1977 Ortiz Lights, New Hunterside, AR 47059",510.16
567,819,,deborahrodriguez@hotmail.com,scrypt:32768:8:1$s2qkgT5vkZ9JSFSX$16c96fc6cb6d49f9e2d047f643bc66abbf4f8674c48f77e5d047629d2fedc4c7c9d34fafebfd02f961c08b7a24122893227f30f6e4d6f86418fe01e8b0e5b755,Karen Benton,"7267 Robert Viaduct Apt. 970, Brianhaven, KS 48964",9825.20
568,739,,xhawkins@gmail.com,scrypt:32768:8:1$mx2WPdR0YaZACFPE$60d7eb8d009a32c715f74dd33532d6342b3045a0df94bb0f86550f5d52ab6d2c30eb8d5a4ca580597a0fc267304c1c6cd95c58835adc4367c19b94f78f6e7264,Wayne Nichols,"USNS Stokes, FPO AA 56497",4154.66
569,514,,jeffreypittman@hotmail.com,scrypt:32768:8:1$PqpAFSg3mliSz634$5607781d93f726b1f8bb0e40fbc1a31b90f77af9725a0d3eb5e9cd091d086c89e790ccab8d0484a162c3d8b28803fd0d039fe2d8add30234e7e57c05f9e7d15f,Terrence Stewart,"0393 Andrews Hills, South Danielle, MI 00974",9664.90
570,787,150,ggarrett@gmail.com,scrypt:32768:8:1$0aP9lWoNAYEboONg$65160f71ccc546f3b354f51fe601cdc6cda93d67c55cb7dd2a11b77b6bf9a50c82cc7d3351e206c497fb69466afd58d8bf9bd23066cb636f7e4da82d840720f2,Jennifer Franklin,"19700 Adam Ridge Apt. 162, Mendozaview, FL 18616",9466.54
571,17,,qanderson@hotmail.com,scrypt:32768:8:1$jm7F2i2UssgTBlct$bb064fb4c72b0051fcd9bb0c4f3a0f71ad80074378ea5c8d811f61f752ab85dcca21142f83ccd59b3fa54517001a22bb43259b4978938e89ce059469ecb3b7e1,David Hawkins,"402 King Mountains Apt. 096, South Joditon, MO 73394",3052.80
572,483,,cindymcgrath@gmail.com,scrypt:32768:8:1$7FaLm0IIKHaOyXW9$6a3ef67471286ebc4752704e83c3543f8582530674672b3e223eadcb78b65d75e25e5dcb47c1130e2158a12952f9faad021fa11823ab6daea8d9ac222a2d3ee0,Charles Johnson,"465 Maxwell Springs Suite 765, South Crystal, AL 95839",2299.04
573,908,,edwarddonaldson@yahoo.com,scrypt:32768:8:1$ecVTrgVGxHqk37Va$d5408fa28861f85f7696fa6a8c1a79cfbea05b29b3b8faa82000b35422751783d9f76909b61da782f6a3d7ab9eb8faeaecdb7eff00a7e88b2e4b93145d139ea6,Whitney Johnson,"5158 Phillips Flat Suite 106, Port Tommyfort, SC 74896",5027.06
574,26,,ronaldmclaughlin@yahoo.com,scrypt:32768:8:1$QulW7diUo1hw8HTn$1367283af3280437b45093eb521d7a759bf4d91ada04acbcbc8ba02732e982e416313a7f7f4d68d7a634e334de2032990e9729b83411ef59ac8b67017259bd72,Jacob Hernandez,"9686 Timothy Flat Suite 017, Daltonbury, ID 85613",6005.79
575,500,20,jackson53@yahoo.com,scrypt:32768:8:1$Zc9RUzJSi70vW4Yz$c0bbdebd41ad5c7095d1a9af1dbeb9619c090d219e057e21607cfdce96c283a0e8459b3c94eb34cf5394f27b2a47589ae309f50d1b534e6504b80ee56debd15d,Michael Taylor,"22344 Kimberly Spring, East Eduardo, WA 24324",1456.42
576,547,,sglenn@yahoo.com,scrypt:32768:8:1$3Yiuf8jzXRGcTYtY$929ad2656bdcb2d0ca979bdf39b659df7aa40b15f83b89afd180bdc5518348bb86337a4f55dafdcc8d9ecc1e98966c51b6db7a41230ba5d393552180e81faabb,Michael Miller,"Unit 9117 Box 2089, DPO AA 60700",4972.81
577,220,157,fitzgeralddaniel@gmail.com,scrypt:32768:8:1$aV0PLTjx5rNQ3FSX$3cdc9a82ef5ae4154b1804690382c002d65ab201e404544c6c3fc9f83592f1d7eefd7502c91d60f58115f7484a4e9ea1f3eb030ccd85584c1395186223f31ac7,Julie Walker,"841 Rivera Keys, North Shannon, NM 99923",3232.18
578,825,,juliemartinez@hotmail.com,scrypt:32768:8:1$8nLNMrJYqVBV2rwv$f068b503f7d9a51b77a8dee0202c496dc8a4ca84b3de801df17685d83d35b11bd6affd1af657c96b97dc0c2e2f5c44bb2abf8fc4542b2db68c194b6b224c8568,Timothy Clarke,"355 Lyons Estate, Farmerstad, MO 02548",1450.94
579,380,,sarah79@gmail.com,scrypt:32768:8:1$2ilZgwaiZxHPzeY4$927c199bde6e6bf4119f653e97b418aef8fe2bad630ffa45fae0903f50107f9a59ed75c6dd82f670555fd1f88bc5af40edfde8345d5c038950c8931caa666040,Shane Parker,"4395 Carol Branch, Brianport, SD 64813",8515.76
580,393,138,christopher03@gmail.com,scrypt:32768:8:1$0rkqTA2L1anZBQ8a$52e0ac2c5430273d273a3cfb3e70280e6ff1933ee205e15630e7f448fca460744c53413dd42d882cb670a8e28d8be8b04cbb96ab2482d0179f83b70b3020812f,Jessica Davis,"20077 Salinas Isle, East Jasonshire, AL 29092",9844.35
581,757,,peter27@hotmail.com,scrypt:32768:8:1$YT5KVntJ0ryIjTlk$a81f7155596c7bd9f0b6a02540e934cd3c0b9c699abe5e0b3e4eb9d9995deb1d13439b57b5deaa966095699527cccec0643ed6d7851d173f16a9bccd42ea702c,Miguel Monroe,"595 Johnson Well Suite 518, Mariahberg, WY 88488",72.14
582,543,,bookerdawn@hotmail.com,scrypt:32768:8:1$fOcpsGp9VGAWqflR$893526f4c2a316f916d94bcf5831c0c7e85244f920d27ac519f742de8554e10a0537506a0c740d8ff5b7a562efe8043c7689a7fbf91196c6acc203d3a781ec26,Jennifer Powers,"352 Maria Views Apt. 128, Kyleport, OR 33080",8475.86
583,867,,erika56@gmail.com,scrypt:32768:8:1$CJNVoH7hFYpXrsTu$7e71d2bb85d308c040426eaeafbd2213403f4098f882d912f89f91a843ab9fd7a2d3fa8190f25553ccba920a6be3e351922df07137aad72fbec5ffd0d259e65b,Brittany Miller,"PSC 7449, Box 1530, APO AE 39604",6541.66
584,42,126,vanessacastaneda@gmail.com,scrypt:32768:8:1$8PFXjYmeWrha0lwX$14cea008066f511410ebec0cd98050fc0a61941d28cc2a025cb3a88439d2ffc773072c442b4a2fae62d2bf30f180998f5bddcf386fc5d5e415a466f0503ca18c,Sherry Jackson,"7997 Hanson Walks Suite 588, Johnsonshire, MO 27250",6208.91
585,217,,smithjennifer@gmail.com,scrypt:32768:8:1$T5RW1rqyNuSC8Q7S$4839342900ba7b5701d4af7c6c32f421608368d007aef486db52587a040ff866144a3aa653c88bf8c1573d271921cf6f6ee7f1c18cebc8ade24d361b18223d12,Eduardo Thompson,"404 Joseph Islands, West Thomas, NC 32511",8320.91
586,734,,justinmitchell@hotmail.com,scrypt:32768:8:1$pdcIZCkYo9KWAoJf$7c0c9b4757bf854b2ac97950397f3092e88625f41b2ea1570e760312e688fe67ecb26744ab5356ae7d420fdff8a85c069b15f65b81fd33df5a5e6be1f1efec18,Connor Lewis,"147 Williams Knolls, Hunterville, SC 98506",904.85
587,868,,fserrano@yahoo.com,scrypt:32768:8:1$yxBVGNPvEsB3VBmm$efa1e45b6a5b77fc327d71ab260bea710f44facb5e06446f9683baf8ef2bf32fb051e40b89b83b942d158c6e354036c04bb9e83834bf1e7ddc9a52316fe6c5ee,Karina Martinez,"8737 Nicholson Ville, Waltonville, AS 18548",6196.92
588,971,,qthompson@yahoo.com,scrypt:32768:8:1$jNENksHBW6VxtyrQ$7d3b649207cb5ae9fcc4c52beeadc929c2734c88652c0c18982b15748665ba499ccd11f5e00ef6df471a3fac668e1b3d8304c531f22bcb1ba621430ddeb1bf6c,Leslie Cooper,"19106 Alyssa Extension Suite 757, Hursthaven, KS 82616",6157.21
589,321,,briannafuentes@hotmail.com,scrypt:32768:8:1$lVN7RWn4YZ55jWwM$f680f7833bb1350e3cc94ed0a576adb867548d0df86b04fcb713555f483f756313c0bd3a0faaf1d1be2f6df2c492e38f4f20ef7959a3671a331ba0233d2aa34d,Sarah Sanchez,"Unit 1884 Box 2326, DPO AA 32071",1100.71
590,457,7,shannondavis@gmail.com,scrypt:32768:8:1$mwtrO2gZgVJwJmMn$a1c1b05516d4bc49dc0df1d2380e6a60027c66954f3e4d8bcbe434b5a3f148bdb2b9a69766c6e4218f6783b7e92431b92ff462be6bc7e57c3748d291e894632c,Jessica Boyd,"PSC 3548, Box 2466, APO AP 25218",2639.15
591,415,17,whiteelizabeth@hotmail.com,scrypt:32768:8:1$CNr69EVbYhsM2PqN$d7bfe6d3af4540c93cf56dd99a62679f21a2f3606d051f59de3392ee21bf2e44252c89649515a058b5ee90955f521121e6612f792748da0b336884ddff402b2f,Mark Bell,"65553 Stephanie Neck, Simpsonside, ME 07631",2415.69
592,617,,tylerlawrence@hotmail.com,scrypt:32768:8:1$KjGi36PrtwcXOpN3$726ac3c8c4f16018cd18eb2017e336b0b2eedf8aba8965e23b6ea8fe3e7bbb71ba33a7821e7f31d5359233f02e98f880e68f5d77aaaea2e856e09b00f8711e1a,Mark Estrada,"9745 Matthew Club Apt. 865, Freemanbury, AK 48488",8906.09
593,177,,riveraleroy@gmail.com,scrypt:32768:8:1$1SEUtDpzNVQWwqYV$49df1fd3a14d1c9a78c40b77eb5f1575ed5aac93b00878c5912e0b5c451ec1a9f5398c0cd8464e927742bd797363dd39b66b0718baa1687fef6d25d9197ae14c,Nancy Herrera,"0487 Mclaughlin Heights Suite 780, Port Dianaburgh, NE 19050",1038.55
594,132,,kmccarthy@gmail.com,scrypt:32768:8:1$fMFiDqTefcUlfxYu$bbb5d85a3ffd2273f3b486c05bfc5d49774a06b34b858f6c5b586d0ecc54b81f96f02f03464f3f1e23e06d004997706c4726905aa286274d055e2d0b419f99fb,Gerald Murphy,"89289 Huber Glens Apt. 541, North Stevenstad, IA 71150",7375.66
595,995,,cynthia67@yahoo.com,scrypt:32768:8:1$p0KwHweG4VkCmhDu$195c59303e369714dfacd5087daa30f5915e78045aae0b33b859a01e55d86c6f3b782ecaba781e2181d1527da7b3a04bdab3d59496b8edb7675318ed128f75d5,Lisa Ross,"4763 Darlene Square, Lake Edward, IL 27908",4184.43
596,158,,samanthamiller@hotmail.com,scrypt:32768:8:1$oHqgoOtdehFHEVd8$1d6eb8c035c22db551546da1daa903993e79689af41a7a9038ba11c893ddd2ba9049cfdde0936700fb9bcf687a1397e1b404d5580feb7bd320eab72f10bce256,Dennis Bender,"644 Mitchell Ville Suite 059, South Reneeton, MS 63880",9232.42
597,845,,taylorprice@yahoo.com,scrypt:32768:8:1$sIsQOYZ11lK9n4kx$80b923e5a0abf4457d49202397a1f502c72cf6eabbe586410f18f661a9ff0ee98c169e57c3387dadc43bc932d22579d22ed4be1f4bd910568bf59bdacfdc1580,Mark Collins,"6668 Lee Path, New Heathermouth, ID 58182",6606.16
598,756,,jackarnold@gmail.com,scrypt:32768:8:1$y2gPTudnIMJ1Q4DB$4bbf2606c7126fcf6e22f1b9cb16ace2bbf7042059ed15f854705c99e8523acf03476ae5de535c192eab108eeee0a8e08bdc707a34fe81b2f6b293341dcddbcf,Jon Stafford,"94764 Tina Park, Payneville, OH 94458",6581.83
599,654,,richardlee@gmail.com,scrypt:32768:8:1$StaCuaicjUP2AVh8$2ec43c0bf4c4a65d1c1f1c7e529f0ba74a71161472683e4477180b01cc7179ce1cf048951997060fb96ccc48931b271d64dc0bd3a81687de06880ec746ee513b,Ryan Fuller,"25591 Natasha Views, South Johnnyborough, AR 95285",8244.39
600,629,102,colemanthomas@gmail.com,scrypt:32768:8:1$Vdx9RV7UuHBM1QAe$903d2e71c851e19e8d9f2c2a0d695cc46faa34d40664e92738d6161b84e0e41490be4ded5ae80e8ecbe8bdae12203aff8a1f97161c6323a93b8f8b515a93331d,Derrick Lane,"77739 Washington Parkway, Port Jacqueline, VT 56423",2677.34
601,800,61,rebecca44@hotmail.com,scrypt:32768:8:1$sEBsBzZ8OtuHyJzM$458f76931860367c38968bcf8c4b1cef8a0536232389375e88467cf50c7443c85e314c9e2512347f59c740fe44242a944698eff81ccb0832b9dd6f206936df34,Herbert Orr,"1874 Christian Port Suite 201, Lake Daniel, PR 08100",1600.26
602,744,,franciscotate@hotmail.com,scrypt:32768:8:1$b4Qt0yWecYmc7C0A$5223a397fac95dd377e58108cddb32465be8cea780a30f2d4015949d2e3d3b13b94dae7ff02f10973636da3845443a29acd5325ff70ab574600bd68cd17e0bc1,Heather Hawkins MD,"899 Hampton Via Suite 446, Ronniebury, MH 78580",6653.12
603,961,,gina87@gmail.com,scrypt:32768:8:1$cfFNdMyDyvYhOxzw$44453a57d0ec0f574462262ee213e63f79efe5fb85e4f9f49c2a57e13faab778f3e7f101613bdecf4048d89f9bad6ec99332d8252ac5a382075c36e91824b055,Lauren Jackson,"03048 Robertson Lake, Sandovalchester, KS 99685",1489.97
604,737,169,xcooley@yahoo.com,scrypt:32768:8:1$W0B9h51oYhiWvfCM$22e29d8fc8a33a39caa4651569eabe7b040c4e78e067b0936c6e910256b6ade099718be6ff833871c92945f56de96275860eda6ba853d9d2141b75b7b7295899,Daniel Price,"USCGC Rollins, FPO AA 98680",7202.18
605,93,,thompsonapril@yahoo.com,scrypt:32768:8:1$X2ZW7KvN5zhlUwBg$ddd84608840c6a478fdbe01e4ce902d583507f413f111bcf1fd5571ff3b1b78ab486942e226c1b7eee89a2fd201d5a5d4dc372ae7be14073c0ac9af430bab7b9,Steven Lopez,"9941 Walsh Plains, Ronaldview, ID 95876",7478.79
606,288,110,petermatthews@hotmail.com,scrypt:32768:8:1$8Yp3f7li7ZInNyzN$55c09c2fd6c25a8728dffbdc20a4bbe7095d2a453f5e93dcd039cd4e3434a0621e68e3c69101bffdc765e033f24978c20d256607f049f405fdad5db90588d1a2,John Riley,"Unit 9141 Box 5135, DPO AA 92382",8129.57
607,817,,eduardo20@gmail.com,scrypt:32768:8:1$tK6xzNuDxgTUTLZE$7806468eeae26956f081b38674b8ee40fa0238853882effcd57949f0114664325397b967b95ec2c84d25c0b6a21cc5d809c9d77bfa8971dbbf7c54b43667a4a9,Andrew Ramirez,"15728 Morrison Skyway, South Jason, FL 50059",367.75
608,715,145,sjohnston@yahoo.com,scrypt:32768:8:1$9e6kPxr9SEI7Jo25$5ca24be213499eb1db0b606c9d5b58746e10ad2b6b32881d8ae41954edc98cdadb86dbef12bab315534848eb002bb82ab37329aea0c024da90e2d6e36561b967,Kimberly Williams,"65245 Dixon Stream, Jennifershire, CA 36633",7392.81
609,893,146,morrisondebra@gmail.com,scrypt:32768:8:1$ilFpwlcrNvvRuKqQ$2c6a9b3a8091533997ce9fe41afa04676a64df09d96502f74ce8099e168ea2a9d675e1d6468f7eba9c903eff2702d4da5068a4d040eaa2b510fbe9cc353fa592,Michael Noble,"63030 Brianna Locks Apt. 622, New Thomasfurt, PR 83358",7377.23
610,761,,michele86@gmail.com,scrypt:32768:8:1$43BLJ4gDfAot3PnE$cc54c8581f2412478bd9eee12398c8a7adc67d6b3f3bf7375cf7e8fa809ec03b6109f3bdd400ecbff41935f7501daaef70a3c7a567dbdcb4a51bb6b86c34d294,Michael Flores,"63089 Martinez Ports, West Kaylee, PA 12152",3209.67
611,653,,rpotts@yahoo.com,scrypt:32768:8:1$C0P4motT3u2oqX2J$232f4a63e6dcde3cefd200819fd66cd6a54261eb47e691c69c43d10432a9a38051d6696aa3c1c82a3d8319babb19c97b3159f9e14c8d03ecaaee66b0d8e2248e,Linda Nguyen,"32933 Flores Circles, Sarabury, KY 37782",2203.36
612,184,,nicholsonsheila@gmail.com,scrypt:32768:8:1$b2fe7jNU8XIwYMta$869bf7b91a122cee5a2a153ed916bea00f407df298ca9553b5913d7800ccab86a5644064b4ab11caca85fa5aebda4b5ee2dafc51f1aab9069dde709c63cc3379,Nicholas Baldwin,"PSC 7060, Box 3625, APO AP 09675",6869.42
613,101,,mariah64@hotmail.com,scrypt:32768:8:1$7xaKT15Dii429z9Q$6cd081a852a1615d55c9ab74bb5b05fda7b4589a3ad54a1369887efe9fada3131a6e61245aa6f4f241b4644bb68337e5d0f9fb57fa9e8fd55dd8130a6ae6d972,Megan Allen,"30241 Kathleen Turnpike, New Susan, NE 32887",7846.20
614,51,,nguerra@gmail.com,scrypt:32768:8:1$kytxHCuzgZaYpmDR$825006e439b9d817fa43acef78fa06def8899043d3fa5d297a00c2c4f97bc32d5c8476a66fc9a940806e184a4cf528e9b3a90cfb3bffb8a6e6640fdf7fdfaa25,Albert Johnson,"3129 Jeffrey Locks, Williamsbury, AZ 81396",5369.47
615,281,,jose38@yahoo.com,scrypt:32768:8:1$G7oWEgoTVqWPhpMB$04ec39889fada6940652e30ad86aa3274e69c43071ed0b8c88caa3422d7e176e3566d6254c0a364b8950313bc83a0239d391f8a80731ba1377b989d6c9d92d9e,Philip Casey,"PSC 1797, Box 5698, APO AE 53346",3395.81
616,213,,barbaragarcia@yahoo.com,scrypt:32768:8:1$CfIcG4FKqYMtuD7V$38c21625ed62de7e1c48265f741ac012d2acffa7c0dd99d16cb268980bd91c0c41ecf250a9ced6bf3ed92ec0070e6be87f156770583bdc1e79bf3cd2aa0b8ea8,Allison Taylor,"2015 Christopher Radial, North Warrenfurt, VA 65329",9736.12
617,687,,campbellrachel@hotmail.com,scrypt:32768:8:1$2Lpnv970J8dpK3Sh$62ad643e1ecfe11639d4232c30987b51b2651d78c97ee88d0d073ee6f4b8fb4149c0505232f10402cc159fb7238c8a938e01dc57e0d397805377e0be74b22964,Paul Moran,"447 Nichols Fort Suite 828, Holmesport, ID 43216",9480.12
618,630,,adamsamy@hotmail.com,scrypt:32768:8:1$MOroBnAWYPkf1W18$540ca73c7358aed13db06914d670eda2059934d863882e6ba4b7afac9082de85329c5010a0d3e0ed44c0014194968d03e3b42022636a7c033c50e16750136fa4,Anthony Morales,"33334 Guzman Road Suite 348, Johnsonland, WV 45733",5328.12
619,118,,veronicahall@yahoo.com,scrypt:32768:8:1$dmBD3qLX5HqN24g6$f5554de48de5b32f851771fb320b06414a839bc6aa99550ec5070dc07c0553327df4a2d2aa8e3f5723fc0b49a5bcc659f42d48573f2ef865a9587445acbb98b7,David Maldonado,"45592 Pugh Island, Taylormouth, PA 78645",8565.53
620,942,,davidwatson@yahoo.com,scrypt:32768:8:1$XTacclxX43cLYyLo$44d1b05f3f846c271061fb2a0b2a35c95bfe60b95d7590c98a1eed5862ff3024c3ea740eba233031a0b51b950d164d21a884538a5ec8fe10235952d8948ec01c,Rachel Church,"5258 Brooks Springs Apt. 991, Lake Georgefort, CT 40034",9277.06
621,433,,darryl55@yahoo.com,scrypt:32768:8:1$ycA9r4cOkVYfIUwT$51b2b04c1ab29c96a0874595866aadb5ecbdb4a8277fa3cc207ef640c92ef7a36c8c64ce9d156607d437945d9c09ed5033d0aa03e0a01bc3cafeaa912639c1dd,Phillip Johnson,"73421 Hunter Tunnel, Jasonfurt, MP 03272",1369.58
622,720,,roger49@gmail.com,scrypt:32768:8:1$CQmWmkKzudieIs8a$7b37ed7276373f75b9367ba35d7ee14c90f1c2408d1e3aa1e0be3ecbf2be2a242da5b5c5720edaa21286de1b4003e836b2856c2b8c3dd4fbfa49192aa6b30cc2,Christopher Johnston,"734 Traci Glens Apt. 700, Bullockport, LA 14755",5283.35
623,512,,michellewilson@hotmail.com,scrypt:32768:8:1$kMVLjwoIflGaTgMQ$66a4e58e95d1dbb9830d3bb48b924e527d1b9bbc7900213d5d607469f54fc602f2b6a304042e897a7bb2ac0b1749ee40cb979f272b5a4c6cbfd0c0fa80d51436,Erik Harrington,"214 Michael Mountains Suite 046, South Edward, MH 87346",5664.34
624,677,155,adrianrobles@hotmail.com,scrypt:32768:8:1$XgpBTRsal22IBsGZ$19991b992b5341b500fe30820dd857808040800e6c910bddf0cb9ddd29bdc6fa0d687db93199b01fbdb6ec1b8fe9f90e8a24e14f2a7aae2e4de9098f52e7a405,Richard Bates,"482 Hall Wells, Jacksonfurt, NV 44054",8010.20
625,311,30,aaron22@yahoo.com,scrypt:32768:8:1$WpRiIbHOLZzjuERK$6c1d30ea63ecaad3240e214b060d8c09f47fa84799ce187eac35bf86310d75c526ccdfdb319828e6e7eeb5d2bb5254ee042403faad5c6f97761f39ec1bb94b39,Taylor Schwartz,"51400 Evans Route Apt. 129, New David, AZ 65756",7907.36
626,189,95,linda94@yahoo.com,scrypt:32768:8:1$ZVN2zIQMCfT83rqg$b52ee793f4baa1b638d1023ad6608e4245ec8f9d7eb5053aff905e8a94d424f2235294161429784e88ea6da5ef76a1b45f693741c1e6124296589d6dd53df973,Melissa Schroeder,"21347 Michael Rapids, Robertsport, GA 65153",3643.26
627,209,,humphreyashley@hotmail.com,scrypt:32768:8:1$L8gDAaYAJkBegOny$9e6d19e1c31bcd22489953cd9de9f99d69eda7386f6b838c3e48618ed4f05bf4e56da8d17a05684e12de47e1d1efb11f7b4d54951af2d62fa055376312213ef0,Jessica Walsh,"3754 Ellis Mall, South Lisa, GU 57896",3740.32
628,421,118,megan42@hotmail.com,scrypt:32768:8:1$EkJzsDXPndyRM8Qw$02e68a76f91b2263318c18ee5ba835b014da5ff28531a81e050cae6340ed1381ead526302c6fdec6face17ed0208a336d18ba41be762702b751e761569f4bcfd,Michael Hayes,"7170 Chloe Avenue Suite 395, Johnland, WA 70664",1851.58
629,298,,judith87@yahoo.com,scrypt:32768:8:1$SuyzUJk6pgsKvFuh$0b095d6fb8129599c206d9cca955921f35d130738740d0c9da749fbae6331c85c6773d6348e7d893c694255db2745780339d2580d3165dfae8c41a39b729ff00,Dawn Bowers,"523 Bauer Oval, New Micheleburgh, NC 46804",7390.01
630,462,,ryancardenas@yahoo.com,scrypt:32768:8:1$HZWNVOucS8uQoeh1$4ce5dc4e15368357399a777d1f53a7c4241a5827c0b255763180000f6ffaff23d74384b97a94bb7ba138b643186f2fe8ab7e733104c6c30d0a84257cb3acee0a,Dr. Jacqueline Anderson,"0321 Alicia Grove, Tammyburgh, WA 21026",2423.28
631,979,82,perezedward@gmail.com,scrypt:32768:8:1$gaKOc9GsfAqcSBxY$acc66c2f6108bbf952cdae6a0bfef5b82b4c06d3e6c869a1ef5ba577c1f4514c88bb9727368a75e6c968c3f32cb25b3e9f625846d60e6a9ccd8d949a1efc69e3,Corey Allen,"271 Wright Mission Apt. 399, Vanessachester, VA 08074",8435.30
632,340,,hsanchez@gmail.com,scrypt:32768:8:1$5FSF01lmuKQ1Uuxx$5d12460706fa32c3f4fce81853970803469c0b271f5270cefadc5bb77c31f4f2af390fcbff3cc8e5c2030102329170e5ca3754d48412151c01baef5cae254fd2,Cassandra Costa,"Unit 7578 Box 7143, DPO AE 01877",3329.82
633,666,,zmoore@yahoo.com,scrypt:32768:8:1$MbEly0TjYXl9Xlng$e39fcd2a2a6874cb962a4561bd9b603dfa808a6b3a15a58de600b92db60a1fe07f912d31be4b8bad2ac130af0f506bb00dd3e4b1282949a31ad0141f8376e542,Cynthia Reed MD,"10837 Griffin Falls Suite 214, Wareview, VI 85130",1821.37
634,862,,clarkjustin@hotmail.com,scrypt:32768:8:1$eGk3d7KMwIff1WdB$1b5cbcfa09a5543d643d016955b75ab8076ae861ee7d8b7d92652dfe1c789d33ac773a614f9ea00da38f002e0453f72e0b551186e88ec1c19fb77c93578f9ab2,Karen Jimenez PhD,"8541 William Views Apt. 063, Port Andrew, WV 05063",5774.73
635,534,133,trevinojason@hotmail.com,scrypt:32768:8:1$X3R2taGJxcSwmU7Z$2cf6ed9aa1db91ff840dcb37daeec378909319d24d6a8bed4ce8cf69dcba1af7aa8d76d955347cac3191efe3289c582f5cf46e1f38abc924c5da830d2a25d19e,Daniel Garcia,"435 Carl Village, West Michelle, RI 07115",9167.95
636,745,,bullocklaura@gmail.com,scrypt:32768:8:1$t34v5RE1o8vojx09$7d10c32d83f25c921819ec0078886a5b694081de182e646065011c73802c3d81c668ff085ae10e508a91536cd96461838881162c2b27f137c0d83050f9b1a16e,Lauren Tyler,"74475 Russell Orchard, East Jamie, RI 93575",840.49
637,896,,zcontreras@gmail.com,scrypt:32768:8:1$4Py7I6FZ7OQi57Qp$417e6bb53e6a20e97db7d2a76fef128b7f9b926c9270470015aea6e56de2199c5f19c9a37f00fd284ef5318255f10063a163384d5005c7d05860cb8b3b3d140f,Linda Allen,"3922 Moore Cape, West Kathyview, IA 07847",6822.59
638,253,129,melissareed@hotmail.com,scrypt:32768:8:1$TFb0ZHuKtOiQ2EVR$b0eabee6ee6d3440920e14d9c7173b7456fa722a76b74c393c1284581e74107af4e40b3d32e0c633e3abc82cd36f30f66e14842374c9a6e0970f9e8daee2f377,Ryan Nielsen,"Unit 7903 Box 8524, DPO AA 55522",5089.48
639,254,24,pdiaz@hotmail.com,scrypt:32768:8:1$VtYxpTI0WmbbU8G1$d6ba93b7699a7ef2c0121b86b73663be764613a436301b41cc0dea4493dfced3d23ad39efffdfca415f9ba3c10d67b8f98665f80f6cc34ee72e7dd049ceaeaa5,Ruben Walsh,"25629 Abigail Ford, Melissaberg, MN 13402",6580.96
640,684,43,wellsmichael@yahoo.com,scrypt:32768:8:1$lyJDL6AGXiv40Lge$eec98a77b6bc08ee716a8a1db170d19f900fb762afa778bf1a3092e8c084240517b14e8e86b70f09d8787e1f741718d7d00c1f8314f0f9304911985a9b871747,Christopher Johnson,"USCGC Lee, FPO AA 47185",5213.35
641,614,,estesjose@hotmail.com,scrypt:32768:8:1$VdrtB0DWgAvFxinP$05c75e71e6e490fd4fd4655995f796318c4e0d45cd78d71f6a2af1addcc13df6564de8bbcca400398d5a8cd08f8a10b1f4af5307f452d76aa43f1ce2b2197bb3,Nicolas Fisher,"5244 Baker Fork, Garrettton, TX 36723",154.53
642,635,36,christopher47@hotmail.com,scrypt:32768:8:1$ifjov0ShzgmS0tvI$3a8b7ae5634f7e49e54a9a22f54bad2832d6c5b593f9778b193a193c24023060c43e5008c60e62390c72e24390553788f69827eac83b60e5286847b066cf6146,Ashley Henderson,"05374 James Passage, North Margaretfort, NC 83124",1094.94
643,623,48,fgarrett@hotmail.com,scrypt:32768:8:1$UI4XiU3JKIILdSmC$9a65ca7803cdf8ca1edab93dddc59b99e046f494c1c2289b8f69aa4cb3b78a58aff053485c90f3bc0ba0ba423b3912ba81f335967768f2c1804976a6ae768833,Stephanie Vega,"697 Cooper Branch, New Joshuaville, VI 37451",7286.13
644,855,,kennethmorrison@hotmail.com,scrypt:32768:8:1$NQblueIu2jDleDtr$c6abe12e54e12a7dcc49dacb16d95941425896bf47cb5d359a6ba4d3e1cf7cbd7479f7301d108217659d5f65652ceb652ea5861cb4ae891b4db00dbdde42505c,Tony Morris,"USNS Walker, FPO AP 90674",6433.92
645,123,116,omiller@gmail.com,scrypt:32768:8:1$dRc2sapsAPc3e8wc$58721d00e7f2f6439332a48b7e88b0ab0c3c926aed4e42eacb82bdd4896f8f79f483580811a952fc69a774000274a891e4fe76b3a5ce37a3af52b8e053d49e89,Cole Ramos,"364 Misty Islands Suite 079, Reyesmouth, MO 44294",7516.45
646,837,,william19@hotmail.com,scrypt:32768:8:1$s3Cnp9rdikGALCTC$b7129ed0173ccf78371f14f6980f46615f2a954cd98896784a50a8ffb31a76e777e0057b9fda77618d911253e90308dfde664c17d046cb217ceb106c8a4fb7cc,Holly Herrera,"PSC 2111, Box 9195, APO AA 30232",4420.59
647,32,,srodriguez@gmail.com,scrypt:32768:8:1$T0HsKsWkwiiZBJhs$b634fabbb000429f95fe58d66a7e28b845e6390e478a7953082e341eb46f60b6912bf1fdddd1d4e89410058a26c39957520cc38558698a76f13fdb9656354c6c,Shane Walsh,"024 Christopher Manor, Humphreyberg, VT 41030",4473.60
648,272,16,sarah98@hotmail.com,scrypt:32768:8:1$pnoRPp0LwK69Q1GB$0c0b2460081b8ab7b6e77483bdd097ec4299b761b4860d71bffab3954104dac35d40b6c86f9ca2ac62c842a80a199862eb1e21eb470ed1d1aa03dbf4179c6706,Christopher Thompson,"395 Carl Mission, Reeveshaven, NY 73754",6240.11
649,236,157,hernandezpaige@yahoo.com,scrypt:32768:8:1$2mce2ue5odncWcD1$1f51886684f04971e9e849fadb5ad5504d7d8d13a9e940ef8528f49b8831bef3c5d11455fe234f061b5bccfa12c3358b902b8d767264547d68e620b370638cbb,Daniel Ballard,"5059 Matthew Stream Apt. 058, Shawchester, OR 38606",5231.57
650,974,,ycunningham@gmail.com,scrypt:32768:8:1$EOZYPSFT92rdiLGL$e71b34e19149d35f9cfaa987180edd74758d2e123caab11bbc4bdf0172fd7cfb138cc8af70d3a3cf9bbe5b2d6da3f1be3f867b26a23e1aa66a3ec11443797a52,Jeffrey Wilson,"155 Torres Radial Suite 670, Port Joshua, VT 01760",1373.13
651,451,,ibrewer@gmail.com,scrypt:32768:8:1$63UIHaIt59RwC1yy$9f8e2bb9179158d0d956a08c67a686756d376b56960b20caf6523935c9b8e28e44c2307f09e85efecd640dde22cfb95509c5b4cae22edc2ca54b1c22812ef7c5,Jamie Stewart,"20504 Christine Light, Hesterberg, NH 61157",3515.03
652,188,,nicholas68@gmail.com,scrypt:32768:8:1$ctpatl84gMzCC1jW$8b075c07e7dd37e37cf8d237a3ccddb8307942d9b714bf0b8b2a7cdecfe49fb8b1ea8a6d7728384c62b4f4cad4c58a960de192cc3c9b72d4b376e2f914cfc1cc,John Mccormick MD,"209 Bautista Run, Lake James, SC 73890",1775.71
653,180,125,frederick60@hotmail.com,scrypt:32768:8:1$qMwReBGJfs3uNYOz$9c1de6b1f836c6c07be83b9e042030e18c31b8ccd01a9848d761629bb242e9e5cae77297e19ab627da68e3dc542be3fe097ba8f428cc6407578799e3561609d0,Alexis Wall,"USNV Delgado, FPO AA 60609",491.58
654,471,,hoodamber@gmail.com,scrypt:32768:8:1$u5x862QFPQFp1SgX$599383f10a8d52ad50730210664f61850cd8b53259a27595ba7f7ac60ca0683a5f3511d7650cd2db268025bd99e20e9d38690d5d7b534ac46edce7b7139ebd58,Melissa Waters,"7909 Wyatt Pass, East Eduardochester, NY 27774",3979.54
655,838,,ypaul@yahoo.com,scrypt:32768:8:1$gGmwdoJFKqjdnjuB$fb5d2b7c4c89eebb433e9360993ca5c50c3cd144cf81f5b93f3a20b4c74129e78387d2d11bcab30248f49fa5a4c2a244cf1a0de2265fada550fc69b1e31d7779,Steven Rowe,"5123 Connie Ville, Lake Kathleenview, MO 68329",1551.80
656,429,,langsteven@gmail.com,scrypt:32768:8:1$8ZvRkVj9cPZJgYf3$29e13aa6e00d7ede281264e0b991a02f777417282dfa0e34df9497da1f842cf922c951b134d24e903545ad2ef4afb6b10f65c6e38de5058e0aa3a05e3ce95d3a,Heather Rowland,"70791 Thompson Springs, Cassandraland, IL 60425",1721.34
657,889,144,melendezvincent@yahoo.com,scrypt:32768:8:1$fBcvNT9w08UAw0HB$6408bb5564fe0b168b470d55ecf7d5d67b3707a9ab8e6fd903798be5a4ad9f7cecead03d84c5b594a00fd32d4220ac1c68fec3a542048143a3cd49e9ca609520,Clinton Johnson,"Unit 7263 Box 7735, DPO AP 07523",5020.27
658,308,75,wjones@hotmail.com,scrypt:32768:8:1$D9bQFgjw7cJYTIFm$08d4fba335c716f1ebbf9211ca103416f253dc7dd5822311165b1cd90327eeef822352d4965d946b95f5a48bbd88fede4b223e32e164ee1f755b2b4fc0cfe1e4,William Vasquez,"3813 Noah Coves Suite 346, Lake Christinaborough, SC 96458",6403.07
659,200,89,eperez@hotmail.com,scrypt:32768:8:1$K60FiLg07j0dpjqX$7907d4ebfc08a1b003eb94df816b4200f5f19e40c52cc8e4fb17126bd34de0be32bc06c9d3e7703f3d890d390f44269aabc7dd5494753c5977b27ee055513f16,Pamela Jennings,"0323 Monica Junction, New Alan, MO 90247",3703.95
660,64,,david50@hotmail.com,scrypt:32768:8:1$R3mCiaoCZQKbUczM$514b949691059a0f227fb5455e9ee8d4992427b6d9e73bf006b59d4e645b22c5adf7cfa9ed10dcd655a74b6c3fa17da5c8e932438a049331063279d501fcad70,Robert Hunt,"3574 Gaines Estate Suite 188, Port Chad, OR 15104",4652.16
661,562,24,whubbard@gmail.com,scrypt:32768:8:1$QRAXIM9jb7bXDni4$a9ef29021db32553eb926acc6d1de334b8a963e0582fc90b8ba30661164d92b87b7e7057b5f1749b5fbe0bc49f493dd3f4bfb532e00f7c7835027735c166fb3c,Michael Friedman,"004 Wiggins Mountains Suite 606, Lake Derek, NE 65300",4539.80
662,985,,qowens@hotmail.com,scrypt:32768:8:1$37z7WZ9xZRipGHqm$c9c1bf6e58df8adabc0b393d0460ca7069ca6f56e1e09b0a5c8fec7fedc84fb5502a159abeb3569dfa27b9d0276ba417fa69aefec37d58a84cd1962e17d1c7d0,Robert Hinton,"0640 Davis Crescent, West Brandy, IL 45049",9909.56
663,363,,samantha09@yahoo.com,scrypt:32768:8:1$pPqCl31MvjkUaG2R$e5f5a512bc1fd5a59d793ffe1090c7c5fbaceb5cca7edcd1081410815d930e458486dd2e30c62aabc7c7d64ab8e449a23c757c293f8ee9aadd11a8c46bae37e5,Nicole Williams,"33098 Melissa Plains, Christineview, OH 15521",2612.41
664,206,,fordshari@hotmail.com,scrypt:32768:8:1$KYzH1ekEsgJdecBs$73d19f5cb69fbf85ddbf4c9dd72a9414b8f4201fe3b0b722468e5c745540f4d93d3037087e4eefdf302e4eced9b912de3a3f5b513c5768cedee094c130fb9ba1,Scott Turner,"147 Brown Radial, Lake Tracey, UT 35604",7902.50
665,448,,dustinwheeler@gmail.com,scrypt:32768:8:1$XCMKcgtGo1BixfsW$4d7de09ddea81c18b38c5b46a2a6782dea67a3137c38182d58a58b312e75f0e9b19e171602d1935f7abf0229f8d0bca9922d81e88c68bbf247d4b8499c17989b,Lauren Hall,"Unit 9345 Box 0757, DPO AP 17031",9300.90
666,319,,angelaglover@gmail.com,scrypt:32768:8:1$JCg6LkgyyZdHmsWk$32635dcd07ca708b1bddaf66f83d89499f0be589f650640979361234c478a3c9ea53778dc04817d7682989b021f8cd7461f250377f0c5b7f5eb47fd72ecc8d22,Mrs. Lisa Rojas,"550 Kelly Vista, New Annaview, MT 85240",1096.55
667,897,,bobbyjohnson@gmail.com,scrypt:32768:8:1$9Hj3rPj2knQGE2qj$6921aff04ec83de016a4c8a3c716576bee0e2461ed19173c25f1de7421bb2be0d08136857e8f534479c5ed70b7ca7e6c5eb596a41a3b9a28c64fb66bb5ed73f5,Jillian Smith,"414 Jessica Mission, Christopherport, OH 15451",4404.42
668,366,193,velezcynthia@yahoo.com,scrypt:32768:8:1$iqJ127lca8mnos2H$9de543688b255d1ae1a3d47f17d59c79dafba2c90479ca10bb86b32caabe972cd872a9c6e8a9689c1a0dbd6412b7240d59cf7bb27b6323730296fe922599b21d,Morgan Robinson,"6533 Diana Garden, Carlosbury, SC 53838",2582.17
669,312,,eballard@yahoo.com,scrypt:32768:8:1$dA6DfwLnLuHjfOk6$95b2a78942292faab89a018cdc190ecb24a3f3d91af0ae507b8dbddb3ded1cb6689cda44bd361431e325d7c822cf4cc5e7f6858944fbe0383acc4dde6e72ddd7,Victoria Mcdonald,"8116 Richard Spurs Suite 160, South Brian, IA 73487",9394.67
670,970,,gsoto@yahoo.com,scrypt:32768:8:1$eHsoROsL86ankKlX$9b52cbe3f58ff94dbeead2e46e5bd5b3aae35de4f8dbb436a8dcaccd660f3bcc7b1027dc0aef35fe72293c3faf1b8ef4db99a41a16555477b0c109911c12546a,Haley Morse,"743 Copeland Fords Apt. 288, Karenshire, TN 58466",6007.15
671,785,,sandersnatalie@yahoo.com,scrypt:32768:8:1$jwZHDcmLlqrOUPXK$b3520dd609041edef8aae506e3ae6af963fe898db229e823f8df9037d4d928a7165a806223f15cdccb5f91f2524958704115d1ca3e95c94896b236581017829c,Samantha Hunt,"9389 Gomez Valley, Johnstonland, HI 90212",8071.17
672,480,,nmeyer@yahoo.com,scrypt:32768:8:1$oVH0DEtDfv9WbHO0$42a9f819aa2208e59d199cfdb4df2d2fb5b822daf99af504969fa9e8fd6bb7b68558927a3ccfc100a9fcc14952a3939fa1f382861b206da26a22cefbea27f8f2,Donald Howard,"567 Smith Park, Huangberg, LA 99598",4113.91
673,793,,kperry@yahoo.com,scrypt:32768:8:1$Ty5Fo6cWeXkjA0De$43df25b34186a0ed71130dfb98b51b25b6887c25b8cd358d534edb6ceb1c9cf03a0d3ba6075dd7762bef4009c62cec90e84d9964c671dc86e6b4c1c968849bb5,Katherine Bowen,"710 Susan Streets, Middletonmouth, ME 83093",7085.14
674,444,,ebonymyers@gmail.com,scrypt:32768:8:1$Yav9mSGYwzsjWIWf$16cb9833c5562037669eb2c73e7b1f45265182e3a3ea1b267d92ba025ec43883d085dfe05741283c016bebd1ed00c13ebd9a1fb96c94d2204b5f51034e4a2a85,Lindsey Hall,"PSC 1070, Box 4661, APO AP 52637",9085.57
675,314,,popejudy@gmail.com,scrypt:32768:8:1$XIcln0j0ljaFka3D$a8b3f940c5e25116791205a7ad0448080bb1f5a1909750d4279f01816fb4128c558f95b1bc21d91a074d1d3b6182610286bbdacec868caa7a974bdad36a8640d,Mark Clark,"628 Drew Burg, Maystad, DE 57346",5857.49
676,95,,mariadudley@hotmail.com,scrypt:32768:8:1$sKELiVCCiu3NBUmo$c4ecd4c5f7281b8680e97ed62970d28d368255d9e027aabc26859ebc43ed0ed3a9d7adc76553c30831a054b3aafbb59860262181562bb6c3611c2435a9f86228,Vincent Gilmore,"2208 Walker Islands Suite 381, New Cassandraborough, CT 53367",863.71
677,520,42,stuartjenkins@gmail.com,scrypt:32768:8:1$RbSwZcRL8erL59N4$e35e13f6f8bfe68c5123ad5c02ff3401fc5adaa32f1ad102ac59101129437019295cb52bde4a56534940a656e9d42b5dabf4fe1a75b65697521a6d6c28a3f94b,Dawn Smith,"9358 Richard Forges Apt. 101, North Danaborough, NV 93073",4238.35
678,427,49,sanchezsamantha@yahoo.com,scrypt:32768:8:1$WcJR7LUpet0l2MAd$3b59d9d40eee0a3d0097ef67f8782ff196598475769648503f31f80d011b4b86724244131237bf3c747e1469b5b3950b60c45ce6072835b65a2cd843da85b0f4,Suzanne Jackson,"661 Emma Corners Suite 810, Campbellhaven, MA 72503",5910.75
679,748,,jeffery88@gmail.com,scrypt:32768:8:1$FUERc7hCo8a8prvH$9643aa8cbd788bd666e80f7f56c9d47a41b2916d495785da05a155ac1af3622a9ec7d14cc055f1601837512423f11082da1d20934d1d9bacf7f74673efac66d9,Angela Ross,"USNV Graves, FPO AP 91394",6566.73
680,98,,anna32@gmail.com,scrypt:32768:8:1$8jjn4wL723UgyWkZ$d142989f7097ecfe86eb8ed9bebc99cb4076edc57f9d9339ddce8519be6c0833f9f889337b6d81764bfe1318c91004012703eca673d2938a990e5c085f598247,Katelyn Wright,"4128 Williams Locks Apt. 140, Oliverberg, MP 85144",8908.48
681,929,53,gparks@gmail.com,scrypt:32768:8:1$YmC2k0m4ykkxJkWo$d1c2c799b7f80e32067289cfc2efca49247dae7b3fefe16aacc9966d65823f7d24c2693d3d4daddf8fe3fcbf8b0a77ec33752905900c54238e53d941dc67627d,Bradley Turner,"009 Vargas Mills Suite 659, West Kellyberg, IL 20246",8059.55
682,16,175,aaronbuckley@gmail.com,scrypt:32768:8:1$x2gmWOdvIwx23ZCF$a19e146fe7a2745b5e4362c6ff281db4124f460ba5b67fbcf00628f03800bb7da5091653eca50603a3a8c59f996e8ce1f563d978395feb9fbb0aa057f5f5ab0e,Zachary Ward,"930 Smith Field Apt. 666, Mooretown, UT 57298",8326.95
683,437,,harrellbrett@gmail.com,scrypt:32768:8:1$2lCwsCZM35PoIvnI$0b3c5f63a4fe4cc832d4d1ff1fcdead88402ea2ec905283d8a11c7d845314fd7964d8fdbc9bbdf593ec56070bac47a8e70b2bf2ac461f3468c34bdce7293662f,Amy Aguilar,"5063 Susan Cove, Combsburgh, WY 67914",693.12
684,675,,katie74@hotmail.com,scrypt:32768:8:1$zQqe0TR59hNteZvH$9bbbf20e2ee3b8379e2b538d74cc065575a9aa950f559557a6fcb7581440c4b763330b9facb13cbd9b34c81abc107965bef459465a3a8bb6769f927d340b3e60,Haley Davis,"08654 Elizabeth Overpass Suite 028, Lake Robert, MH 92602",2002.68
685,79,,torresjohn@yahoo.com,scrypt:32768:8:1$OykpEHT2nsbDFhdS$c925a6b90b038f0cacd02f5b268be798b8de68150785d633692b8ea142030b16b44531fb9a1be449aade1b8f3b678bde1f1aa3d67a9eb746d6501676c05db2b3,Jeremy Kim,"5963 James Passage Apt. 644, Norrisstad, FM 60206",51.37
686,886,,michael50@hotmail.com,scrypt:32768:8:1$dcMP3hwC6UMBfRv6$ab5a70881eef9195bef073156f1c42cc50c77a1dea9326f05feca5af007a29b03652acc42eae982ae885b6de80503e9527e373711a8d17115c200610aa299697,Valerie Gutierrez,"74702 Kevin Green, Kathleenbury, CT 99027",403.68
687,190,138,christopher73@hotmail.com,scrypt:32768:8:1$8raEiAUisZ6w78GU$7ecb2d06e2ac878a0bfbbe79a2252c7fc2718b107192a4621ff4402cb2e3592220fe21232cd7aba3a3d282b3a537803d61d17e008a3c5ebd0ae99db5469764da,Michael Carlson,"199 Leonard Burgs, Mclaughlinstad, SD 26773",814.44
688,972,,stevensjohn@gmail.com,scrypt:32768:8:1$Ha9p7gMxLo0qKJlJ$92251c727533060cb55fb389ac110db1c40116996d05ba749d2abf630c69388789d76007826af9830195e173870ce6af6e0e1c9a9799b3630c54be07ffe3d65b,Patricia Carlson,"951 Hill Park Suite 440, East Richardberg, GU 43356",4408.03
689,418,49,jessicadean@gmail.com,scrypt:32768:8:1$53RuthElgY25cohN$aaf3f8b2991ea7bce4d11958ba0e3df52916c2dd48d412b95dae44de61a7c1181228bd661c341dd29f695615d52428d200b1e2bf2aa2af7b2ab00cd12e715239,Benjamin Delacruz,"854 Garcia Via Apt. 451, Lake Williamport, GA 22752",6871.85
690,324,,jamesschmidt@gmail.com,scrypt:32768:8:1$XbyeRohk9qwNE3YB$0a841d1c08f3b0a72cfe95a89a3630eea975b60d06f315014c2e22415fc7d474acb6e95dff0a107b408b8666780cd16b7403a11012c041f96bc98ad9154ff877,Christina Larson,"93868 Christine Land, Mooremouth, ID 97094",9567.38
691,571,,ncarpenter@yahoo.com,scrypt:32768:8:1$zcqNm6lRffOSGlmf$5deeb8e19f054c4912735e9365cacba6cfbe775ec6b33cac09c9a1005602f44045d17156c47af1d22b795b30c5a69078483f0a9095677b8b95b35036aa3d0c19,Craig Jensen,"853 Brian Prairie Apt. 319, Singhton, ND 62350",6033.88
692,224,,laura81@gmail.com,scrypt:32768:8:1$4nDPIP4WpqvDOOnM$485ad43bebba109628304e5ba1bf15ac1e979c345bb7e8e0f57dded11b3dcbbd434bd475bb146420cd18d1d8350728134db36940a770563523c2ac500feca3b8,Mary Ferguson,"32827 Kyle Cape Suite 023, Haydenton, UT 94088",5617.79
693,797,,whitekristina@yahoo.com,scrypt:32768:8:1$EztAvi1noIXEQlYe$3d05fc740f6e0bf67dcbc79d3e208bf26a6775576320c4f833728e576f344c4cbeac031c89752ffa64773494382643394b5c5d189af43f03bb15b8e202e4037e,Steven Brown,"1393 Serrano Ferry Apt. 341, Smithville, IL 89941",6885.07
694,957,,brian54@hotmail.com,scrypt:32768:8:1$aKIfG1TUyfJkmkYX$c81ecc55631a7f630972106013b9f4d92a64f6e214876b5139c927c7b6b0aa6ef7b3876b128723f8c1e985da332efccd220576b0fe9744f8336d0d69c58aca99,Dawn Johnson,"793 Teresa Parkway Apt. 242, South John, NM 07888",3689.43
695,780,,gloverkim@gmail.com,scrypt:32768:8:1$en6t4ytP14wUnSwz$80c57521b26671a3f9c7515fa290dad6ce7e3d84b11c7cb65c9eb4827111ccf970833e993870347cbbdd393bd30aeb3fdc3883586e93d4f947baa3be8fcbbccc,Denise Hamilton,"4780 Rodney Tunnel, South Melindachester, GU 60013",7498.19
696,661,,wrivas@yahoo.com,scrypt:32768:8:1$ffqEjaSfgadD6qCg$f427d36e2adae78433a8fbb77c590c5c36c79cfed75977db643f26f585c73bfc8005d639ae428ecdc440b2cc7497ecc4c5f0e550c2ac9cb496e58aa3aa1d8e8e,Sarah Miranda,"86922 Flowers Drive Suite 846, Granttown, OH 47067",2822.41
697,804,,melendezbrandy@hotmail.com,scrypt:32768:8:1$uzS6hjddgOl02rS1$8ac6189a9338a881dad0db896fc323ce74d9a2df6890ed5e5262a314ec3cb94f5ab21a45369cecc173acf49e4ddc85d91e276de4e43a8ba7d245582791eaf88a,Jeffrey Thompson,"8000 Cox Hills, Leviport, TN 10478",3458.57
698,732,100,steven84@gmail.com,scrypt:32768:8:1$1pRLLGpOohtVf221$1afd4b7ec704b30034335e686fe5f4d15a11babe44481e949fa6a414253c7f7d6abf44b9f821f6501495954952ff08017d6e3c35fed1b06f24feda70c16733e8,Michael Johnson,"69232 Tracy Passage, Hesterhaven, CA 14695",7686.18
699,724,,bfleming@hotmail.com,scrypt:32768:8:1$Gu8KKb5IXSX9PhrY$3463c7f40558229247fd51cca78fc0ef231f1320590d4447f28a66ab5df2c71110f8681cffd1c02e69eaee200439e3029949a2c7caab8fe39266c61b161e1a7c,Paula Barnes,"99310 Steven Locks, Samuelmouth, OK 91999",2410.19
700,378,,kimberly82@hotmail.com,scrypt:32768:8:1$Xpj8Q9R1Uawmfwwc$39e1b39d4817b1bb641ba1d832ff8137b2626d43aa3287cce6afc9a4c1f95fa0f6407d9a2a449758aa6c4a235318c011ae81a859ac30eac47c028460699f0f4d,Kristen Walker,"76545 Walls Prairie Apt. 731, Gainesfurt, FM 28314",4619.83
701,923,,davisandrew@hotmail.com,scrypt:32768:8:1$GNmtu9pxEI13GZeu$f1e689fcb7d151c1fd6544cc7e5782aeedcdac592c51f362e7ab52c9ba9542e135f0b9e7efba2338caca157cb7bda673c88c2c18d92b1eee4df0c12b56a7c202,Holly Carter,"1238 Thomas Rue, Monroeland, VT 99268",3024.41
702,202,38,elizabethstone@yahoo.com,scrypt:32768:8:1$B7cDvgOhTTqeajNt$a8195e1a8c9d607078d14629c742e47d7837b70a387eefefab63bb6b29edea3be394bfe95b3273da18f4b907a010b9622986497ae36bd2cdb13c1cb54f995739,Mr. James Watts,"610 Laura Estates, West Tina, WA 02315",2289.69
703,113,,hsmith@yahoo.com,scrypt:32768:8:1$HmuMHc8cTrx0LPWc$545b2ee1081504ab5aa8bfd1c5f6863398b2574e11925ac95a6511bb0caa94c5a5ea2ebb0268b477aff5059eba916cb0185d4a98e367d0a97a84409bcb31bb44,John Mccoy,"3043 Jennings Land Apt. 729, Schmidtfurt, NV 14387",2666.10
704,75,,vegajacob@hotmail.com,scrypt:32768:8:1$8wdehS3lwfpSBrG0$4b6de90dc61958c0c646c8a09001b045275d74ed0d1af64071c2ce7c6720b3f544ae70dbd8edbb6120a92a5631864ef5a00e61b8b09f0b656d9d79e942326a60,Brandon Rose,"7590 Fleming Club Apt. 479, Masseyport, WA 58204",3753.29
705,373,,hughesjoseph@hotmail.com,scrypt:32768:8:1$mh1T13MxcZYkgTYe$11e85c91370739a7823d83adaa20ae671f166c0ca16ae4690a917adf38241f25bd3dcdb8815af7bb821cd1315aa0a9097adbbe4d3c42fbe292ed28ba5149a5b1,Daniel Blair,"446 Harrison Lights, West Loristad, LA 80067",1448.14
706,296,,hollyhansen@gmail.com,scrypt:32768:8:1$KS16MpVJVv3CqLW8$a0dba9e6b21a89f8a1aa1204634db8fedb6de19e0a2692d50ec0464ecab5caa65b49f5ff8409f96a6ef14bfe5d49bef9ab6c608da1a916558a76ccfe9ae7ea79,Lori Martinez,"6537 Hicks Court, West Dannyfurt, NY 64291",388.04
707,463,54,yolandafritz@yahoo.com,scrypt:32768:8:1$DupZ49hBf77Dyl27$4707af38fd17c76b05a6d5f980c08e9817ae0427a3427f45d3f9ce8c042207012def9183d8f74f6335589a82dd73add79fa93fd7bf0eb725b528b2ccb52a4897,Tracey Chavez,"7734 Derrick Views, West Natalieton, KY 20896",8137.18
708,357,31,sanchezshannon@yahoo.com,scrypt:32768:8:1$Ve4KWqSjfNN2WQRT$22ddc312dd02b9fa6a280d66b36a93526319818f8b3ac13108ce3d3520bf07f610509797cc836353949c689b4e8ef353729ad6d1106e1ccb07f7983a23597ce5,John Hall,"721 Tamara Haven Apt. 943, Jasonchester, NY 67954",5421.07
709,165,,ryan79@gmail.com,scrypt:32768:8:1$vWyRFwji7T2qlYD7$38f2a7541f8f7503f0d9b457c76366ace792465a0fe1d10051720d7ddac4e18e15846a6b6efd6e4dd1509404ed477ba5f71da7108611aaf48ae240826cad5de3,Jade Johnson,"07371 Ryan Tunnel, Gravestown, MI 72788",265.61
710,791,,danielromero@hotmail.com,scrypt:32768:8:1$nZ947CnRFqaXViHe$83622c6167dd7d357009c9b36800d48447d5639090ef5ce4068a99d3ef1c257b2c512b709f9c361bb57ffba89944fdc5c69d310c58f58b1e604e655a854be3ea,Elizabeth Rich,"804 Rachel Divide Apt. 950, South Stephanieborough, PA 07225",7433.63
711,650,,jorge81@yahoo.com,scrypt:32768:8:1$7Xl3lxDmcWpkRV93$f05255f4aacdf04a267a68d67fa6f6ddb27e6e66e516bc53c999f4d0d59d2a9270dbbf2d1e42e26928c1f8f34059de60ad34f28545e2f44e1eb9a4c63bacfc22,Terry Burns,"9275 Simpson Mills Apt. 752, Michelleburgh, AR 73445",389.49
712,271,,jacob74@hotmail.com,scrypt:32768:8:1$mQTTyNlL9Q4Fvy8r$b3e156cd371076c51517ae0712c95e51deadaff6af14ef1132d5ae6243c738a48e525aa4971f3ff3a7449f1687c150f4681a6383b235dec70267e23774ef6d14,Tami Hamilton,"522 Rebecca Trafficway Apt. 421, Lake Amandaport, CO 20064",2138.44
713,71,,johnhoward@gmail.com,scrypt:32768:8:1$QYQAPOgZcpLbbp05$ee03908ab8ed46f59ca6f60588082d6a66259bc178136511875761ff9bee489db21176f95768f0bb72661b97dd199a5e108995130075d995d016ed209d5f802a,Nancy Watson,"79981 Walker Burgs Apt. 159, South Davidstad, NH 45308",5488.66
714,607,,johnbarnes@gmail.com,scrypt:32768:8:1$JLszcSoaZ9WJk9jH$757985bb20ce4ad8d1340a00b61badad94ff92ce113278d94720bdf44eb21eb4bbf693189cb15af1c5cd10d3086995db162915cc8d2d93593ca7dd350c9066b8,Timothy Duke,"4528 Mary Place, South Anthonyview, TX 30965",7884.89
715,499,,wrightmark@gmail.com,scrypt:32768:8:1$UIr1o2LAxGDG10lZ$1e3dd75c6905782af8268d0364f1065f53c3fd5ce7568dc5ac1225b0f3cdef2dbadb6094a10ae6309b84f64463ddbada4a68faf034e361fcb3f7908144072332,James Hendricks,"166 Joshua Knoll, Paulland, PR 11757",2714.35
716,28,135,anthonyadams@yahoo.com,scrypt:32768:8:1$6w1DWABlbfGJkJ0C$6560f32bdda3b8cf2f4289f1016ee91820cdcb7e4f8a1ed3759c2c0c36f3df98b5e74ae218022e9d8a604d2d6b1269302cc66b350f78050a254acb54fd799bee,Laura Hernandez,"09851 Dyer Trace, Caitlynfurt, WY 64762",3631.97
717,266,,jeffrey10@hotmail.com,scrypt:32768:8:1$Fvj0xjo0ZYpbGUcU$6dcff123effd59abf214ccaf7e0b4347db96d120592bd35df28baf42cfb64c5a53a2428d8fefa255afa84a2dff7fa99153b22887fa4efc309d9ff4f8c22ae88a,Calvin Lewis,"9256 Christopher Drives, Jeffreyberg, VI 85832",8573.63
718,685,59,angela93@yahoo.com,scrypt:32768:8:1$QlQkgEMube65DTyg$2801c085b61bdb27546d0ced8c9a4b4f7b0fc147e7e118e3946951f78306eebf0e424b9164e6da5d1cd1d2bde1271d23f82993f6c21d93850466d7f2ce7e3df7,Melissa Flynn,"490 Hoffman Glen, Sonyatown, OK 16299",5042.92
719,24,,jennahamilton@hotmail.com,scrypt:32768:8:1$jrC6FVTW3SpgbZzz$3d3c74d5e8e106e554e33bb5271a2dd5e29717d008caa70dbf3eba4be3c5db56eb43566931a705b5c26d3ecb3d63a526c1f6308c46466c9d89b60ae3a75643d7,Michelle Meyers,"925 Andrew Route, New Sandraburgh, MO 32699",4382.62
720,577,,owells@yahoo.com,scrypt:32768:8:1$KVY9y3l0Me0flGzZ$5b7e1a3951fae5fcfb823659416b7d3de49a40c1fcf87c650c316159c6488005441034b144da9fae5091b11b9245c6b86c8cfd4fffa5d397dcccdc77859645b0,Cindy Gross,"26590 John Passage, South Shanetown, AZ 42724",877.93
721,29,,aguilaranthony@yahoo.com,scrypt:32768:8:1$3ciYVZkvwALMrMND$bb092ddb0105e2a7101c489efa0a878986329f0de739c1152bc7e4b717f1374e627f1cfd500ab5503b0e7dc6b9b317d8fed63b9d23354c0be9e3cb3f4519341a,Paul White,"859 Phillips Inlet, Perezland, MT 38264",6549.29
722,535,,nathanolsen@yahoo.com,scrypt:32768:8:1$1XHDnivDZ2Cs0RTo$de62a4fb97be757b32f7dfe459acdec2fa06b72982a430eacb5550a3caa9ea2934520954ef4f93d2585c7e53c20a195eccf1d67788792bd6199bba660909aa34,Beth Chavez,"99603 Hines Island Apt. 463, Andrewstad, MN 11120",9429.04
723,96,20,xcohen@gmail.com,scrypt:32768:8:1$GhczCiv51OptL2Gt$2ee09a3ea94a06b7cbb0ea9a7654c9b6635546923985544bf10bf2b83ebcbbb6405a2b978bf4b7d16dd46e0f5eea79d6bc72ee62b3789bfd225d581b153b5e00,Michele Williams,"918 Joseph Crossing, Port Jennifer, FL 06848",6731.24
724,125,,marcusthomas@gmail.com,scrypt:32768:8:1$eC85xrsX9CTGou8e$47c75b1a7250d590cb0d082153576d48f7bf15110e6505142f83ce3346fd142757e47ca319fd88fa1dcafc44179a37ae62023b00495bf109c24d0008cd5bc4da,Matthew Moore MD,"159 Samuel Fall Apt. 057, Lake Davidfurt, MH 83982",9108.29
725,524,35,davidwallace@hotmail.com,scrypt:32768:8:1$h6HViDchcoOvLsgF$e94766aa0320c82e64bab0bbc273ab853aa75aec0e42cd5b051716a82caec4d62dd419fdd61095c7901f46aa9960fb5e4a71aa57332dd4083d2cd815218814cd,Michael James,"550 Hector Garden, Susanmouth, OK 38181",1962.74
726,474,,zsmith@hotmail.com,scrypt:32768:8:1$iqly6ejbexiMsyYs$46e732e0eb491e9ec849020250fa2cb28a91391579051cc07bf69df836e56bc60f4d426cd89cb5e07fe4771ceddeea4d7cd6776c6b48b08708764bf9c4fe28fa,Tammy Ruiz,"1318 Baxter Street Suite 998, Sandrastad, PW 12755",8947.09
727,361,107,baileyvictoria@gmail.com,scrypt:32768:8:1$LkaiaMa4FOxNGupV$dcccdd9da461512ad730668cd1b0c44daa4bba59fa1e596f5ba99dc7e75dd4b15f3b7a07f8911a27ca1478bfc68fc45aae367e55151ee4be37fbd0fef7615054,Jack Collins,"PSC 7548, Box 5421, APO AE 31474",8315.40
728,536,,angelataylor@yahoo.com,scrypt:32768:8:1$lEClOipMzu2E4yzK$5d26ad31f7622e0a5287ae8ef3617705f1cc2d2e186d7a87b7ff91ee460ed35d13513a034fde29d52dd6fb20acd5d2490b2e4b98f4edab71b8bd171c880ddde7,Sarah Murphy,"346 Holland Mountains Suite 698, Lake Jessica, AS 17209",2696.22
729,704,,christy82@gmail.com,scrypt:32768:8:1$rxRkkrZCS5iKNFYz$bc17a9f51fe7cfd5ac119780b5998c9bc361efbf97ef9e33b296a97ef1f907cad997c661881aaacf8ccbcae2fd29479c909707bd9a569708c0534a38d6f8dc70,Jamie Morales,"11967 Michael Spring Apt. 902, East Christophershire, PW 54445",7308.70
730,871,,ballardcorey@hotmail.com,scrypt:32768:8:1$0qoXsqj2JzTESf0j$5ccaeada9467fdc800e0768be13b7133e0882aa2e90f8b07c04b991c2ef779b1401da55397455cb5d3ab1b4e6b0f5c10106496983d21dfe9fdbae94f5693ebb7,Christine Stokes,"193 Brooks Ridges Apt. 137, Villegasfurt, WV 94864",9461.86
731,865,,michaelbarr@yahoo.com,scrypt:32768:8:1$0HKH8Zxr9j0Dp2JY$8ddc3d8563bfa7763113c0c32264a02d659c226daef8dab3b5ce9b2ce3e50b54f675877e254f19482869e6ddb9ef551fc8b92985ccc312248f0c1c5c1fe84f16,Kaitlyn Hunt,"798 Andrea Vista, Petersville, KY 40231",1262.24
732,572,,ronaldtaylor@gmail.com,scrypt:32768:8:1$A0sATXaFf3X9K967$7048c44f872df6fbf7c7d73656e4fe6c118e2937034fca460cdfc55f08203510732bf4ace05c715e227fd81d15e64da8f94f19eae30efacedbf4c1e88da07097,Roy Davis,"1203 Reyes Expressway Suite 148, Lake Joshuafurt, CA 76487",2059.08
733,82,,watersjonathan@gmail.com,scrypt:32768:8:1$6wyB5Ma7sQuKox7i$814efe257cc02678aa24d689b9ea3bb2a7a8b9e041e63545a43ba27dda3780c03ffe7acf921e805fedc7c11f228617d527deac6bbefdf2dbb7e5ffb8fab83a2e,James Lynn,"542 Houston Crossroad, Port Rachelport, MI 88762",2654.42
734,39,,williamslindsay@gmail.com,scrypt:32768:8:1$ACQgFWYWQtNsIzCC$5913e8eee6025735634e5d5d5ddd92136913ef3c05458042b81d0e5e9d4c2019079e6c60eff6337aed1089225754e5e8dc25bd1b7bc11affab77c0dbfce7abdd,Henry Macias,"8794 Catherine Ramp Apt. 009, Lake Sandra, PA 39710",9868.99
735,549,,bonnielopez@gmail.com,scrypt:32768:8:1$X77buF6UpVjnOezW$7a038efe5029131fab70ae8dac511550ae9539eebdc7268c075d19901ee1058979a5cdfd7a29063e3f1a1616ff017a0a52e1a407546e838a68eeb6a344de50d1,Alison Green,"5880 Jerry Mountain, Alejandrofurt, WY 55278",8596.58
736,545,,alyssacarter@yahoo.com,scrypt:32768:8:1$jzJaGWGy7o1erGv7$bf6cbe26ff50d9dea0244b1e8c601eeb463f612efcb269f51ec5f8c3e4cf922b3968fd7902955cf11a5d5422803b79c301d5aaddc9290646c4461ef1874d6b58,Jill Kirby,"8477 Bates Mountains Apt. 437, Jonathanhaven, PA 83467",2265.70
737,362,,paige50@gmail.com,scrypt:32768:8:1$p9TJemlEhK4kSGkX$3290986d86c97793410587560cf0f8865a08fa28b74bb55f5e04c769552d96dcf4309ed5748a55ddfde75364b83f96f4809a8c25d68a0afdf9a8564120c0b569,Jonathan Ewing,"731 Shelley Isle, Courtneyside, OH 93949",3254.63
738,420,,robertscourtney@gmail.com,scrypt:32768:8:1$7g7Iv2Y5BRm8edFM$d4520df56933df7b1115ee50fa48589d6455ec9091a831a5e92afdfb6fc4bfeab1e748e214268a3dadf228a5eaa0198b4e4cda21dfbf4dd5c3b8a80c521c866d,Joseph Keith Jr.,"01877 Megan Gardens, Lake Earl, FM 06313",7004.29
739,760,,linda95@yahoo.com,scrypt:32768:8:1$IJ1CveoFlOfxRPD1$cdf40b54687532cc24239a6e84f4673bed125941c776fda135ae68b8fc893463e6fd48deba4cf2a8a0f16d9b9fa0638135d3a3c1df24180ea65c3b5e57e134fb,Sheri Mcconnell,"552 Fitzgerald Fall, North Catherine, FM 04323",6089.43
740,205,161,wcarter@hotmail.com,scrypt:32768:8:1$3ovcoAqhFtAZcKFy$2277d9413b80e3497fb4647c0620de5308138164806e8356681329db17bd2f2fb7dfc76376af0d5940b0e65e43495f998f85f303b89f3590912a8eaf2990769c,Jacqueline Thompson,"5057 Figueroa Lakes, Estradaton, CT 92698",4423.75
741,853,,andersenkyle@hotmail.com,scrypt:32768:8:1$VAsqNxQZvU3mL69l$62a57d09b06faf68a18dbb5fd65e3e3f7a9553d070f16e1f929b9f75b706a060a62611063f337f3ca49acd685f4b940b715a287f70a13d39fe270983e87ddfc1,Johnny Blevins,"7367 Robert Creek Apt. 879, Barryborough, NY 19463",9918.48
742,585,,joann77@yahoo.com,scrypt:32768:8:1$1qBuUSZBJHYSJX7y$80db40aaf8ba9e4cfe37ef55b545a9595d82c2cf673bbd83c7deb6354926ca23da48aed80d3223b390dbe26f61965f227314c7477eed0dc4309adcb871e5dd47,Katie Porter,"Unit 0923 Box 9641, DPO AA 88265",1349.11
743,139,,vangjustin@gmail.com,scrypt:32768:8:1$twCFXzj7aKfVJogQ$3af9208a3c29598ceed726d9e4e228e451ebbdbcd97dc668ecdd785a91ac836a3427c512c39d9d6e54a027c2beca769457868b99a654391b5e78db82de62b659,Danielle Mcpherson,"2762 Reilly Glen, Port Deborah, NM 14896",3681.11
744,907,,john59@hotmail.com,scrypt:32768:8:1$3tmor9UQFixA8TmT$4044923ecffe8caa24ebb4c079f2f954a168a588c320a520bb8a45880f7c16db72f96fb0441d9c59a7b1076cd79289d7a631a021b51d568ed8906dbd74f0f57b,Richard Myers,"001 Williams Locks, South Melissahaven, WY 63492",942.44
745,647,21,mayermargaret@yahoo.com,scrypt:32768:8:1$3c9K5it0VSi38rrU$e5d3d9ea2b1ca2f21e4c00b05a38ce8b421c25b29b720596b7178c93fd1443e168171e1d6894b46fe72fc0ebbb3272656a44e7cd5773d5e54af96209e3255f13,Travis Wallace,"42219 Moore Rapid Apt. 995, West Kristashire, PW 00668",2386.09
746,603,162,ortizjohn@gmail.com,scrypt:32768:8:1$7Bx8PO4Kvpe5JS7A$a6c4a9faa34c63829a555138590f04a11b78843bce8d11104abe694b4ad673f8313a2238d1383966695da4f9c5064ee363bbac9b502c0473305026a9b408e971,Michael Medina,"34625 Scott Skyway Suite 954, Duncanshire, KS 59017",9387.97
747,49,104,amymendoza@hotmail.com,scrypt:32768:8:1$3q5Magr8GsoyjzP7$7153a25396264c2e073aca38d3edcb348aee9c0a42e7dbd7f88f3c02fe47e022bb3e1c084354e16a5b9136ddcfb9f699c40e495bf24aa945d2f9717e862dcd6d,Christopher Oconnor,"19731 John Avenue Apt. 757, New Joel, IN 14231",4829.23
748,938,31,colin50@gmail.com,scrypt:32768:8:1$GfebU7lPC9AK5eXz$4ca4794f0b3742c640d51c0cda8ae0c697906ed10211fc12e0a4040147088ed002b4146603d280d1d492e0eb1750b3ee9b929e7c9c77756e94464221b0b7b656,William Garcia PhD,"1459 Leslie Estates Apt. 492, Fullerfurt, IN 54810",3905.40
749,183,,pollardbrian@yahoo.com,scrypt:32768:8:1$eiLTCI0md9239EWL$6452b36188225647f6ab1cfbb9102a90bd015da4694ed7e13e8d0080d7271ff2f3b7d6e589faa584d44532514211ecdf1458159e60a93ebd8e30230ada053f94,Ricardo Wagner,"447 Murray Squares Apt. 089, Dixonview, NH 25469",1834.28
750,759,,zwallace@hotmail.com,scrypt:32768:8:1$7nF9O8oYtgJ3pesB$e5b858086525935a6b58c100268b0913bf734e9b550756e4b2a347af359033e59e33845f40fa4b12fbc74643b0a8ef9686d1fee48a187026252121415220d9af,Nicholas Bauer DDS,"PSC 4563, Box 2965, APO AA 15092",1550.17
751,69,,wdean@yahoo.com,scrypt:32768:8:1$mMoopTQr7cXL2uS0$e48d1ea042807c16433c7408b15115413077e299d55ede94283e486a568560f349609b6e4ab462306cd2336fa436510bf196972ea3133a0f44252b4724ac07e1,Sharon Martin,"271 White Curve Apt. 407, East Kevin, FL 35953",8617.43
752,702,,smiththomas@hotmail.com,scrypt:32768:8:1$JpdiGn9gFnvqnoVp$ee6b0855d961d4fbb8717f75af5a90030c1e34796b8b06b93434809e3e8e99397679d4367d8943cc2d6a78ae4bd66c9d1df335063dd81d198abe7fc9cb563486,Andre Singh,"5284 Morton Forest, New Joshua, GU 11414",2080.48
753,41,185,lindsayhickman@hotmail.com,scrypt:32768:8:1$2MIQopUEzQ0o7Q1R$834797918ff8351bb8f621830fa07dacf1317bf128c8c462a4a5c46b44b9486d1ab1907d5e699573d8e51f42638f71d4a221f6a3e6bfd686a408139fb11ba93d,Jared Cook,"5584 Morrison Spurs, Campbellmouth, PW 12990",5161.43
754,764,,hwilliams@hotmail.com,scrypt:32768:8:1$zP935cOky38ITk0P$e4ed8baa81e2193bcee83321a070cc88adfd62a35616238ecb288b8772104753a5b4062e8ac7c6860da6842b4186e2c98f6c89a149cefb31219a93983f20b69b,Caitlin Hernandez,"04512 Levine Drives Apt. 488, Melaniefurt, MN 22337",1587.18
755,336,,muellertanya@yahoo.com,scrypt:32768:8:1$aEjzFFVrwG10WJrZ$8ff2945bf42bf7046d77c78373b169e61b429700e74f0dbbdeb3d257c50691c240a7d3c5943e2d2831dba03b7fd18d26023d0b7a30427554b5b65479acb39da6,Kevin Sheppard,"3885 Bird Port, West Lisa, IL 60286",5882.11
756,290,102,christopher48@yahoo.com,scrypt:32768:8:1$NfH9m94PGWcuctuf$ea6d052ec88dc9e30e98f914ded19027dd8b64d753dacc5fe20af6053f9e77e1318fe2309b604520a8fcbadcb152bfec07a71f3542f7781cbfa13c7bb5308ed6,Steven Ryan,"41799 Gerald Via, Port Alan, NV 32385",3703.66
757,417,,walkerdouglas@gmail.com,scrypt:32768:8:1$chfcW4RfVGRhKmBB$3a374335c6ba3bd3a7daf589a87c9eb34a3b6493bb7fa82efc49ab58d3d06dfc84830362306df2ba4148528c2402f1e3811d20353f410d0aa3a1fec38d2b1cf1,Elizabeth Curtis,"57243 Rangel Street, Rileyberg, AK 22614",5735.05
758,931,,twilliams@hotmail.com,scrypt:32768:8:1$rS1Bd0EFKuIz88BM$fe455e03aff1282955a281145e408e2a48e4080144f6fc0ef0b67a857173a00682c1f7d45bd5b6cb6912f3bcbca987cfabb1fa0a2e2546b5c045fa1ad1fd9850,Ashley Campbell,"4901 Griffin Mountains, South Isabellachester, MH 66908",8553.62
759,384,111,dawnboyd@gmail.com,scrypt:32768:8:1$IO1XyGqhRqW9AxXj$d007869542fc714995c97ef300c9cbe408fd1b85fd9535ca06f46c3325e1a73a004b78a736ddb254ed43226a78c5878745e6530bea740aee68840454407a82d3,Sandra Holloway,"61226 Lindsay Rest Suite 446, Greenville, RI 13655",857.44
760,541,118,hollybauer@gmail.com,scrypt:32768:8:1$ZH2xsQYfFyyGpx5O$19269db1e676387a8539ba269712d91e381017d729f4c95d04ed14ff74c4b961aaf1bf2c338149a50fe54a794489b788106d7eb0aaf3f61776e502631d4cd89e,Jodi George,"570 Rebecca Wall Suite 081, Harrisstad, ME 09936",3478.61
761,242,89,elopez@gmail.com,scrypt:32768:8:1$FyhUZHwqZOmMs9h7$0127fd5c2a902a85629ba11876de6fa20c195c982b1860daada2cee29028115c8524fb7fd2321258a5807e6c38eb5162b8f232263353b241c0509d61a581083f,Nancy Miller,"55114 Massey Road Suite 420, Jessefurt, LA 09561",4564.88
762,882,,williamsanita@gmail.com,scrypt:32768:8:1$DE6Kd20Tvt6i7BY1$3f4a63edc049f0c44697d7b16b915386a73cf7d453f1dc16782b95aca901e5c7e17c43076d91c60724e1dd60982fd2b3a951e7b0d4ce8d4462eaba59792ae817,Roger Beasley,"8621 Sanchez Street, South Jessica, LA 42846",1826.43
763,407,174,sreese@yahoo.com,scrypt:32768:8:1$sMu2yeYaEUsHdHo9$9a0c13651805122d085c63b9003d77f0140d4b0493037f42d7885091b2391c8e9bc540825a91d9ed061b0a83972f663645c9216aa9e78bad3729d889eded3bce,Katie Hill,"14769 Scott Key, East Cherylmouth, CA 19013",953.28
764,423,,osanford@hotmail.com,scrypt:32768:8:1$XqBCHNFGENTzJyYz$92f0ff0df17547ed9accaae6239b538e5b51f0fb0cbc3015aeed3f5d2a5323053967c6f4e61a9d888a532337643556446a499f7261506c96b1021067cd9cbcaf,Michael Thompson,"366 Veronica Terrace, Olsenshire, MA 86822",9353.24
765,564,187,hoganscott@hotmail.com,scrypt:32768:8:1$KvDi3OwJ1xtHDnU5$e837bec7f0e18e8de6ab8bdb6ffdfb08dad18663f7c1847a1ffa683e0a2b4a546a7377c0f8d3146d27d05d1900687183eb367e3aed109fa2a58863f56ce05c45,Victoria Brown,"31650 Olivia Heights, North Heatherchester, NM 91381",6426.78
766,960,,jonesglenn@yahoo.com,scrypt:32768:8:1$rKOrOdsVvnmmuBEN$449e7631e90e630aabbf2c6d6da402e377b91b5518b169b106f05a53b26ea788423c280a79710570db4d319c75e886554195fff714ce12db2b556876e93fcfe9,Jeremy Lopez,"382 Thomas Loop Apt. 744, South Megan, NE 95098",1803.25
767,470,,lauren73@yahoo.com,scrypt:32768:8:1$q8a7Ns1AysbJsikx$c5466abd1bb2f2686325af73230d6e89f682b55d7c7aeb6c356a6e41b613275a8ae97785f8975b87511d58565e720b973567e612ebf0fa8d9dc56f536707f881,Joshua Harris,"9429 Manuel Cove, Kariburgh, UT 50229",3636.41
768,507,,alexis01@yahoo.com,scrypt:32768:8:1$FJCidQMavRSKNogu$3684d8ae4cce8057fe2b573567b4678a2e982d42e7f98705e0b811229fe0e3702743766cf8f301fe629b0cd55993e4d2b9692e13d1177a5bd52b9223ea59a4a5,Natasha Collins,"7549 Anthony Springs, Matthewfort, LA 32218",1315.64
769,900,,erusso@yahoo.com,scrypt:32768:8:1$RiXclCttFAYRRUMc$5ff42f11bf3a9eac295fbaed5efae48238b534314b035a8891379fc33c3ea2e95151c598152c3d1a2c169fca5a21c723fdb5c7842f49efcb9973810d4d8bf9bb,Joshua Martinez,"187 Mayer Underpass, West Alexanderland, IN 47933",6025.94
770,852,23,jose50@hotmail.com,scrypt:32768:8:1$xucjQ2aG3XxI84Tl$439df075e55cb4d5e66f1accc381ffe151fdbc08d394e4f2d36c5bd1226e683afeeb99578591a74ec0f5e425f861a3d0a7a74e92375684de37cb3276ba80e962,Amanda Blanchard,"0735 Shaw Drive, West Dana, WV 47950",7188.26
771,46,,ramosscott@hotmail.com,scrypt:32768:8:1$LdzOROybAxQzJs6x$e17b95d1ee337c549625eaedb395a502b0c38c359983be735ad63271ea6ddf9dd88950d173d9da1fb007f37176ce6608655d4e5b01ee99bbe4fadb2f86522c44,Gregory Duran MD,"88709 Hood Valleys Suite 363, New Ronaldville, NM 99621",4960.86
772,746,,davidtaylor@gmail.com,scrypt:32768:8:1$uVHBxq4kU2mzTqNg$ddf2baf704cf8470d9d593bcf7e9fe21f55b8e7f0f599166476401558fd6c25e15b1c740b5448892d67809b618936bd82b911bed2d25d6d525c357d2c8c4ccdf,Matthew Fernandez,"665 Jackson Spur Apt. 038, Davidmouth, WV 05938",6366.34
773,646,,kevinramirez@hotmail.com,scrypt:32768:8:1$SybpUr90lbRGPjC8$7cef3842f8362a6961a1e6eeb71315e1577f8302e8c0b3f862d98702262e54c8b24768c4399036b8fbd4862c3b6c241f9cfd32ab17999670a4f68ca9d55648a0,Rebecca Davis,"8268 Santiago Rue Suite 471, Jordanmouth, MS 02515",5456.66
774,143,28,carrchristopher@yahoo.com,scrypt:32768:8:1$mgWlxCjSG0Jp1W1l$930413723a20fdf6c0477cbbf831694da4a79b4e2a0cc78eba20b4850a840c0ee50be14e84715508ed7d59cc7b396a46887e93187959ac195b1d8ec0ed820fc9,Jason Lopez,"1478 Rachel Shoals Apt. 429, Port Stevenland, DC 70881",7325.60
775,799,,twelch@gmail.com,scrypt:32768:8:1$MxjiZyg9PGbDXWhb$3f7d3d438b98ec5dd402350a8c2007e53decbf294b495b982c34c75ffea030f7c1d22a8f358b6337a2354ca03cc7477d3721d2f103d01c31e782734912d6c8d8,Sean Moore,"605 Mary Plaza, Baileyborough, IL 35782",2077.84
776,713,,martinezjohn@hotmail.com,scrypt:32768:8:1$4depupAob8i5UYP6$2da0ed13eeed828513803d8f9acc72a39decbe840f989c8190d6eda635522019eda788617b5117dd3839dc44ad17783ffc7b7fc4f5c04d5a9ec96737f5ea2465,Laura Graham,"361 Christensen Mews Apt. 261, North Glendaberg, ID 61289",2841.21
777,560,,watsongeorge@gmail.com,scrypt:32768:8:1$VlEL6LVSroeqE71k$33d651d0e8dfc4ac93038477b73867d431865d04abe01f6bf23e2dc7eea165db26ab6310a7f2df9842be7c47f8f5862a6ff6cda860156b49d8179780f11bd9df,Diana Ballard,"PSC 5929, Box 8670, APO AP 95060",276.06
778,773,,mejiasean@gmail.com,scrypt:32768:8:1$4tSDyy56edWmXNJd$73fb0c47b47d3865be26ccbf630fd78028347246e59681eae1fcf854527c679fd0f38f9e278198a738ae8c20e9fe21638c3ee23310c28a2857d7083fb7b39b45,Jamie Cummings,"2497 Brian Cliffs Suite 199, Perryborough, GU 72369",837.17
779,598,,cruzshannon@gmail.com,scrypt:32768:8:1$2ov60Eq7D518XSH0$6a7bc4888fde3059699587de0e2c29add7ba800fc19ab27aba654a0ba567e43986132b3a08fbb828b31a4aa40551058370b498a8a5fc783e4877ee1bdb558e99,Matthew Johnson,"9945 Cook Motorway, West Moniquebury, ME 15380",8476.82
780,860,,joanncampos@hotmail.com,scrypt:32768:8:1$OmNxf9hzk1qnnKCp$5ea14d616dcab2bd6ff92d0952d4bf6bc2ada2c12cd18a0e2c9875c71ed92218de71d0950175827431cff515e77ffec1966ef55239e8c47a0704acbe6d8c3880,Phyllis Sims,"03830 Alisha Divide Suite 621, Richardton, SD 20233",6740.75
781,106,134,xriley@hotmail.com,scrypt:32768:8:1$nsXpkexzO00GkuSO$f63dde746127ae04c7817239175093f34abce45dab83d53ab42e761835a6a2ca648184d45df97f7b3a22793b6cbded915582782179b60bccf6a8571e0894b486,Brian Flores,"9648 Robert Summit, Brucefurt, NM 64061",3674.36
782,843,,john35@hotmail.com,scrypt:32768:8:1$AO1m80BZK6ZtC3h7$126c56f44543d1597f2cc84745f3200e71bdee6f793c59684f6f2a01da133697e61f318b5a2c5fe55577685f417f649ce92c6f934a7f68ff855995842df91351,Joseph Coleman,"4256 Porter Pass, East Heidimouth, MD 47516",5209.17
783,198,,campostiffany@gmail.com,scrypt:32768:8:1$GxqKCLugAtVKGvME$edee9e0baa12703115f38dfb90a5bfdff1de51d2f761eed2ad49b8d15c09e61d29c8575a1f4f1461339a252c7437ac565082918c95821622ef921fc1a46b216f,Michael Ramirez,"394 Johnston Green, Riveraville, MP 77338",5043.08
784,755,,gallaghervincent@hotmail.com,scrypt:32768:8:1$m78QIT9JGShqzdKy$94968344c56144f57d77693d1f3a33d6d004ce9f47ea2ec72baea1f2dce5d33f5d91ac000c4e6498e548420ef7a3c1d9f08a8ca6377b3ff936bd6de686c1521e,Kimberly Martin,"4421 Hernandez Valleys Suite 201, Port Anthony, GA 88484",482.19
785,207,189,levycatherine@hotmail.com,scrypt:32768:8:1$XYIzKaWEWothMygc$47a9a12db239239f3828abe8c4f47b86a6b6d7b0f147872f53ca609158f5fffab9384ba7fbfa45a69f04363f2fa7ef33c75106eb25f26e444e1ab6c14c8b74c8,Mark Mercado,"22451 Hines Greens Apt. 729, Erictown, FM 02701",69.39
786,697,,jvang@hotmail.com,scrypt:32768:8:1$33hdsVhujgwXou9i$33e62180f13b5bc111a1cabf8884dcd5b949ae1c2415e0a1c024bdc81ede19a6dca45e9ae1e52ff8233857049fee5ddc6f269a73a4673fff220acfabb6f2113b,Ryan Thomas,"579 Williams Mill, Archerbury, SD 07902",9050.29
787,25,,danieldixon@hotmail.com,scrypt:32768:8:1$XilFQc03cm44q7uf$62f9da8a314fd5fda134845e0acbc38a7afb8f72f89d8eecaf33a1f1050ebdc2867a330aaca3775182f6fb6eaa4a5b7b85687e05297bd8e3201b58762bb789a6,Megan Petty,"25376 Jennifer Lakes, East Cynthia, FL 40384",8338.15
788,477,151,sarahunt@gmail.com,scrypt:32768:8:1$lPgRa113Wrr3NKNC$d85badc508fe132092054cc83f62055bea5e3f1a6374bfe77f5414af7b32abbb8c8dead66cbf0f27b00dffbce6a77144c4a03d3112e042b013b0ab4c8537e8ed,Stacy Mann,"62286 Huffman Walk, South Aaron, OH 32316",6171.55
789,385,,shortnicole@hotmail.com,scrypt:32768:8:1$zQ0vlIhNJ4NOmVqI$4be8cc3fa673ba6f6ee1c9ad7d39691f3a6ed4cabe8099c35baedf3743056ad81bbc930d0e02cd742a926a95859471bfc67475ea55bd99c1de2b9d6ab4cfadeb,Ryan Anthony,"PSC 2948, Box 9846, APO AE 75608",7349.94
790,126,,jamieochoa@hotmail.com,scrypt:32768:8:1$DDNnwgc1BtDemPli$18981900efd8a6c12c5497d20e8078ca62e2f61967775fb8f1a0d4696bd0c034241674bfca989fed7c5a40452584725cb02e69ac729ec1243a6cd237c9ca287d,John Gallagher,"33171 Perez Highway Apt. 317, New Williammouth, VI 22257",7415.34
791,105,,heatherhines@gmail.com,scrypt:32768:8:1$vRay1dCgy9tecP4P$82b6da2b59a0a642192a49b1df69b5b425b537abba246c68895496f3c5c2e14d5451feb7f3eaa09844ea604b826cc3e530617162c20d24465018a3a3223c3f43,Sean Hernandez,"874 Olson Drive, Josephton, GU 49219",1140.53
792,305,,bradleysarah@hotmail.com,scrypt:32768:8:1$q8VtEaZ2U5P0HVl4$1f307e2608c79cd795e599ede701262c98c7f2fb27982d28135aef0688960ec7e7e7fd844806c04288cacbb968890be7e57749ee73920ffdb5ed7ddc3b805511,Ian Mcclure,"0716 Garrett Wall, New Christopherberg, GU 21881",3586.03
793,153,2,jgrant@hotmail.com,scrypt:32768:8:1$VZ3MeIUjnFLuttFM$4224ab3db855368c0697633003fe8a78e6b62060b2f4fef78688eec4b8cf3aa33cf3d3bd157410f0ef312b24f67f1d8860b57d1ad8cdf2c699cbf98ef15e100e,Dr. Jennifer Young,"8262 Mary Trail Suite 938, Danielfurt, WA 07964",9805.23
794,582,65,laurahawkins@hotmail.com,scrypt:32768:8:1$ISUkM4x2lGFeyMeX$b4a6f71e42588b6b4daba47b8f2c687721fb9b3da44aa9a6d5dcb4b1779c0007c89411ba7a3259f2a5f04ed2dfc0b8ff2cc507d0c3b2f101ecddb0f2c2ac403f,Ricky Novak,"6256 Emily Greens, Copelandshire, NY 15167",2202.93
795,168,,wanda52@gmail.com,scrypt:32768:8:1$DfUvieRiW6XeSgJ4$dad4fb91cb64e82cec0f224c4980323a21425d3b28af51e4255b73267e26158748ec529e2725ae118046bab51a3677f78f9a66afe4a8d68cbafa996a46063080,Mrs. Ariel Shields,"Unit 9385 Box 2595, DPO AA 78962",9346.60
796,798,55,williamspaul@yahoo.com,scrypt:32768:8:1$LRwdm7Fy5Ge8lu2r$c0aeba54eee99cc3b389cee3aa216fb3ddb843a02d30bf23c930f888c283afdd698369765d7429944111131245268cbc0a7f3dd52d047df2420e09aea5953fdd,David Martinez,"137 Katherine Plains, Kelleyland, FM 93075",1226.15
797,813,145,roy00@yahoo.com,scrypt:32768:8:1$dO7pFCbBwY8rgv5x$2ebdc985450d1f3870bfe2a7bc5dbc962244b9b4ad8cbd90a188fc998a19ad2afd44e771187b934c997c15d123e1bc9ed7c67b8fd23524a6470b1c8330ce89f4,Dawn Wright,"27462 Erin Keys Apt. 297, New Edward, VT 98333",2275.22
798,45,77,kristinale@hotmail.com,scrypt:32768:8:1$AJDr7D1rHLsebkct$0ea123512d9099ae22e39a56c9fe3ce9f294df5498944ab59a286e2962a45f448d9e563da9474ae7d5ec740877dc3603837c2932efc991511e420b6cb837f0a5,Joseph Grant,"00622 Jeffrey Gateway, South Jeantown, CA 53667",1631.72
799,77,38,alyssamorgan@yahoo.com,scrypt:32768:8:1$j8mefwHUArr5ABP1$68f9dd5f2c7282daa779d14067af584fc4da5434a7d8ca28da4fc9bff3cd0898a9a1a88ff9b611b98ddf07287b1ef19b8a599078d5ff2068369249a16b020a0e,Heather Miller,"58822 Scott Glen, New Mackenzie, NE 23998",6090.03
800,265,,tony24@gmail.com,scrypt:32768:8:1$9tAB2P1kCpogEvW1$79af589e09a4840cfd7e9cc4fb206c7d7911ab3d17d4325e49cd651d8f1c0f2754fefdbb2c0ce71f4d6f492a1854d392d2a0a1fe1b3fbbbff4188613210c6b4e,Sandra Allen,"117 Mary Locks, Wilsonborough, CA 21601",9270.76
801,747,,nbrooks@yahoo.com,scrypt:32768:8:1$OK4VNs7zBfZbqk7z$3f6432336fc094de3212bbafc0229005bb0a26262c16d44d916ee65e5e0e078c2cab977dbbdcccb60d142b3be6b936aaf8e6a1c0660d7fb2992941a86bb0514b,Kevin Garcia Jr.,"009 Roberts Pike, East Jennifer, SD 45955",8675.26
802,674,,ethomas@gmail.com,scrypt:32768:8:1$XqISl7cpVY8axEZV$45ac00e23a2cad0253e301bfeeff6b75fedd6f2e2c31220879751c9f1133dd4624d4d2a8ada19cfc50b54713b4359dbc52daff7b176019e3ef505c93f353ed85,Danielle Mcneil,"32743 Jeffrey Pines Suite 100, Kevinport, OR 22380",1684.24
803,99,,mathewvazquez@hotmail.com,scrypt:32768:8:1$b2lcAzFqEzXjvpLb$1c42b42f56d1e8eab9c69841e0f8a2be9d1ce662dcaa42a1a525a279437820b8ffa51219a25a5297bc5c9746d79a498d0531b5efeb129e5b05f3ad6ec80022fc,Robert Morris,"567 Taylor Bypass Suite 227, Lake Maryborough, SD 49441",9590.38
804,491,45,rebeccadavis@hotmail.com,scrypt:32768:8:1$cALZTqbZvevNAoQ6$4e6bc48dc0bf7e586e0f3cc3bc4291094839300e1b7925b1c95fbcc7204e5eb1fe0f5e4e7f97eddd5a513bc04ac62d7fb461e17a6853a6ac8f38244ba82ca88f,Katrina Harrington MD,"142 Paula Lane Suite 285, Lake Kristy, ND 76448",9371.06
805,621,,rachelgarcia@hotmail.com,scrypt:32768:8:1$7JeG7x2cFqJHWjdH$e8a69017b96d28995d239e1c09b6729981dac9c5aadb3bb708b33a846870345b4d5ee2fe42a7c4b542d51c7941e4635b6fe845f7a4ec09014817bff22adca371,Alfred Bailey,"Unit 5691 Box 4016, DPO AP 19093",7437.07
806,651,,theresafaulkner@yahoo.com,scrypt:32768:8:1$T9WUZOu61tHChVNY$df4a6aa53325a2a1d37b8432b41773eb0aa103222cc2cb518750e68ca66ac4b1398ee687bd19824f417bc407ddc5522986ee4e3ad044016effe340c9390b8ff1,Shaun Harper,"Unit 0685 Box 8889, DPO AA 46752",5371.92
807,515,,alvarezpeggy@yahoo.com,scrypt:32768:8:1$s1m6FjZd29Bru9Fj$102a8dae4a2e9e89cb2ecb4a50d775a87b0d49b2474b903ad03168de6b7c17d94ac0dc24252dce960a1ba2d1d8072b94b47774fb3c216ed78802de545c269387,Kelly Casey,"27372 Serrano Loop Suite 553, New Stephanieland, OR 30976",4170.27
808,173,,psnow@gmail.com,scrypt:32768:8:1$ZtPyMiLuwjVnasl1$1b5d7c3f560138a67be01c51d5d2059e629b747ffa011560cd7c02c0b827339f06786197a988079bf766c02ef9d49ce2d3d47ea7349f890743cc3f45134945f1,Carl Ponce,"54663 Sanchez Squares Suite 554, Colonhaven, IA 69983",5527.11
809,618,,kbrown@yahoo.com,scrypt:32768:8:1$pEd1Q4MAm2fFGDN5$8e212cbacb47b8d9f1d717d6db383cbf9f64d455ecc2222de4f7cb0c9d4682e3025e8944cf1ce6b9b496ee9b6949e12e6891a2744cca1c7c156054228a29716e,Aaron Haas,"834 Lopez Center Suite 906, New Terri, RI 54749",2666.37
810,454,143,gregory27@hotmail.com,scrypt:32768:8:1$aIJgGWh6Y3jaEqk2$0565d65795cd5d9212c190c730c60e497cfaf401c6a7694fccbfc40bd0bf057b7660651ceb05a7c2ddf9ae9b0c7f727fe325d420d6ebe7a054b074fdadacd76e,Michael Bryan,"717 Susan Knolls, Austinville, MA 98523",7131.57
811,110,,larrymacias@hotmail.com,scrypt:32768:8:1$mfLKyj3q6g2GKZ1L$3a2b0891f5313fc120bdc82e47e17bfc14fa7cc4073cfbd38666cfc1c2d84c2b77d2f59435828a382f638451c780f4d3529833ff349cb2c44c959d6ea2f6e789,Pamela Tate,"8322 Galloway Cliff Suite 843, New Briannaton, LA 04051",7412.35
812,466,,brianmiller@gmail.com,scrypt:32768:8:1$IBA7xBHFzF2Vrdb1$9ddf25b6ebe6e59bb4881411cec8690f83512f2a45ff0159cddaa96de43a19ab9794708af67c74df8e80b2c4882045f74a1aeb539e47677c77f7704971b784d9,Tiffany Diaz,"635 Stephen Crest Apt. 322, South Henry, NE 63847",720.16
813,686,,katrina61@gmail.com,scrypt:32768:8:1$JFHzfM4YHZfF7SYx$37c447f0b93c449862b2c112431993675a50550976a854809c797ce9e1431774466bec1020fbf0eb3d494123fa97f607e7b62eb8f443f78f7ac94c8c5a62c58d,Carl Cook,"6955 Ruiz Extensions, New Eric, PA 53787",5233.37
814,988,,barbara88@hotmail.com,scrypt:32768:8:1$Gp2SMMEsGSoTQ7pE$df57b5f2ac8a236cbf2a38de5683a2851229fbc21a814689a8fa65769a738407905b521e4d752078692541a1c7a2942dfa42dac4618e2752105aa1f9a3a7e802,Jennifer Wagner,"884 James Points, Lake Jasonview, AL 48920",4055.41
815,932,32,zsantos@yahoo.com,scrypt:32768:8:1$jnHRwAFkqHekz10W$c140ec3a3e1c0d40c0e3cc4f3e762615ffa37acbdbe0461ff1c0ede258ab2f006d7d3b7f2e9ca7e614d84a8e9491ccea1175f0e2e22a3e104608e582c1b7311c,Keith Ruiz,"95971 Clarke Pass, Lake Debbie, AZ 82040",9553.61
816,247,,ryan19@gmail.com,scrypt:32768:8:1$8iPnJqBFsp4fYlxv$deddfe123818c40f7eeacb3e5c6da9c75e9e5e756921fd203839782cd87a15ba43a745b8fc9d8c5387adb50974ae162f07800b3bab2581b42bfbe4d8ef0451fe,Alexis Warren,"40325 Villegas Port Suite 708, Bradyview, PW 52980",3681.54
817,584,,scottedward@gmail.com,scrypt:32768:8:1$ukbjq9pusy9AcdYI$09b45d968cbffe406d6a616cb790a34e59221e8f58f86e302cf9da9821ef46ac2b6eb8e0c8512771929035cd77bd451463e456028d4fdaf9f0010737541249a6,Brandon Johnson,"608 Hurley Knoll Apt. 992, Port Christopherhaven, PR 09784",8232.75
818,644,,roseelizabeth@hotmail.com,scrypt:32768:8:1$VSD4GnXbHgBTVMDz$9ffe8386af25166177538c3c7bfe9f0d091c0e071552b77bacbad6acc5a918938aebab079949bcdfb6d430872dcd9c0e7073dcfb3baff3028ab3cfd9baedd786,Bobby Miller,"2267 Davis Plains, Estradaland, AZ 52407",7996.08
819,235,,garcialauren@hotmail.com,scrypt:32768:8:1$JvFLHTGWZtx5PHIc$ad3cb6ed04474d9eb88f8ade2158e7890f91945cd21543672b20dea22c4e45d269cdd386396bd9d80555238720c59bceda1b00fd1c9b85b2f7a653e31358f261,Deborah Smith,"6994 Amber Lock Suite 882, West Ryanfort, AL 48774",4941.38
820,395,156,ewilliams@yahoo.com,scrypt:32768:8:1$cCxVQAAnBnSnk5vO$912c26c5c5feb4e1b0ef78f16c3e06527d2b9be9904b936621b48f199e0dfbf9599fb47b869489e419cb62ecd8097646cc8dade58e6775ab8e721d86098bd7ae,Robert Bailey,"6611 Mills Isle, North Danaland, IL 30759",3309.03
821,962,196,bcampbell@gmail.com,scrypt:32768:8:1$hiwxzYs2iuBmbFyJ$c67df5c7db55e3f835611fa207f7cc86618e0729c05e2f5832d28726ad0b8fb550db74dba33f4a39e1582bcdbf15fc4ea79dd41ad9c89305d849f7985bcc6fa3,Daniel Yang,"8844 Katie Road Apt. 511, East Jennaburgh, TX 05283",4230.65
822,696,86,lopezanthony@hotmail.com,scrypt:32768:8:1$Jj6h6QThZGUuHin4$184b70192ecd54930d747d04eef09462d5a61f4691cd071f41d8900f5b367d898ca760a2842116b3b08835786edb9d8bbc7e9d3b4274aab957ca75124b097187,Allison Burns,"6271 Rebecca Lane, Samanthaburgh, PW 78912",5335.69
823,19,,tony01@hotmail.com,scrypt:32768:8:1$z2jNztQ70vXENOHU$57f129cc410a147a9e6fa9967540f54553f7ac564f691c5f02fe1df2490d74c3ad4b85bd8fc6d9dc27fdfaa767dd22cf9626157984e8c295fc0ab91a99c9cd77,Matthew Cole,"3466 Stephens Lakes, North Matthew, VA 03427",2047.22
824,839,,fortiz@yahoo.com,scrypt:32768:8:1$GBznruULMDrZzhV0$c4574fc4e05a3d8389b8577ddf19e09648e093d2c15a4a7bab35f746d2e91226163eaa2f42ccd3387526fdfcb39c5a2ce6dcd6d13ec2a619c80696b15cbe2985,Brian Barnett,"7612 Joshua Plaza, Silvachester, WI 82785",9898.20
825,768,20,ubrown@hotmail.com,scrypt:32768:8:1$hsB8H6eThvUxQTkx$2bdc608bdf7ab64f686a38cce9b369575c8041ff2f87ddd7058a422e6abfdf81cc4a3b5c005bd400b5bfebd4301ebac27620fbd221ab0c7f89d05c2a28ae8ee1,Steven Berry,"2028 Jennifer Walks Apt. 646, New Jonland, NE 09332",6309.05
826,328,,gordonalexander@gmail.com,scrypt:32768:8:1$V0tM2GwRntfpyHe7$49ab1a440fa1f123f4ff6079c746b6cd4b9b8f49e0269ab0a35d2c0ab19cdc106e4d02868d39d459f840a8be83b5c833465e860bcb7243c7b52f6383dabbf895,Stephanie Williams,"263 Garza Crescent, Blackburnberg, OK 72468",9500.28
827,31,54,dmcclure@yahoo.com,scrypt:32768:8:1$Op7PtDmRatpbzlcx$015703926fe895754373085d135ecba8f79212d3a3084232e9f17c86926dff7cffe82e0f323a99b3c694c7bd6d652d690e85330c29b2d09e41ffacc38fad14af,Mitchell Becker,"Unit 5155 Box 6642, DPO AP 59801",6546.57
828,295,,reynoldsdana@hotmail.com,scrypt:32768:8:1$YwZ0MZgrL0HulvDb$124948b3850595a364949a198384dc27e97be05ba18be4d26b05c3b88750d5c1556beb2f5f0a5ff7a5946a03f56120faa0832198a9d03ed18e13f11d94dbde4d,Phillip Reynolds,"070 Powers Haven, Joshuatown, NC 80302",6498.22
829,682,,brooke15@hotmail.com,scrypt:32768:8:1$Vqv0cSGAYDYMKCWS$272ffabc7bc229e975a78193ae12f8ba2e59c933eca4dceab9ac121080bcedfb30f55344f51cccd690dd3ca179e4295577979cbc4da1f39134b8596c449e08ad,Kristina Perry,"889 Ashley Spring, Owenhaven, CO 32849",4475.65
830,856,72,huertadonald@gmail.com,scrypt:32768:8:1$F3gx7ygSP4ykmrgA$ef19ddde844afb23c8feac00fbc51e8f827b8b9093532ee9cee856f7d0386e76b89b3d37ed4a40ec3db1c10d1bc73792cf8241230093a350f69200ec20eb1ed5,Wayne Choi,"USNV Weber, FPO AE 48585",3842.76
831,310,,rnelson@hotmail.com,scrypt:32768:8:1$A81FuQUG6v82Pa2q$1051a95b058687eaea7ec0274ae8f183ad9b2beccc69e59b01975ea75ecdcbcf36da181235e5c2daad8aa4a376f026363a83c28130549cb708b5997ac95f3faa,Ricardo Grant,"25155 Richardson Place, Patriciamouth, NC 17513",6423.80
832,570,,matthew06@yahoo.com,scrypt:32768:8:1$iCEdk9NQIxb3zi3m$7949aa2bc3dd71d52da7031f0df767635042ce31f0fea9134453b649d5721d739d112091cbcf2a990c9f853deb0be45d47f6af7208e3459c1cea9b342c8202ec,Daniel Moreno,"88013 Daniel Inlet Suite 941, South Joelfurt, AZ 70699",1379.19
833,722,190,dayjohn@yahoo.com,scrypt:32768:8:1$6jswtuyMSCpDDLrT$74d0b05e2792a0bda5a41297553cf44d5ab3be165588f9fb02ed4900b1be810654c032ad95b6140e5efc253020af0715b3c0daf1524cafba679d01c12d32a0ef,Michael Love,"201 Kevin Square Apt. 952, Port Holly, SD 50328",3385.09
834,458,25,kwyatt@yahoo.com,scrypt:32768:8:1$cnIaljS5iFvUYyeA$c25d8aa900133f4e39b181581f6eaa6a4afe1c360d8f229f6db7eda4839a892a24b6be725b6c9d42c1399c2f3b3e8ed0ddc921a7f35ede1f39d1cc64b8440d29,Edgar Smith,"7013 Charles Greens, North Madisonberg, DE 55780",982.63
835,639,,hollandsarah@hotmail.com,scrypt:32768:8:1$OSHrDMG1P3I7bOjp$e996906048dcf881152386892cf6072281fee14e14f3cc95263e094e2bf6cfd1ac9e38311a7e89b65e21a94996088620b0eb0cf0229d8f52f8cfa66ebe490a86,Tracie Davis,"140 Lee Ville, East Kathleenville, AL 53337",6518.77
836,86,,mirandadarlene@hotmail.com,scrypt:32768:8:1$RHzDTU1QiB3jYZ1f$d45603b539751ad1341c0d6082fc409fd04295c14535d353e048cb471e5080d0e2266a98e0133e982fb96d354bbbe1cfb3102bd6abb23c8f80737aca4aeb271f,Christopher Carrillo,"556 Cindy Union Suite 162, North Austin, KY 24511",6937.52
837,569,,brewerpatrick@hotmail.com,scrypt:32768:8:1$65E5cjKuiEYSyc7K$1b128adcfba657d870799f97cd9c1b31451507c681ed44a62d25b46092bc9e9dbfce98792e4d2c2a2caa0085375d593ae247837c64932a9007fd39823a7de22c,Marcus Duffy,"381 Espinoza Squares Suite 459, Rhodesside, GU 76603",5313.70
838,274,,griffinpatrick@hotmail.com,scrypt:32768:8:1$3TzqjJ9VOYiyf6Ok$05c5bdb398e729719eb1bd26570ba273ca535b199b563140b63753e49701056a7de9b96f6b27055dc0a7afc4bf3795bddb7729d86c06965387495c4f42e2de4d,Julia Kelly,"USNS Michael, FPO AE 05003",4545.03
839,487,,james58@yahoo.com,scrypt:32768:8:1$cG9BElmFBiNNK4lJ$3a11f8b1f71c4269393fac38282576814d49f1b0fb5bc357ebe196bfbc8dfdcefd9389ddd6b936e40918d19d875d53b621abe236981eb14341e67b3b78bdaa5f,Lisa Brown,"51406 Fleming Corners Apt. 103, Kelleyville, HI 22156",6831.70
840,965,107,brownjennifer@gmail.com,scrypt:32768:8:1$Fo9hJ7I9HnVvIli5$a6622cfb959e7b961a960ced0c159a36a7c7d9e26f6aeecc869f30340f427336d302b3f2b9bea5247ce9e20993cd91a3f00646490ee624189496d83ad6111b60,Shelly Robinson,"5710 Michael Point Apt. 578, Joshuamouth, IA 65241",1178.14
841,286,,jrussell@yahoo.com,scrypt:32768:8:1$e5CgAviR1RK5g6sN$db7e63f8963fae4c20e66515771e8e18bdcbee6dd0e4218fde810ec644e974d0bbf959d123a26fb7d92f4d80fd58904c618c7455f95f80df9abcca86ecf076b9,Claudia Jackson,"344 Shaw Crest, New Bobby, MD 89462",9394.44
842,945,,froach@yahoo.com,scrypt:32768:8:1$qahkMQ9P9Xg3nzqj$5212d3f6cc7885d0ff4ac40594a6d3273890537b2f44acc4b9dc0fb7ac64a638a944b0b30277b939ba561ad692e5045cf2b0c1eefeaa883df307ddc571cfb689,Kelsey Moyer,"2446 Jacob Lock Suite 765, Jacksonland, GU 83869",9318.28
843,81,,edwardsgregory@hotmail.com,scrypt:32768:8:1$4HWDGhUdzBVcVldQ$8f519097963059e68c0f0063d89d6bc7bbfdf0c2d8acf0447e898e44c7ffd857282c8db96764d5403fe188b224c36eb4b04a57772568551080a20ea8c9e93211,Lawrence Atkins,"6936 Billy Springs, West Jenniferside, CT 21537",4104.31
844,481,,hendrixtroy@yahoo.com,scrypt:32768:8:1$Qdw1RBmWwSv3HcLt$79f5949157d5da107b765e621b079739225583d07f0cf9fe35c04030ed085f30888b64df47a0e4dbcc2cc6005a7fc18825c624a5bfa7346e16748deb9711fd22,Beth Berry,"38335 Henry Harbor, Alexiston, RI 71222",5472.18
845,608,,ualexander@yahoo.com,scrypt:32768:8:1$D0S1flf4Jjsxaydv$8fdbaf77ee30135c086d306f5a49b7806b089b9e0b549d4435f3dc6a743b119b729aac8b9d0e8083bff3b4d4d6d2fca728c05f9c7d70143997e470219981b33a,Steven Wilson,"163 Brown Pike Apt. 460, North Aarontown, GU 29757",4239.76
846,392,44,davidsmith@yahoo.com,scrypt:32768:8:1$Db3jnafKyRt3Q68z$0df4d700f94adcc27996a9c11edc507595558a968a438410e1335023a5acd177c2b7d745c4f2fa3f4eb2a3493711c7b82042ea2b807d60aded0c1e631fe40c83,Amanda Dickerson,"269 Jeffrey Field, Mauriceshire, RI 53766",8647.01
847,875,,isaachernandez@yahoo.com,scrypt:32768:8:1$MMHrWHUYIMDizHjw$f853dd8259a8714180c0698c00db6486b4cb305efba2b58a1d3cf91953c91d42afe2b0e3c5a478a5cc84d7000d2c4fd2b4b3087c409fb814a152c49ed2f8e306,Dana Wiggins,"4204 James Row Suite 056, South Cassie, CO 76001",9136.42
848,847,137,fross@yahoo.com,scrypt:32768:8:1$w3Ht5Uis0mvdJZhe$ef1f559627a267c0c58d7bf24fbe108b05e20cf023a14ac681424755f77cfff5a5da58e61b4075a8fc44e8863f74dd03b3b62f86b12e0b4a18d6097427554638,Tracey Smith,"27506 Wood Lights, Butlershire, IL 43778",5880.46
849,809,,simpsonlauren@gmail.com,scrypt:32768:8:1$6VkCfy09fWcKvZUA$68eda2c8a0c4bb387b7c50e1f8fad842684293ade815d9c4b7acb32eb69152f5bf47e1d55993e9ae6647ab5ab904f3a19b97be94f5c3a6e37a75275a71d727dc,Eric May,"742 King Extension, Gonzalezfort, OK 27643",6562.36
850,394,,burketracy@hotmail.com,scrypt:32768:8:1$hdaqB8VGtGYzO8oL$cb0409883edfb3987ab51b1156fa1d151c9fe256bd23be713da4982db2d587325a36f27be8f994fc8afbacdfdc534ffc64b8a219ba6ab4479bf913797db3d592,Kelly Reed,"44715 Natasha Corner, Michaelborough, NM 64777",2183.34
851,637,,kevinbray@gmail.com,scrypt:32768:8:1$8Kz1hb7c1apflDMN$46c8469472da1b7127e3c9d38b6482cfeb339a472977dd51ff3f863d76717dfb739bbdbbcf7ee5c1ff9efcf405986f3d83e905ea391a327180e805822a818499,Theresa Bush,"44592 Gibson Pine, Sandrastad, SC 41361",7832.94
852,489,164,herbert43@gmail.com,scrypt:32768:8:1$ImeiISo0YeFqiM9Q$15b594a3bb5269270cdf8a2704d40093209982866c321bc362d3104c1a48df85239be84e628e2b57d17ac8cc46b676696fef5ace64c1f1cc0b602f4ffb550e12,Christopher Schmitt,"9411 Justin Lakes Apt. 411, Bellburgh, DC 59959",1879.62
853,981,,peter20@hotmail.com,scrypt:32768:8:1$wTx4azPc0R7LzkML$4f47be183b7fda2b7c8999cb6eaed71837b720332bbbff8175cabd5289c090b925b407c01a03fb8ae776d02fc605fb7b522f422c9aa198ddb8c56a0e72e01d53,Michelle Anderson,"19774 Connie Park Suite 870, New Christophermouth, CO 56293",8460.76
854,14,,zlewis@hotmail.com,scrypt:32768:8:1$E9fgz0Ee1mo2Rajv$de7f0a945b65f0a3175448b9e1d8889036b1b6bf321b00a775f1068a740346c07f1ffe73d6a0c2f1ab5550f66985c638a001164a9cb3f49150790846872e33a7,Douglas Guerra,"Unit 1051 Box 3844, DPO AP 90360",4381.92
855,252,187,amassey@hotmail.com,scrypt:32768:8:1$gu36qkNi6A8G74K9$94b29a5cad1ba73d75c915bda9f7c518d1216a760db2e43f47509cba59495d77c00bbd055460a83bc781fd6399c2f1b507f51202973adc21e7901c65ec621ccf,Allen Garza,"Unit 5335 Box 0239, DPO AA 55725",597.93
856,346,,richardsonrebecca@gmail.com,scrypt:32768:8:1$JryYuWPTVdQepsuj$0c1886039a5507ea4bfbc72df8fdd49f2b7417e9c9e460f3d3d12a96ab35b2709d0bab8f27addc25a32d3716a34bc9f3207dc09a7862eb28409cb5cbe8f0873c,Russell Hughes,"02434 Stark Drive Suite 371, Tammyshire, DC 30477",5090.45
857,302,49,patelstacy@hotmail.com,scrypt:32768:8:1$0w0nhIH98YvK3WrB$370353acd238148af700a6fc73f6806b64164d5bf9441cd5fa5e746278444d75bce13d44597f1174ae916b287a919e1518fcacf4fad7e6de4a9515afce2c1bcc,Joseph Velazquez,"5970 Jeremy Island, South Dylanshire, CA 43026",2763.99
858,313,113,marcus36@hotmail.com,scrypt:32768:8:1$sYAZeJqJS8gFJ097$e1d463c309160a5b2dc45564ee74f1f8eaeb23ff48bb71632963303a93c8d2dffef99c02b67873f1dfd16a302deadef642f3d2916c64cf61fd9fc96ee9ecaa55,Brian Baker,"27737 Timothy Centers Suite 836, Nancyfort, PA 14281",5092.92
859,485,193,lbailey@yahoo.com,scrypt:32768:8:1$FleWznyNnXHQ7ung$45d83c15b4c1fedcd0eb620d9082aa442d17137cebc84f33da849eac996ad8cb5584b4b30ad1095d9cec4da34bf1993602d737abf27708153ad2fe9a6337a897,John Nichols,"7378 Andrew Flat, Lake Davidborough, WA 19823",8228.05
860,356,,poncenathan@hotmail.com,scrypt:32768:8:1$G8zZtzxoeLBDPCIX$d9f356c56f114ff9166cd40f01468e81e13fe1e1cac8078c849faa8d2ccd59a1a23a36e7302727eef1b3f888e7a76a23638e09fb2d2a20227cdf7140d843763d,Alicia Vazquez,"1846 Elizabeth Hill, South Sandra, AL 70815",8081.22
861,412,28,eddiedavila@gmail.com,scrypt:32768:8:1$GcdqWE1FcUv6qIW3$510df02ae307ed8b2a588e66bcf3bfdbb5ec5300ff8f891733d210d994082082b1b519516216af3aaac75786fa99ff9cd7b15994a98642b70cc5765dd0995bc9,Anna Allen,"485 Michelle Locks, South Joseph, GU 21649",8501.38
862,822,,gamblejulie@yahoo.com,scrypt:32768:8:1$6xUWay1HBBpT6f4l$d5a2c7f258140812d747e3ba12d7b7d9e8dad9b3c45c1152af57249e1c4f8824b615f21431e5128b5ac86528f3e342a91bcb2510f58393d428b21e61b4b7f941,Tracey Joseph,"59199 Richards Islands, Thorntonberg, WY 51451",5301.37
863,516,,parkssheri@hotmail.com,scrypt:32768:8:1$rf6U26ATRMpBBorT$270d0a9db90bd40ee31d986be766a42cb0d3653ce2b75d97403208e2a2b03312b77dde3aa2919e24c246841043d361a35aa4c1b2cd405f127402c24fe8a09942,Kelly Miller,"40206 Jones Ports, Port Bonniebury, NC 13248",8023.16
864,151,,jessica30@yahoo.com,scrypt:32768:8:1$qXmcRBqbLOihAVi2$9d4152d30f3b23b5812a737bd5cf2c7fa3e60b43a41b6431549436e443ecb9cfc5df6b63d8edb481bba6aa9f7a99eef14b6036dd8cef8abd2bba12e42c43735b,Brittany Baker,"01806 Amy Points Suite 821, Melissaville, MI 09018",6250.61
865,616,,cassandra87@yahoo.com,scrypt:32768:8:1$bLSMh6WPMscbTxLs$9b79d6cf641dee5688cd1b9e63cf2d15af81e512e84a27ddc18ff2e48f40a6e6aa89167c47b37a54e8b4ad15249beba51d99e9b09b9c1a8656e3d3775292b6c7,Thomas Luna,"78826 Marks Junction Apt. 826, Sarahville, HI 88997",7734.20
866,211,,kelly79@hotmail.com,scrypt:32768:8:1$3Z8C7uBqrsI3gbhe$3362c021cc7535e5cda909dac2178e88d34398b48608befac53f5d13ad243b3b165dbf85057cd2ae70bb67179eb4eb5fc0f3d36dbaba74f8eb3ba2ebcb774bc2,Bryan Hanson,"5797 Timothy Radial Apt. 708, Jessicabury, MO 04287",8530.92
867,436,,tamara69@gmail.com,scrypt:32768:8:1$G6Cvmo63floWxIoV$78b5b835a5923e486c64b6a99e4d838f372a6aeb7cc071a64b4e2df49b8a11cc6abf171b701d295748e7c8ab24e205df39048a488675219702f07acec10486da,Joel Mcknight,"26265 William Pines Suite 549, Port Johnny, SC 29737",1141.45
868,115,37,christopherkirby@yahoo.com,scrypt:32768:8:1$afuPB6xeLIp2ylOF$4ba67557a6c41ab7e90944a55a234404c9b1937a860f82a04c7eb248846ec731ff630817402e102fd47c25ee1fd9e8cc4c89f45308709de53d7fae50e2cd8a06,Dana Cantrell,"769 Russell Mountains, Port Wayne, NV 55001",4674.68
869,943,,xwagner@yahoo.com,scrypt:32768:8:1$BDSu0dqd4QCTn6vH$368751c57dabb254be3d96637221e9e19d2ebf8b1e754662fb58314d3906675111f6496bbd723cf49280dfe8e5d37305f6331ed0e8609c915a8a36fe425d3df1,Diana Hughes,"06123 Brooke Mountains Suite 744, New Robert, WV 88750",2598.78
870,673,,amber47@gmail.com,scrypt:32768:8:1$bjU16O43oHifeiM3$f2dba3c7ac831f77951b7e94308266f330a6e8196d7a18d583aac5a14a4357639d564182b2b6752e7904eb19bb48766b59cd2c89fa9e52a68f53807f1fd7071a,Dr. Michael Lopez,"55610 Drew Track, New Melanie, LA 19306",3519.80
871,494,,melissa35@hotmail.com,scrypt:32768:8:1$7Avgt8csDfR6zmAU$2a1b758c738387459975fbfe86acc188657b9887b0f54bf760fb6201f1f0a0b5517429c03f4217abe5c8a1ebe29784f2514acc11e2e2da9fbe8878c5f95007cc,Edward Foster,"Unit 2518 Box 9540, DPO AE 62704",6996.70
872,660,,daviscassidy@gmail.com,scrypt:32768:8:1$qvgVxBWoKFBefOFX$65330ffb4b5fd6ef6fb9c325b5b33a72210fb436d3190f7f3093ae13131c0e69116a6d60cc65f376f3c10b0af1f396c66bae32ad5443d7589d2d0f1a2a490d35,Darryl Davis,"USNS Lawrence, FPO AP 26471",5055.64
873,643,53,perezglenda@gmail.com,scrypt:32768:8:1$ktc35DPAhfTdUre3$5a01c2b60cc22481ed2389cead25017b7577cf5d3867789b1a46baf479c185e8ff58c1394dc49cad2dc3c1b53ec426cc763b2b3ecb2475584a86ae55a84e5d45,Terri Sanders,"29960 Neil Bypass Suite 970, Taylormouth, AR 57023",8817.59
874,484,119,sampsonsue@gmail.com,scrypt:32768:8:1$fDbddBoysY7uLGfh$0d0c3e8adbb4ba482b62be195299a1dbe7a61732db11c959c3a4a978249550946509a1ef362ffaf58d90d30d4d507f6a73bc3fd4ffb18d2526af956d4656ae62,Sabrina Garcia,"83836 Jeffery Knolls, Davisshire, NY 47269",5813.37
875,999,,kylekim@yahoo.com,scrypt:32768:8:1$QajQo0VdzicQvxuf$1ec915d764377a8ea6680a1f78245e3006479f57894bff375e6f25091a5c2345304d742ab51beb4e016e9ee9507f352ab32bf6e44e0e3fcbe060ff370593496b,Margaret Russell,"Unit 4689 Box 9161, DPO AP 18268",2554.97
876,527,28,michael93@gmail.com,scrypt:32768:8:1$Mt2SS41jork8E1Ta$e65063eb9d91863db12c5fb72462d8cc59200b23665f0a691aefb25c69ef7a641e427341383ebbdfa512e55a58d48172cb81d2e13d6862e2595e3bb63b9f3be4,Samantha Alvarez,"977 Torres Village Apt. 596, Tuckerfort, CO 58157",2486.09
877,628,124,adam33@hotmail.com,scrypt:32768:8:1$cxesGLF2IyyZ5o1u$6620b0db0e1878e97160556af31ce7e0f7197d5caf543978e5391302d8db1264d8fb8e54624fe2c4fbf36923534f34bf6e6d40cacd10c056424ad59a1a24873d,Amy Sharp,"8454 William Falls, Brianborough, TN 74303",4671.65
878,365,107,vvega@hotmail.com,scrypt:32768:8:1$cppMZN2vA39bLz1F$d4e219ad41ff26fd338ee4123d0d5be9c2f5c0f213698f43bbb02aa09119daadc4f3eb0f45cc6ffb8d60bb4239e056c7b40063461225a9fdd6504d59c3dded3b,Aaron Johnson,"0382 Frank Crescent Suite 951, Port Sarah, MI 40672",2099.65
879,952,161,kmartinez@hotmail.com,scrypt:32768:8:1$3uwkmdbfPbiApER1$e30eefc2a901d509a209d297e64e2f4ec7790dc8800f6d1e2d843170fa1dbb6dcb00cb00508b3c0bcc3e877ee4c387156958deb3c65a54243ea5542a47af0882,Samantha Williams,"544 Mark Spur Suite 297, Lake Alexbury, DE 15892",4587.03
880,59,,sarah59@gmail.com,scrypt:32768:8:1$vQ5UvUb5UKXP2FEe$62aae01eaf0f321d21b50e1755cd76184dd1c256725d23ea104f661a7b6dcf441afa84587d5aec7cc9b9ea3bd8aa88b6d5b158898bafa7b206f6c31bc7e36a59,Amy Valenzuela,"37532 Rodriguez Stravenue, Port Matthewburgh, MA 77398",643.61
881,218,,george54@gmail.com,scrypt:32768:8:1$mvhTrG8SqFbf0iSX$7a8e598c5117240157fa47051fdb0db10a69304bf22a7d1c3a70d81d90821e6a5ecd285b974e1b30b72f657c4d4b39badfb6302e90d67a2f4844dd4a64427e1e,Melissa Jenkins,"188 Jones Summit Suite 366, Kevinfort, MA 73903",4285.65
882,144,149,lanesheila@gmail.com,scrypt:32768:8:1$ArVatrlXSQHgLNGa$fdc7447792b60e35fdb4408909a2095748c0b615b78eca423116aaa948c1805b26b3f20ff0f5c52dbd0abe3cdd96f4026bb51ea4fb06d14365cfa0bed37c0114,David Hamilton,"5433 Brown Falls, North Ashleyland, CA 62388",497.10
883,63,,alejandrowatkins@gmail.com,scrypt:32768:8:1$nnu5OqQRDxaqeGyP$b9d1ace781c6892206899b483866f25b955f604d40a11f9bbd6f29dd9359b57098a2cc93e59713d57c4a5c793f8e181fecac059ce96db6ed336934fe42c83281,Mark Walton,"PSC 3845, Box 0865, APO AP 87002",1660.76
884,193,91,douglas54@gmail.com,scrypt:32768:8:1$snqh8RNl0ac4PtKa$b23ae5b4af87bfbb68f3915257fef2039a5c7c2f40908faabf82aeae0815f286d43cfde9c38d2933aad4dc3e269bd714360561d0d8015af8762ad7d96922b348,Amanda Murray,"0116 Scott Tunnel Suite 756, Matthewbury, KS 54584",5652.93
885,442,,kevinjones@gmail.com,scrypt:32768:8:1$5MDZ5QVvnYWhhCEw$6c8e951dee71e735a8bde5dd2781e1b29bfa4d84a7ce408a9e2f0db6fb2e473c1d74deae9d73e00528e0ba3c7d52d5f91a20274b0fee9acda07a0ae4b8961a8e,Joseph Norton,"24440 David Avenue Suite 419, Lake Davidton, CT 55162",2704.81
886,197,,jeffrey27@hotmail.com,scrypt:32768:8:1$GyNSbPzp2Ak4cXnX$3a0ee6f7d4360cd958bc8baeba969a873e91c12c9e51a06ead535cdd6b33ef61b95a0d314509c2c2e1f837f6073c9ce122f80b24af83e983716ee7df243a7a7c,Samuel Moore,"USNV Ayala, FPO AA 31185",5011.55
887,716,,jayrogers@yahoo.com,scrypt:32768:8:1$58hFtyZK2oxnb7hL$5025b23ea261d681850d9c483364fe6ca5c86550c0e09e89eb834e11b0216c61686098391a1cce500a4ccfb8c94384e0e0c45f95e8999c72ee1966f71f48ff16,Timothy Mitchell,"USNV Sawyer, FPO AP 91061",903.92
888,2,,darren98@hotmail.com,scrypt:32768:8:1$i3IRoUU0hJ9TlgEc$5d1b2609c56f1320bd0aa3dad6c54e75dbb954d2e2383185507798736ec3c4d0d1019ee256d5d522861d66f16170a663d4d166c439f3963b5c8b7eb310746375,Brian Woodward,"8129 Lopez Street Apt. 570, Port Joseph, PR 31131",6472.00
889,772,,xhubbard@hotmail.com,scrypt:32768:8:1$H0SaLl58ltNdjJR6$d4315ac9be00bdd9084952e5bf9a226261081cca0fda7e03888094c3ee7b3b5305c0e4664ed3fffb205761bd73f7915fc9434c2de9f5d4a448e797dd16598e1b,Zachary Medina,"8254 Andrea Motorway, South Blakebury, MT 77902",711.36
890,916,22,zbenson@yahoo.com,scrypt:32768:8:1$GXA1YoJXLx2ji47b$dff13f5814a80c02b32496541b25f1a24e9dc4ab542e43176583c2722910ef43812ecb987e625d3ed354c626efb0a92515fe83417ef10fd7a8e31cb06581a742,Michael Campos MD,"941 Michael Islands Suite 080, West Jeffrey, ME 84560",871.02
891,166,,weaverlaura@yahoo.com,scrypt:32768:8:1$wp6rFRRrlULUN7PK$90e8e51b0914c684ef5f09ab9f27ff96acbdcddb470b0a45aad59594fe1fbaf048cfc700a1d949b3e4112e3f4a51038ed285c3540d844d12bb958f337d064dd2,Gregory Johnston,"370 Gerald Unions, Jonesland, AL 75110",8938.61
892,679,,dustin23@gmail.com,scrypt:32768:8:1$pJRhIJfEC8quQ33M$daafb14ca37ed36373e201c6f202c840bdbb0439ce134afcf882bbdf658035ca17daf4d37af4adc4abb2427d274cdf9e7b49cb2889eedb3021e1e861df85afef,Carrie Moore,"12755 Stephanie Corners, Robinton, GU 19399",4545.78
893,145,197,tpage@yahoo.com,scrypt:32768:8:1$AAM43hHAprpSFmI6$13906b41724732e7d1682e947cdb41b8a64ff14d22e57659f7cc0f253535953c13ad16d8cbec66be41659782d0e68321765a722e47b238389604aa6448b5f215,Arthur Swanson,"113 Brooke Trafficway, Lake Joseph, RI 85038",4869.59
894,733,125,christopher97@gmail.com,scrypt:32768:8:1$8048mehZfJyO5liw$3b629fc61d3a1df3f12fc46740ec49709972dd37f9a8f25343c1953cc97614d8cbdf408bc63a082b85e99ea49f631cb0c32bf7510b368c38948f3dbc6a607730,David Edwards,"2285 Caldwell Drives, South Mitchellhaven, PR 09975",4374.17
895,579,,nporter@yahoo.com,scrypt:32768:8:1$U6aiiJ9VTtWOy5Gs$c65ed5867c5bfbe92011ead3e5344eb3008dd4757c802debe5dcd2ec930dfcf339f6fc1600ce7371efd5b0c8e5da3d9cbf8f5594aa9b2387df91975c577832ca,Rhonda Mcmahon,"771 Melton Brook Suite 175, East Andrewview, KY 47003",8799.17
896,982,108,matthew69@gmail.com,scrypt:32768:8:1$bn2e6WEIMAdXbZjl$94862533f15c886628debcf029e6e0166e3575f98db4c7c391813edea51a8f728abf6cf01e2a66ca97d53ce8781d767ef94f7ad5af8d90d9a303ff798950eaa6,Meagan Stafford,"89885 Jeffrey Island Suite 586, Port Barbarastad, NJ 35585",1880.40
897,21,,mark74@yahoo.com,scrypt:32768:8:1$rtARoaKaoGh3VZuh$7533eabd0d981c86dbe33aee3a6a2f8a1450cd2e18675a8c3075c47847b3ce2136c1f1af085638673494211dfbc5e91192a1628bf61f1d18e4225943eba1ca56,Kimberly Richards,"47710 Moore Coves Apt. 068, Munozborough, MA 13307",2518.47
898,874,,mlowe@gmail.com,scrypt:32768:8:1$y9lOQWjfxVrGzar1$da482047bea98431c1de6b58efe1e07fcf7eecc37f00a4324cd2a80ca2bb7109466892098bdc8747e899c19846c78b979c1e1c5daed5ae13cf552abbeb2db961,Tommy Williams,"8375 Ellis Forge, West Diane, OR 78878",7565.03
899,289,182,crystalwilliamson@yahoo.com,scrypt:32768:8:1$M8uqdmNYDWYsbPH3$f56aecb3453afaa4855f3dc2a8ba349c9eca3885976d619e7bb0c27aa7631df26f51e1da6f8daaa62e691a42fb4d7f58ee68f63d3ac8427ad397f50c8c82d96a,Mark Ruiz,"1952 Theresa Stream, South Johnmouth, AL 53553",2929.87
900,10,,alexisrobinson@yahoo.com,scrypt:32768:8:1$wOdnLPyALCzhZQjk$d06aa85e00ed93df7220386222182af75a6864880a588bca073d2099f273f981ec21a20a591c9335d73b0f4a3eaeb249771bdd709573e097bcefe698909b532c,Angela Hayes,"2330 Amy Way Suite 887, East Caitlin, CA 43975",1257.64
901,160,,mitchell81@hotmail.com,scrypt:32768:8:1$oBTyNcSvrdEMoHat$dbc1574f4f68e740c6030b71b978a1fd7a1db8805b325d48b599f8ccf1a20c495e79c2d61dc1bbb42a971a6f7c9e74d8f793317a1047cca1d43891ad07805698,Courtney Bell,"48242 Ramirez Lodge Suite 696, Wandaburgh, PR 80842",9856.67
902,355,72,justin65@hotmail.com,scrypt:32768:8:1$FEbwzEUNOQCNrqPr$aa49bd6e55a7b93a3a0ac77b97acf131f2b63c588dfe54872e42a857a148357c5a8bffc1c91519e0e28d1242c90a907de1c43f9ffe56f3a8112face3fdd0b7b1,Penny Smith,"557 Robert Plains, West Anthonybury, MT 12270",1838.74
903,359,,juliegreen@yahoo.com,scrypt:32768:8:1$sSZD4NMfTbi88Rlo$a5eab0753ce78f2cbd2787883ace43f713a45216b6414d3a791e8c695b5cbe7f97f43bd4c96f0657f0c16072f0a81c21ffa4cc64a29da24945fd5de8888c2e03,David Valencia,"63197 Madison Skyway, East Johntown, MH 25798",6265.84
904,104,156,campbellheather@yahoo.com,scrypt:32768:8:1$XWAElJRLJiaPHFhI$e07a9c3415ec1a8bdd4d26e20691a80bc295836c749b9593dd8fd86b9ea0618360b6ecd8c7e9cdeb309b57ca11fbdd7488c560db674952bc853583683bdd2f8d,Kimberly Decker PhD,"31137 Wu Islands Apt. 465, Port Michelle, TN 88713",6151.53
905,808,,stephen67@hotmail.com,scrypt:32768:8:1$Q3I5VnDjhv5yUer8$8edb922c8b17f666a41fffd2e3f3c7744150f14c110c372fecd5792ff86759072c6767ad2c369bd408df68c3da0b08fd78a1912e0d15e014d49dc6dec61366fc,Debra Crawford,"PSC 5277, Box 6922, APO AP 68588",6591.25
906,705,,cindy25@gmail.com,scrypt:32768:8:1$rpztWZRsePvSyS5i$297efe1e8bd91260b15c8b10f7700cc728b68eb3fb1e32161d429a86ac1467961740e2ad00965e47c11fe0e091b49bc4d077bd532158bebf82fa02cb8df7a77d,Christopher Johnson,"882 Bonnie Street, Middletonville, GA 32084",174.01
907,169,,bonniepeterson@yahoo.com,scrypt:32768:8:1$ln1JecIlUXjZ97fA$27086c2db55b11a2a1ce5bba1f5dbebdce991506df058d52e803ee88fbe4bc312e71a99dc50eacaf62bbf6ed4acd2a8cfffff910dc1bed821ea8e5e548532889,Thomas Moore,"35622 Jason Brooks, South Laurahaven, WY 22316",2499.44
908,567,,gibbsstephen@yahoo.com,scrypt:32768:8:1$jM3GMXce74xAS7rr$d58467db355213df859a5271c65520b95b5e5150ab27b1d82a760649125f45d0ef6d4177e30311b63ef46ca6c68fac7b11f8ceb5ca79575005e4694ca8eaff3a,Christina Maldonado,"9629 Jennifer Ports Apt. 336, South Mariaton, WI 09490",7484.55
909,55,62,mayersteven@yahoo.com,scrypt:32768:8:1$98ueCCdxi3nFMvJG$d108a865dbc4aaeed1a8e2d1e63c399beb5b901926beb5afc3658e2b79e321883f297a7006019d5bbd90a6af75d2e87a4c3875e83c309b60f12eb68fc270579b,Michael Watkins,"60367 Diaz Hills, Jenkinsburgh, GU 15360",6666.77
910,997,,sherryanderson@yahoo.com,scrypt:32768:8:1$fVh6XmDdUDK8hQcc$50e60935368881b955a823b9b7651a293ace36b085545bc903959d09910f2eed0e360c60859768800034d3e9daa74649d4f4fddd979cba58949b719adbd320f6,Angela Rocha,"155 Davis Spur, Kelleyfort, MN 52412",3914.97
911,921,,debra81@gmail.com,scrypt:32768:8:1$s4cILTHoHVKzOxg0$437ff82f61b91ba348ffbdd871b785c7add7e1a8d784fb9e7d7125cf47f36edf4124179918cef578aa95c68caef456d2886fbc634a9be82a0e76fde5d3ce46af,Trevor Taylor,"9943 Robinson Loaf Suite 449, North Melissa, NY 48776",7792.92
912,925,126,alexandermark@hotmail.com,scrypt:32768:8:1$DHLQd37FO2Volj70$e0a0ba347ea56c4c1ba8c9f37e3131188326c7badfc62b1165297bb9181374d611b2bf6b25cc054b54fc825a681da5bfbf3a2170f6654b3c94555bb5fe31bd9b,Eric Cole,"279 Page Drives, New Lauren, RI 37069",3390.45
913,667,186,donna87@yahoo.com,scrypt:32768:8:1$XIlW3H1THJgigJ3H$7de4116f1f72092e9a686443e0bad2559b44e241f38655fab6f2e11b01eb7e1a73d3487a12c953d1d75540baa70156e5fbb615ffeb1aacf494bf7476ca59dd06,Rhonda Cowan,"206 Maria Garden Suite 022, Shannonchester, AZ 99443",3893.78
914,114,,fisherglenn@yahoo.com,scrypt:32768:8:1$wLbjbc45LloguT1o$957c64c904ea6c1412c5662ee31b8a798be8887c7cb16596a07717fe9edbc5c628c95c1d9326ff5546877d5d5941164d868fe0002641ea29b49f025862bad61e,Christopher Owens,"37929 Deborah Springs, East Johnhaven, MT 44270",8653.59
915,678,,randallhernandez@gmail.com,scrypt:32768:8:1$3VZk7pI8oaK8YFEC$c9929ddec6a9f6e7bff4f9779d251693dfcf24b3ba56965bb72b1fb21b3463f49847304a9e50f10704b13ef90458102cd7d331898b84d14ff6c878282e9fb5a2,Robert Lucero,"861 Susan Common, South Baileyborough, SD 63199",1095.75
916,581,,steven15@yahoo.com,scrypt:32768:8:1$mkIh9FnNLTrRvwKP$763295b72fd52f767bb1f03a089533d98c6fdbca11c77fb732c5d6cb7e2b8f4a89ca33458d58b95698b001e16f2d7b8547b087dcdac577109c49dd23562ceeb8,Lisa Young,"49044 Delacruz Roads, Perezfort, GU 04531",2223.03
917,244,,jenningsalexander@gmail.com,scrypt:32768:8:1$oJp2h7baH3RsjjPa$468233e27608440e464e95df2a20f181971d15e79b98f6d4c340899cf62d051e89cf0928b763c45082aac2f088c564ffa83ea0da51a4ad7b6307e3c074688445,Lori Bell,"1711 Mckenzie Knoll, Brownfort, NH 81764",805.30
918,92,155,vwilliams@hotmail.com,scrypt:32768:8:1$0ZD4u8mtCJmy8Zrl$e2950800469c3b2d9dc4b17cc6a46b3d42cd647201bd1174330b8fdc6eb7aec63ad731f9f917019a6cc2516c9225d91d30b7870706dd7ee52d9823d4298ea6bb,Kathryn Burton,"145 Jeremy Prairie Apt. 806, Mariabury, MA 71186",9304.63
919,199,,mullinslogan@yahoo.com,scrypt:32768:8:1$oDOlmHezLKi5pDSK$2a47489f0aa33890e41fce97b50c48eaaae138fcf3bd4e1dd59330286aa3ca52c143c0562d28864d9d373dbb720ad503b5c93cc3060827376b183d15c70ea3ed,Troy Walsh,"245 Melissa Fort Suite 305, East James, UT 01766",2276.34
920,344,,ysaunders@hotmail.com,scrypt:32768:8:1$A8mlmbkaZtbP8oyT$920f2f89027a1051c9d5c2e54b2afb45d49c792c4292cf2e3bc38813851fc4dbff8e32302d8a0aa8d9144add9227a538b249a82c3ad42fa7f629a21049cbfb12,Richard Berger,"64588 Nancy Falls Apt. 968, Stevenview, WY 07731",5734.92
921,102,,johnstonrebecca@yahoo.com,scrypt:32768:8:1$OW40uANQQHs9exCJ$63b280282b6cfeab83fadf3d7390990202f3cdce2a771c715422e8081c63e687eef51810bba652bfd87c6d981d2e505949cf2d3fbcf624a86a20bae77386844f,Laurie Warren,"08338 Ricky Common Suite 577, Seanview, FM 45096",5699.11
922,386,,xrichards@gmail.com,scrypt:32768:8:1$0qwiXMyaQl6fmo5l$e3ccc1f82a85023ecaa3edb0141d41162fe52df1b15535f3c35322cfdfa3eec0070b527d2eebed8d03b7961fb6dfce7c9441cc7b79111cd0a1b944f3a403c982,David Porter,"8440 Jennifer Terrace Apt. 098, Port Maria, OR 67338",4223.03
923,414,147,johnharris@gmail.com,scrypt:32768:8:1$weZ191PDrB2ZD4OR$ddd2f8460ff486dd75bf76f798bd1c4b78a946a7d2bed0717a493b919bd7484b57b177ad4bf992ee86a288475550748fac04156888e1bfc24588c63b6606e435,Monica Moore,"319 Noble Creek, Whiteshire, WI 03041",9876.84
924,532,,gsanchez@hotmail.com,scrypt:32768:8:1$y0R2JrPpZz9ww3su$55a1770f3c7f874579e6908b0d2ad8809f82f0cd58d423597032fbe213b5d1bf1000b957ee47a78cf97b8a5b1d15d7313ae83b59579ff0461d5adc8ecc3b0164,Christopher Haynes,"462 Williams Shore, Lake Colleenview, MA 72003",6852.38
925,450,,boyerkatherine@yahoo.com,scrypt:32768:8:1$lWQdk1le0jGdmbPC$fe29a55f48e21ea0060a640c5eeec29adad5e8a7cd120e5c87dfec949e69a5e6f44eadaa675aa3cd3e712c6c430933d185885407e41b559269ca5b6e52ea3fae,Julie Brown,"4350 Andrea Estates Suite 772, Courtneyland, NM 34590",7852.48
926,196,,rhamilton@yahoo.com,scrypt:32768:8:1$nDjPHFxzORQUXsV1$014a3bfc1c55cb98369a0feff698aa7cceb5e65df740b6c222fba1f62689521f63be810f8c1439193d5119dd743c7a2052c77e73091e4676ec96202697a314b8,Yvette Farmer,"4921 Turner Street Suite 074, Millerview, MP 26785",8204.48
927,465,,welchdavid@yahoo.com,scrypt:32768:8:1$0K7PFE3sIRwOVoy5$56c23e616cd67e637faca27680bf64e1efea2ebc4792d326a351107506b018694ff29f4de572241bc29742e058fa77bee0b09c737bec21286324fcf67fd7bb99,Julie Fischer,"68703 Vanessa Spring, Port Brandon, TX 48094",7156.35
928,261,,richard28@yahoo.com,scrypt:32768:8:1$kTkDxnPz9Ujxm3AX$f4e85ca22eb93597bd1ec69fdd3d43cc1ac6246ab00ca7812076e48c0bc3130e8731b3b65a00b8627b3d7a2b0c8adca3ec6de7283032947e4979309e034ef9af,Jessica Carson,"022 Nelson Stravenue Suite 324, Kyleport, VA 68075",4677.73
929,283,,johnphillips@gmail.com,scrypt:32768:8:1$XIMmqUNRIBSzVI81$b6f4c055952853885745ecd760032fc0a27ad0865bb97ace09bb9ad41892092d5fd88e2753f783eaa5eea0d3c85b34fcac72373b07480a115dbb74f217d169a1,Daniel Simmons,"26328 Mann Loop, Garzabury, CO 97453",124.57
930,506,,angela63@yahoo.com,scrypt:32768:8:1$VEnYlMbpdT2Yvz9m$ec540c01cab149638f161647596b2c160dcb2b0b6661f73357f3ccb905c462d4256fe4b84f26b15c2bedf193372b68a286413fb1564e6d048e29a9178d502486,Sara Reynolds,"30664 Sarah Land Suite 569, West Briannatown, AR 18742",9722.52
931,530,17,barbaramills@gmail.com,scrypt:32768:8:1$BUmYmzDbUWJ1nPIz$1e76e1ffc6d43f0414fd3dfc4ab82ea1c2ff0f515e982244470c59910583c1121004d6467b7b9191f4a935018d5ebd90ed0962d8a75dc1ac5cec3cdd71f17db4,Lisa Parker,"51854 Dwayne Rue Apt. 665, Port Thomas, PW 43413",6061.39
932,167,,xrivera@gmail.com,scrypt:32768:8:1$vQ6mLfNGajAYMiCp$406e5d6ceea1b09ef8dab8648af45f5b2a3bc074f5a3984d1ab9d043d9dc0b6f498d96e9681d205062f6d31b01103c102d4413cc2d814be0e374423c870bfe50,William Green,"089 Monica Walk Apt. 620, Brendanville, FL 18097",1137.58
933,292,191,wattspaige@yahoo.com,scrypt:32768:8:1$AcmMS7th2cukVG6f$e6ccfc53b3362a61066215929c4cd77ef646f62a1ddf8e3726fd17e3d07a14b46b5827f32c50d43edb4924e3c7ab989295c96fe19353481cbd7686b771c18afd,Heather Garcia,"4221 Moore Village Apt. 475, Port Melanie, NV 63679",6932.46
934,94,,paulromero@gmail.com,scrypt:32768:8:1$LpIfifRxOhTL7XA1$4fdb5156723492c0b304f6ddc68033842d5bdd537de52305e036b8332602b3b51df33d6e392ca924ae084dd27d15fb298895cdace289cd79bc9c03ba2d9f03da,Krystal Smith,"834 Devon Freeway, Mathewston, PR 31878",3938.44
935,4,122,bernard56@gmail.com,scrypt:32768:8:1$6o0sIRiHZpd5I2cl$c0cec47b6544212a8cce23983f27d1dceb0482d2c51a87069913b7e33b4431fdd76af4f3ffdf6cf39dd0f8aa50afaba2e2ddb9f9c6ba51183ca381a076a93f09,Chad Morgan,"6483 Jason Throughway, Dustinside, ND 13872",1938.78
936,52,,carrie33@yahoo.com,scrypt:32768:8:1$mcZsBU1fP6ebk44r$a14272f6630f37ed52ce674be4ddedba01fdd68aaef71322b82a7da6bce931c27093bef17ce33852ee6861749e6b775bfa3cc0f25ffc8b5d59f30a7a95ba9316,Corey Peterson DVM,"15425 Dyer Harbors Apt. 114, Port Ann, WY 58700",5826.67
937,727,,darin51@hotmail.com,scrypt:32768:8:1$KG29wVYCWW6MjlUv$1f844efb67a19f41784681c0e4572f75802d1f7ed05b258c636af679cb3b498e43278bcc995680388e2e2b54bd8324a8fea879aef021277e327b191c90ee285d,David Hernandez,"6715 Acevedo Wells, Fosterfurt, DE 21834",1888.23
938,964,,mcdonaldchristina@yahoo.com,scrypt:32768:8:1$C5VRgnfoa53MXKqf$5c8117e74e957b4779cb1ff323bbf5e415eed5e3c35472f56fe63bb03f6d97e21c9716a7b9d357538c673a33dac2e16a93f221a6754da636668e8624926568c8,Jeff Clay,"13965 Kenneth Street Suite 466, North Joshua, CA 96142",6968.91
939,375,,hoffmanmichael@hotmail.com,scrypt:32768:8:1$Xu56LhmHnzJqgM0J$fa8e5e2e6e0721d5b9931d51764c3356008e9ea5505a496ed1758a2821a934ee2f75ce07ae061b47de202720e6ddf80d1a814bed43ce26167de2d73e20c702cb,Olivia Mullins,"7610 Kimberly Drives Apt. 647, Stokesborough, IN 95105",332.57
940,910,,michaelwilliams@hotmail.com,scrypt:32768:8:1$VdEjM29NUZbMacpg$e77d7a34d322a0bcc8552387d6d722d6ad40bfde794efcc24d04144e1c2d5b41a679b6bd8ecfa2b1a5f0f22249de7ec8e7eeaeabc36c1985ec62f074ead071c6,Peter Miller,"0655 Wiggins Key, Adamschester, SC 13319",2807.85
941,946,,timothy68@gmail.com,scrypt:32768:8:1$IHt4GP0VubOqAKqy$ac7013eee421523bbc4abf0cbb23d28d36937f72937339ed87a5569cea15b90383ed63b04cd041f890a7dbe1352e4009294cd89a42792b0aa7f704ea5b459020,Donald Warren,"791 April Groves Apt. 753, Phillipport, UT 19475",6697.13
942,767,,glittle@hotmail.com,scrypt:32768:8:1$2pHja6WSzu183CQi$b630be1485d5e3a49c73f677cecf04e29befed25ed358950cc47faca404168f1c2d2af28d4c61cf3db00619936da5bebc97e8c6e7a95e8274510c5921dd11760,Daniel Campbell,"706 Walsh Junctions, North Carlhaven, HI 34290",6490.07
943,881,189,hulltraci@gmail.com,scrypt:32768:8:1$lS19Mhlm9F0HKde9$9c47a048d9ec728862ca9ebffaf8f3ac99fce5bc9374c9291f8d79b22ddc7d00cff6fe3e097bd82e2b43704fa882cd99cd8212b61d04163210808638cb78e6a3,Lauren Cooper,"2209 Christopher Spring, South Christopher, AZ 15886",2370.13
944,987,,nrodriguez@gmail.com,scrypt:32768:8:1$4WSDgpFCSA4ZW5XX$577c0d721aa164e3a5143fcf232de4d1c05b1151b56c996de7e38ad1bc361a55f5063e1634eabb4e43ce855c63db16f0bc3c3a46175540a965af19d607494e50,Joseph Salazar,"3189 Julie Branch, Davidchester, PA 01978",3379.60
945,250,190,brandonbass@hotmail.com,scrypt:32768:8:1$16dSJpopCtHYKGvm$3dd97577ab16a09816578de85a5dbcd4ee1a9fca3bd5195bfbb3997cc499b7539bc792193f6176f472b2ed7b61a01c669bc08498ebc49d2b9198c3576744819a,Christopher Park,"1512 Simon Plaza, Port David, MS 30628",1218.61
946,70,,claytonwilliam@yahoo.com,scrypt:32768:8:1$HKGegOWDGXJHPIvM$563d11872d6dc13ab27dacd87e7bd6e0dbc8a15d68c77ee87dc3fd7ce21e13f6616cc47a3a9b4ee947b68e60bbd8c36c7c2ba68924fbf8620f03168f933fb79e,Eric Garcia,"8759 Thomas Cliff, Adamsside, NE 42942",2496.55
947,521,,sara79@hotmail.com,scrypt:32768:8:1$mGvuFo7HTg5dXnzQ$e164aa5c16dd5ac48c82d19d712d65b945e62a268b0e73b87fc99956878830833f866d33a9a1d20421fdf7fb25807d892e37f4bd9767babf5eea6b4657a1f9a4,Alexander Rojas,"22464 Lawrence Ramp, Moramouth, MA 44460",5880.67
948,479,,cberger@gmail.com,scrypt:32768:8:1$VKaV6zO84oYpBPON$1afe96b46983f614f2afc239224c8a6669b96c7dbaa5011cf24e62e7d78e7b34ea8a664f7ed990a143bf4e450ee97dc27aa859a6fff627003856cb77ada53d49,Donna Christensen,"82748 Mayer Cape Suite 577, South Lauren, CT 17377",1248.68
949,517,,thomasbowen@gmail.com,scrypt:32768:8:1$7rPBisLj4Sfwcw6I$0dc91415cfce45a8b91a3a1fe8f10e94238b0d2acf523f1b671dd52c5e1e26f45c7243696a6184c51696d6b29c75bc195fdc600743ede68c6c96d4f95cfa40af,Lauren Lewis,"9025 James Isle Apt. 190, Andreamouth, NE 07074",8025.99
950,935,,psandoval@hotmail.com,scrypt:32768:8:1$bP1u1hPWh4Hf0412$8624429a75160f592ffc0840f3c30ec36c34d26ec2e70e07f09d35945a1fcc1637bcd1276869910cd56628bb9d3c61b3e26535e2d08901fe91a57156c107fd90,Xavier Oconnor,"38405 Christopher Estates, Smithborough, VA 78710",546.05
951,315,66,clarkstephen@yahoo.com,scrypt:32768:8:1$wOkPXdykJcl3hYWZ$3aa5aedb6d169fb38104fe320e2e6327025509e2f98feaa83e93c2368f5a7a8799f7a6b634d7da9958f57afd72354d3c828ace19fc1aec9e3cba60d1d8a70ad3,Victoria Green,"27148 Sara Forks, West Juan, CO 27710",3857.94
952,300,12,vrobles@gmail.com,scrypt:32768:8:1$Erchr3UU9PSjbSwR$af6b1805d16ac42c14f3b38cded670a3b90af4d3f33248962b33306009f7571a433e1c3642061ce1b658c120a6f4a316134bdfeb256dd4030113f62ee31e8e00,Robert Rodriguez,"44315 Christina Center Suite 150, Jamesmouth, WY 86334",1340.53
953,575,,ljohnson@yahoo.com,scrypt:32768:8:1$51YpDBcK2kwvjluO$c6a7f00b956ca1aad0542f35a7cbc5e6b7dbcec0798fc4873359154125041debe004f687d8ad26179afe2873a72ab6a45de5e8cb569c392ec929b51ccf64ef9a,Shannon Richards,"0877 Olson Spurs, Marilynstad, AR 88785",7610.83
954,434,,ronald32@yahoo.com,scrypt:32768:8:1$idwPCkUj1hpOpiTr$7457837c3802c750e264af021a9ebc1be2ef16e677b2b26f208e54a978fcb8cf464b05c5cb7d321b624aa36874db55dc21b139d13d148eb4ab8466be5fb1160d,Roberto Moore,"077 Thompson River, West Amanda, WI 28741",4992.14
955,87,,gabriela13@yahoo.com,scrypt:32768:8:1$GUwPCUC5hdC3tZMQ$ed336fb6e9793055dffa816dea0e5e4fbd8d7f8bd18a5de82e5ea3526f0479208f56bc6ca4674871a0cc1c77f841810b914fa238f39eee6025bc64042de9ec8c,Robert Brown,"13912 Jason Street, East Pamelaview, IA 35873",7768.62
956,580,192,khatfield@yahoo.com,scrypt:32768:8:1$z1Zzkxr9l9Nag1Qz$20af10d4d4c476283cb59eeb5056f115056e82c261b4d985d4717421ac7faa22ce58fb7b9892974641f1930767938ed26bb5cd1fd1b2149e254f239201c8508c,Jesse Rojas,"0768 Cooper Valley, Annefort, ID 81367",9075.75
957,692,,jhorne@hotmail.com,scrypt:32768:8:1$yYUhxv6fzuONYSwH$9912731b9c8a4c15ac7d36e01a55213e4df2ef5dee34d58ba4b51f4c3a6d041031da9defe96e4605e02e9c637d8cb02952b090970f576a8d1e14cf687406cf82,Robert Morrison,"USNS Webster, FPO AA 53092",665.28
958,337,,nguyenmartha@hotmail.com,scrypt:32768:8:1$1Va9S2yQXswNC1Sa$1262f7fc2569de12ed507b165e1255a4110416ca8f5d62f43668abf8c1a05b8e3d55747f1047f29bddbc93f77b3d2d6d2078212cd9da7acfea881286dbb36473,Vanessa Davis,"579 Shelton Cliff, Port John, OR 13490",4057.38
959,533,175,madisonwatts@gmail.com,scrypt:32768:8:1$CdGrOrjP54G7ChVS$f697611b33617e5b27d8857f37cdc1aa240b57fe3970470f4e6dd7f3a9c2a30275b7ab606d629bcf092afb3818f61a5747b6a8782448807206ce11f4a97115bf,Meghan Martin,"096 Ryan Grove, South Alexanderport, ME 73296",3543.64
960,239,67,pweber@hotmail.com,scrypt:32768:8:1$Oi9Wkewy5BIDYNvp$931179bf29d581cbc72ab0e34f7b2137a56d710555fd0e5572bacede67998acd7a08ad48ffa12a6787259d08a37f334776e61c9c58b8d272dead0d413cab458c,Henry Smith,"020 Nelson Mountains Apt. 315, South Christy, CA 16734",3109.22
961,348,,torresmichelle@hotmail.com,scrypt:32768:8:1$0BChwJc2ICV5NBev$1d00fb9dd7d73b999d874eb651ec9ad2ac545ce29f7273336dc7ead02e5b290a00dfa43b65d24e00af78a38832657feb980fc564ddf4a5e75cfe5f4f615c5098,Linda Kelley,"5436 Rebecca Fields, North Crystal, MN 04154",7451.53
962,953,191,tiffany30@yahoo.com,scrypt:32768:8:1$JCx9ze7jFwflVOJF$d6b6ed86433a18f2ae9eac83bef5c9243eb650997458bfe5ecf6d96eabe8c6d97baeb304a4f63878e6a2920f23a991b91c8a6166f0a55884aa440d70436532a0,Emily Mooney,"PSC 1986, Box 3346, APO AE 36581",952.30
963,58,,johnswanson@yahoo.com,scrypt:32768:8:1$R5rb9TNBaRspm1kz$981077ff6fd7c100096c7ac01a89ba0a9e657e132211c7ec4a9064140075077322c422ceac6baa1a571620c951762db0181a5b8eb0553f835e41e1f7af171c67,Mrs. Jacqueline Deleon,"304 Middleton Field, Lake Meghan, LA 06542",3507.19
964,794,,amberpowell@gmail.com,scrypt:32768:8:1$EGLp3T8ZEvrAUinM$12a48c529c207080dc5b2356fd23ed27ab217c337a97e81d4b4f0459fedf9a424176b190f81e482d542ac9725cd2f5af7c008c9929ed854cf24871b64bf9c275,Jacob Santiago,"697 Paula Forks, West Joann, MH 91389",1199.93
965,969,170,burgessjason@hotmail.com,scrypt:32768:8:1$IJZpaCqZY0tXhgMQ$41cdf25b4ece627be0591a18cdd76700364eebe9a7786b17414acc63c1a62abe70a11e227cd8e7c2e5b515ef9cdfa5af94c3a6b05486d8d6c22824241606c69a,Garrett Howard,"6585 Davis Prairie, Lake Mariaberg, MN 60398",8869.37
966,179,,cheryllopez@yahoo.com,scrypt:32768:8:1$pESRM5jqFT73QaVw$bbc9ab811d212b164087d6877183414b6273368233d8338e6ed5de267f47030057e4ddf458d0e3f18b16c11ebd33ddf00989fa124302166bdeb82848a2d1ccfd,Jeffrey Cooper,"9909 Ray Trail Apt. 459, Bethbury, DE 08424",4994.32
967,469,,brianhancock@gmail.com,scrypt:32768:8:1$WEcfbB3N3oK6OsCK$86e4e5b18add8a1aa7e3d69f86c64f955081a24ecde5af0bbe82180f2d671e3d26c4c26d44d02879bc272374600107c230b1dc1aadb1a5d47be5969101fc4f0f,Mary Garrett,"62695 Holmes Drives Suite 519, Samuelmouth, GU 38085",8976.18
968,701,,qwelch@hotmail.com,scrypt:32768:8:1$NeD1OkblSIHWWV8L$d21f28ca2df1adc93c0d28b4b057197350f0791d45a199dd8ef5a3afdbd8e54bffd3ee2bd160be17e9be7953d4b60292fde0a0d5628ab986f1f637441bf378e1,Donna Estes,"Unit 7800 Box 9395, DPO AA 27534",9088.31
969,695,,destinyray@hotmail.com,scrypt:32768:8:1$8sM3zvcbAHf0Of51$f84f208d6e290049c2952a9b12baaa86ed879bed520f8714feec5c011a5ac2eb1be85152a395eff6f2356c646aead702093d07e3783b2d3d1698a78c7abfb946,Jason Byrd,"999 Katrina Crossing, Port Brendatown, ND 29557",6861.83
970,763,,maryboyd@yahoo.com,scrypt:32768:8:1$At4PKzxgfT2L4Oqe$7e7f8b43a33944e43b18ea6bf9307b9f926537576dd5d5df351242ff66b068c6403fa6df82e690cf898692f5621e49aed7fad2ab3ce2b309e14d6604d293f3d0,Cody Soto,"44708 Smith Trail Apt. 168, Sextonberg, AZ 06632",9438.94
971,591,,diana37@yahoo.com,scrypt:32768:8:1$cd6tKwSLzc3s49eg$ccde40e604205ce8de3e42a334cafb55077231e2cd18edb3ac9dcb0b00167e8c02dd4feba83d1132834daa1d7f85faad547bb5959433a2ce3b76be3e1623b44d,Maria Ellis,"5694 Peter Mountains, Lake Jennifer, MI 53956",2917.44
972,933,,lisarobinson@hotmail.com,scrypt:32768:8:1$Bf7dEyxcBrPZgw39$847dff302f8e356c7518dade777e258a115b2305e794a770bb5e1d51f4798a230d03b1cb465033d7f2328346095f66a460e7ceb1180c108858cf35ee3e5f5520,Jose Hunt,"USCGC Walsh, FPO AP 79894",6907.46
973,899,,michael20@yahoo.com,scrypt:32768:8:1$APxUBJiM7rSKTpQ6$7b5ff0c60704fbe56974ede5c6b87550afafdf495e80f1bde16091da4d4bbf574e6085c9bb3ddb30cec41c5a8461ec22ce6a46331561223d29203855f9ed5f95,Luis Rose,"404 Reid Forest Apt. 945, South Samuel, AL 14965",5457.14
974,411,,cayers@gmail.com,scrypt:32768:8:1$XZdyoM8B1JjLSWDV$86ed744f74cf16b86fd82db2a08b4d3069d7968bb04abcfb4f469d771de264a10f6035262b46fc27bbe07076ee5552eb4d5578425538edaac9ba8c89870e57c1,Jamie Powell,"Unit 0438 Box 8589, DPO AA 04358",6613.79
975,752,,peter66@hotmail.com,scrypt:32768:8:1$OPu7cUpYxaWFMzv2$b047f3b3c4ae78c5de108cd65e49a717366ace17840e777a3873264fa5654d0be96bead976bfc2a79a59e0de7170e5941c212fbea2caeb7defc3d1bd99f75009,Christopher Thomas,"USNS Reilly, FPO AA 54925",9190.25
976,557,,ryanpayne@yahoo.com,scrypt:32768:8:1$J1c7Kqxkt9ILZ54A$25659e96a0535b3f50bd533bdba72dae3abead9717c357811d31d9705803a11166de565d325ade8099b18a39d8044690bb69d802d0401d66588f57f098ab4516,Jennifer Walsh,"9689 Gabriel Court Apt. 899, South Danielfurt, VT 24046",6874.29
977,555,,arroyodenise@gmail.com,scrypt:32768:8:1$fRRjhI7oV5JMyCAP$1b514dfbf640d68a3729c95b105338af52d861c899a12c730d186d3d9462b6987a31939d79c351d0b5c49604ba8e2fe2f8c6d5aeb62a76f439b49226966bc941,Adam Martin,"41317 Angela Squares, North Sheenaport, PR 71849",4442.17
978,812,,randyarnold@yahoo.com,scrypt:32768:8:1$1Cr1ksk4gcHRrJSa$c1297acf5faa8be1706c1a66e33d2a78953bb8b9e18bd9e5a4b227828a488609ef3f0f8204160e89e293351e0f1430456497a7f4856da305ede131d9b3d6d1e9,Haley Spencer,"Unit 8220 Box 2001, DPO AE 66880",7419.06
979,700,,krista21@gmail.com,scrypt:32768:8:1$nmeEAqiibyfFr85k$2afcc37d4cc4e94965641dc75543daa2fcfdbf2ede84ea3ae84d4e994f1e6d7a817e67d820ce97d04f102a17805aeeade25a03fac691c7da6c691ef32fbde3ee,Joshua Perry,"321 Bryan Turnpike, West Erin, VI 38951",8950.70
980,37,,unavarro@hotmail.com,scrypt:32768:8:1$qn6vnTSd1tXnr0x1$1b71e145857bae17761b5ab14ae33bd3ce07fa62632fc3ff50c56a8087811c0cc371475a07ebb294cb36b1aaaa2996070170c70f02a3d276a1a55c298e17e412,Tanya Kelley,"2927 Lopez Plaza Suite 608, Port Karinaview, KY 61487",2259.35
981,636,,valeriesanchez@yahoo.com,scrypt:32768:8:1$VqiqvNA10gd5pdcO$b385a2640a2ad7e3f6a983b6d8fbb4136cbf40c099a0651738efc0ed7628920f0c40bb77aac539b94021de269fd478c019009659556e4a8b68d6f2a9863d4ceb,Mark Parker,"249 Luna Fall, North Reginald, NE 81555",3117.37
982,831,,hharris@gmail.com,scrypt:32768:8:1$YJufIIIlQN3zy4iH$0c9eed8d3e8bfbdb866e39c5f45e702243fe078c45b252ed212e1830cda70b6303f427047c9796ceffb91805ec3eeade95c627d41ceaddb35be43acd082cbe48,Teresa Reed,"0396 Elliott Views, West Samanthashire, PW 04430",2694.23
983,718,,gserrano@gmail.com,scrypt:32768:8:1$ERgp6FIEZ6zP4UYs$937b86e5b90a5fe8077696ff7379df563aba4ac17e4ab6310431c970b2c5a3d61270f5773cd231f256299de5527cfcfb98bb3a3294b9eae4a5112bbd3140fb11,Daniel Jennings,"32634 Stephanie Crescent, Jenniferfurt, OR 31706",7051.21
984,120,,vazquezemily@gmail.com,scrypt:32768:8:1$wm96QnXghfzrD7Bo$36267c2caecf7f15544edafa8f7514bc55b317e6e003a8d29f110d7cb07c34374fff2bf3d7b3f7366ade9545b2c8d6e47baba301271e3a9a9381365e5f20eb78,Tabitha Ward,"1981 Brad Ford, Holmesbury, TX 39918",5888.06
985,612,,cordovajustin@gmail.com,scrypt:32768:8:1$koRrcx40QLXcNiUz$64c25349bf26b80540259038c0d2a258692a79346b5316ff3d38317b8b8ac5db64ea636299f362606a2e2b018088e2a5320357f8d568cea01a4c9266d0541ac2,Joseph Cox DVM,"9528 West Junction Suite 334, North Jayside, RI 43655",3275.89
986,993,,millerjessica@hotmail.com,scrypt:32768:8:1$uIidwcHorkWBWHjH$93ffc9cd73600dce3707cde01ccff85a99d7f37a3063251518e8215fb28acebbd98632a9ca8f0cc69a2c4bc5f4feb9640a54df672663ee81f8181bdb2c096fc1,Alfred Newton,"676 Gordon Isle, Johnsonport, ND 14952",9617.98
987,851,,brandon95@yahoo.com,scrypt:32768:8:1$czzNGi0wW986190w$28d24030fb55bee149ec4c1989605bef2f9829d9faffebc05b4fe5ba0e2ba8b5cb99e4f32e7b11142c6281044fd8a73dab5dc7fa5e1ba598085bc028c834e975,Cheryl Ramirez,"16632 Soto Village, Port Shaunborough, OK 89522",5770.77
988,926,192,oserrano@gmail.com,scrypt:32768:8:1$LXYaF3px3eV8YVBZ$7cd7279baba84afc00e2c7cfbe1406e6f26db5bdaf5c02ddb232535b3f7567ad3b3eef3e563da9964b314ce07146434fc1d8bc8d964fc240e77fd805735e216e,Frank Taylor,"264 Nicole Vista Suite 610, Lake Gabriel, ND 96981",9923.47
989,352,1,veronicamartinez@gmail.com,scrypt:32768:8:1$7IOgFsp70i2cljcA$51585bf8f13c344af73b241271cb81aeb9d922fc74da1dfb013ebc030f140c99111ec50dc3de8bb5d1123dbbfe8c47384e54c14e725966620bcb8d0be9c04f1f,David Gilbert,"7600 Dylan Vista Apt. 481, Katieside, KY 21879",6817.01
990,703,,leonsilva@gmail.com,scrypt:32768:8:1$PvxifHPYxjdGpzGP$63039b1f612e811925c87b0fbac6b074d3b4d6f677277f06fc44867bed26ebddffbb734797349455549cfbb7831547e907eb8f45520da3e038308977b7f9f0c5,Christina White,"466 Sabrina Summit Suite 866, New Kimberlyburgh, WV 73557",8505.54
991,826,193,williamskatrina@gmail.com,scrypt:32768:8:1$AzpyQTRmKqDzuapp$efac60571828c8f095e864aceda9956db52f1e1966c3d0658bc92891e7042068574bd5b6aec36eaf9aecfb510c0e8f9d1898edeff80b795688ef49f55ee4598b,Robyn Rivas,"808 Robin Wall, Bradleychester, MA 97749",3826.04
992,841,,ashleygonzalez@gmail.com,scrypt:32768:8:1$cerHYfbrxseMvICz$2b74655534d08d39ba1fb5aa7428fac953c7b58c55a855e672c77d53f7825e10701b03876a7de117890a0280d3e0c5c062f9df8b5532c824a869e405479b6237,Daniel Johnson,"322 Mack Spur, Port Lisaside, IN 98249",556.63
993,159,,ashley89@yahoo.com,scrypt:32768:8:1$OFqsyIEUKarZqoJE$1246464ade22b1bf6464b95b1225bfbd451a5165e45454d122acf9246d63587d13c7c0a3e1c54e8274a67d510dfe7735667b206eeabc83157088f1c40e0db8f8,Tammy Robles,"37816 Elizabeth Rue Apt. 195, West Jessicaborough, PR 81238",8546.00
994,627,139,phillipsdawn@yahoo.com,scrypt:32768:8:1$u5W82NxUWt0Jwr4O$71624a10f4307d733b0c9ddf6424fec8cbf0b9007c443f8d0e678ebdf3d6dd9f5f80bb023e567cb470a063daf35a2b63a16d74a888634f3860400943aafbf0cf,Jonathan Maxwell,"PSC 3077, Box 8700, APO AP 76889",5025.49
995,50,,burnsjamie@gmail.com,scrypt:32768:8:1$AuFF49KmhYYkjbUx$d484e2a9c4a7f03b9e4db3d55ad207cff1121583a36144ca75a9e3c6b0053c797fb876bf354bafbfe889d6e55bf9e82fca04730e63f8346af4d81405d695ad41,Jerry Haley DDS,"94318 Janet Cape Apt. 958, New Charlesborough, MH 53800",421.49
996,850,,dana92@hotmail.com,scrypt:32768:8:1$6by4uzstQNnFsC8O$1933ecef137e962e411b32717c212370248e6e97e3f5e9f3ba44c68268c4003fda625e879964d97883486be6f4da19db052a5fc46e86cc282254d3e082435b57,Anna Kelly,"58174 Mullins Center Apt. 909, North Andrew, NJ 67826",4295.78
997,742,,jcox@yahoo.com,scrypt:32768:8:1$qba70PVlBsXQGZxe$c6d1bfa73ea84fefc1bb7d5b1286cd2fb0b3bd5a9ccdea93eb30569f15fed30648eb2a54bbc2d3df179bea4a505e2ba3ea420008aa7365cdb4449c732233923b,Olivia Roberts,"308 Mark Highway, Paulhaven, NV 73931",2282.47
998,360,,leonardandrew@hotmail.com,scrypt:32768:8:1$yJEsp0wwI95lNcP2$67c67b1d2a4e6c3ae4edbae22de0a606ae328645b7bfffc001984313cdc0c446a4ef6b2df13a8703072ba0ff5d8c7c0745fa75a89ea4e829dd909103ff257b2a,James Guzman,"70413 Greg Cape Apt. 319, Port Antonio, OR 89782",7192.63
999,975,,jonesbryan@gmail.com,scrypt:32768:8:1$SI3MZeR1HC9PG6jO$cad42ba7f5476e92ff4160362a5cc31b5cab7c42fdd767e6ce77cc29bc33fbb1266aa35ed97ee06fb0b3093d684f6d77845d2ecf0c7ed4a28460cf3335950522,Aaron Nelson,"550 Hernandez Drive Apt. 406, Johnburgh, NJ 59001",6497.74
1000,526,,dsanders@gmail.com,scrypt:32768:8:1$cRugSTETjIklWZ6Q$d758f30f6c5a458e2f014f67cdc848228f79b1bf640692b95f521a0a2aab6690f632557db497c6994aaf524d39cdfec2e775152c0f8907564a093991c1a1c3ab,Gerald Harris,"1728 Ho Isle Suite 250, Patelmouth, TX 98749",5570.72
