1,128,1142,230.59,78,2025-03-10 06:35:52,published,50
2,152,1418,21.45,601,2024-06-22 18:05:48,published,50
3,140,1089,476.38,788,2024-11-12 15:42:13,published,50
4,140,41,328.44,685,2025-03-16 00:30:55,published,50
5,168,802,123.33,38,2024-07-26 07:30:40,published,50
6,111,662,447.60,713,2024-07-28 04:32:18,published,50
7,36,370,10.32,362,2024-05-09 02:46:13,published,50
8,71,1436,88.24,632,2025-04-02 10:45:08,published,50
9,163,490,77.74,602,2025-03-02 20:20:51,published,50
10,63,923,409.36,325,2024-06-26 02:54:57,published,50
11,172,1444,155.92,51,2024-07-01 03:16:44,published,50
12,87,1487,180.92,565,2025-01-23 03:43:25,published,50
13,147,1074,355.60,294,2024-12-23 06:16:04,published,50
14,169,1163,361.65,847,2024-05-31 10:22:59,published,50
15,139,275,34.68,767,2024-10-25 21:08:05,published,50
16,139,1398,192.86,886,2025-03-03 18:10:47,published,50
17,156,1066,50.07,382,2025-04-17 18:40:29,published,50
18,149,1768,369.55,126,2025-01-23 19:36:12,published,50
19,120,437,77.01,697,2024-10-27 10:55:27,published,50
20,105,1892,96.54,761,2025-03-19 10:55:52,published,50
21,134,318,273.08,811,2024-09-13 08:03:09,published,50
22,154,678,457.09,130,2025-03-17 15:46:11,published,50
23,177,1067,359.82,303,2024-12-24 16:20:22,published,50
24,9,762,58.11,571,2024-09-06 10:47:03,published,50
25,121,442,234.14,614,2024-05-12 21:15:52,published,50
26,200,191,353.16,376,2024-11-03 05:18:32,published,50
27,135,1145,105.19,260,2024-11-03 19:49:01,published,50
28,146,308,435.65,839,2024-12-30 23:17:14,published,50
29,46,1765,481.29,148,2024-05-08 16:07:32,published,50
31,90,1206,277.53,981,2024-09-29 09:34:32,published,50
32,81,1684,340.90,257,2025-01-08 11:01:49,published,50
33,42,1589,386.58,545,2024-07-26 02:12:44,published,50
34,106,471,367.38,746,2025-04-10 06:58:53,published,50
35,151,1301,363.44,81,2025-02-04 21:47:38,published,50
36,3,747,291.27,617,2025-02-28 03:15:31,published,50
37,128,1561,253.16,801,2024-10-18 03:34:04,published,50
38,39,1775,231.38,915,2024-05-12 19:44:00,published,50
39,79,919,175.82,22,2025-02-13 23:03:19,published,50
40,170,843,240.95,630,2024-07-13 01:45:06,published,50
41,52,720,244.10,517,2024-06-12 13:49:04,published,50
42,80,215,24.73,629,2024-10-20 16:34:24,published,50
43,99,1427,54.75,426,2024-10-23 04:52:43,published,50
44,162,673,179.61,542,2025-01-30 12:34:34,published,50
45,193,1313,422.17,107,2024-09-26 08:13:09,published,50
46,119,1443,19.05,415,2024-05-04 22:33:13,published,50
47,181,1527,319.62,11,2025-01-25 11:12:47,published,50
48,159,1727,135.05,989,2024-07-13 16:38:59,published,50
49,47,419,131.99,423,2025-03-05 05:23:05,published,50
50,21,1452,317.62,557,2024-08-30 20:03:48,published,50
51,33,1949,295.73,211,2024-12-21 15:22:16,published,50
52,142,364,193.04,740,2024-09-01 02:12:29,published,50
53,29,609,456.09,208,2024-09-04 22:45:23,published,50
54,193,1622,101.14,228,2024-11-07 06:33:23,published,50
55,137,257,37.28,429,2024-08-11 21:48:39,published,50
56,89,996,274.36,605,2025-01-30 16:27:04,published,50
57,131,639,243.36,646,2024-06-10 06:34:16,published,50
58,51,546,323.78,621,2025-04-15 08:26:37,published,50
59,172,759,38.62,736,2025-04-26 00:58:05,published,50
60,172,234,353.33,713,2024-09-03 04:38:03,published,50
61,68,1162,221.84,327,2025-01-22 19:59:58,published,50
62,194,221,58.36,442,2025-01-30 11:49:23,published,50
63,191,1472,230.75,80,2025-02-13 16:59:30,published,50
64,36,1730,152.86,290,2025-01-06 19:34:28,published,50
65,174,1312,355.20,861,2024-10-27 18:19:36,published,50
66,7,1565,260.67,362,2024-07-14 23:52:32,published,50
67,172,217,88.73,774,2024-11-24 09:08:08,published,50
68,152,1642,311.33,633,2024-06-04 18:02:21,published,50
69,140,515,493.03,920,2024-08-06 08:15:12,published,50
70,109,1791,223.90,125,2024-06-11 09:39:42,published,50
71,116,299,347.95,852,2024-07-02 05:35:14,published,50
72,150,545,195.00,331,2024-10-29 00:46:16,published,50
73,194,818,384.93,216,2024-08-28 03:33:15,published,50
74,59,1252,6.21,953,2024-08-01 10:23:17,published,50
75,63,1391,174.81,564,2025-01-31 21:20:36,published,50
76,186,1171,152.76,850,2024-11-22 12:56:44,published,50
77,162,799,93.89,884,2025-03-29 00:51:04,published,50
78,135,10,38.32,620,2024-06-01 19:22:39,published,50
79,59,1219,354.90,508,2024-08-19 12:04:49,published,50
80,170,1638,487.91,911,2024-12-09 15:23:30,published,50
81,88,57,230.94,625,2024-12-24 23:59:54,published,50
82,83,292,336.64,109,2024-09-11 23:01:45,published,50
83,191,881,409.75,667,2024-09-11 11:29:15,published,50
84,51,1921,172.47,682,2024-11-14 02:25:15,published,50
85,13,1728,275.89,315,2025-04-10 09:58:36,published,50
86,139,1376,10.61,514,2024-10-27 04:59:09,published,50
87,36,850,250.80,144,2025-01-31 18:30:22,published,50
88,198,1524,107.42,944,2024-07-12 04:02:50,published,50
89,173,404,118.05,477,2025-01-31 09:28:05,published,50
90,24,1482,352.56,980,2024-08-17 20:08:01,published,50
91,12,269,53.04,738,2024-10-18 01:36:28,published,50
92,60,148,182.83,106,2025-03-30 21:06:33,published,50
93,35,1235,492.87,98,2025-01-30 17:52:58,published,50
94,56,544,25.78,682,2024-09-14 00:00:00,published,50
95,167,1969,331.39,865,2024-09-14 13:12:44,published,50
96,123,1935,301.60,744,2025-03-03 02:21:30,published,50
97,132,878,65.96,990,2024-08-12 13:24:53,published,50
98,170,596,10.31,467,2025-02-06 13:53:34,published,50
99,172,108,474.12,800,2025-02-01 04:02:04,published,50
100,115,684,62.69,357,2024-12-05 15:54:50,published,50
101,96,1122,360.32,380,2025-03-01 22:05:44,published,50
102,21,1481,239.13,215,2025-01-04 11:44:54,published,50
103,88,1808,317.95,685,2024-05-04 09:08:29,published,50
104,105,5,77.50,676,2025-02-13 23:29:55,published,50
105,125,1929,5.23,862,2024-12-13 00:29:15,published,50
106,156,9,249.06,100,2024-08-19 00:04:42,published,50
107,190,68,78.41,195,2024-10-03 06:32:16,published,50
108,42,495,373.06,626,2024-09-22 22:09:46,published,50
109,88,1997,270.80,725,2024-05-25 14:03:06,published,50
110,54,1499,221.30,42,2024-12-16 01:45:40,published,50
111,27,740,15.36,83,2024-06-18 20:23:58,published,50
112,100,34,310.16,682,2024-07-25 00:24:11,published,50
113,25,1964,296.95,647,2025-01-13 01:08:27,published,50
114,57,1661,142.61,596,2025-02-04 04:00:25,published,50
115,105,669,310.83,281,2024-10-06 18:37:15,published,50
116,89,1184,353.55,44,2024-05-03 03:39:27,published,50
117,31,531,189.64,428,2024-09-30 15:14:14,published,50
118,27,668,316.56,786,2025-01-13 21:33:45,published,50
119,155,900,434.84,923,2025-03-19 03:07:19,published,50
120,129,778,302.82,890,2025-02-15 11:56:48,published,50
121,187,1251,471.89,893,2025-01-05 19:05:26,published,50
122,154,18,499.99,458,2024-05-11 23:15:56,published,50
123,79,842,254.57,385,2024-10-21 02:39:49,published,50
124,120,1965,267.61,609,2025-01-11 02:21:36,published,50
125,176,1738,365.78,243,2024-11-28 22:56:06,published,50
126,191,1556,391.07,11,2024-10-09 09:38:07,published,50
127,57,1430,80.01,457,2025-04-20 18:16:53,published,50
128,198,113,104.96,546,2024-05-06 18:49:08,published,50
129,162,701,27.82,598,2025-04-12 19:03:33,published,50
130,68,1560,148.78,243,2025-01-04 23:02:01,published,50
131,45,1514,212.08,639,2025-03-15 03:14:06,published,50
132,89,911,28.40,809,2024-07-06 23:07:40,published,50
133,3,274,50.85,449,2025-04-05 15:33:44,published,50
134,167,644,102.53,798,2024-06-19 19:49:50,published,50
135,101,690,13.89,504,2025-04-26 11:04:50,published,50
136,61,1753,298.72,942,2025-01-18 23:44:23,published,50
137,76,1837,369.01,607,2024-05-01 22:24:15,published,50
138,189,437,215.57,947,2024-11-06 16:16:19,published,50
140,192,1675,141.63,597,2024-11-26 23:31:44,published,50
141,103,1294,308.58,66,2024-10-31 22:10:16,published,50
142,197,1628,460.75,527,2025-04-10 13:06:12,published,50
144,187,1174,150.35,107,2024-09-05 06:52:00,published,50
145,91,1985,28.05,470,2025-01-23 19:28:27,published,50
146,94,1576,411.95,171,2024-05-04 18:46:12,published,50
147,94,216,415.74,460,2024-06-11 02:10:52,published,50
148,35,646,77.64,685,2025-02-13 16:22:02,published,50
149,199,834,318.05,751,2025-04-09 14:49:13,published,50
150,41,418,279.12,202,2024-05-28 14:37:41,published,50
151,185,150,192.35,797,2024-09-15 01:09:57,published,50
152,6,551,436.63,665,2024-05-06 22:19:34,published,50
153,74,974,454.59,321,2025-04-17 23:15:56,published,50
154,58,1422,186.35,32,2025-03-15 01:41:36,published,50
155,130,1563,383.83,590,2024-09-09 20:06:58,published,50
156,57,1337,329.11,954,2025-01-22 03:05:55,published,50
157,70,1210,300.73,405,2024-10-17 00:41:48,published,50
158,128,305,134.38,749,2024-10-28 18:01:47,published,50
159,14,1981,77.88,875,2024-12-13 12:56:29,published,50
160,32,1279,124.70,710,2025-04-14 09:12:35,published,50
161,30,7,46.11,827,2025-04-03 23:51:11,published,50
162,107,716,207.72,999,2024-10-08 18:24:07,published,50
163,173,1403,210.94,156,2024-06-13 04:44:28,published,50
164,172,1948,87.79,588,2024-09-02 13:58:15,published,50
165,13,1109,136.03,164,2025-02-19 04:04:08,published,50
166,143,484,484.14,769,2025-04-07 03:23:21,published,50
167,36,163,182.52,657,2025-03-22 02:42:38,published,50
168,145,680,427.62,557,2025-03-27 06:47:43,published,50
169,54,1560,364.97,45,2025-02-02 16:57:55,published,50
170,12,365,472.67,521,2024-06-20 09:08:30,published,50
171,174,1719,138.91,297,2024-05-23 06:02:09,published,50
172,5,153,298.60,126,2024-11-08 03:26:10,published,50
173,82,946,201.75,876,2025-02-25 00:57:42,published,50
174,30,1701,66.02,701,2024-08-09 04:32:38,published,50
175,127,1188,461.62,830,2024-11-01 11:36:38,published,50
176,125,1805,231.06,209,2024-06-07 09:40:11,published,50
177,129,340,211.23,596,2024-07-17 13:26:50,published,50
178,168,228,203.50,174,2025-01-07 20:45:39,published,50
179,38,492,204.51,298,2024-12-24 19:19:17,published,50
180,147,307,429.49,39,2024-08-27 22:12:02,published,50
181,64,85,41.80,951,2025-03-07 20:16:25,published,50
182,130,869,469.19,907,2024-06-11 04:03:37,published,50
183,11,1483,45.41,826,2025-02-06 21:34:58,published,50
184,145,1283,332.57,969,2024-12-27 00:13:56,published,50
185,62,632,397.70,769,2024-08-01 22:11:46,published,50
186,89,149,80.53,887,2024-10-18 03:22:42,published,50
187,200,63,493.06,664,2025-04-22 15:35:34,published,50
188,192,1099,153.68,703,2025-01-17 21:11:19,published,50
189,184,1793,380.74,696,2024-05-07 05:15:20,published,50
190,36,1268,105.66,865,2024-07-25 12:11:05,published,50
191,93,152,80.66,936,2024-06-17 07:23:40,published,50
192,88,791,10.07,328,2024-09-16 16:59:44,published,50
193,194,1342,266.12,193,2024-07-23 08:24:13,published,50
194,93,236,367.00,20,2025-01-11 01:29:06,published,50
195,58,537,124.58,20,2025-01-23 03:04:23,published,50
196,138,83,242.35,109,2025-04-17 23:20:51,published,50
197,189,1363,190.17,902,2024-05-18 14:27:20,published,50
198,90,1007,71.08,833,2024-10-18 21:05:34,published,50
199,166,583,459.66,232,2024-05-23 18:01:29,published,50
200,108,495,248.57,149,2024-08-02 04:21:53,published,50
201,86,858,433.14,364,2025-02-25 01:40:34,published,50
202,95,1984,350.13,310,2024-05-26 19:02:25,published,50
203,4,1828,354.14,317,2025-02-05 04:00:57,published,50
204,137,1161,390.30,906,2025-03-22 04:55:20,published,50
205,53,1804,57.36,596,2024-06-02 06:42:25,published,50
206,80,1598,317.46,345,2025-01-16 07:52:00,published,50
207,152,1507,150.73,321,2024-05-02 01:43:05,published,50
208,152,306,337.05,154,2025-02-05 15:35:29,published,50
209,52,192,359.70,183,2024-08-31 18:58:39,published,50
210,4,1149,383.43,193,2024-06-18 14:12:20,published,50
211,105,636,192.09,751,2024-10-18 13:58:05,published,50
212,139,1205,44.92,224,2024-06-18 03:49:00,published,50
213,195,1021,141.27,554,2024-11-25 18:22:57,published,50
214,1,1844,435.13,439,2024-08-26 12:13:38,published,50
216,79,1217,456.83,36,2025-03-10 06:04:32,published,50
217,2,1489,70.96,79,2024-06-21 12:14:42,published,50
218,28,863,407.79,40,2024-10-24 13:27:08,published,50
219,161,92,180.53,229,2024-09-29 08:15:52,published,50
220,78,1439,14.76,827,2024-12-09 10:05:32,published,50
221,167,1809,489.35,920,2025-01-11 06:33:29,published,50
222,59,134,151.79,555,2024-11-04 10:40:37,published,50
223,160,1532,414.02,77,2024-07-04 06:36:13,published,50
224,86,493,259.33,469,2025-03-11 16:13:28,published,50
225,44,735,374.92,420,2025-03-12 04:00:29,published,50
226,18,1060,10.78,996,2024-09-23 16:35:07,published,50
227,85,1998,40.38,111,2024-06-07 01:07:37,published,50
229,133,1990,424.99,788,2024-06-17 09:38:30,published,50
230,36,1490,442.44,657,2025-02-16 18:22:07,published,50
231,57,1553,329.39,839,2024-08-29 05:52:53,published,50
232,121,1940,111.04,130,2025-04-02 03:12:10,published,50
233,10,779,461.46,337,2024-09-22 20:50:16,published,50
234,120,1073,56.24,82,2024-12-29 02:37:10,published,50
235,58,1257,48.91,389,2024-07-30 18:50:36,published,50
236,178,1608,339.79,769,2024-05-18 12:19:34,published,50
237,33,1189,426.61,408,2024-06-10 13:43:50,published,50
238,189,803,238.24,454,2024-10-15 13:14:17,published,50
239,154,1750,352.68,90,2025-04-07 07:20:12,published,50
240,31,255,186.54,566,2024-08-19 15:59:54,published,50
241,171,1289,392.15,411,2024-10-07 16:14:53,published,50
242,15,1019,180.12,302,2024-10-05 22:33:08,published,50
243,36,1042,135.91,984,2025-04-07 05:43:42,published,50
244,140,1892,229.74,607,2024-07-05 15:30:28,published,50
245,164,888,414.66,91,2025-02-27 04:27:41,published,50
247,113,434,409.48,613,2024-05-19 22:45:31,published,50
248,48,1967,32.44,438,2024-05-11 04:45:11,published,50
249,54,1509,434.52,322,2024-05-30 05:59:03,published,50
250,104,749,285.30,758,2024-07-19 03:34:57,published,50
251,126,1671,381.43,901,2024-12-17 09:41:06,published,50
252,68,1178,490.23,1000,2024-07-05 11:06:07,published,50
253,92,982,445.92,589,2024-09-30 21:27:39,published,50
254,140,1631,377.65,24,2024-09-20 10:54:35,published,50
255,84,66,144.92,282,2025-03-05 19:46:09,published,50
256,166,386,19.20,90,2025-03-29 11:12:58,published,50
257,85,283,405.07,994,2024-10-24 15:07:38,published,50
258,131,106,170.86,12,2025-04-13 17:37:32,published,50
259,80,942,447.88,570,2025-03-12 12:13:08,published,50
260,114,674,332.94,98,2025-02-08 13:35:10,published,50
261,9,969,53.13,580,2024-10-04 21:25:32,published,50
262,101,1220,328.61,696,2024-06-19 05:18:05,published,50
263,68,856,383.27,21,2024-08-26 21:32:04,published,50
264,113,1036,498.07,348,2024-10-27 18:06:06,published,50
265,102,645,302.52,46,2024-08-05 03:29:01,published,50
266,127,297,447.37,744,2025-03-03 22:49:46,published,50
267,129,758,429.62,855,2024-11-23 23:01:36,published,50
268,179,1771,145.69,198,2024-06-25 23:37:58,published,50
270,180,120,178.57,785,2024-10-08 00:40:55,published,50
271,197,1917,494.32,629,2024-06-02 00:16:44,published,50
272,43,1274,77.92,563,2024-05-23 16:13:41,published,50
273,163,1813,166.30,55,2025-02-13 22:09:37,published,50
274,75,1200,68.10,748,2024-11-19 23:01:07,published,50
275,103,1500,292.03,961,2025-04-08 19:22:11,published,50
276,20,1323,202.08,121,2024-08-24 05:07:49,published,50
278,100,352,165.42,559,2024-05-15 09:01:53,published,50
279,96,565,144.28,845,2024-11-24 01:30:16,published,50
280,176,1256,414.99,35,2024-12-23 06:58:04,published,50
281,96,1905,400.13,518,2024-09-09 09:41:48,published,50
282,63,966,299.06,366,2024-10-18 13:07:35,published,50
284,126,75,229.85,922,2024-12-06 10:19:00,published,50
285,74,467,350.22,312,2024-09-23 08:12:36,published,50
286,77,1415,62.36,482,2025-04-10 06:42:24,published,50
287,178,556,316.18,107,2024-06-06 18:39:59,published,50
288,150,1307,366.59,743,2024-08-31 12:31:34,published,50
289,9,68,68.67,375,2025-03-04 18:27:53,published,50
290,84,1799,23.03,554,2024-08-06 09:11:58,published,50
291,14,432,349.16,294,2024-10-01 08:39:42,published,50
292,137,1837,305.90,772,2024-05-01 07:19:53,published,50
293,111,205,283.56,643,2024-07-11 17:15:07,published,50
294,9,115,292.17,522,2024-07-03 07:13:51,published,50
295,160,473,486.67,269,2025-04-01 00:40:52,published,50
296,50,1697,472.91,822,2025-03-20 19:37:26,published,50
297,59,23,482.68,853,2024-06-30 21:21:47,published,50
298,28,1133,190.90,401,2024-07-06 19:28:02,published,50
299,164,1233,73.73,895,2024-10-13 08:22:37,published,50
300,21,1473,161.97,964,2024-08-04 22:14:36,published,50
301,70,757,61.85,256,2024-11-28 20:39:30,published,50
302,102,640,162.99,627,2024-09-22 18:08:40,published,50
303,28,1067,248.69,334,2025-04-01 09:09:41,published,50
304,71,973,372.18,572,2025-01-23 06:02:43,published,50
305,88,1447,482.98,975,2024-10-12 13:37:11,published,50
307,91,61,259.17,646,2025-04-22 14:49:50,published,50
308,65,68,136.01,949,2024-08-20 12:51:34,published,50
309,185,167,202.00,863,2024-07-05 18:10:56,published,50
310,25,1096,418.31,128,2025-01-11 04:47:49,published,50
311,140,874,381.55,590,2025-02-03 06:14:00,published,50
312,108,933,79.35,975,2024-06-12 17:12:04,published,50
313,1,1485,459.36,473,2024-10-06 22:57:52,published,50
314,144,944,303.10,560,2024-09-17 06:31:19,published,50
315,129,1137,49.56,199,2024-12-10 03:03:28,published,50
316,197,1932,221.84,174,2025-02-22 09:23:22,published,50
317,27,1181,344.69,224,2025-02-09 09:34:57,published,50
318,140,1561,389.29,532,2024-12-10 11:00:39,published,50
319,168,952,345.26,828,2024-12-29 17:20:20,published,50
320,168,738,462.31,828,2025-02-22 10:35:39,published,50
321,182,1976,312.65,567,2024-10-25 02:56:04,published,50
322,66,971,171.02,229,2025-01-08 04:51:40,published,50
323,187,1512,180.40,706,2025-03-15 17:23:39,published,50
324,68,174,64.59,188,2025-03-24 13:36:19,published,50
325,117,1739,354.33,838,2024-12-13 07:25:18,published,50
326,82,1640,127.28,718,2025-01-20 04:45:11,published,50
327,147,1642,357.91,640,2024-10-09 14:14:47,published,50
328,73,493,429.12,140,2024-10-01 17:00:22,published,50
329,106,300,155.06,95,2025-01-05 16:24:01,published,50
330,182,1767,27.16,158,2025-03-02 06:17:57,published,50
331,69,1382,153.82,845,2024-12-17 10:55:48,published,50
332,124,1610,158.29,830,2024-08-21 04:15:57,published,50
333,21,301,306.77,631,2025-03-14 01:29:25,published,50
334,17,1157,213.52,385,2024-07-18 07:29:10,published,50
335,8,1631,125.12,403,2025-04-10 11:56:41,published,50
336,154,1351,477.10,668,2024-08-15 14:19:56,published,50
337,49,1940,354.86,948,2024-05-02 16:40:01,published,50
338,8,725,335.43,154,2024-10-09 22:01:42,published,50
339,169,380,390.19,97,2024-05-13 14:36:07,published,50
340,32,125,157.14,250,2024-07-07 14:15:04,published,50
341,181,1608,121.11,403,2024-06-10 08:09:21,published,50
342,122,565,56.89,637,2024-06-02 19:44:25,published,50
343,190,1196,73.34,553,2024-11-26 16:52:57,published,50
344,80,1225,283.39,524,2024-10-16 06:15:34,published,50
345,83,414,57.14,937,2025-04-02 15:54:36,published,50
346,44,562,152.44,603,2024-05-25 17:53:01,published,50
347,47,1541,126.17,84,2025-01-23 01:02:44,published,50
348,54,28,169.51,464,2024-07-15 16:53:12,published,50
349,75,531,344.71,91,2025-04-24 16:37:13,published,50
350,163,1559,297.50,443,2024-06-12 16:55:21,published,50
351,143,1777,169.28,455,2025-01-11 01:38:31,published,50
352,105,643,88.81,699,2024-07-15 07:02:17,published,50
353,69,1511,315.20,637,2024-09-24 13:46:13,published,50
354,96,846,98.52,46,2024-08-02 22:37:38,published,50
355,52,1061,361.67,263,2024-12-01 03:25:48,published,50
356,110,596,122.28,253,2024-07-02 16:12:07,published,50
357,128,937,14.40,958,2025-02-14 00:30:18,published,50
358,109,1908,110.65,669,2025-01-30 17:36:04,published,50
359,81,1521,321.45,514,2025-01-21 01:16:02,published,50
360,53,327,419.36,613,2024-12-02 03:15:28,published,50
361,19,1079,193.14,755,2025-03-13 14:11:54,published,50
362,93,99,422.85,41,2024-11-12 01:28:13,published,50
363,134,869,242.01,832,2024-08-18 21:47:25,published,50
364,141,48,440.59,910,2024-05-05 16:13:13,published,50
366,84,1137,497.87,473,2025-01-31 08:38:34,published,50
367,117,1119,348.14,640,2024-06-19 09:26:20,published,50
368,149,1916,281.35,30,2024-07-02 17:29:19,published,50
369,65,1857,287.97,726,2025-03-27 14:31:20,published,50
370,51,1501,239.57,870,2024-06-12 03:00:39,published,50
371,158,1051,51.20,937,2024-12-30 07:58:35,published,50
372,123,61,436.29,381,2024-08-04 17:48:17,published,50
373,30,409,327.98,746,2024-07-20 14:06:14,published,50
374,155,1810,382.80,436,2024-11-20 15:12:03,published,50
375,162,1747,337.65,150,2024-07-13 21:33:01,published,50
376,53,285,240.99,112,2024-05-18 07:16:44,published,50
378,31,1643,468.13,168,2025-01-31 07:08:26,published,50
379,29,239,42.80,781,2025-03-07 01:01:23,published,50
380,52,31,311.26,642,2024-09-21 07:13:43,published,50
381,157,1102,212.11,935,2024-07-07 07:00:07,published,50
382,139,1587,252.74,179,2024-09-27 16:26:40,published,50
383,146,1843,175.48,924,2024-05-16 03:14:30,published,50
384,114,1875,410.12,639,2024-05-05 16:01:59,published,50
385,39,1678,282.07,567,2024-07-18 01:54:04,published,50
386,126,46,227.90,46,2024-08-15 16:31:46,published,50
387,88,1689,151.50,764,2024-05-18 08:13:55,published,50
388,166,112,164.02,298,2025-02-17 23:40:16,published,50
389,169,263,241.55,447,2024-11-08 20:14:54,published,50
390,9,1303,237.60,149,2024-08-27 20:06:57,published,50
391,81,35,423.21,767,2024-08-05 03:43:08,published,50
392,52,1932,205.32,172,2024-09-29 22:20:13,published,50
393,121,1198,409.51,787,2024-08-16 22:33:52,published,50
394,21,1363,405.66,441,2024-05-07 11:41:33,published,50
395,171,517,433.38,709,2024-05-18 01:17:52,published,50
396,112,121,331.05,222,2024-08-08 09:08:35,published,50
397,165,219,91.97,870,2024-11-01 15:36:35,published,50
398,165,1885,61.55,258,2024-11-25 04:23:42,published,50
399,183,994,216.73,304,2025-03-27 07:33:47,published,50
400,1,1960,435.88,270,2025-01-29 10:42:06,published,50
401,117,361,313.72,715,2025-04-25 06:41:21,published,50
402,185,188,150.20,260,2025-03-14 22:47:57,published,50
403,198,1729,355.71,90,2024-09-16 23:28:47,published,50
405,69,1567,372.98,784,2024-12-28 10:39:49,published,50
406,105,1699,385.16,573,2025-01-25 05:42:29,published,50
407,197,257,30.08,523,2024-11-10 14:16:07,published,50
408,40,392,111.14,650,2024-06-03 04:26:32,published,50
409,69,1617,266.52,253,2025-02-05 19:22:27,published,50
410,75,882,243.24,482,2024-11-05 21:03:58,published,50
411,100,668,69.98,609,2025-04-25 11:24:53,published,50
413,14,64,363.38,335,2024-08-27 21:24:05,published,50
414,152,21,304.81,46,2024-09-01 13:10:50,published,50
415,62,699,302.48,982,2024-07-11 00:10:29,published,50
416,70,1548,389.29,876,2025-03-15 21:36:07,published,50
417,195,631,29.07,842,2025-02-16 05:42:32,published,50
418,166,424,455.23,39,2024-07-10 14:51:09,published,50
420,79,549,27.59,644,2024-06-12 12:40:15,published,50
421,74,1819,333.02,774,2024-06-18 14:59:02,published,50
422,18,1078,264.57,948,2025-03-22 03:33:22,published,50
424,190,704,23.62,470,2024-11-05 12:33:59,published,50
425,157,76,286.22,477,2025-02-04 06:23:55,published,50
426,161,239,70.60,558,2025-01-31 07:34:44,published,50
427,29,958,343.24,941,2024-06-13 09:24:17,published,50
428,49,1158,158.14,934,2025-03-03 13:39:21,published,50
429,108,1791,131.07,669,2025-03-19 05:18:58,published,50
430,102,1599,346.43,961,2024-09-30 21:30:16,published,50
431,31,1208,422.24,96,2024-12-25 07:07:43,published,50
432,143,619,388.36,910,2024-05-22 12:28:44,published,50
433,199,1791,61.83,728,2025-01-13 09:38:20,published,50
434,161,731,10.21,605,2025-01-06 19:37:52,published,50
435,174,1944,235.33,708,2024-11-09 16:06:56,published,50
436,66,1085,274.45,124,2024-07-07 07:24:23,published,50
437,198,1924,436.49,985,2024-12-08 15:56:19,published,50
438,28,110,334.21,348,2024-07-27 12:00:22,published,50
439,173,897,379.50,22,2024-09-12 06:18:41,published,50
440,132,1098,151.28,826,2025-03-01 05:32:33,published,50
441,10,236,5.39,824,2025-03-04 20:16:01,published,50
442,2,517,367.21,39,2024-11-23 19:44:49,published,50
443,44,69,64.02,222,2024-08-27 09:19:38,published,50
444,176,565,397.31,162,2024-07-11 08:10:38,published,50
445,179,1669,19.28,927,2024-08-15 19:30:26,published,50
446,89,1624,45.25,97,2024-07-04 02:58:04,published,50
447,45,585,28.09,553,2024-09-26 23:14:49,published,50
448,85,1464,103.81,540,2024-12-27 12:52:42,published,50
449,51,1882,100.95,577,2024-09-09 08:22:28,published,50
450,149,660,5.15,835,2024-12-17 20:59:08,published,50
451,182,1413,382.99,941,2024-08-28 15:05:14,published,50
452,174,127,424.23,99,2024-10-20 13:33:59,published,50
453,49,344,243.13,353,2025-02-02 04:53:23,published,50
454,149,1773,308.97,220,2025-01-05 06:40:05,published,50
455,196,6,387.88,174,2025-03-30 13:19:26,published,50
456,114,313,346.74,696,2025-04-14 10:03:35,published,50
457,128,565,154.85,186,2024-11-05 03:49:56,published,50
458,110,942,51.05,236,2024-12-26 19:51:06,published,50
459,193,880,365.90,942,2024-11-24 11:29:21,published,50
460,90,1083,497.24,662,2024-07-02 18:57:24,published,50
461,87,336,246.73,432,2024-12-30 23:17:35,published,50
462,94,64,411.39,734,2024-08-08 01:37:44,published,50
463,68,177,30.41,19,2024-07-01 01:09:18,published,50
464,15,1615,255.99,323,2024-12-05 02:39:04,published,50
465,79,1311,387.23,934,2025-03-06 14:06:54,published,50
466,2,478,220.75,234,2025-01-11 16:04:27,published,50
467,96,538,131.44,107,2024-08-11 11:48:22,published,50
468,61,930,224.09,654,2024-05-08 23:23:56,published,50
469,109,630,395.10,205,2025-04-20 15:11:23,published,50
470,135,1772,309.19,184,2024-05-19 18:17:14,published,50
471,151,1890,150.89,476,2024-08-04 19:57:20,published,50
472,178,1293,281.33,782,2024-09-27 01:18:57,published,50
473,120,123,221.25,940,2024-09-13 05:42:52,published,50
474,179,25,467.32,141,2024-08-21 04:27:37,published,50
475,167,1368,32.34,502,2025-01-07 07:00:00,published,50
476,56,751,49.64,645,2025-01-19 00:47:56,published,50
477,113,1221,232.53,603,2024-08-02 10:54:00,published,50
478,106,1996,315.74,143,2024-08-22 02:55:32,published,50
479,195,153,272.04,172,2024-11-25 20:39:57,published,50
480,171,1978,336.95,206,2025-03-19 22:04:51,published,50
481,174,985,275.13,218,2024-05-24 05:16:04,published,50
482,114,291,382.64,448,2024-11-24 16:16:00,published,50
485,92,425,321.71,759,2025-04-12 06:42:31,published,50
486,197,1829,136.32,141,2024-12-01 00:41:38,published,50
487,110,384,288.60,693,2024-09-13 22:28:49,published,50
488,176,1437,410.64,29,2024-07-13 17:13:37,published,50
489,70,1173,421.54,731,2025-04-22 04:44:07,published,50
490,71,374,194.81,70,2024-09-14 20:00:04,published,50
492,182,286,198.53,993,2024-10-24 19:16:47,published,50
493,136,1228,41.84,705,2024-12-26 00:08:22,published,50
494,72,1621,410.25,688,2025-01-16 12:15:16,published,50
495,109,1972,474.96,175,2024-09-12 09:29:07,published,50
496,167,439,156.25,788,2025-02-05 04:16:21,published,50
497,72,403,130.60,93,2024-06-21 02:27:02,published,50
498,4,972,188.50,483,2024-06-21 22:53:14,published,50
500,147,466,63.17,249,2024-09-15 11:48:47,published,50
501,182,1134,248.00,257,2025-03-04 22:07:33,published,50
502,100,506,41.49,140,2024-07-22 23:06:40,published,50
503,85,171,210.53,209,2024-09-25 12:51:18,published,50
504,71,663,342.79,303,2025-01-12 15:16:15,published,50
505,182,1265,17.02,797,2025-01-30 14:43:36,published,50
506,194,691,341.79,178,2025-04-05 00:58:12,published,50
508,182,1371,66.96,644,2025-02-06 23:39:44,published,50
509,182,1860,214.44,433,2025-04-11 18:55:43,published,50
510,172,656,224.43,370,2024-10-19 06:27:21,published,50
511,129,940,163.71,830,2025-02-07 09:17:50,published,50
512,66,489,480.60,514,2024-08-27 19:40:11,published,50
513,150,681,438.33,429,2024-08-28 21:16:53,published,50
515,8,1278,173.64,69,2024-06-18 15:29:41,published,50
516,135,884,23.64,889,2024-06-24 18:54:53,published,50
517,136,981,132.93,16,2025-02-14 02:04:39,published,50
518,44,1494,361.67,185,2024-05-25 06:18:50,published,50
519,177,1925,201.75,387,2024-10-18 01:26:53,published,50
520,121,179,422.25,520,2025-01-07 08:11:46,published,50
521,63,309,459.56,840,2024-07-16 11:04:52,published,50
522,146,808,181.08,144,2025-04-12 18:31:16,published,50
523,164,143,366.46,877,2025-03-06 15:53:08,published,50
524,177,1468,8.52,267,2024-09-16 20:57:39,published,50
525,35,178,343.82,743,2024-11-04 10:36:48,published,50
526,19,116,24.72,409,2024-06-26 03:39:41,published,50
527,42,828,373.70,596,2024-09-28 02:07:18,published,50
528,87,1770,275.60,904,2025-03-25 18:32:24,published,50
529,169,995,189.81,828,2025-03-08 05:31:52,published,50
530,77,425,173.85,867,2025-04-22 05:06:00,published,50
531,197,350,49.70,610,2025-04-21 13:26:11,published,50
532,155,1084,77.96,32,2024-06-24 17:46:27,published,50
533,74,1693,173.16,69,2024-12-05 15:47:54,published,50
534,11,909,74.58,422,2024-08-18 03:55:35,published,50
535,33,1756,157.11,490,2024-05-21 11:00:02,published,50
536,31,24,399.82,961,2024-06-15 01:55:32,published,50
537,3,171,164.73,404,2024-07-12 07:56:01,published,50
538,30,1177,12.70,617,2025-01-08 17:37:32,published,50
539,106,755,337.43,206,2025-04-25 17:48:57,published,50
540,8,1297,54.37,465,2025-02-10 18:41:54,published,50
541,152,416,227.13,810,2025-01-17 15:19:40,published,50
542,190,1186,353.12,838,2024-10-07 05:29:30,published,50
543,197,150,386.87,385,2024-09-04 19:21:44,published,50
544,143,472,323.06,293,2024-12-26 21:05:31,published,50
545,142,640,392.79,316,2025-04-11 00:07:21,published,50
546,2,507,281.59,112,2025-04-26 08:23:37,published,50
547,170,1400,16.94,329,2024-08-17 16:58:31,published,50
548,165,366,321.94,810,2025-02-19 09:50:40,published,50
549,42,774,472.42,199,2025-03-30 10:07:15,published,50
550,102,1441,338.58,293,2024-07-04 22:33:14,published,50
551,13,1659,230.35,425,2024-10-05 08:06:25,published,50
552,177,1395,283.33,270,2025-03-08 22:27:10,published,50
553,54,868,295.37,221,2024-10-11 17:27:29,published,50
554,48,1356,128.17,153,2024-05-20 21:31:25,published,50
555,192,1849,136.73,138,2025-04-14 12:53:03,published,50
556,106,820,303.25,729,2025-02-06 17:07:21,published,50
557,116,1847,254.66,907,2024-07-16 23:17:11,published,50
558,59,851,217.16,264,2025-03-03 09:06:00,published,50
559,124,1096,485.74,229,2024-11-01 13:17:42,published,50
561,164,962,298.83,644,2024-09-15 12:40:16,published,50
562,101,734,243.37,95,2024-05-25 14:23:44,published,50
563,101,1742,453.18,80,2024-06-22 19:48:58,published,50
564,50,60,276.33,881,2025-02-13 23:07:29,published,50
565,147,21,178.60,331,2024-09-27 02:04:44,published,50
566,101,166,195.53,875,2024-08-05 19:08:29,published,50
567,134,947,243.99,364,2024-07-22 07:06:12,published,50
569,31,59,376.74,908,2025-02-13 03:40:22,published,50
570,54,394,418.41,764,2024-12-16 17:32:26,published,50
572,116,769,477.86,716,2024-05-15 06:19:24,published,50
573,62,1974,447.17,400,2024-10-29 21:01:27,published,50
574,125,1895,10.53,985,2024-11-14 13:15:21,published,50
575,194,1802,201.62,687,2025-01-05 14:35:41,published,50
576,177,334,387.17,715,2024-05-17 21:03:32,published,50
577,163,1468,271.46,701,2024-12-04 17:31:45,published,50
578,94,1370,63.35,807,2025-04-25 12:28:54,published,50
579,158,1203,19.30,364,2024-07-27 21:56:26,published,50
580,38,1562,76.74,137,2024-07-23 21:07:31,published,50
581,29,945,88.64,74,2024-11-19 05:59:57,published,50
582,5,182,187.26,327,2024-08-17 14:47:28,published,50
585,127,16,399.98,67,2024-07-29 13:39:27,published,50
586,118,890,69.21,997,2024-07-07 02:05:01,published,50
587,90,1359,221.99,789,2024-08-07 04:50:17,published,50
588,116,371,65.15,246,2024-08-17 07:12:34,published,50
590,136,707,208.53,123,2024-08-14 21:57:20,published,50
591,28,1959,88.73,200,2024-09-01 09:56:09,published,50
592,25,1040,239.15,252,2024-11-03 13:25:41,published,50
593,47,557,407.44,160,2025-03-02 21:14:18,published,50
594,114,1192,11.15,109,2024-05-03 23:48:01,published,50
595,61,1024,259.37,220,2025-02-10 20:10:44,published,50
596,161,1747,171.22,597,2025-03-31 20:08:47,published,50
597,80,1148,425.30,376,2024-11-17 07:47:51,published,50
598,157,573,478.39,625,2025-03-24 10:12:23,published,50
599,168,1867,309.13,855,2025-03-19 01:25:42,published,50
600,133,1207,494.19,124,2024-07-20 09:57:54,published,50
601,89,468,5.88,216,2024-05-28 17:51:17,published,50
603,66,817,102.11,392,2025-03-19 15:55:11,published,50
605,129,1918,229.53,132,2025-01-30 01:56:20,published,50
607,195,1273,97.35,873,2024-11-27 22:50:51,published,50
608,173,1578,331.23,546,2024-10-10 06:12:41,published,50
609,172,952,202.10,257,2024-08-16 22:51:55,published,50
610,77,993,490.85,535,2025-02-10 09:50:15,published,50
611,173,1959,434.30,252,2024-11-20 18:45:40,published,50
612,177,512,248.26,646,2024-05-06 13:42:28,published,50
613,191,1701,356.64,1000,2025-04-19 05:55:30,published,50
614,29,1241,197.71,184,2024-12-15 19:02:08,published,50
615,138,1736,337.50,119,2024-06-13 01:32:16,published,50
616,8,486,57.14,753,2024-07-10 22:13:27,published,50
617,186,983,127.31,174,2025-04-27 22:03:24,published,50
618,6,1724,381.23,209,2024-09-06 14:51:28,published,50
619,92,622,353.80,934,2024-08-19 08:44:29,published,50
621,59,834,437.26,579,2024-08-26 00:01:25,published,50
623,29,1176,273.15,719,2024-06-13 02:47:09,published,50
624,22,1107,287.73,788,2024-07-17 09:33:07,published,50
625,140,168,253.80,82,2024-06-02 09:46:55,published,50
628,139,1708,23.81,540,2024-09-12 09:53:35,published,50
629,185,1381,25.97,997,2024-11-24 17:33:55,published,50
630,26,1930,419.91,863,2024-08-26 20:06:37,published,50
631,20,853,167.55,472,2024-05-22 18:46:17,published,50
632,87,1740,251.73,547,2024-10-14 15:24:56,published,50
633,164,1529,305.65,969,2024-05-10 07:42:48,published,50
634,52,391,223.19,327,2024-05-22 06:09:15,published,50
635,149,1038,463.36,340,2025-04-26 22:31:24,published,50
636,38,1326,159.31,55,2024-10-17 22:32:38,published,50
637,52,1125,352.92,902,2024-10-26 14:20:58,published,50
639,116,119,225.28,491,2024-12-26 12:43:20,published,50
640,95,97,82.15,101,2024-06-03 18:05:07,published,50
641,124,1744,280.20,439,2024-05-15 00:47:19,published,50
642,125,955,459.99,339,2024-09-04 15:17:25,published,50
643,148,389,299.29,414,2025-02-04 02:31:10,published,50
644,80,902,420.39,924,2024-05-16 00:28:49,published,50
645,138,1035,257.40,855,2024-12-05 16:10:03,published,50
646,38,1047,304.86,89,2024-09-22 11:59:19,published,50
647,111,1384,436.53,936,2025-03-29 22:14:39,published,50
648,101,917,106.11,990,2024-06-17 13:12:27,published,50
649,47,3,54.35,847,2024-10-11 11:02:27,published,50
650,25,1318,313.29,729,2024-08-18 22:19:14,published,50
652,57,114,233.20,312,2024-09-05 17:02:40,published,50
653,88,1432,478.88,972,2024-09-20 15:13:52,published,50
654,178,1201,293.42,793,2024-10-17 05:03:07,published,50
655,89,206,295.66,17,2024-05-21 03:47:26,published,50
656,185,651,118.89,1,2024-10-18 20:54:42,published,50
657,147,1735,136.22,493,2025-04-10 08:05:43,published,50
658,55,1711,151.68,817,2024-08-02 17:44:48,published,50
659,142,1381,97.75,891,2025-03-01 05:00:53,published,50
660,125,1968,353.88,205,2025-01-23 02:55:40,published,50
662,158,415,301.31,110,2024-07-19 01:26:37,published,50
663,68,1869,493.65,782,2025-04-02 12:54:34,published,50
664,80,862,236.29,574,2024-11-09 13:31:39,published,50
665,4,1724,27.70,873,2024-11-24 02:44:21,published,50
666,92,1796,432.56,631,2024-09-15 01:37:47,published,50
667,21,1582,414.83,611,2024-06-12 00:02:42,published,50
668,41,364,201.11,435,2024-07-25 14:13:04,published,50
669,101,225,225.40,824,2024-10-09 20:31:31,published,50
670,39,1192,102.71,508,2025-04-12 21:47:59,published,50
672,151,1630,229.89,285,2024-07-09 08:48:20,published,50
673,179,304,70.01,529,2024-11-05 14:58:43,published,50
674,134,723,320.41,907,2024-07-14 19:30:11,published,50
675,37,358,339.40,952,2025-02-13 01:04:48,published,50
676,20,1128,464.46,263,2024-08-10 21:56:43,published,50
677,159,365,477.08,934,2024-08-23 15:53:58,published,50
678,179,875,270.89,344,2024-08-14 16:34:28,published,50
679,130,266,244.69,314,2024-12-02 05:41:09,published,50
680,135,460,147.48,51,2024-12-07 10:19:13,published,50
681,125,1981,463.70,294,2024-10-14 16:08:58,published,50
682,106,1295,463.67,562,2025-02-25 06:44:45,published,50
683,156,760,42.97,159,2024-11-07 06:42:22,published,50
685,34,1132,290.76,864,2024-12-06 17:19:58,published,50
686,151,1405,152.72,169,2025-03-26 17:18:49,published,50
687,122,1155,442.10,11,2024-11-26 17:50:51,published,50
688,64,441,101.58,117,2025-03-28 18:25:46,published,50
690,8,1700,30.27,487,2024-06-14 03:12:24,published,50
691,141,254,121.20,594,2024-06-09 09:25:48,published,50
692,69,83,224.57,187,2024-10-11 18:55:04,published,50
693,119,528,380.10,571,2024-12-24 12:34:45,published,50
694,40,1248,212.89,163,2024-10-16 12:45:35,published,50
695,4,142,280.56,330,2024-12-07 02:09:53,published,50
696,40,830,68.30,343,2025-02-22 06:04:57,published,50
698,73,1086,67.99,580,2024-10-04 02:36:51,published,50
699,71,275,138.17,185,2024-12-13 13:16:23,published,50
700,31,791,152.68,710,2024-10-04 09:01:51,published,50
701,112,1694,489.60,95,2024-07-17 08:22:28,published,50
702,94,1825,336.89,810,2024-09-19 11:25:37,published,50
703,39,245,209.52,935,2025-01-02 16:43:37,published,50
705,150,1125,489.74,789,2025-02-18 20:36:49,published,50
706,64,348,293.68,308,2024-10-26 02:08:45,published,50
707,196,38,373.10,619,2024-10-21 22:40:40,published,50
708,68,918,56.25,942,2024-05-04 03:44:44,published,50
709,38,421,180.57,638,2025-04-06 04:11:42,published,50
710,135,514,324.31,36,2024-07-17 23:28:59,published,50
711,141,280,317.57,511,2025-03-02 03:54:38,published,50
712,20,484,341.42,619,2024-05-20 15:29:10,published,50
714,155,1342,263.26,987,2024-05-09 13:20:47,published,50
715,44,1790,86.81,135,2024-09-06 06:14:49,published,50
716,52,1445,364.71,366,2025-04-19 09:35:21,published,50
717,53,1772,252.54,413,2025-03-02 00:20:21,published,50
718,94,1947,162.47,59,2024-11-10 01:29:46,published,50
719,91,272,286.17,461,2024-08-28 05:23:45,published,50
720,40,1580,332.04,446,2024-07-08 18:51:33,published,50
722,60,1172,134.42,900,2024-10-12 17:01:39,published,50
725,16,1276,110.33,272,2024-09-21 20:48:15,published,50
726,129,742,119.71,604,2025-02-05 05:46:27,published,50
727,24,1471,197.65,267,2024-09-16 07:23:01,published,50
728,166,2,472.45,66,2024-07-05 09:54:20,published,50
730,94,197,59.56,775,2025-02-22 23:10:07,published,50
731,132,908,316.80,675,2024-08-10 00:30:48,published,50
732,188,597,75.23,667,2025-01-24 19:25:17,published,50
734,118,776,192.90,781,2025-04-25 22:39:10,published,50
735,123,1769,70.45,195,2024-07-25 19:52:30,published,50
736,94,1435,65.71,906,2024-10-04 21:31:57,published,50
737,72,1033,388.04,905,2024-05-22 10:08:34,published,50
738,188,808,234.49,413,2025-03-01 08:30:55,published,50
739,123,1487,402.69,977,2024-07-17 01:59:04,published,50
740,91,1095,330.44,842,2024-05-22 23:18:16,published,50
741,84,1414,157.68,622,2024-08-18 15:11:26,published,50
742,28,983,259.98,898,2024-08-03 17:39:58,published,50
743,117,1080,35.63,926,2024-06-20 19:20:35,published,50
744,186,1631,259.96,301,2025-04-24 09:40:14,published,50
745,20,1999,444.90,799,2024-12-27 01:20:14,published,50
746,146,553,376.35,891,2024-10-22 14:13:31,published,50
747,76,1360,332.70,431,2024-06-13 16:24:33,published,50
748,163,1286,220.44,794,2024-05-25 14:54:29,published,50
749,184,1097,361.98,109,2025-03-11 17:01:11,published,50
750,17,1175,460.85,642,2024-09-08 07:43:18,published,50
751,165,1180,108.65,902,2024-09-11 18:03:53,published,50
752,6,135,210.72,786,2024-11-29 07:45:19,published,50
753,164,1123,435.94,515,2025-01-30 16:22:52,published,50
754,127,1754,150.14,199,2024-12-12 09:29:40,published,50
755,42,396,145.42,210,2025-04-30 11:33:14,published,50
756,39,314,439.71,651,2024-08-19 23:18:05,published,50
757,163,886,17.31,648,2024-06-16 05:05:34,published,50
758,179,824,448.57,973,2024-10-08 11:09:22,published,50
759,57,1877,175.93,286,2024-10-13 05:37:29,published,50
760,27,1846,22.72,45,2024-06-05 13:15:49,published,50
761,30,1466,445.04,335,2024-08-09 14:48:23,published,50
762,138,1225,183.78,541,2025-01-17 23:26:47,published,50
763,152,984,207.13,391,2024-09-29 22:51:05,published,50
764,18,194,176.60,621,2024-07-20 12:11:36,published,50
765,190,1417,16.24,84,2024-07-21 22:13:56,published,50
766,140,1853,437.36,641,2024-09-04 02:10:03,published,50
767,157,335,263.32,172,2024-12-22 15:26:03,published,50
768,200,172,92.71,732,2025-04-24 03:57:04,published,50
770,34,877,134.11,361,2024-07-22 01:42:48,published,50
771,154,759,149.72,733,2024-05-14 06:34:18,published,50
772,90,1795,485.69,530,2024-09-14 13:54:39,published,50
773,126,613,211.21,631,2025-04-22 14:55:35,published,50
775,146,354,55.84,276,2025-03-03 18:29:29,published,50
778,39,1965,261.07,320,2024-06-16 15:29:48,published,50
780,145,42,67.72,236,2025-02-18 18:09:07,published,50
781,87,1763,143.76,669,2024-10-24 05:24:02,published,50
782,90,1181,136.89,272,2024-09-22 03:05:49,published,50
783,146,1872,189.91,933,2025-01-08 00:13:12,published,50
784,150,815,387.87,986,2024-06-02 18:31:19,published,50
785,156,1536,282.36,503,2024-11-09 23:03:35,published,50
786,127,1081,157.71,855,2024-09-04 18:50:27,published,50
787,27,8,157.42,356,2024-08-12 08:33:06,published,50
788,158,588,33.06,670,2024-11-14 00:21:46,published,50
789,157,1965,191.44,867,2025-04-18 07:18:48,published,50
790,200,798,495.31,342,2024-08-23 11:24:43,published,50
791,195,553,195.97,797,2024-10-11 01:44:14,published,50
792,162,814,418.74,598,2025-04-30 16:43:17,published,50
794,145,1654,246.60,89,2024-05-16 23:28:48,published,50
795,38,67,422.23,407,2024-11-11 21:37:11,published,50
796,167,569,315.07,397,2025-03-10 07:39:10,published,50
797,11,1816,128.59,552,2024-08-17 01:40:02,published,50
798,44,314,316.67,296,2024-07-16 14:59:21,published,50
799,129,158,205.44,20,2025-04-22 12:39:36,published,50
800,63,24,47.84,101,2024-12-11 05:17:43,published,50
801,75,158,324.35,166,2024-07-26 21:40:55,published,50
802,33,1574,436.07,186,2024-05-28 14:15:58,published,50
804,131,1216,188.66,781,2024-06-12 12:41:36,published,50
805,60,1861,243.74,972,2024-08-21 06:06:38,published,50
806,185,611,326.33,900,2024-11-26 07:31:43,published,50
807,40,568,381.34,398,2024-09-06 14:03:35,published,50
808,158,1720,53.35,318,2024-05-08 18:28:40,published,50
810,178,754,166.64,346,2024-07-04 08:29:39,published,50
811,136,1951,376.05,455,2024-11-12 19:34:57,published,50
812,174,960,9.57,3,2024-07-06 06:20:06,published,50
813,16,1287,306.05,999,2024-05-03 20:09:35,published,50
814,169,1864,453.86,528,2024-05-01 00:00:27,published,50
815,111,348,212.05,828,2024-07-23 07:27:05,published,50
816,189,1819,489.10,432,2024-08-25 19:57:15,published,50
817,70,954,32.39,343,2024-09-09 20:18:42,published,50
818,50,837,328.45,495,2024-10-21 00:15:15,published,50
819,107,660,392.79,656,2024-06-22 08:33:59,published,50
820,121,1171,349.36,928,2024-10-10 00:35:37,published,50
821,72,1632,258.97,927,2024-08-09 15:07:12,published,50
822,44,1131,488.39,180,2024-09-25 22:20:32,published,50
823,125,2000,415.85,441,2024-12-22 14:54:55,published,50
824,121,1408,397.06,731,2024-07-25 04:58:59,published,50
825,137,1299,452.78,235,2025-01-22 18:33:49,published,50
826,164,1316,404.54,690,2025-01-20 22:54:49,published,50
827,41,1671,428.22,190,2025-01-01 13:24:11,published,50
828,76,1397,352.21,583,2025-04-29 16:19:03,published,50
829,108,1811,440.60,443,2025-03-27 12:07:10,published,50
830,171,1168,82.70,199,2024-07-20 05:54:38,published,50
831,157,195,326.51,682,2024-09-25 15:09:30,published,50
832,64,1071,59.06,34,2024-11-30 13:41:25,published,50
833,7,1256,130.13,338,2025-03-01 08:12:50,published,50
835,7,200,425.42,719,2024-05-25 17:08:24,published,50
836,159,614,341.32,748,2025-02-06 00:17:12,published,50
838,109,162,101.73,194,2024-06-22 04:04:55,published,50
840,111,203,238.90,90,2024-05-01 01:08:14,published,50
841,81,603,101.28,78,2024-08-11 05:38:48,published,50
842,161,1323,267.88,945,2024-07-29 09:04:24,published,50
843,99,1060,458.74,275,2024-08-24 21:18:51,published,50
844,179,270,8.50,971,2024-05-29 06:43:22,published,50
846,176,1455,23.32,545,2024-12-27 01:57:29,published,50
848,151,697,474.49,740,2024-06-14 21:41:24,published,50
849,122,1391,312.50,231,2024-07-15 01:26:01,published,50
850,89,993,12.50,256,2025-01-14 05:20:53,published,50
851,147,70,492.34,395,2024-09-03 06:58:45,published,50
852,53,1504,382.38,995,2024-08-13 04:04:24,published,50
853,152,1039,31.85,504,2024-05-15 22:16:40,published,50
854,169,650,188.14,683,2025-04-24 17:40:00,published,50
855,34,355,487.07,851,2024-06-11 14:22:39,published,50
856,103,1739,93.25,153,2024-09-09 08:17:12,published,50
857,137,530,47.42,607,2024-09-20 11:09:18,published,50
858,100,992,112.27,793,2024-12-13 16:26:02,published,50
860,152,132,177.76,400,2024-08-24 03:51:54,published,50
862,199,768,497.97,569,2024-11-29 00:20:26,published,50
863,125,31,270.99,345,2024-06-10 18:46:49,published,50
865,142,889,343.91,683,2024-10-15 08:33:38,published,50
866,84,1677,342.78,34,2025-04-03 12:28:12,published,50
867,72,1322,191.38,405,2024-08-27 10:14:01,published,50
868,12,967,373.13,473,2024-06-24 06:19:50,published,50
869,142,1014,195.98,77,2024-10-16 07:08:27,published,50
870,184,1048,37.94,902,2024-07-02 18:33:54,published,50
872,121,1207,267.02,684,2024-07-12 20:20:25,published,50
873,34,422,257.69,611,2025-01-02 07:42:07,published,50
874,146,840,212.52,650,2025-02-23 02:18:07,published,50
875,52,527,482.20,136,2025-03-14 15:25:00,published,50
876,35,445,121.37,103,2024-11-03 20:36:36,published,50
877,133,463,272.58,998,2024-09-07 11:33:57,published,50
878,18,1294,188.52,990,2024-08-15 05:29:59,published,50
880,49,1329,87.60,565,2024-07-20 15:35:28,published,50
881,197,11,66.51,988,2024-07-05 14:16:54,published,50
882,30,1310,247.88,890,2024-05-11 17:00:04,published,50
883,31,180,256.92,286,2024-11-06 15:31:44,published,50
884,85,1469,184.31,707,2024-08-27 22:13:04,published,50
885,54,404,481.43,584,2025-02-05 02:00:58,published,50
886,187,584,52.28,321,2025-01-21 13:14:40,published,50
887,142,1607,229.14,331,2024-09-14 12:48:57,published,50
889,41,1690,29.59,622,2025-03-03 08:30:41,published,50
890,49,241,282.00,613,2025-02-12 03:12:07,published,50
891,47,1287,134.51,416,2024-11-21 21:35:04,published,50
892,63,403,365.87,817,2024-07-24 19:45:11,published,50
893,147,855,215.23,356,2025-03-17 15:11:33,published,50
894,22,608,474.10,907,2024-11-14 21:46:33,published,50
895,88,454,401.52,33,2024-06-04 19:35:53,published,50
896,116,1371,351.35,946,2024-06-29 16:20:33,published,50
897,152,1510,211.81,302,2024-05-04 17:53:37,published,50
898,43,388,189.86,948,2024-08-19 14:42:50,published,50
899,122,509,87.60,54,2024-08-04 11:31:50,published,50
901,155,277,45.07,997,2025-01-06 10:31:43,published,50
903,56,1392,129.88,829,2024-07-26 04:11:09,published,50
904,136,449,35.54,238,2024-09-03 09:49:39,published,50
905,147,1736,327.24,684,2024-12-23 09:20:18,published,50
906,128,1374,347.75,694,2024-12-23 16:31:56,published,50
907,52,215,189.06,1000,2025-03-26 21:15:47,published,50
909,77,1668,231.11,800,2024-11-03 01:39:12,published,50
910,164,1520,174.20,345,2024-08-13 04:49:21,published,50
911,69,1377,142.56,604,2024-11-16 16:28:55,published,50
913,93,439,455.35,489,2025-04-04 06:06:23,published,50
916,191,62,495.96,571,2025-03-22 16:05:30,published,50
918,116,1254,153.93,282,2025-01-23 13:02:15,published,50
920,135,1241,478.97,475,2025-02-26 02:48:22,published,50
921,106,1013,466.37,915,2025-02-21 07:21:06,published,50
922,119,1272,181.51,409,2024-09-04 18:22:38,published,50
923,11,554,245.16,976,2024-08-29 09:03:41,published,50
924,22,857,177.21,123,2024-05-24 06:10:24,published,50
925,158,1596,356.69,689,2025-01-10 14:16:52,published,50
927,23,1326,41.72,46,2024-10-15 02:44:01,published,50
928,116,1851,67.92,230,2024-09-09 10:37:04,published,50
930,22,422,407.93,238,2024-10-24 03:01:18,published,50
931,40,835,56.76,174,2024-08-17 08:54:19,published,50
932,9,715,378.84,659,2024-06-10 11:21:37,published,50
933,130,1992,399.63,228,2024-06-15 08:22:13,published,50
935,52,159,373.58,680,2024-07-07 04:54:16,published,50
936,119,1587,45.35,391,2025-03-13 10:49:53,published,50
937,102,353,49.84,513,2024-12-04 00:24:54,published,50
938,173,750,484.39,616,2025-03-01 08:51:36,published,50
939,12,1422,48.44,136,2024-11-26 11:37:25,published,50
940,183,531,278.68,67,2025-03-18 12:27:54,published,50
941,173,1855,326.37,346,2025-03-04 11:02:03,published,50
943,16,287,334.00,916,2024-10-24 21:33:49,published,50
944,178,867,58.73,185,2024-09-25 09:20:25,published,50
945,130,488,114.81,918,2024-12-10 00:22:23,published,50
946,80,1985,151.50,482,2024-09-07 21:47:09,published,50
947,77,1411,429.80,491,2024-11-10 15:04:05,published,50
948,42,310,120.38,221,2024-11-14 11:59:26,published,50
949,77,385,331.80,327,2024-08-25 03:42:30,published,50
951,117,368,251.20,368,2024-12-13 10:45:50,published,50
952,123,1241,255.69,221,2024-11-15 11:38:39,published,50
955,1,333,110.02,182,2024-12-23 18:47:42,published,50
956,153,872,87.96,478,2024-12-19 03:55:38,published,50
957,87,1557,442.15,945,2024-06-06 17:56:53,published,50
958,52,718,32.91,172,2025-03-17 02:18:29,published,50
959,148,1123,186.86,709,2024-12-20 10:08:40,published,50
960,78,1788,141.59,383,2024-09-13 16:56:42,published,50
961,89,559,54.42,573,2024-08-17 00:53:33,published,50
962,142,691,366.50,168,2024-05-11 09:48:16,published,50
964,129,1931,448.75,224,2024-05-29 12:26:17,published,50
965,60,64,479.30,631,2025-03-22 20:46:18,published,50
966,78,1994,367.02,414,2024-11-08 14:25:21,published,50
967,82,212,155.07,793,2024-07-19 23:00:30,published,50
968,16,1996,53.54,867,2024-05-07 02:37:56,published,50
969,116,1169,196.12,516,2025-03-08 16:18:10,published,50
970,66,983,407.83,824,2025-04-07 02:43:51,published,50
972,111,172,349.69,836,2024-08-28 11:13:06,published,50
973,134,1690,257.89,324,2024-07-30 05:35:13,published,50
974,158,1046,494.03,391,2024-11-11 16:16:09,published,50
975,169,1494,380.31,769,2024-09-28 14:08:03,published,50
976,35,601,119.85,920,2024-10-24 00:36:44,published,50
977,14,1150,323.87,300,2024-05-04 02:35:25,published,50
978,28,549,146.53,354,2024-11-18 18:25:19,published,50
979,152,367,163.54,664,2025-03-29 12:19:09,published,50
980,43,1990,323.80,32,2024-11-23 11:13:25,published,50
982,163,849,223.20,548,2024-11-07 12:43:33,published,50
983,153,1018,262.48,890,2024-06-24 19:30:06,published,50
985,72,117,330.45,926,2024-12-22 07:30:36,published,50
986,3,927,250.95,127,2025-03-04 02:38:45,published,50
987,45,1863,264.95,818,2024-11-23 23:50:31,published,50
988,159,252,150.49,874,2024-12-05 12:26:00,published,50
990,117,290,439.35,509,2025-03-09 11:27:54,published,50
991,115,1336,129.78,456,2025-01-09 09:14:58,published,50
992,66,811,164.46,822,2024-12-11 12:08:41,published,50
993,152,789,373.64,478,2024-10-06 10:25:57,published,50
994,164,476,338.20,431,2024-10-18 21:51:03,published,50
995,14,1983,387.53,226,2024-07-15 07:35:48,published,50
996,96,112,67.59,382,2024-05-14 08:23:26,published,50
997,87,916,309.68,186,2024-05-29 21:33:01,published,50
998,57,116,470.74,500,2024-09-22 15:26:36,published,50
1000,134,1207,146.96,173,2025-01-06 20:28:23,published,50
1001,141,543,197.33,860,2024-10-20 22:48:29,published,50
1002,27,1406,206.06,142,2024-07-02 04:47:45,published,50
1003,110,971,170.93,657,2025-03-05 23:24:42,published,50
1004,117,1775,452.60,34,2024-08-31 15:14:19,published,50
1006,38,445,63.04,344,2025-01-16 17:13:20,published,50
1007,31,733,311.38,133,2024-08-20 15:12:36,published,50
1008,74,1891,207.16,280,2025-02-12 14:56:34,published,50
1010,125,381,254.84,989,2024-08-22 14:59:22,published,50
1011,125,1758,87.80,501,2024-06-06 14:05:05,published,50
1012,35,1198,333.55,497,2024-07-26 02:20:02,published,50
1013,77,1934,263.97,893,2025-04-15 06:49:57,published,50
1014,35,942,348.49,569,2024-12-06 10:43:49,published,50
1015,43,939,196.26,735,2024-05-09 02:07:20,published,50
1016,93,753,6.88,254,2025-01-12 08:42:51,published,50
1017,159,1464,263.85,708,2024-12-06 12:29:06,published,50
1018,68,1857,403.57,552,2024-10-27 10:11:14,published,50
1019,117,1443,442.83,719,2024-07-23 01:37:23,published,50
1020,111,1941,358.27,767,2024-11-03 14:32:47,published,50
1021,195,685,163.68,60,2024-12-01 14:37:52,published,50
1022,42,502,405.63,496,2024-09-22 19:14:34,published,50
1023,128,1121,21.70,858,2024-12-04 20:43:45,published,50
1024,16,332,492.95,876,2025-03-20 12:37:49,published,50
1025,154,1120,84.85,841,2024-06-30 04:51:53,published,50
1026,117,825,48.77,394,2025-01-21 18:06:34,published,50
1027,163,1082,414.57,689,2025-03-22 05:16:09,published,50
1028,174,1734,39.81,839,2024-10-11 17:21:18,published,50
1029,5,472,215.56,182,2025-02-08 13:27:04,published,50
1030,98,161,38.50,287,2024-08-17 01:50:28,published,50
1031,195,1676,480.30,303,2024-09-28 16:16:52,published,50
1032,17,1573,246.16,223,2025-03-05 05:52:24,published,50
1033,182,427,153.37,739,2025-01-30 12:48:23,published,50
1034,157,1926,368.00,346,2024-10-31 04:11:53,published,50
1035,153,97,445.96,406,2024-08-04 11:05:20,published,50
1036,177,1927,368.23,913,2024-07-21 05:29:16,published,50
1037,129,1242,413.70,48,2024-06-17 05:51:34,published,50
1041,79,1655,148.34,319,2025-01-27 16:10:10,published,50
1042,147,1463,299.34,517,2024-09-20 19:09:57,published,50
1043,131,1409,278.30,877,2025-01-26 22:44:17,published,50
1044,117,952,453.15,588,2025-02-27 19:28:45,published,50
1045,29,1790,143.73,573,2024-07-22 09:39:06,published,50
1046,76,1854,438.77,79,2025-01-21 13:28:05,published,50
1047,132,930,8.51,58,2024-05-20 08:52:04,published,50
1048,14,846,74.76,335,2024-10-22 06:18:13,published,50
1049,36,1195,263.76,555,2025-04-19 06:45:40,published,50
1050,77,487,432.20,401,2024-10-19 06:55:54,published,50
1051,111,950,442.33,807,2024-07-11 13:40:52,published,50
1053,98,127,393.92,655,2025-04-14 17:59:25,published,50
1054,197,1828,350.41,630,2024-10-06 18:39:02,published,50
1055,181,13,273.75,980,2025-02-19 22:55:14,published,50
1056,7,141,162.28,631,2024-11-27 09:12:41,published,50
1057,130,1016,150.30,213,2024-10-12 06:07:15,published,50
1058,138,501,363.90,48,2024-09-02 10:48:23,published,50
1059,181,496,169.65,664,2025-02-13 02:09:17,published,50
1060,18,1127,151.27,778,2025-03-23 16:48:09,published,50
1062,89,1194,399.66,324,2025-04-12 01:57:18,published,50
1063,126,1600,110.07,455,2024-07-22 10:41:19,published,50
1064,102,1167,292.85,867,2024-08-17 19:53:27,published,50
1065,32,678,24.45,467,2024-05-09 05:27:28,published,50
1066,29,588,237.76,799,2025-03-19 03:30:52,published,50
1067,101,519,396.05,440,2024-09-30 15:22:39,published,50
1070,194,819,494.43,21,2025-01-18 14:09:05,published,50
1071,14,1399,239.32,738,2025-01-28 08:15:42,published,50
1072,131,1286,275.24,28,2025-04-15 15:29:13,published,50
1073,115,702,444.72,791,2024-12-23 12:39:39,published,50
1074,196,906,434.91,882,2024-06-10 13:50:33,published,50
1076,192,1075,215.69,580,2024-10-24 09:37:41,published,50
1077,160,634,487.72,137,2024-05-14 13:19:56,published,50
1078,5,477,68.99,788,2024-06-19 09:59:27,published,50
1079,90,810,488.09,826,2025-03-08 23:34:41,published,50
1081,16,1853,414.38,225,2024-09-24 09:55:10,published,50
1082,121,1895,165.22,112,2024-12-07 20:42:54,published,50
1084,42,276,399.35,531,2024-07-06 00:18:21,published,50
1085,117,1182,38.64,417,2024-07-25 17:43:05,published,50
1086,25,1146,455.03,595,2024-07-19 03:58:35,published,50
1087,25,757,436.81,251,2024-05-09 13:14:30,published,50
1089,116,61,496.66,402,2024-09-02 10:57:22,published,50
1090,91,1324,180.22,189,2024-09-13 05:26:39,published,50
1092,43,250,280.19,632,2024-10-28 16:28:55,published,50
1094,15,392,30.93,522,2024-06-22 20:28:48,published,50
1095,155,66,43.94,332,2024-05-18 15:29:36,published,50
1096,18,1213,491.82,879,2024-12-22 10:37:42,published,50
1097,134,1143,20.14,62,2024-08-17 06:11:59,published,50
1098,33,1518,380.48,728,2024-06-10 13:38:09,published,50
1099,164,1187,155.13,510,2024-06-18 09:31:49,published,50
1100,144,1544,439.99,635,2025-04-10 06:45:36,published,50
1101,27,1615,472.55,495,2024-07-24 12:42:13,published,50
1103,74,1637,180.75,492,2024-07-03 16:43:40,published,50
1104,192,827,442.26,175,2024-10-09 05:21:34,published,50
1105,11,208,162.54,215,2024-05-06 20:12:18,published,50
1106,68,142,74.77,638,2024-08-18 20:33:51,published,50
1109,73,1104,80.41,911,2024-06-01 15:52:37,published,50
1110,54,1153,300.65,285,2024-05-20 13:46:47,published,50
1111,37,1385,330.47,285,2025-04-04 11:52:36,published,50
1112,199,1808,244.57,653,2024-09-27 19:25:42,published,50
1113,43,869,32.28,574,2024-10-16 11:31:37,published,50
1114,175,677,145.46,759,2025-03-21 00:32:48,published,50
1115,144,625,462.68,446,2024-10-06 20:10:02,published,50
1117,122,1470,324.00,326,2024-12-13 11:53:52,published,50
1118,123,1400,496.81,25,2024-10-10 21:09:10,published,50
1119,101,201,67.92,187,2024-09-27 13:23:02,published,50
1120,88,1324,284.25,44,2025-03-29 07:26:30,published,50
1121,139,1339,496.99,523,2024-10-12 14:46:21,published,50
1122,7,1760,68.48,979,2025-01-16 06:18:31,published,50
1123,160,32,407.41,233,2025-03-11 18:43:43,published,50
1124,45,1396,392.89,318,2024-10-14 06:08:06,published,50
1125,146,844,56.10,71,2024-07-07 05:50:10,published,50
1126,117,1598,289.18,602,2024-09-18 21:45:58,published,50
1127,110,719,388.01,354,2024-08-11 08:30:09,published,50
1128,48,237,108.24,282,2025-03-29 13:45:33,published,50
1130,111,1130,36.75,213,2024-09-16 02:48:03,published,50
1131,196,670,139.30,996,2024-10-14 19:12:23,published,50
1133,148,401,31.81,533,2025-02-08 06:54:42,published,50
1134,117,1091,417.03,972,2024-08-15 09:27:45,published,50
1135,163,1341,241.12,620,2024-05-30 20:28:23,published,50
1136,47,993,428.49,850,2024-05-28 14:59:11,published,50
1138,26,1718,157.89,606,2025-02-19 16:43:57,published,50
1139,117,1453,131.71,374,2024-10-11 18:31:50,published,50
1140,179,1184,104.06,533,2024-10-10 10:05:48,published,50
1141,196,1340,74.37,383,2025-01-16 10:49:50,published,50
1142,79,1242,182.27,200,2024-10-29 09:30:32,published,50
1143,73,160,232.27,976,2024-07-15 05:24:59,published,50
1144,179,1702,457.28,478,2024-12-21 23:43:07,published,50
1145,188,948,359.32,680,2025-04-27 00:21:55,published,50
1146,84,12,432.83,831,2024-11-22 07:34:50,published,50
1148,66,870,12.34,575,2024-10-22 17:28:58,published,50
1149,119,170,154.61,96,2024-06-05 17:55:16,published,50
1150,114,1957,463.89,172,2024-07-24 15:43:51,published,50
1152,71,1638,248.64,605,2024-07-14 18:37:07,published,50
1153,178,1581,148.31,229,2024-07-02 17:13:04,published,50
1154,12,534,332.78,592,2025-01-06 08:42:07,published,50
1156,162,877,445.95,360,2024-11-18 10:11:07,published,50
1158,121,1995,55.90,550,2024-05-27 05:12:00,published,50
1159,98,636,318.21,153,2024-09-07 08:54:53,published,50
1161,11,171,260.48,174,2024-10-31 03:58:24,published,50
1162,86,1022,442.70,879,2024-08-13 04:50:37,published,50
1163,1,1114,31.75,477,2024-05-28 03:34:05,published,50
1167,122,111,446.25,92,2025-01-25 14:56:43,published,50
1169,52,1452,52.52,779,2025-01-08 15:24:01,published,50
1171,90,689,44.28,904,2024-12-13 17:08:25,published,50
1172,27,1598,425.03,22,2025-03-22 00:34:06,published,50
1174,164,1490,216.72,721,2024-12-08 05:34:25,published,50
1175,95,1237,351.02,170,2024-09-11 09:09:25,published,50
1176,132,1656,444.62,351,2025-02-24 06:38:43,published,50
1177,169,439,94.45,628,2024-12-09 01:29:36,published,50
1179,25,1123,283.52,302,2024-06-28 15:14:03,published,50
1180,14,696,218.56,854,2024-12-02 23:25:25,published,50
1181,195,1730,483.17,174,2024-08-12 22:59:40,published,50
1183,116,382,77.91,811,2025-04-07 13:57:13,published,50
1185,194,1462,63.59,425,2025-02-05 15:33:16,published,50
1186,18,1623,320.75,320,2025-01-14 08:54:01,published,50
1188,23,223,466.97,675,2025-04-15 18:23:02,published,50
1189,137,1313,244.91,367,2024-08-11 17:46:44,published,50
1190,84,1250,143.03,242,2025-01-31 03:01:49,published,50
1191,76,1648,452.63,227,2024-08-28 20:26:59,published,50
1192,186,666,136.20,87,2024-08-05 21:33:51,published,50
1193,74,1670,384.27,972,2025-02-24 09:23:04,published,50
1194,52,979,289.54,878,2024-06-13 11:56:46,published,50
1195,164,1755,141.72,303,2024-12-15 16:20:05,published,50
1196,23,1367,278.96,679,2024-06-30 08:16:15,published,50
1197,99,1058,354.21,325,2025-02-11 22:20:48,published,50
1198,186,1746,281.86,510,2024-10-08 03:27:17,published,50
1200,13,1460,317.94,35,2024-07-08 06:45:44,published,50
1201,85,683,234.39,489,2025-01-25 05:20:22,published,50
1202,95,425,338.73,359,2024-09-06 22:40:58,published,50
1203,173,1712,173.67,920,2024-06-10 10:42:31,published,50
1205,37,14,495.29,631,2024-10-07 04:31:47,published,50
1206,171,553,80.10,871,2024-09-06 23:40:30,published,50
1207,124,984,475.60,175,2024-07-24 05:37:04,published,50
1208,2,1438,458.99,161,2024-11-28 03:04:40,published,50
1209,99,727,154.59,802,2024-09-19 20:51:26,published,50
1210,62,1585,428.55,604,2024-09-10 01:30:39,published,50
1211,11,1845,398.87,409,2025-04-05 14:57:37,published,50
1212,23,1685,148.67,603,2024-08-02 06:05:42,published,50
1213,90,273,363.11,149,2025-04-14 17:57:40,published,50
1215,6,133,131.27,931,2024-07-13 08:46:15,published,50
1216,192,357,136.14,574,2024-11-21 11:04:54,published,50
1217,190,230,89.75,867,2024-06-07 21:14:25,published,50
1218,116,933,10.11,306,2024-10-21 07:30:53,published,50
1219,86,827,252.55,894,2024-12-01 03:48:54,published,50
1221,178,714,446.20,416,2024-08-28 10:21:47,published,50
1225,179,776,129.72,53,2024-05-31 12:13:46,published,50
1226,189,1311,407.00,570,2024-09-15 17:58:41,published,50
1227,99,1759,294.90,616,2025-04-15 05:46:19,published,50
1228,113,1687,301.06,579,2025-02-12 18:45:09,published,50
1229,149,1027,373.64,312,2025-01-06 23:48:10,published,50
1230,51,467,340.92,679,2024-09-12 21:03:29,published,50
1231,99,1000,429.73,303,2024-07-25 12:30:04,published,50
1232,49,1139,130.69,81,2025-01-07 01:36:11,published,50
1233,126,1448,105.04,924,2024-07-25 07:17:38,published,50
1234,149,39,279.86,299,2024-12-15 07:05:29,published,50
1235,78,351,17.60,639,2024-11-14 19:48:20,published,50
1236,16,1026,70.52,456,2025-02-24 17:53:52,published,50
1238,40,802,341.37,391,2024-11-25 22:58:29,published,50
1239,10,1602,260.85,724,2024-08-21 18:16:37,published,50
1240,115,670,402.23,955,2024-07-09 17:32:26,published,50
1242,160,1480,26.51,105,2024-11-14 18:15:51,published,50
1243,30,1863,370.05,933,2024-08-04 06:03:08,published,50
1244,41,935,104.38,759,2025-02-04 07:50:31,published,50
1245,150,875,156.84,37,2024-08-02 02:41:57,published,50
1246,99,1380,232.73,359,2024-10-05 08:20:23,published,50
1247,108,1857,160.71,861,2024-10-06 17:31:53,published,50
1248,60,86,452.11,57,2025-02-20 11:16:46,published,50
1249,192,1338,156.80,452,2024-08-09 05:42:49,published,50
1250,18,1749,277.52,274,2024-12-28 20:41:45,published,50
1251,71,1020,259.13,311,2024-07-14 19:10:55,published,50
1252,12,507,285.27,609,2024-11-22 14:04:12,published,50
1253,190,1388,491.23,80,2024-07-21 11:48:53,published,50
1254,186,766,150.95,741,2024-06-10 07:44:01,published,50
1255,14,1701,189.68,363,2024-11-21 00:01:00,published,50
1256,162,1390,464.32,412,2024-07-14 07:02:02,published,50
1257,88,1160,348.22,495,2024-11-27 18:53:03,published,50
1258,149,276,396.29,909,2025-04-27 15:16:16,published,50
1259,64,864,88.58,965,2024-09-09 07:21:07,published,50
1260,90,279,360.10,806,2024-05-04 01:45:38,published,50
1261,182,1623,469.74,19,2024-10-21 01:55:40,published,50
1262,117,839,110.53,809,2024-12-06 15:42:16,published,50
1263,137,407,79.10,657,2024-09-14 05:03:23,published,50
1264,42,129,445.86,839,2024-08-24 17:59:50,published,50
1265,158,33,232.07,590,2024-10-15 00:44:00,published,50
1266,95,685,409.66,418,2025-01-14 07:02:18,published,50
1267,9,703,222.01,9,2024-06-21 19:54:39,published,50
1268,40,981,125.69,379,2024-07-13 11:17:57,published,50
1271,193,1154,377.29,517,2024-07-28 12:38:56,published,50
1273,140,932,344.54,727,2024-12-17 08:18:35,published,50
1274,21,256,323.28,358,2024-05-20 16:21:35,published,50
1275,23,1204,34.34,648,2024-09-06 00:19:50,published,50
1276,192,1424,200.75,189,2024-12-02 12:23:35,published,50
1277,54,1458,420.70,956,2024-12-24 23:40:37,published,50
1278,49,396,185.61,269,2025-03-16 05:23:26,published,50
1279,13,1369,246.07,549,2024-09-27 20:54:39,published,50
1280,49,933,59.83,806,2024-09-01 13:58:20,published,50
1281,139,90,195.51,202,2024-06-09 11:00:36,published,50
1282,106,586,145.00,670,2024-10-07 15:23:03,published,50
1283,180,1284,27.12,276,2024-11-27 22:05:17,published,50
1284,151,50,473.03,275,2024-07-13 20:47:49,published,50
1286,189,1393,38.41,632,2024-11-12 21:07:24,published,50
1287,121,1684,416.99,522,2024-12-30 20:37:32,published,50
1288,101,773,48.26,10,2025-03-12 21:06:26,published,50
1289,120,86,144.31,931,2024-10-28 12:27:47,published,50
1290,59,803,66.52,312,2024-12-31 18:59:41,published,50
1292,105,362,344.06,834,2024-12-20 11:10:47,published,50
1293,93,245,478.33,879,2025-01-17 04:50:00,published,50
1294,115,1908,9.94,181,2024-11-05 12:04:18,published,50
1296,105,260,118.28,622,2025-04-07 06:25:42,published,50
1297,132,1641,473.38,645,2025-03-23 14:08:25,published,50
1298,88,833,483.59,255,2024-08-23 09:58:01,published,50
1299,181,456,79.03,590,2024-07-20 06:03:12,published,50
1300,168,822,482.22,45,2024-12-17 18:26:40,published,50
1301,168,1183,91.90,949,2024-11-05 03:58:12,published,50
1303,197,621,438.78,582,2024-08-13 16:20:52,published,50
1304,82,1067,248.09,640,2024-08-24 20:34:45,published,50
1305,173,1476,481.34,694,2025-02-23 09:22:52,published,50
1306,175,181,204.97,24,2024-09-21 08:37:30,published,50
1307,162,913,425.60,839,2024-12-09 00:43:38,published,50
1309,6,1275,339.41,968,2024-07-09 10:40:59,published,50
1310,161,605,267.24,648,2025-01-06 21:13:34,published,50
1311,74,617,147.35,298,2024-07-04 01:57:58,published,50
1312,21,1229,354.82,635,2024-09-28 10:37:12,published,50
1313,23,310,82.50,156,2024-06-21 18:33:12,published,50
1314,192,1011,410.92,647,2024-11-04 09:35:39,published,50
1317,135,1430,432.03,719,2024-12-19 00:05:54,published,50
1318,110,1145,49.73,608,2024-11-27 16:52:29,published,50
1319,193,1151,320.11,35,2024-05-05 14:58:00,published,50
1321,149,1680,247.22,581,2024-06-19 20:12:55,published,50
1322,52,911,346.80,684,2024-06-12 13:40:18,published,50
1324,111,124,209.10,760,2024-08-23 23:04:52,published,50
1326,27,26,480.43,495,2025-04-03 17:41:39,published,50
1328,39,784,401.80,835,2025-04-10 16:11:56,published,50
1329,64,1191,270.33,673,2024-08-27 06:52:47,published,50
1330,196,504,59.62,618,2025-04-26 17:39:41,published,50
1331,75,1751,216.04,825,2025-03-07 21:35:47,published,50
1332,130,1923,88.77,63,2025-01-25 22:24:20,published,50
1333,100,733,196.33,176,2024-09-27 22:16:52,published,50
1334,155,1140,17.15,419,2024-10-18 05:18:08,published,50
1335,150,438,487.21,959,2024-11-12 06:34:03,published,50
1336,132,1579,424.20,24,2025-04-28 13:20:33,published,50
1339,141,309,487.21,728,2024-11-05 22:55:11,published,50
1340,14,582,172.26,531,2024-07-24 19:00:07,published,50
1341,54,392,385.38,815,2025-03-23 04:23:27,published,50
1342,123,1004,332.27,571,2024-10-30 03:15:49,published,50
1343,145,365,134.42,770,2024-05-22 02:28:27,published,50
1344,190,1732,275.23,309,2024-06-24 13:54:46,published,50
1346,188,1003,202.36,658,2024-08-04 06:03:16,published,50
1349,53,764,290.36,644,2024-08-15 08:23:10,published,50
1350,109,699,45.93,893,2025-04-17 00:21:56,published,50
1351,121,755,257.80,336,2024-09-30 05:35:12,published,50
1353,10,319,361.21,327,2024-07-30 19:16:12,published,50
1354,116,506,385.88,598,2025-04-29 12:49:39,published,50
1355,104,131,336.33,184,2025-04-11 11:37:51,published,50
1359,67,641,65.40,204,2025-02-23 01:52:31,published,50
1360,166,1631,32.80,460,2025-03-24 10:52:22,published,50
1361,67,1815,245.41,10,2024-12-25 11:21:12,published,50
1362,95,259,287.66,933,2025-01-11 12:34:16,published,50
1363,125,293,232.42,663,2024-05-08 12:57:44,published,50
1364,200,1715,310.48,806,2024-08-28 04:35:45,published,50
1365,48,782,172.54,486,2025-01-07 06:59:53,published,50
1366,191,373,126.26,540,2025-02-10 17:18:10,published,50
1369,183,645,283.83,883,2024-06-24 21:27:24,published,50
1370,48,1405,209.81,921,2025-04-05 04:29:16,published,50
1371,55,623,345.58,742,2025-03-25 08:52:15,published,50
1372,31,1858,45.56,619,2025-02-19 05:20:16,published,50
1373,104,325,40.74,701,2025-03-15 01:56:18,published,50
1374,4,1224,140.97,909,2025-01-14 13:22:38,published,50
1376,15,967,482.17,584,2025-02-05 23:55:50,published,50
1377,27,1741,46.33,463,2024-05-03 15:21:04,published,50
1378,190,450,122.19,995,2024-11-29 20:42:52,published,50
1379,197,1774,320.11,546,2024-07-21 16:42:55,published,50
1380,152,1834,230.23,948,2024-11-12 13:09:13,published,50
1381,133,905,224.59,714,2024-12-12 00:43:27,published,50
1383,143,653,47.32,150,2024-10-13 07:14:40,published,50
1384,106,552,95.84,750,2025-02-03 23:38:28,published,50
1385,105,1553,215.89,124,2024-12-09 03:48:39,published,50
1386,66,155,420.69,760,2025-02-13 03:35:28,published,50
1389,99,1978,184.23,809,2025-03-13 16:11:27,published,50
1390,58,1088,227.66,416,2024-12-08 20:55:50,published,50
1391,110,390,66.30,134,2024-05-23 03:13:34,published,50
1392,170,603,184.61,944,2025-04-08 01:45:36,published,50
1393,186,515,41.61,744,2024-06-14 01:12:07,published,50
1395,119,571,441.89,631,2025-01-23 02:32:52,published,50
1396,121,812,172.36,775,2024-05-16 22:08:53,published,50
1397,193,1236,343.93,9,2025-02-13 13:41:24,published,50
1398,13,945,226.38,394,2024-10-11 14:17:05,published,50
1399,191,1996,428.37,638,2025-04-03 06:18:29,published,50
1400,152,1244,114.46,255,2024-09-28 13:38:17,published,50
1401,122,121,129.09,558,2025-01-16 05:38:02,published,50
1402,87,1530,326.23,270,2024-05-27 04:59:09,published,50
1404,123,1056,203.13,592,2024-06-15 15:47:24,published,50
1405,19,944,361.82,78,2024-10-02 23:29:37,published,50
1406,88,286,112.28,429,2024-10-09 21:00:42,published,50
1409,46,717,205.46,825,2024-05-27 19:46:57,published,50
1411,72,1887,93.98,277,2025-01-04 13:38:16,published,50
1412,82,1611,119.94,613,2024-10-10 23:18:06,published,50
1413,89,1366,32.84,656,2024-05-26 19:24:48,published,50
1414,169,1062,306.91,789,2024-07-17 14:22:07,published,50
1415,116,1715,305.43,644,2024-08-28 10:31:03,published,50
1416,79,500,299.46,703,2024-09-25 12:51:41,published,50
1417,57,1983,159.79,481,2024-11-19 04:37:08,published,50
1418,116,1048,264.51,3,2024-08-28 02:55:02,published,50
1419,65,1779,311.09,484,2024-11-11 01:13:33,published,50
1421,190,587,457.04,402,2025-04-27 11:08:23,published,50
1424,32,606,201.70,838,2024-12-11 09:00:05,published,50
1425,68,1057,233.55,146,2025-01-27 07:29:18,published,50
1426,129,465,166.06,458,2024-09-15 17:45:20,published,50
1427,7,596,236.27,133,2024-08-20 03:27:18,published,50
1428,197,1653,467.28,800,2025-01-31 12:38:19,published,50
1429,71,1141,242.89,434,2024-07-21 16:21:48,published,50
1430,91,671,332.85,795,2024-10-21 02:30:37,published,50
1431,75,436,119.56,148,2025-01-30 21:50:22,published,50
1432,41,131,488.19,477,2024-08-24 07:32:48,published,50
1433,20,1709,211.50,682,2024-09-05 21:13:31,published,50
1435,17,1524,398.70,890,2024-12-18 14:37:20,published,50
1436,81,246,192.89,465,2024-11-23 04:23:55,published,50
1437,38,1285,423.66,360,2024-05-30 05:43:09,published,50
1438,96,1010,181.57,559,2024-07-04 09:01:47,published,50
1439,147,1704,136.50,740,2025-04-26 22:09:36,published,50
1440,197,60,376.65,349,2024-09-19 14:48:03,published,50
1441,187,298,278.55,923,2024-06-25 05:44:18,published,50
1442,179,1486,378.01,109,2024-06-02 22:55:16,published,50
1443,83,832,214.57,490,2025-04-08 15:15:26,published,50
1444,135,1835,381.68,426,2025-04-09 09:59:34,published,50
1445,16,375,47.81,488,2024-10-11 21:33:26,published,50
1447,143,740,248.50,580,2024-10-31 02:07:51,published,50
1448,106,824,277.75,403,2024-05-18 04:01:21,published,50
1449,188,754,492.67,808,2024-07-16 13:03:45,published,50
1450,183,161,346.35,41,2024-12-02 02:52:42,published,50
1452,142,339,385.33,109,2025-01-14 15:47:02,published,50
1453,193,586,222.57,286,2024-09-16 19:23:11,published,50
1455,37,1970,167.65,778,2024-12-31 16:15:33,published,50
1456,44,1044,203.49,851,2024-06-18 23:45:29,published,50
1458,183,1223,105.61,553,2025-01-10 01:16:24,published,50
1459,153,1946,114.77,413,2025-02-28 16:45:16,published,50
1460,45,1135,398.92,813,2024-08-11 07:38:19,published,50
1461,147,451,304.52,385,2024-09-13 13:34:05,published,50
1462,66,574,115.67,835,2024-12-01 14:39:51,published,50
1463,101,1665,108.62,492,2025-01-21 09:28:50,published,50
1464,61,1963,60.52,989,2024-12-31 01:49:21,published,50
1465,26,1073,436.04,229,2024-12-31 15:57:21,published,50
1466,187,1,124.17,798,2024-05-01 23:21:03,published,50
1467,7,987,341.98,895,2024-07-08 00:42:23,published,50
1469,194,1413,258.21,266,2024-07-10 22:31:38,published,50
1470,34,1139,266.84,129,2024-10-29 02:10:29,published,50
1471,159,1503,222.51,519,2024-07-31 14:02:44,published,50
1475,136,500,162.89,371,2024-08-21 08:18:28,published,50
1476,29,581,161.38,282,2025-04-27 19:00:21,published,50
1477,37,819,150.20,774,2024-10-12 05:25:06,published,50
1479,102,514,189.30,794,2025-03-27 22:53:26,published,50
1481,179,996,315.69,437,2024-08-09 13:09:33,published,50
1482,184,969,92.88,218,2024-09-19 04:00:45,published,50
1484,74,1447,490.75,675,2025-04-12 00:27:37,published,50
1485,51,957,264.18,705,2024-09-12 07:54:44,published,50
1486,165,921,379.02,520,2024-06-11 00:06:48,published,50
1487,190,130,183.38,858,2024-05-05 00:43:34,published,50
1488,184,713,337.72,987,2025-01-17 17:43:44,published,50
1490,165,1416,119.36,308,2024-05-11 10:58:52,published,50
1492,186,641,295.45,490,2024-10-26 04:59:08,published,50
1494,176,1287,425.47,444,2025-03-26 19:54:08,published,50
1498,48,147,193.73,367,2024-11-06 04:40:48,published,50
1499,107,406,194.28,337,2024-07-13 09:49:59,published,50
1500,128,1634,64.34,753,2024-10-27 23:11:52,published,50
1501,67,238,171.04,620,2024-10-27 13:18:40,published,50
1502,95,189,396.34,557,2024-10-29 12:58:15,published,50
1503,161,1518,163.57,468,2025-02-26 22:05:39,published,50
1504,148,1516,295.40,609,2025-04-14 20:50:48,published,50
1505,139,204,68.53,532,2025-03-17 03:18:40,published,50
1506,8,1051,266.28,489,2024-07-24 20:36:05,published,50
1508,42,180,223.96,774,2025-04-01 11:07:52,published,50
1509,38,1263,187.55,310,2024-06-15 01:30:38,published,50
1510,106,1028,59.68,511,2024-08-10 21:40:22,published,50
1511,76,1176,382.65,993,2024-10-05 17:17:05,published,50
1512,119,395,159.61,102,2024-11-25 19:28:39,published,50
1513,184,930,59.73,51,2024-12-22 10:20:01,published,50
1515,72,1480,20.27,789,2024-11-16 08:39:29,published,50
1518,188,579,360.77,772,2025-04-23 19:11:25,published,50
1519,59,793,325.20,90,2025-04-25 01:31:52,published,50
1527,113,1564,181.56,168,2024-10-18 13:59:58,published,50
1528,137,1485,447.08,757,2024-06-02 01:21:04,published,50
1529,81,636,189.97,345,2024-06-28 05:38:08,published,50
1530,126,1691,257.78,607,2024-10-28 23:05:39,published,50
1531,196,156,37.35,529,2024-05-06 05:36:35,published,50
1532,4,527,311.80,574,2024-05-21 09:52:57,published,50
1533,88,328,363.22,503,2024-12-11 16:09:13,published,50
1535,79,1320,97.07,980,2025-02-18 18:19:14,published,50
1537,53,449,75.50,959,2024-10-18 22:01:41,published,50
1538,169,867,73.12,777,2024-10-11 04:31:42,published,50
1539,40,175,171.11,747,2024-07-24 01:17:50,published,50
1540,186,306,294.75,208,2024-12-08 07:03:24,published,50
1542,172,1355,331.98,165,2025-01-12 16:16:30,published,50
1544,55,676,433.80,984,2024-10-30 20:19:09,published,50
1545,123,1718,275.75,241,2025-01-05 01:47:46,published,50
1546,91,1306,395.97,43,2024-08-15 15:56:46,published,50
1547,83,98,434.39,682,2024-10-17 15:31:05,published,50
1550,53,1926,212.45,100,2024-10-09 18:45:06,published,50
1552,175,1025,184.00,167,2024-12-08 07:59:38,published,50
1554,50,582,87.32,697,2024-10-05 10:59:41,published,50
1555,80,1145,197.42,990,2024-06-17 19:38:14,published,50
1556,187,1961,29.68,243,2025-01-25 11:08:19,published,50
1557,150,1194,61.69,305,2024-06-20 19:20:59,published,50
1558,112,1878,262.03,324,2024-10-05 23:11:55,published,50
1559,149,1077,79.10,656,2025-03-07 11:38:14,published,50
1560,15,639,347.20,299,2024-06-08 18:19:34,published,50
1562,67,1874,56.42,40,2025-01-31 14:28:58,published,50
1563,99,1909,109.58,780,2024-12-12 11:57:49,published,50
1564,174,1824,27.05,973,2024-11-28 13:03:54,published,50
1565,77,525,270.69,961,2025-01-14 05:40:38,published,50
1566,33,143,345.99,337,2024-07-27 07:56:56,published,50
1567,161,1832,267.50,312,2024-07-27 17:50:37,published,50
1568,18,1905,142.88,433,2025-04-10 19:02:36,published,50
1572,185,876,189.61,629,2024-07-31 22:18:41,published,50
1573,78,254,159.93,724,2024-06-15 06:43:54,published,50
1576,34,972,152.38,706,2024-08-07 01:10:21,published,50
1578,96,1401,72.56,908,2024-08-03 10:10:01,published,50
1580,29,1706,365.09,696,2025-02-24 05:47:11,published,50
1583,113,1800,227.01,441,2024-12-17 22:57:56,published,50
1585,174,1831,186.92,29,2024-06-29 23:03:44,published,50
1586,47,567,136.84,442,2024-08-09 14:45:00,published,50
1587,98,1849,283.40,85,2024-12-26 08:26:46,published,50
1589,158,792,485.27,939,2024-06-08 07:12:03,published,50
1590,1,987,335.76,659,2025-01-18 02:20:45,published,50
1591,16,482,316.47,434,2024-07-16 23:47:33,published,50
1592,49,1691,249.82,943,2024-09-19 15:52:10,published,50
1595,33,964,206.72,295,2025-02-20 21:46:19,published,50
1596,112,1805,278.51,399,2024-12-30 13:36:40,published,50
1597,17,123,364.36,465,2024-07-20 04:19:36,published,50
1598,68,813,302.52,880,2024-05-09 14:11:02,published,50
1599,8,1840,121.32,757,2024-08-06 17:42:10,published,50
1600,160,328,250.77,127,2025-04-30 05:10:44,published,50
1601,194,1931,177.83,814,2024-06-10 23:54:52,published,50
1602,107,554,412.60,897,2025-04-19 15:20:33,published,50
1603,113,1764,360.84,606,2025-04-04 23:56:13,published,50
1604,154,1536,391.84,683,2024-11-14 23:44:35,published,50
1605,81,1410,436.31,174,2025-03-30 23:00:05,published,50
1607,124,1527,365.60,713,2025-01-24 03:29:52,published,50
1612,114,1603,449.76,798,2024-08-17 21:44:16,published,50
1613,14,1016,175.79,599,2025-02-01 11:24:18,published,50
1614,188,363,369.18,608,2024-11-22 03:04:45,published,50
1618,44,417,102.57,238,2025-04-04 19:00:47,published,50
1619,51,95,286.09,991,2024-09-01 05:03:03,published,50
1621,67,611,487.43,600,2025-01-16 17:28:03,published,50
1622,44,1799,31.93,880,2025-04-10 06:39:30,published,50
1623,108,1605,423.64,830,2024-06-29 01:34:02,published,50
1624,131,1601,373.09,102,2025-04-22 10:23:36,published,50
1625,53,1302,478.53,410,2025-04-27 01:42:19,published,50
1626,112,765,18.17,129,2025-03-29 15:07:25,published,50
1627,99,38,335.80,589,2025-02-27 18:56:10,published,50
1628,122,529,158.86,657,2024-10-03 08:39:28,published,50
1629,159,36,79.64,112,2024-08-11 05:55:29,published,50
1630,115,1698,382.87,648,2025-01-27 07:16:35,published,50
1631,23,1603,471.83,892,2025-04-19 21:49:55,published,50
1633,110,37,373.25,889,2024-06-18 15:41:48,published,50
1634,5,914,186.59,142,2024-09-15 20:09:00,published,50
1635,134,637,330.71,822,2024-10-08 16:55:13,published,50
1636,138,620,237.84,71,2024-06-28 01:28:47,published,50
1638,56,1378,123.98,499,2024-05-14 04:26:44,published,50
1639,99,1353,35.41,335,2024-08-25 05:01:39,published,50
1640,123,865,129.65,181,2024-07-03 19:47:15,published,50
1641,133,1015,23.05,807,2024-11-13 19:29:30,published,50
1642,68,1349,53.82,70,2024-10-13 00:38:13,published,50
1643,120,347,395.65,751,2024-09-22 04:24:44,published,50
1644,182,1512,6.64,304,2025-03-27 00:52:12,published,50
1645,196,772,21.50,191,2024-11-28 18:50:10,published,50
1646,82,594,182.24,245,2025-03-18 11:54:59,published,50
1647,58,1684,271.93,450,2024-05-22 21:54:04,published,50
1648,151,641,408.89,909,2024-05-04 03:23:00,published,50
1651,163,1256,390.92,173,2024-08-25 02:40:10,published,50
1652,94,860,42.10,73,2024-08-04 22:40:14,published,50
1653,15,1645,135.55,859,2024-09-06 13:11:31,published,50
1654,149,233,130.70,46,2024-12-28 04:52:57,published,50
1658,72,954,353.62,538,2025-02-19 13:38:00,published,50
1659,155,1404,290.43,344,2024-09-26 01:25:08,published,50
1660,160,211,193.34,900,2025-02-15 06:43:49,published,50
1662,107,1255,357.22,496,2024-07-06 01:12:06,published,50
1663,185,599,439.79,17,2025-03-15 12:24:50,published,50
1664,112,577,451.65,531,2024-05-23 15:12:34,published,50
1665,169,1364,443.83,826,2024-11-08 15:15:18,published,50
1668,124,1304,40.50,496,2024-11-25 13:51:41,published,50
1669,8,53,183.67,192,2024-12-01 14:40:23,published,50
1670,101,1772,42.04,604,2024-12-07 17:28:50,published,50
1671,38,1222,495.83,187,2025-02-21 23:51:26,published,50
1673,69,571,312.56,796,2025-01-07 13:15:06,published,50
1674,197,1144,215.99,355,2024-08-19 05:30:29,published,50
1675,166,750,382.11,182,2024-10-28 10:10:29,published,50
1676,155,169,242.24,252,2025-01-10 00:48:02,published,50
1678,74,1720,467.79,677,2024-09-02 19:46:27,published,50
1680,200,1288,93.97,818,2025-03-09 06:55:32,published,50
1682,96,1379,83.17,250,2025-04-14 03:42:04,published,50
1683,97,828,251.94,63,2024-09-24 18:17:12,published,50
1685,71,969,171.97,554,2025-03-12 02:13:31,published,50
1686,148,895,252.71,620,2025-03-28 18:55:18,published,50
1688,50,1234,246.61,547,2025-04-12 08:08:57,published,50
1689,95,428,343.66,40,2024-08-09 07:50:57,published,50
1690,107,446,241.95,475,2024-08-06 22:06:05,published,50
1693,131,883,193.65,396,2024-06-02 18:32:02,published,50
1694,98,525,189.00,755,2024-12-26 02:26:21,published,50
1695,96,281,5.36,780,2025-03-01 21:33:51,published,50
1696,177,1823,405.93,778,2025-04-16 11:04:07,published,50
1697,118,1737,220.99,957,2024-06-06 01:45:48,published,50
1698,131,1163,351.47,927,2024-10-16 05:42:39,published,50
1699,114,1758,272.11,11,2025-04-25 01:14:53,published,50
1700,40,761,420.10,591,2024-12-03 17:57:04,published,50
1701,67,1682,15.71,701,2024-07-28 07:27:44,published,50
1703,109,156,50.95,733,2024-07-19 04:01:51,published,50
1704,158,902,77.67,329,2024-11-10 19:06:05,published,50
1705,47,1057,429.55,952,2024-09-30 16:53:55,published,50
1706,115,997,255.04,730,2025-02-10 06:11:11,published,50
1707,200,1267,159.58,269,2024-05-16 01:20:55,published,50
1708,173,499,382.81,221,2024-10-17 18:44:20,published,50
1709,38,1743,413.14,93,2024-05-31 07:17:12,published,50
1710,122,1566,93.09,856,2024-06-07 16:56:04,published,50
1711,113,1912,67.34,109,2024-07-14 11:41:50,published,50
1712,25,1263,264.08,144,2024-10-19 04:23:12,published,50
1714,6,1919,324.96,330,2024-07-28 11:09:05,published,50
1715,165,816,274.14,108,2025-03-08 08:12:12,published,50
1717,61,1826,225.65,656,2024-09-07 03:55:55,published,50
1718,122,942,309.85,3,2024-07-16 06:17:10,published,50
1720,145,1211,126.69,378,2024-05-22 02:35:45,published,50
1722,130,695,371.23,81,2024-06-03 18:49:01,published,50
1726,173,503,440.02,876,2025-04-17 13:59:04,published,50
1728,161,1494,129.04,503,2024-10-19 19:52:31,published,50
1729,120,1842,193.33,135,2024-09-19 20:28:02,published,50
1730,57,1981,499.10,826,2024-10-02 02:17:53,published,50
1732,76,1122,110.87,379,2024-06-07 02:26:02,published,50
1734,184,126,115.04,281,2024-11-12 09:45:49,published,50
1735,185,519,156.53,601,2025-04-01 22:07:09,published,50
1736,200,265,436.49,144,2025-03-17 00:13:57,published,50
1739,33,1159,151.86,251,2025-01-26 14:58:33,published,50
1740,109,1902,489.52,117,2024-06-15 03:12:55,published,50
1741,144,1924,267.62,421,2025-01-09 09:08:55,published,50
1744,48,1315,87.99,545,2025-04-24 17:11:58,published,50
1745,91,202,56.16,351,2024-11-24 00:06:50,published,50
1748,107,563,101.29,690,2024-07-09 01:53:04,published,50
1749,4,1570,406.09,279,2024-12-14 12:58:10,published,50
1751,81,393,81.38,482,2025-02-25 00:31:46,published,50
1753,121,447,188.86,900,2024-09-30 10:36:34,published,50
1756,127,885,145.92,868,2024-11-11 03:22:05,published,50
1758,102,1456,413.56,738,2024-07-04 06:43:19,published,50
1760,91,1384,144.36,721,2025-04-16 15:15:28,published,50
1761,157,109,172.84,311,2025-01-10 15:03:14,published,50
1762,192,42,258.75,375,2025-02-28 10:53:30,published,50
1764,121,1451,160.62,639,2024-07-13 12:39:46,published,50
1765,88,1789,459.01,226,2024-05-04 01:02:54,published,50
1767,15,1043,386.18,32,2024-06-03 14:47:27,published,50
1768,23,649,7.13,453,2024-05-16 11:12:07,published,50
1769,165,764,355.32,808,2024-08-12 21:16:46,published,50
1770,67,505,346.51,310,2025-04-27 10:48:58,published,50
1771,36,1169,346.10,598,2025-01-14 22:37:14,published,50
1772,72,1814,223.46,150,2024-05-16 13:50:41,published,50
1773,157,336,45.17,854,2024-08-21 06:40:01,published,50
1776,11,774,382.84,264,2024-12-06 22:38:20,published,50
1777,140,210,469.82,946,2024-10-20 23:25:39,published,50
1778,32,809,274.58,63,2024-05-13 21:19:37,published,50
1779,31,1248,117.64,695,2024-10-14 08:53:39,published,50
1780,170,563,413.17,928,2024-08-13 09:42:27,published,50
1782,23,711,12.55,958,2024-12-03 07:49:53,published,50
1783,15,955,387.35,726,2024-11-19 02:13:28,published,50
1784,156,1498,162.94,411,2025-02-22 11:34:23,published,50
1785,157,1274,490.88,878,2024-12-14 08:41:02,published,50
1786,194,1231,310.57,125,2024-05-27 12:58:28,published,50
1787,89,122,127.23,429,2024-06-09 14:58:48,published,50
1789,97,458,224.26,99,2025-03-10 00:44:24,published,50
1790,98,99,168.22,15,2024-11-19 03:56:56,published,50
1792,3,1470,471.02,87,2024-06-14 23:20:25,published,50
1793,105,1012,425.20,197,2024-08-31 03:16:04,published,50
1794,28,518,234.48,950,2025-04-04 04:22:35,published,50
1795,47,1429,472.83,225,2025-04-11 00:34:17,published,50
1797,161,264,239.10,294,2024-05-05 14:13:22,published,50
1799,56,1654,134.21,600,2024-06-24 06:48:05,published,50
1800,6,513,210.68,645,2024-07-08 02:40:03,published,50
1801,54,1138,409.60,766,2024-05-03 12:45:06,published,50
1802,160,1113,487.58,518,2024-10-28 09:19:14,published,50
1803,124,70,204.25,45,2025-03-20 00:41:41,published,50
1804,43,434,470.50,693,2025-01-05 09:50:01,published,50
1805,138,1601,317.94,157,2024-07-15 11:10:11,published,50
1806,51,479,233.30,406,2025-03-18 05:36:48,published,50
1807,82,223,376.01,799,2025-03-23 10:20:13,published,50
1808,173,1240,8.35,654,2024-07-05 04:46:52,published,50
1809,200,941,278.41,505,2024-10-02 20:49:02,published,50
1810,187,1737,491.61,876,2024-12-19 14:25:09,published,50
1811,2,1671,379.29,642,2024-06-19 05:28:43,published,50
1812,14,251,114.93,240,2024-12-02 06:22:24,published,50
1813,12,1590,493.17,816,2025-01-31 11:18:36,published,50
1814,138,511,137.27,204,2024-12-30 18:27:28,published,50
1815,47,1024,228.79,695,2024-11-19 13:20:37,published,50
1816,7,325,204.05,403,2024-08-13 23:24:01,published,50
1817,30,1478,195.73,353,2024-05-10 05:30:52,published,50
1818,135,876,395.09,959,2024-07-14 09:12:06,published,50
1819,97,1716,469.63,860,2024-09-17 04:18:11,published,50
1821,28,321,359.82,367,2024-12-31 13:44:14,published,50
1822,125,1235,11.88,186,2025-02-22 07:03:47,published,50
1823,97,1502,150.21,445,2025-01-24 03:20:11,published,50
1824,155,1706,367.55,374,2024-08-27 05:07:54,published,50
1826,194,175,188.91,169,2024-05-14 02:48:35,published,50
1828,199,1171,228.12,483,2024-12-31 14:42:59,published,50
1829,115,1152,485.50,663,2024-08-01 08:41:37,published,50
1831,32,585,409.12,661,2024-06-27 06:45:53,published,50
1832,174,513,305.20,394,2025-04-24 20:33:55,published,50
1833,80,285,60.17,904,2025-01-18 09:11:51,published,50
1834,9,85,347.74,984,2025-03-22 21:52:20,published,50
1836,73,779,105.80,224,2024-12-09 03:58:57,published,50
1837,146,435,128.79,669,2025-03-18 13:59:47,published,50
1838,24,534,483.62,592,2024-08-16 22:53:43,published,50
1839,15,847,187.41,232,2024-07-13 06:42:43,published,50
1841,168,139,316.64,885,2024-05-03 23:20:05,published,50
1842,106,797,216.81,54,2024-09-28 05:23:48,published,50
1843,159,1144,385.20,808,2024-08-21 07:34:19,published,50
1844,189,575,295.21,275,2024-05-31 09:25:23,published,50
1845,123,618,191.82,929,2024-10-29 20:26:47,published,50
1849,39,1424,483.32,690,2024-08-29 06:27:20,published,50
1851,41,1636,464.60,228,2025-02-06 12:47:43,published,50
1853,42,1080,112.66,546,2024-10-28 23:07:38,published,50
1854,163,816,479.73,103,2025-03-24 17:06:07,published,50
1855,87,690,436.47,398,2024-11-15 01:23:48,published,50
1856,12,267,387.25,678,2024-06-20 02:28:22,published,50
1857,49,1049,40.16,702,2024-11-17 06:14:57,published,50
1858,200,1893,338.01,848,2024-11-15 19:06:34,published,50
1859,22,806,36.50,612,2024-08-14 19:37:07,published,50
1861,148,1733,400.85,780,2024-08-31 16:18:24,published,50
1862,56,1754,384.25,234,2024-07-11 04:41:01,published,50
1864,143,377,357.27,870,2025-04-20 04:53:09,published,50
1866,94,161,372.92,526,2024-05-30 17:26:15,published,50
1870,139,936,98.04,936,2024-07-13 10:58:16,published,50
1871,21,449,240.37,71,2024-08-25 10:35:56,published,50
1872,67,168,62.17,186,2025-04-19 18:40:55,published,50
1873,46,620,431.76,719,2024-09-12 00:00:27,published,50
1874,99,1666,470.89,685,2024-07-10 09:28:44,published,50
1876,108,320,87.53,618,2025-04-07 10:35:44,published,50
1877,98,867,40.11,873,2024-09-03 18:57:00,published,50
1878,66,972,490.75,779,2025-03-03 07:23:19,published,50
1879,16,1922,226.21,640,2024-10-04 20:03:13,published,50
1880,110,418,198.22,451,2024-06-29 00:20:21,published,50
1881,53,1687,206.88,287,2025-03-28 17:44:27,published,50
1884,96,1259,28.95,880,2024-08-09 02:59:27,published,50
1885,46,774,445.08,95,2024-05-14 11:24:05,published,50
1886,68,1904,364.74,215,2024-06-08 16:26:17,published,50
1887,145,1070,390.60,782,2024-07-29 15:09:32,published,50
1889,105,1034,137.23,679,2024-07-17 15:41:55,published,50
1892,186,135,60.88,360,2024-10-30 20:57:32,published,50
1896,155,1522,414.99,196,2025-04-29 12:23:52,published,50
1897,22,1626,255.26,801,2024-12-06 11:40:01,published,50
1898,31,1272,196.64,285,2024-08-25 01:12:40,published,50
1899,104,1531,404.27,842,2025-04-08 09:09:16,published,50
1900,20,1794,220.96,659,2025-04-07 16:14:23,published,50
1903,60,878,179.21,151,2025-03-02 13:36:17,published,50
1905,41,1438,459.93,143,2024-08-14 13:48:10,published,50
1906,38,1566,443.51,488,2024-12-25 04:01:06,published,50
1907,150,547,71.65,940,2025-02-16 20:54:02,published,50
1912,23,123,369.65,730,2024-09-28 10:41:21,published,50
1913,186,1673,191.32,602,2024-06-23 16:49:01,published,50
1914,117,1903,189.19,637,2025-01-28 11:29:46,published,50
1916,19,1571,90.41,88,2024-06-12 19:21:52,published,50
1918,83,1650,200.10,797,2025-04-29 12:33:06,published,50
1919,119,974,440.03,335,2025-01-21 01:01:20,published,50
1922,158,1672,70.81,616,2024-06-18 08:21:52,published,50
1924,196,1949,157.84,15,2024-11-03 05:17:26,published,50
1927,125,277,66.61,344,2025-02-23 19:16:09,published,50
1928,9,1733,243.30,962,2024-09-05 09:00:39,published,50
1929,66,486,271.26,320,2024-10-18 20:20:37,published,50
1930,125,456,451.17,867,2025-02-06 10:36:37,published,50
1932,165,587,382.53,452,2024-09-04 04:45:55,published,50
1935,141,1372,350.42,701,2025-02-22 19:17:33,published,50
1939,38,1955,124.93,72,2025-03-18 17:14:07,published,50
1940,125,1616,38.20,825,2024-05-20 15:34:27,published,50
1941,15,1442,217.71,464,2024-08-13 15:35:17,published,50
1943,199,444,161.93,265,2024-08-30 05:53:28,published,50
1944,7,1068,111.32,545,2024-12-14 00:10:00,published,50
1945,168,1396,247.39,285,2025-03-09 18:16:41,published,50
1946,143,1001,388.64,834,2025-01-21 12:37:39,published,50
1947,79,1450,476.17,175,2024-09-14 03:15:59,published,50
1949,53,1546,348.17,106,2024-10-17 07:24:30,published,50
1951,150,1069,363.91,165,2024-10-08 09:41:18,published,50
1953,180,387,103.47,642,2025-02-08 23:04:45,published,50
1956,173,1657,201.18,363,2024-05-16 11:14:10,published,50
1957,163,1482,195.94,382,2024-07-07 18:47:33,published,50
1959,36,1750,303.03,778,2024-06-22 13:09:23,published,50
1960,68,794,489.00,496,2024-06-10 15:11:30,published,50
1962,183,1513,174.29,291,2025-04-10 05:18:54,published,50
1964,198,1281,412.34,988,2024-12-21 17:30:53,published,50
1967,122,221,118.94,0,2024-09-19 13:27:57,published,50
1968,64,577,426.00,267,2024-10-29 05:26:52,published,50
1969,125,320,297.08,119,2024-08-04 04:20:56,published,50
1970,46,1172,28.73,997,2024-10-21 14:00:49,published,50
1972,189,147,338.63,331,2024-10-10 01:25:38,published,50
1973,157,106,317.22,12,2024-12-19 05:35:44,published,50
1974,6,1005,434.43,684,2024-11-14 22:24:36,published,50
1977,87,305,212.27,399,2024-08-26 17:17:06,published,50
1979,45,301,205.89,822,2024-11-26 05:23:01,published,50
1980,121,1032,233.69,27,2024-12-23 03:03:57,published,50
1981,84,1721,470.66,755,2025-02-23 06:26:32,published,50
1984,57,323,11.60,889,2024-12-28 10:04:58,published,50
1985,54,371,125.45,444,2024-09-09 04:36:10,published,50
1986,45,1921,53.45,236,2024-07-31 20:20:15,published,50
1989,183,1000,353.70,449,2025-01-14 04:56:38,published,50
1990,187,37,472.29,581,2024-12-03 01:19:49,published,50
1991,74,791,142.13,471,2025-04-21 11:36:39,published,50
1993,153,1138,195.63,188,2024-09-14 15:23:45,published,50
1994,25,93,187.25,836,2025-02-12 10:23:09,published,50
1997,119,431,251.74,142,2024-09-11 12:53:54,published,50
1999,36,784,189.44,463,2025-02-22 06:29:26,published,50
2000,145,1395,289.73,858,2024-08-12 22:09:47,published,50
2001,76,1354,127.81,666,2024-08-16 04:51:53,published,50
2002,135,1836,140.51,120,2024-06-12 12:33:39,published,50
2003,17,387,54.19,982,2024-12-17 01:51:23,published,50
2004,110,752,356.58,927,2025-02-24 01:28:50,published,50
2006,97,1467,468.54,934,2024-08-21 05:43:15,published,50
2009,39,470,203.42,549,2024-12-18 17:30:12,published,50
2013,105,1838,291.86,413,2024-12-17 09:51:14,published,50
2015,42,1880,188.77,203,2025-04-04 18:39:51,published,50
2016,126,222,396.60,479,2024-05-11 01:58:04,published,50
2017,134,1306,302.00,347,2025-01-07 14:17:03,published,50
2019,41,1886,105.13,752,2024-08-20 10:51:45,published,50
2020,84,176,137.15,50,2024-11-09 04:40:06,published,50
2021,125,965,465.63,139,2024-10-06 03:10:39,published,50
2022,76,655,232.03,559,2025-02-21 20:17:40,published,50
2024,190,1124,101.50,883,2024-12-15 14:20:41,published,50
2025,189,1806,209.07,702,2024-10-08 04:38:23,published,50
2026,65,1651,269.67,742,2024-08-22 13:34:44,published,50
2028,50,1070,17.08,685,2025-04-16 19:09:56,published,50
2029,53,917,460.08,304,2025-02-07 14:52:08,published,50
2030,60,1911,356.18,294,2025-04-14 15:43:57,published,50
2031,156,1660,447.67,891,2024-05-27 12:31:12,published,50
2036,113,1106,178.45,510,2024-06-01 00:11:56,published,50
2037,123,14,368.35,994,2024-09-27 09:20:28,published,50
2038,54,1589,206.75,208,2024-09-12 22:42:12,published,50
2039,168,1356,330.07,654,2025-02-20 15:08:19,published,50
2040,150,1208,232.63,254,2025-01-21 12:56:38,published,50
2042,130,1533,84.25,208,2025-04-04 21:20:24,published,50
2045,141,996,312.88,697,2024-09-14 04:11:03,published,50
2046,61,209,441.49,492,2024-05-13 12:58:36,published,50
2047,61,1291,205.38,202,2024-09-20 18:35:48,published,50
2048,8,1131,226.95,979,2024-08-02 14:02:47,published,50
2050,142,641,431.38,389,2025-01-28 00:33:49,published,50
2051,149,523,218.06,974,2025-02-14 16:10:34,published,50
2052,39,1907,276.50,964,2024-06-23 00:11:28,published,50
2053,34,1045,224.55,388,2024-12-20 20:46:25,published,50
2057,5,1821,121.62,554,2024-05-10 04:44:51,published,50
2059,1,737,251.81,276,2025-03-29 08:23:08,published,50
2061,57,1007,31.84,440,2024-12-20 00:42:18,published,50
2064,144,979,76.90,286,2024-10-24 18:26:52,published,50
2065,19,976,322.42,947,2024-05-31 05:42:46,published,50
2067,71,1778,54.41,939,2024-10-13 04:10:07,published,50
2068,11,761,27.62,62,2024-08-08 06:08:40,published,50
2070,170,778,31.18,243,2024-10-17 11:00:05,published,50
2071,190,517,55.38,378,2024-10-18 05:56:22,published,50
2072,63,750,20.75,571,2025-01-31 11:02:21,published,50
2073,98,392,169.59,114,2024-05-21 23:54:47,published,50
2075,95,925,317.91,176,2024-10-21 21:28:32,published,50
2076,128,1591,192.79,163,2025-02-17 13:46:31,published,50
2077,146,1728,240.76,50,2025-01-21 05:39:54,published,50
2078,63,1063,65.88,860,2024-05-02 13:37:44,published,50
2079,71,666,444.69,918,2025-01-17 04:39:37,published,50
2083,129,41,273.05,173,2025-03-07 14:04:16,published,50
2084,118,208,101.30,954,2024-05-02 05:47:11,published,50
2085,61,72,474.46,829,2024-05-05 19:24:11,published,50
2086,143,1373,301.36,971,2024-10-29 07:57:57,published,50
2089,101,1243,482.25,67,2024-12-12 10:05:37,published,50
2090,10,964,233.06,112,2024-05-21 00:29:26,published,50
2091,28,118,312.35,44,2024-12-27 09:18:18,published,50
2092,56,1045,482.92,860,2024-06-04 12:34:15,published,50
2094,32,837,55.04,566,2024-09-25 13:01:34,published,50
2095,123,1756,135.43,156,2024-07-29 05:43:42,published,50
2097,135,594,32.32,614,2025-02-18 02:47:29,published,50
2098,117,1248,338.94,170,2024-08-08 15:03:26,published,50
2100,50,838,93.87,492,2024-05-20 00:40:41,published,50
2102,196,953,58.25,866,2025-02-26 04:46:01,published,50
2103,100,669,222.29,85,2025-04-08 20:58:01,published,50
2104,95,1253,214.48,846,2025-02-23 20:54:28,published,50
2105,20,1502,410.42,710,2024-07-31 04:31:10,published,50
2106,12,686,57.73,588,2024-11-02 15:22:35,published,50
2107,24,1964,287.76,206,2025-03-30 19:05:45,published,50
2111,177,1706,334.67,472,2025-01-11 09:17:44,published,50
2115,71,894,304.51,247,2025-01-26 14:17:28,published,50
2117,93,595,176.23,460,2025-04-15 10:32:32,published,50
2119,199,1150,208.15,332,2024-12-24 07:24:39,published,50
2120,44,1849,335.24,888,2024-11-27 04:04:28,published,50
2121,18,216,354.37,101,2025-03-30 22:09:48,published,50
2122,139,864,278.28,997,2024-12-16 02:37:46,published,50
2124,99,785,235.64,314,2025-04-15 06:20:10,published,50
2126,106,842,185.57,603,2025-01-04 18:48:41,published,50
2127,156,278,368.88,676,2024-11-08 01:57:30,published,50
2128,170,1590,414.67,410,2024-12-25 19:39:07,published,50
2129,115,343,86.50,670,2025-04-01 01:06:06,published,50
2130,63,898,473.24,290,2025-02-17 11:44:37,published,50
2131,138,327,157.57,472,2024-11-30 19:58:45,published,50
2132,174,1501,64.20,126,2024-10-18 21:19:24,published,50
2133,151,420,201.39,171,2025-03-16 13:31:50,published,50
2134,58,386,156.59,470,2024-07-05 02:19:17,published,50
2135,31,1176,358.55,255,2025-01-24 18:22:26,published,50
2136,12,1025,288.49,848,2024-08-16 05:31:55,published,50
2138,173,692,159.42,625,2025-04-28 06:55:30,published,50
2139,200,637,189.47,129,2024-12-03 22:42:22,published,50
2141,129,565,295.84,491,2024-07-21 09:57:58,published,50
2142,94,1539,279.89,994,2025-01-11 20:40:57,published,50
2144,24,1913,357.20,899,2025-01-12 16:33:57,published,50
2145,189,1437,419.29,920,2025-04-30 19:40:05,published,50
2146,158,1294,66.69,501,2024-11-23 05:54:31,published,50
2147,81,1440,278.62,91,2024-06-29 22:31:45,published,50
2149,114,317,171.20,314,2025-03-29 09:26:00,published,50
2150,84,1041,413.29,295,2024-12-26 14:04:26,published,50
2151,77,635,485.57,851,2024-11-10 09:28:44,published,50
2152,55,203,50.73,746,2025-03-12 22:27:35,published,50
2154,195,573,498.97,370,2024-10-18 04:34:05,published,50
2157,55,654,457.17,773,2025-02-15 15:54:40,published,50
2158,41,376,72.97,813,2024-10-15 18:23:27,published,50
2160,174,393,408.82,156,2024-08-28 18:17:11,published,50
2161,100,358,196.00,348,2024-08-10 06:20:53,published,50
2162,4,572,439.00,802,2024-07-12 08:38:49,published,50
2163,75,1327,57.51,209,2024-12-06 13:38:27,published,50
2164,86,1484,98.01,540,2025-02-02 12:50:19,published,50
2166,22,1597,420.01,952,2024-06-03 14:54:59,published,50
2167,79,1449,266.55,745,2025-03-21 06:12:45,published,50
2168,125,564,91.11,805,2025-03-02 07:05:38,published,50
2169,193,1539,252.22,945,2025-03-02 15:34:50,published,50
2171,191,734,225.53,321,2024-12-02 15:20:50,published,50
2174,103,1519,41.57,252,2024-11-15 13:42:38,published,50
2175,182,304,293.95,334,2024-09-23 08:57:13,published,50
2176,97,90,119.25,414,2024-08-26 08:55:14,published,50
2177,55,1955,141.64,989,2025-03-06 19:47:25,published,50
2178,30,1609,142.27,300,2024-08-21 03:15:32,published,50
2179,195,1680,177.52,957,2024-07-02 01:01:44,published,50
2184,160,1488,420.02,395,2024-12-01 04:09:31,published,50
2185,24,1166,58.66,316,2024-11-29 15:27:04,published,50
2186,184,366,413.84,828,2025-04-17 02:35:26,published,50
2187,194,1269,334.46,576,2025-04-15 22:02:31,published,50
2189,31,494,42.25,987,2024-07-10 22:24:05,published,50
2190,10,104,316.73,619,2024-10-19 15:35:59,published,50
2191,22,1703,249.96,518,2024-09-28 12:43:58,published,50
2192,196,1900,379.79,391,2025-01-12 06:37:56,published,50
2193,10,171,483.68,101,2024-09-26 13:27:43,published,50
2194,100,316,23.34,6,2025-01-25 19:29:51,published,50
2195,42,1569,143.49,782,2025-03-04 13:23:03,published,50
2196,104,1758,32.80,599,2025-02-15 04:34:00,published,50
2197,143,580,7.70,272,2024-06-27 15:07:37,published,50
2198,140,1131,418.20,904,2024-11-21 18:36:51,published,50
2199,46,1761,394.58,224,2024-12-29 20:39:45,published,50
2200,1,654,140.65,329,2024-09-06 17:51:56,published,50
2201,154,1872,391.83,586,2024-06-02 01:30:14,published,50
2202,146,1429,258.59,900,2024-11-23 02:25:57,published,50
2203,191,71,199.56,207,2024-09-15 22:45:31,published,50
2204,63,735,300.40,938,2024-09-20 18:41:53,published,50
2205,28,587,294.58,126,2024-08-07 03:52:05,published,50
2207,13,610,438.67,810,2024-12-15 19:28:33,published,50
2208,163,220,316.43,872,2025-01-07 08:51:55,published,50
2209,69,778,318.84,180,2024-05-02 21:23:15,published,50
2210,123,887,114.73,545,2024-06-11 20:55:34,published,50
2213,77,426,459.32,593,2024-07-07 02:18:41,published,50
2214,27,1589,90.32,927,2024-12-06 22:46:13,published,50
2216,145,1597,263.11,933,2024-05-03 14:29:20,published,50
2219,112,1859,398.56,191,2024-11-22 08:10:50,published,50
2222,42,524,322.99,601,2024-08-05 10:53:16,published,50
2223,180,1533,442.37,672,2025-02-17 13:16:30,published,50
2224,189,718,220.66,833,2024-12-22 16:20:01,published,50
2228,200,1748,294.80,68,2024-07-05 21:01:35,published,50
2232,142,386,390.57,675,2024-08-02 06:51:00,published,50
2234,36,51,465.87,108,2025-02-01 20:48:10,published,50
2235,4,1841,466.04,180,2025-03-21 16:44:55,published,50
2236,190,1419,219.51,152,2024-11-01 13:07:25,published,50
2237,171,561,57.78,497,2024-10-20 00:39:56,published,50
2238,51,459,275.56,371,2024-09-01 19:16:36,published,50
2239,84,756,212.28,234,2024-12-28 23:28:17,published,50
2240,71,601,245.17,765,2025-04-04 07:38:40,published,50
2241,130,87,261.56,670,2024-10-12 04:57:48,published,50
2245,123,1064,176.60,50,2025-02-19 02:48:21,published,50
2246,127,912,325.29,917,2024-09-12 00:56:56,published,50
2248,199,1096,273.50,373,2024-09-29 21:38:56,published,50
2249,82,1085,153.33,194,2024-06-24 01:06:17,published,50
2251,124,132,263.75,310,2024-08-04 00:11:25,published,50
2252,49,1168,327.35,572,2025-02-26 20:24:46,published,50
2253,80,1786,101.29,406,2025-01-01 19:36:51,published,50
2254,20,304,327.49,105,2024-07-23 18:54:58,published,50
2256,158,127,137.46,336,2025-01-26 15:27:25,published,50
2259,109,1928,108.62,863,2025-04-25 15:39:46,published,50
2261,59,1774,99.25,527,2024-09-11 17:07:27,published,50
2262,85,642,18.61,923,2025-02-18 09:14:21,published,50
2263,172,568,224.64,874,2024-07-10 03:25:45,published,50
2265,153,1635,50.08,736,2024-10-18 10:14:48,published,50
2266,33,962,301.73,127,2024-10-06 23:09:48,published,50
2267,192,1848,65.21,934,2024-12-27 15:51:21,published,50
2268,110,566,196.63,884,2024-08-09 19:26:53,published,50
2269,53,1419,162.74,913,2024-05-23 21:43:51,published,50
2271,114,342,333.89,226,2024-06-08 07:43:30,published,50
2272,95,295,256.06,934,2025-02-14 00:08:32,published,50
2273,150,437,178.01,321,2025-02-03 00:38:08,published,50
2274,194,548,318.28,922,2024-12-23 16:14:52,published,50
2277,188,851,125.89,624,2024-11-10 02:28:00,published,50
2278,84,1838,263.22,414,2024-11-20 22:42:20,published,50
2279,49,1268,216.39,190,2024-06-14 08:29:55,published,50
2281,164,1124,75.17,970,2024-12-02 11:54:14,published,50
2282,183,858,33.87,588,2024-07-16 04:38:14,published,50
2287,52,176,116.34,146,2025-01-23 20:06:21,published,50
2288,174,697,440.50,596,2025-02-27 12:18:16,published,50
2292,185,826,438.16,920,2025-04-06 16:11:31,published,50
2293,41,979,146.95,497,2025-01-23 20:40:39,published,50
2294,196,71,323.36,112,2025-03-02 07:47:09,published,50
2295,71,173,166.61,873,2024-07-26 05:09:12,published,50
2297,16,190,121.77,999,2025-02-23 04:59:46,published,50
2299,96,1962,453.47,698,2025-03-30 21:47:04,published,50
2300,56,1330,344.55,497,2024-06-02 08:36:41,published,50
2301,83,1057,434.41,532,2024-07-23 21:23:54,published,50
2302,164,804,135.20,640,2025-04-03 16:39:58,published,50
2303,155,727,497.37,818,2024-05-06 01:44:15,published,50
2308,125,1856,11.30,809,2024-07-24 22:51:03,published,50
2309,154,1794,435.82,177,2024-06-15 02:41:41,published,50
2310,137,1947,482.81,600,2024-11-19 05:15:49,published,50
2311,86,1975,69.60,897,2024-09-20 00:06:13,published,50
2313,159,1455,19.99,819,2024-11-08 02:36:20,published,50
2315,74,834,374.38,345,2024-10-04 03:16:10,published,50
2317,53,1879,187.02,656,2024-12-31 06:57:21,published,50
2319,61,730,261.26,698,2024-12-06 00:32:48,published,50
2321,172,1511,267.53,289,2024-10-17 05:24:01,published,50
2324,78,429,180.78,713,2025-04-01 09:45:49,published,50
2328,75,260,437.58,587,2024-06-23 07:33:34,published,50
2330,135,1202,395.25,911,2024-10-12 13:38:19,published,50
2331,143,1229,53.87,260,2024-12-25 20:36:00,published,50
2334,113,1896,315.26,659,2024-10-04 07:17:39,published,50
2335,114,1785,69.09,110,2024-10-19 20:16:09,published,50
2336,30,1625,18.28,445,2024-10-14 16:02:14,published,50
2339,4,1277,27.62,45,2024-12-19 06:00:29,published,50
2342,10,781,390.51,967,2024-08-26 14:52:59,published,50
2343,45,1032,138.28,963,2025-01-23 02:43:22,published,50
2344,129,71,265.62,321,2024-06-15 01:39:23,published,50
2345,95,338,30.23,959,2024-11-23 15:22:19,published,50
2346,190,438,118.03,838,2024-08-24 06:49:37,published,50
2348,132,862,215.43,401,2024-10-25 03:58:55,published,50
2349,51,270,441.30,724,2024-12-14 01:13:05,published,50
2352,56,1287,151.01,882,2024-08-08 13:38:26,published,50
2353,100,1488,41.03,790,2024-07-14 16:02:45,published,50
2355,56,1249,418.88,507,2024-08-04 23:08:30,published,50
2358,20,526,373.37,393,2025-02-06 23:13:30,published,50
2359,128,214,16.87,201,2024-08-16 15:41:03,published,50
2360,118,754,133.89,82,2024-07-13 00:52:20,published,50
2362,116,329,118.04,162,2024-12-05 16:05:19,published,50
2363,198,1383,478.36,548,2024-12-07 10:21:06,published,50
2364,58,1087,73.22,151,2024-05-27 05:36:12,published,50
2365,169,1068,386.87,728,2025-01-10 00:06:58,published,50
2367,10,1950,23.69,959,2024-09-27 05:38:42,published,50
2368,148,993,485.73,500,2025-01-13 01:11:09,published,50
2369,184,807,98.42,600,2024-10-01 21:16:25,published,50
2370,186,788,64.60,46,2024-05-17 16:41:27,published,50
2371,119,1361,371.86,975,2025-02-14 11:47:23,published,50
2372,186,1105,344.95,678,2024-08-02 03:11:57,published,50
2374,135,871,146.50,486,2025-04-09 04:02:40,published,50
2375,38,1197,16.43,790,2024-10-14 09:32:03,published,50
2377,44,1420,309.96,347,2024-06-21 07:01:28,published,50
2379,182,1780,268.32,716,2024-10-11 23:25:37,published,50
2380,47,1413,18.50,885,2025-01-04 03:31:51,published,50
2383,57,1264,111.31,149,2024-05-15 00:15:08,published,50
2384,57,1883,431.74,67,2024-09-24 03:39:29,published,50
2385,23,1525,151.03,926,2025-03-12 02:56:26,published,50
2386,19,1692,458.45,716,2024-09-07 21:38:18,published,50
2387,172,511,124.41,488,2024-06-18 01:39:26,published,50
2388,140,330,336.37,967,2024-08-24 20:03:00,published,50
2389,30,1390,282.20,208,2025-04-27 14:39:46,published,50
2392,99,1116,461.68,846,2024-06-01 18:53:28,published,50
2394,52,1414,447.11,350,2024-10-25 01:29:01,published,50
2397,192,1612,35.89,533,2024-10-11 03:19:09,published,50
2398,143,1884,149.64,541,2024-08-12 14:54:16,published,50
2399,8,963,133.51,231,2025-03-24 11:53:38,published,50
2400,195,734,394.45,989,2024-07-29 09:41:22,published,50
2402,110,1831,49.75,747,2024-08-12 01:08:14,published,50
2403,29,706,286.70,163,2025-01-31 11:54:46,published,50
2404,60,191,255.24,419,2024-09-08 19:36:36,published,50
2405,130,157,258.23,799,2024-10-02 19:42:26,published,50
2407,63,1998,35.34,520,2024-08-30 08:16:05,published,50
2410,169,1920,280.17,95,2025-03-22 15:26:05,published,50
2414,47,1427,109.31,1000,2025-04-20 15:39:31,published,50
2417,91,783,84.52,404,2024-11-01 04:30:26,published,50
2418,190,55,204.74,755,2025-03-17 07:39:14,published,50
2419,119,697,425.98,506,2024-06-15 19:47:12,published,50
2420,178,705,450.11,539,2024-10-06 03:53:08,published,50
2422,110,823,398.59,876,2024-12-06 02:56:14,published,50
2423,113,1671,137.10,67,2024-09-06 09:52:33,published,50
2425,27,117,223.51,177,2024-12-05 06:56:01,published,50
2426,163,829,425.60,353,2025-02-27 15:55:12,published,50
2427,161,1438,397.26,791,2024-09-16 10:20:52,published,50
2428,63,1494,301.58,847,2025-01-25 02:25:50,published,50
2430,139,802,244.41,387,2024-05-21 07:47:35,published,50
2434,110,588,263.19,265,2024-08-16 10:11:00,published,50
2437,200,627,284.00,907,2024-09-11 16:04:23,published,50
2440,168,372,15.61,331,2024-09-11 22:20:41,published,50
2441,82,934,362.67,730,2024-12-20 00:25:33,published,50
2442,136,922,296.49,554,2025-04-29 05:16:33,published,50
2443,47,433,93.84,102,2024-05-01 00:06:26,published,50
2444,181,177,365.65,94,2024-10-20 09:26:20,published,50
2445,16,1916,234.22,741,2024-12-14 20:32:18,published,50
2446,63,1449,101.77,69,2024-05-31 22:15:02,published,50
2447,67,566,428.00,620,2025-01-07 03:42:46,published,50
2448,118,117,280.82,484,2024-09-21 19:36:59,published,50
2450,154,250,113.03,354,2024-10-07 11:07:26,published,50
2452,57,440,348.37,660,2024-11-13 23:21:04,published,50
2453,70,1465,274.08,123,2025-01-20 02:22:39,published,50
2454,39,728,477.61,424,2024-09-24 06:41:59,published,50
2456,103,218,417.65,711,2024-06-22 03:37:28,published,50
2457,66,1973,285.17,140,2024-12-05 15:05:47,published,50
2458,164,1352,108.70,33,2024-09-22 09:26:25,published,50
2459,188,1953,27.99,324,2025-04-06 07:53:33,published,50
2460,132,262,151.24,883,2024-10-16 12:20:19,published,50
2463,161,887,182.67,594,2024-09-17 09:17:30,published,50
2464,76,742,235.06,740,2025-02-15 06:20:27,published,50
2467,138,1737,78.27,430,2024-11-27 14:33:22,published,50
2470,2,1702,89.25,7,2025-04-05 09:36:49,published,50
2471,145,1262,435.82,832,2024-12-16 08:58:42,published,50
2472,16,1913,63.78,634,2024-07-06 08:44:57,published,50
2473,138,963,332.84,820,2025-03-29 05:22:36,published,50
2474,161,458,309.11,76,2024-06-24 15:34:15,published,50
2475,198,1914,32.89,500,2024-05-13 16:38:32,published,50
2476,110,319,324.03,383,2024-06-04 00:43:30,published,50
2477,172,1199,211.06,3,2024-05-23 02:22:16,published,50
2479,178,1981,22.45,703,2024-06-13 00:04:09,published,50
2480,124,767,417.66,418,2025-04-29 04:20:40,published,50
2481,66,1204,199.36,658,2025-03-04 02:14:38,published,50
2482,146,567,174.67,519,2025-03-12 07:11:53,published,50
2483,77,1405,43.93,231,2025-04-05 16:21:09,published,50
2484,188,22,428.44,198,2025-03-07 13:16:54,published,50
2485,73,641,8.56,411,2024-05-18 20:21:31,published,50
2486,1,675,156.40,528,2024-05-23 09:47:41,published,50
2487,53,1919,128.92,57,2024-07-05 03:06:27,published,50
2488,127,723,102.75,313,2024-11-04 22:32:42,published,50
2490,113,628,178.01,19,2024-08-25 13:54:50,published,50
2491,110,1560,142.03,653,2024-05-12 13:18:23,published,50
2494,158,455,18.90,147,2024-12-24 17:02:23,published,50
2495,182,1783,71.31,966,2025-03-23 07:22:12,published,50
2496,178,1240,264.63,168,2024-11-15 09:02:48,published,50
2498,108,1818,299.34,708,2024-08-12 15:28:35,published,50
2499,87,1833,213.02,590,2024-05-04 08:41:49,published,50
2501,55,686,347.70,805,2024-11-10 11:48:44,published,50
2504,118,1761,60.64,739,2024-07-24 08:41:28,published,50
2506,169,1089,123.78,794,2024-12-20 07:49:32,published,50
2507,181,476,358.83,275,2024-12-27 19:24:52,published,50
2508,119,1096,479.70,12,2024-09-09 13:16:08,published,50
2510,26,1600,364.30,186,2024-12-19 22:19:40,published,50
2511,149,202,76.75,562,2024-10-20 18:14:57,published,50
2514,75,1281,17.84,53,2025-02-09 13:55:26,published,50
2515,129,898,142.11,880,2024-09-10 21:39:55,published,50
2516,69,1679,367.08,674,2025-01-11 19:47:24,published,50
2518,147,518,10.34,353,2024-07-16 08:42:26,published,50
2520,100,1988,409.42,922,2025-03-14 15:18:57,published,50
2521,151,1648,350.86,886,2024-11-12 12:22:11,published,50
2522,180,1003,460.85,921,2025-03-08 14:19:22,published,50
2523,76,510,359.47,452,2025-02-12 05:07:28,published,50
2524,42,1202,70.92,706,2024-08-11 02:37:09,published,50
2525,9,298,125.13,297,2024-09-30 00:57:45,published,50
2527,43,1703,464.59,469,2025-02-13 13:38:41,published,50
2532,137,423,204.54,518,2024-07-08 09:03:16,published,50
2533,91,431,371.53,18,2025-02-10 14:19:09,published,50
2536,52,1054,112.08,979,2024-10-05 19:08:52,published,50
2537,139,173,309.46,333,2024-07-02 16:07:52,published,50
2539,44,789,241.14,660,2025-01-10 19:00:40,published,50
2540,144,1423,318.14,981,2024-08-27 02:53:05,published,50
2543,104,412,38.72,127,2024-06-14 05:48:05,published,50
2546,53,339,15.31,838,2025-02-02 23:23:01,published,50
2547,57,907,243.89,148,2024-06-03 15:24:20,published,50
2548,6,1707,355.74,214,2025-04-18 20:10:48,published,50
2549,58,767,99.64,752,2024-05-30 23:31:16,published,50
2550,77,143,51.06,528,2024-12-21 12:26:22,published,50
2551,157,1728,333.75,167,2024-08-10 19:43:02,published,50
2554,173,1956,34.30,303,2024-10-07 04:59:36,published,50
2557,74,486,375.52,469,2024-05-06 18:27:54,published,50
2560,179,184,66.49,663,2024-08-10 22:23:20,published,50
2561,129,760,123.62,750,2025-02-19 06:27:05,published,50
2563,178,748,5.03,689,2024-08-06 12:30:59,published,50
2564,83,1559,84.44,770,2024-12-12 03:11:52,published,50
2565,64,259,338.76,364,2025-02-17 04:47:36,published,50
2566,131,1582,150.24,43,2025-03-18 08:46:20,published,50
2568,48,1124,266.90,144,2024-08-11 08:04:34,published,50
2569,197,1671,479.67,529,2025-01-27 04:12:41,published,50
2570,66,235,143.05,678,2024-10-12 23:29:19,published,50
2571,35,1080,425.66,589,2025-01-09 19:17:29,published,50
2572,180,783,288.02,992,2024-08-05 15:32:46,published,50
2573,178,950,462.72,554,2025-01-17 14:54:54,published,50
2574,195,1050,449.90,756,2024-09-04 02:26:27,published,50
2576,47,1802,333.55,323,2025-03-29 06:30:21,published,50
2577,10,207,333.57,487,2024-10-21 11:33:06,published,50
2578,155,1960,78.77,663,2024-05-23 10:12:25,published,50
2582,174,1893,42.61,273,2025-03-16 04:01:35,published,50
2583,71,598,392.71,281,2024-12-23 06:40:45,published,50
2584,103,1232,417.03,446,2024-08-22 22:29:34,published,50
2586,96,805,25.96,980,2024-07-13 16:10:01,published,50
2587,198,912,147.00,107,2024-06-09 13:26:48,published,50
2588,106,900,492.01,111,2024-11-15 08:26:35,published,50
2590,42,132,455.57,496,2024-07-18 02:55:51,published,50
2592,100,1827,164.50,355,2024-07-04 07:33:32,published,50
2593,44,1922,13.99,772,2024-06-09 13:10:51,published,50
2594,65,1991,225.65,702,2024-12-26 07:56:52,published,50
2596,5,1936,233.16,292,2024-06-22 18:36:00,published,50
2597,195,1228,341.50,808,2024-09-09 18:31:18,published,50
2598,37,545,203.10,460,2025-01-24 19:22:49,published,50
2599,73,512,188.74,804,2025-04-11 05:18:27,published,50
2601,175,1271,423.12,468,2024-07-16 05:41:41,published,50
2602,105,195,359.39,676,2025-03-11 13:35:36,published,50
2603,175,1993,329.42,542,2024-11-17 21:00:16,published,50
2604,152,1960,454.16,405,2024-08-15 16:24:05,published,50
2605,80,591,29.17,380,2024-08-09 10:19:57,published,50
2609,6,1244,136.86,193,2024-05-05 11:15:09,published,50
2610,27,1662,347.87,329,2024-07-29 12:55:22,published,50
2612,170,578,418.75,942,2024-12-17 20:09:24,published,50
2614,13,1187,403.55,558,2025-04-16 07:05:42,published,50
2615,35,360,162.57,92,2024-12-04 08:11:14,published,50
2617,3,1090,405.90,831,2024-06-13 13:49:51,published,50
2618,194,378,65.21,288,2024-08-23 03:36:38,published,50
2621,51,267,418.12,529,2025-03-26 07:56:07,published,50
2622,137,848,56.82,558,2024-11-08 01:23:01,published,50
2624,150,1876,126.62,187,2024-05-23 18:20:41,published,50
2625,158,1817,39.62,507,2025-01-31 16:00:42,published,50
2626,23,929,17.69,624,2024-08-15 21:27:45,published,50
2628,36,849,26.16,768,2024-08-19 04:38:28,published,50
2629,156,384,22.70,958,2024-09-28 07:18:42,published,50
2630,90,1403,203.31,460,2024-11-18 20:52:49,published,50
2634,153,633,478.91,975,2024-10-13 16:29:13,published,50
2635,113,117,62.60,107,2025-02-21 20:57:10,published,50
2636,26,1285,115.82,725,2024-09-10 00:19:59,published,50
2639,189,1530,496.37,433,2024-09-14 11:30:33,published,50
2640,160,1856,273.66,182,2025-02-25 02:22:47,published,50
2641,196,227,341.47,891,2024-09-04 06:11:48,published,50
2642,93,1601,168.82,84,2025-02-28 15:13:04,published,50
2644,60,603,453.07,36,2024-05-20 18:19:41,published,50
2645,47,1870,34.64,885,2024-09-05 16:04:47,published,50
2646,110,798,73.42,421,2025-03-09 20:11:46,published,50
2647,36,300,309.88,851,2024-07-02 10:33:53,published,50
2650,58,136,5.27,155,2024-11-05 20:31:29,published,50
2651,56,469,318.36,713,2025-02-20 18:53:58,published,50
2652,10,1639,288.93,426,2024-06-11 00:59:51,published,50
2654,24,926,498.33,222,2024-10-03 00:03:20,published,50
2656,53,649,73.76,949,2025-04-19 13:56:39,published,50
2659,131,1259,488.98,120,2024-08-20 00:41:04,published,50
2661,26,301,232.73,458,2024-05-15 11:44:32,published,50
2662,74,1426,81.21,718,2024-10-21 18:51:53,published,50
2663,35,1118,99.72,290,2025-04-01 18:35:17,published,50
2664,168,1873,461.06,86,2024-07-24 20:12:58,published,50
2665,31,187,53.10,990,2024-05-16 16:17:16,published,50
2666,4,753,322.94,285,2024-11-10 03:58:15,published,50
2670,198,1970,366.75,35,2024-12-12 07:51:07,published,50
2671,103,166,303.60,98,2025-02-14 19:52:57,published,50
2672,9,1881,402.63,970,2024-12-03 01:20:43,published,50
2674,62,1211,271.08,176,2024-12-31 12:52:20,published,50
2675,14,1376,495.49,41,2024-05-05 16:00:54,published,50
2676,168,54,321.74,211,2025-03-09 04:29:10,published,50
2678,11,1415,331.53,653,2025-04-25 10:27:58,published,50
2679,8,233,451.80,468,2024-06-11 22:54:34,published,50
2682,120,94,71.80,780,2024-05-07 00:34:44,published,50
2683,126,1971,412.13,302,2025-02-12 16:28:21,published,50
2684,181,1087,372.78,33,2025-02-24 04:33:08,published,50
2686,141,1154,313.62,634,2024-06-01 06:36:42,published,50
2687,189,1089,175.06,549,2024-09-13 02:17:23,published,50
2688,198,715,282.97,167,2024-10-12 07:55:33,published,50
2694,198,265,454.63,280,2024-12-08 03:57:35,published,50
2695,79,210,427.90,780,2024-05-25 10:56:13,published,50
2697,195,287,376.62,542,2025-01-06 23:49:53,published,50
2698,125,485,376.32,291,2024-05-23 10:02:33,published,50
2699,14,1100,22.74,403,2025-01-15 07:58:29,published,50
2702,167,990,361.90,176,2024-12-15 06:51:48,published,50
2706,68,215,460.17,491,2025-01-21 15:10:07,published,50
2707,36,1236,297.90,507,2025-03-28 13:50:02,published,50
2708,62,1510,383.43,866,2024-07-07 19:02:54,published,50
2711,193,939,46.83,942,2024-12-20 16:30:35,published,50
2712,100,934,213.11,717,2025-02-03 05:05:08,published,50
2713,157,1386,452.21,37,2024-11-17 01:17:10,published,50
2714,84,1910,45.25,612,2025-04-07 14:00:51,published,50
2716,137,1325,178.29,890,2024-05-22 17:28:37,published,50
2718,181,1764,173.73,549,2025-01-22 12:10:58,published,50
2719,126,1474,101.69,588,2024-08-23 22:41:10,published,50
2721,18,593,351.74,469,2024-05-15 06:54:47,published,50
2723,60,1353,268.34,849,2025-01-07 06:02:28,published,50
2724,151,873,367.52,736,2025-03-15 14:11:23,published,50
2725,112,1526,57.55,89,2025-03-23 14:22:35,published,50
2728,107,1467,414.63,283,2025-04-27 01:28:44,published,50
2729,17,1974,128.72,796,2024-07-13 10:30:40,published,50
2731,171,1331,186.01,913,2024-06-27 21:26:04,published,50
2733,52,1969,136.75,642,2024-08-04 12:58:52,published,50
2734,76,977,208.98,589,2024-12-25 17:48:35,published,50
2735,31,503,32.24,654,2025-01-18 17:24:26,published,50
2739,111,91,176.69,236,2025-03-10 20:59:33,published,50
2740,136,729,465.86,462,2024-06-05 13:23:05,published,50
2742,32,114,20.08,432,2024-07-30 06:03:27,published,50
2744,133,664,21.06,314,2024-07-16 06:14:46,published,50
2745,3,1425,347.74,705,2024-06-24 10:19:30,published,50
2746,145,345,18.38,747,2024-12-23 02:39:02,published,50
2747,36,30,18.77,685,2024-07-27 04:41:43,published,50
2748,115,384,364.40,586,2025-02-10 02:42:57,published,50
2750,53,629,62.57,81,2024-08-27 14:49:06,published,50
2754,159,638,427.53,659,2024-11-17 14:06:02,published,50
2755,171,1746,153.75,838,2024-10-19 17:40:08,published,50
2756,155,1030,371.85,865,2024-09-01 03:41:37,published,50
2760,70,1172,311.04,590,2025-01-04 15:35:21,published,50
2761,143,1648,273.63,652,2024-12-07 09:52:33,published,50
2764,64,1153,295.79,495,2024-09-28 05:03:40,published,50
2766,61,1270,224.51,768,2024-12-25 18:39:46,published,50
2767,130,1761,165.35,646,2024-10-11 09:03:42,published,50
2768,145,903,152.46,662,2024-12-21 06:10:25,published,50
2771,165,552,175.92,524,2024-07-19 15:35:54,published,50
2772,88,1299,112.26,562,2024-08-19 16:38:33,published,50
2777,13,326,487.79,116,2024-08-29 20:57:13,published,50
2782,110,518,478.50,389,2024-06-29 20:53:39,published,50
2788,84,162,405.28,896,2025-01-10 03:47:57,published,50
2792,62,1739,114.23,629,2025-04-23 23:14:45,published,50
2794,158,1605,326.48,320,2025-02-07 09:49:23,published,50
2796,44,1534,140.69,720,2024-06-12 12:21:28,published,50
2797,179,255,44.21,268,2025-04-24 23:18:40,published,50
2798,54,1846,292.09,103,2024-11-02 03:05:47,published,50
2801,155,1412,190.88,81,2024-10-13 12:47:16,published,50
2802,82,235,361.15,233,2024-12-22 11:17:34,published,50
2804,106,422,61.56,660,2024-07-23 02:48:16,published,50
2805,38,999,451.56,281,2024-09-15 20:50:32,published,50
2807,75,165,290.95,103,2024-08-02 04:07:56,published,50
2809,120,574,422.78,282,2025-04-15 22:34:47,published,50
2812,157,772,360.19,719,2024-09-09 09:59:09,published,50
2813,177,892,172.29,525,2024-12-19 11:13:12,published,50
2814,130,377,158.70,508,2024-07-13 10:01:42,published,50
2815,58,1232,312.03,849,2024-10-28 00:33:31,published,50
2816,5,1504,379.24,917,2024-10-01 22:29:08,published,50
2817,79,476,245.29,874,2024-10-10 10:05:15,published,50
2818,24,739,498.53,66,2024-11-19 13:50:29,published,50
2819,46,11,388.59,126,2024-06-07 11:13:57,published,50
2820,136,413,88.13,247,2025-02-26 08:37:23,published,50
2822,65,926,96.61,648,2024-07-12 16:34:40,published,50
2826,50,1300,223.07,84,2024-09-15 04:50:37,published,50
2827,125,1489,251.54,779,2024-08-18 00:02:59,published,50
2829,128,1215,62.11,362,2024-06-08 05:15:09,published,50
2830,104,1883,485.98,574,2024-11-08 10:11:13,published,50
2831,119,1312,179.32,580,2025-04-15 16:42:37,published,50
2832,56,655,320.01,452,2024-11-10 20:20:08,published,50
2833,121,923,10.29,141,2024-07-06 15:24:30,published,50
2834,189,730,111.03,406,2024-12-17 13:05:26,published,50
2837,17,704,427.75,544,2024-11-25 14:08:42,published,50
2838,4,1163,215.97,359,2025-04-12 02:45:51,published,50
2839,37,461,216.60,610,2025-02-17 16:13:27,published,50
2841,185,421,28.64,819,2025-03-08 19:55:24,published,50
2842,169,1164,190.64,459,2025-03-27 03:21:52,published,50
2844,164,953,309.83,938,2025-02-20 23:49:27,published,50
2846,189,1375,423.48,295,2025-04-22 16:15:06,published,50
2847,73,1012,345.45,549,2025-04-25 02:31:21,published,50
2849,4,1350,307.20,672,2024-06-23 14:30:22,published,50
2854,64,687,365.94,931,2024-07-20 18:35:49,published,50
2855,37,1464,308.53,589,2024-08-16 23:34:02,published,50
2857,36,1997,342.77,362,2024-09-14 08:06:46,published,50
2858,76,1447,60.48,643,2024-11-05 01:25:47,published,50
2859,10,1577,185.35,911,2024-10-01 21:14:58,published,50
2861,192,1649,290.12,771,2024-11-24 06:44:01,published,50
2863,130,775,392.24,112,2024-06-05 07:47:23,published,50
2864,161,1092,280.60,310,2024-06-22 05:26:17,published,50
2865,57,1939,203.86,620,2024-05-07 15:16:11,published,50
2866,194,1818,325.74,461,2024-09-24 15:02:23,published,50
2867,118,1634,341.18,814,2024-06-29 06:01:51,published,50
2868,117,1845,50.51,179,2024-06-13 20:32:59,published,50
2869,191,1949,488.52,487,2024-12-03 20:43:30,published,50
2870,111,666,23.24,149,2024-11-09 03:56:37,published,50
2872,37,407,428.24,496,2025-03-10 22:05:02,published,50
2873,110,1979,200.70,787,2024-06-19 00:47:51,published,50
2874,125,242,368.69,230,2025-04-05 23:35:41,published,50
2878,169,144,181.28,444,2024-10-08 14:51:58,published,50
2880,122,287,299.80,508,2024-08-22 22:19:06,published,50
2881,94,1792,50.95,456,2024-09-27 01:08:29,published,50
2882,63,1057,87.75,912,2024-12-21 18:16:25,published,50
2888,198,1321,195.44,461,2025-01-23 13:56:32,published,50
2889,41,229,232.12,428,2024-06-12 11:59:53,published,50
2892,48,533,368.24,627,2024-10-07 11:12:25,published,50
2893,131,865,306.06,350,2025-03-28 14:39:53,published,50
2896,48,408,439.08,752,2025-04-07 19:51:17,published,50
2897,35,461,103.22,839,2024-07-16 23:23:39,published,50
2900,199,215,221.77,855,2024-11-10 12:05:57,published,50
2906,143,661,151.78,281,2024-12-04 05:33:06,published,50
2908,43,1692,15.09,719,2025-02-08 21:22:56,published,50
2909,191,297,48.86,350,2024-11-14 00:35:24,published,50
2910,23,1031,11.92,726,2024-11-18 08:40:25,published,50
2911,138,246,444.02,676,2025-03-11 00:33:48,published,50
2913,118,1284,226.63,729,2024-10-09 18:57:53,published,50
2914,99,1053,340.56,335,2025-02-18 07:49:06,published,50
2915,192,1041,301.01,87,2025-01-09 03:59:53,published,50
2916,131,652,346.20,148,2025-03-11 01:13:05,published,50
2918,9,1523,269.92,107,2024-06-20 21:18:12,published,50
2919,151,1252,94.58,146,2024-12-12 20:48:33,published,50
2920,6,1539,393.15,903,2025-01-28 12:02:08,published,50
2924,163,680,298.41,395,2024-09-30 02:55:04,published,50
2925,115,152,402.38,287,2024-08-17 00:00:20,published,50
2927,159,1629,121.40,719,2024-06-09 08:57:26,published,50
2928,186,676,8.67,4,2024-06-05 13:37:48,published,50
2930,27,1362,132.04,885,2024-08-20 16:51:31,published,50
2938,120,1712,146.41,100,2025-01-07 22:17:37,published,50
2939,102,1491,272.26,109,2024-09-25 04:50:28,published,50
2944,46,379,259.52,263,2025-02-06 17:09:14,published,50
2946,12,1539,106.66,122,2024-05-12 22:05:55,published,50
2951,144,1899,378.72,348,2025-01-03 05:47:52,published,50
2952,51,1627,328.14,380,2024-09-03 00:32:26,published,50
2953,142,1241,13.53,592,2024-09-15 00:15:14,published,50
2956,63,341,290.56,728,2025-04-13 06:43:02,published,50
2958,16,1173,66.03,830,2025-03-15 12:06:29,published,50
2959,97,124,445.66,885,2025-03-10 07:49:43,published,50
2961,189,1256,346.44,437,2024-09-27 04:53:34,published,50
2963,6,1766,473.79,343,2025-01-15 15:10:58,published,50
2964,171,1890,289.99,247,2025-03-17 03:08:35,published,50
2966,150,1604,40.58,614,2024-09-08 13:25:44,published,50
2969,3,825,241.74,639,2024-12-17 15:15:34,published,50
2970,121,1572,352.67,908,2025-01-25 20:56:50,published,50
2972,184,1373,473.47,226,2024-11-17 06:34:24,published,50
2976,196,1796,23.56,797,2024-12-10 18:36:01,published,50
2977,73,1093,365.88,762,2024-09-08 23:08:53,published,50
2978,185,710,317.55,884,2025-04-11 09:22:44,published,50
2981,86,766,168.49,497,2024-05-14 20:11:13,published,50
2982,77,295,333.21,705,2024-12-27 05:29:29,published,50
2983,114,702,334.62,861,2024-11-08 23:55:35,published,50
2984,165,1164,157.30,158,2024-07-23 02:18:43,published,50
2985,126,1328,98.22,571,2024-12-11 08:01:44,published,50
2987,161,554,173.99,603,2024-06-25 09:52:12,published,50
2988,6,417,185.81,416,2024-11-07 00:12:11,published,50
2990,164,119,316.35,452,2024-06-16 06:19:53,published,50
2991,179,326,135.85,819,2024-06-13 01:22:48,published,50
2992,32,242,238.57,510,2024-05-29 08:53:35,published,50
2993,143,1667,402.74,35,2025-02-01 14:15:50,published,50
2997,3,1679,497.30,246,2024-11-27 05:44:11,published,50
2999,118,1433,263.43,804,2025-01-06 07:00:26,published,50
3000,180,703,38.32,472,2024-05-17 18:26:26,published,50
