1,174,1497,"Really happy with this product. The quality is great and it has almost all the features I was looking for. Overall, a great purchase!",4,2025-02-21 19:30:09,11
2,577,1319,"Very good product! The build quality is impressive and it works well for my needs. Missing one feature I was hoping for, but otherwise excellent.",4,2024-10-02 11:59:27,11
3,557,190,This product is a game-changer! The quality is exceptional and exactly what I needed. Highly recommend to anyone!,5,2024-10-12 01:30:07,7
4,996,1714,Satisfactory purchase. Works as advertised but the quality could be better. Not disappointed but not impressed either.,3,2025-02-22 21:18:30,6
5,33,487,It's okay. Some aspects are well done while others could use improvement. It serves its purpose but doesn't exceed expectations.,3,2025-02-18 14:03:19,8
6,255,322,This is everything it promised to be and more! Exceptional quality and beautifully designed. Could not be happier with this purchase.,5,2025-01-07 02:13:05,8
7,674,1713,Absolutely love this product! The quality is outstanding and it exceeded all my expectations. Definitely worth every penny!,5,2024-09-30 19:47:16,6
8,672,3,"Really happy with this product. The quality is great and it has almost all the features I was looking for. Overall, a great purchase!",4,2024-08-23 04:29:45,20
9,603,312,This is everything it promised to be and more! Exceptional quality and beautifully designed. Could not be happier with this purchase.,5,2024-12-17 19:40:04,17
10,540,1320,Below average product with some design flaws. Works occasionally but not consistently. Wouldn't purchase again or recommend to others.,2,2024-08-25 13:04:03,1
11,851,396,This product is a game-changer! The quality is exceptional and exactly what I needed. Highly recommend to anyone!,5,2024-06-13 22:43:21,20
12,176,927,"Perfect product for anyone looking for quality and value. Easy to use, works flawlessly, and has all the features I was looking for. Best purchase I've made this year!",5,2024-09-11 07:06:09,18
13,519,574,Decent product that does the job. Nothing extraordinary but no major issues either. Fair value for the price I paid.,3,2025-01-08 14:17:39,11
14,256,232,Absolutely love this product! The quality is outstanding and it exceeded all my expectations. Definitely worth every penny!,5,2025-03-12 02:22:40,1
15,862,327,Absolutely love this product! The quality is outstanding and it exceeded all my expectations. Definitely worth every penny!,5,2024-09-30 20:27:13,1
16,417,867,Below average product with some design flaws. Works occasionally but not consistently. Wouldn't purchase again or recommend to others.,2,2024-07-20 01:43:35,5
17,252,1864,This is everything it promised to be and more! Exceptional quality and beautifully designed. Could not be happier with this purchase.,5,2024-12-09 19:51:52,20
18,251,23,"Perfect product for anyone looking for quality and value. Easy to use, works flawlessly, and has all the features I was looking for. Best purchase I've made this year!",5,2024-12-20 16:16:17,8
19,55,952,It's okay. Some aspects are well done while others could use improvement. It serves its purpose but doesn't exceed expectations.,3,2024-09-01 04:40:56,12
20,408,1936,Definitely worth buying. The performance is consistent and the design is thoughtful. Has all the core features I needed and works reliably.,4,2025-03-12 11:36:12,7
21,849,112,This is everything it promised to be and more! Exceptional quality and beautifully designed. Could not be happier with this purchase.,5,2024-11-14 12:12:50,4
22,603,827,"Really happy with this product. The quality is great and it has almost all the features I was looking for. Overall, a great purchase!",4,2024-09-17 22:08:23,10
23,473,913,This is everything it promised to be and more! Exceptional quality and beautifully designed. Could not be happier with this purchase.,5,2025-04-26 11:10:27,12
24,356,790,Absolutely love this product! The quality is outstanding and it exceeded all my expectations. Definitely worth every penny!,5,2025-04-30 08:28:15,13
25,707,936,"Wow! This product has completely exceeded my expectations. Incredibly well-made, works perfectly, and the customer service was excellent.",5,2024-08-19 18:55:39,22
26,411,778,Average quality product. It functions adequately but doesn't stand out in any particular way. Gets the job done but that's about it.,3,2024-07-19 05:27:43,1
27,292,100,"Wow! This product has completely exceeded my expectations. Incredibly well-made, works perfectly, and the customer service was excellent.",5,2024-12-06 12:49:09,17
28,500,700,Expected much better for the price. Poor quality materials and inconsistent performance. The design is nice but doesn't make up for the problems.,2,2025-02-25 15:45:08,7
29,60,1481,This product is a game-changer! The quality is exceptional and exactly what I needed. Highly recommend to anyone!,5,2025-01-26 20:57:01,24
30,527,513,Absolutely love this product! The quality is outstanding and it exceeded all my expectations. Definitely worth every penny!,5,2024-09-26 20:17:34,22
31,782,520,"Perfect product for anyone looking for quality and value. Easy to use, works flawlessly, and has all the features I was looking for. Best purchase I've made this year!",5,2024-10-16 07:55:45,4
32,195,1090,It's okay. Some aspects are well done while others could use improvement. It serves its purpose but doesn't exceed expectations.,3,2024-11-21 04:14:00,0
33,979,1400,This product is a game-changer! The quality is exceptional and exactly what I needed. Highly recommend to anyone!,5,2025-03-12 06:45:01,17
34,275,576,Average quality product. It functions adequately but doesn't stand out in any particular way. Gets the job done but that's about it.,3,2024-10-25 08:58:58,6
35,299,1206,This product has too many issues to recommend. Doesn't perform as advertised and the quality feels cheap. The only positive is the customer service.,2,2025-01-18 19:22:18,4
36,308,1578,"Perfect product for anyone looking for quality and value. Easy to use, works flawlessly, and has all the features I was looking for. Best purchase I've made this year!",5,2025-04-23 09:19:24,11
37,432,976,"Very good product! The build quality is impressive and it works well for my needs. Missing one feature I was hoping for, but otherwise excellent.",4,2024-07-22 11:35:17,19
38,348,1564,It's okay. Some aspects are well done while others could use improvement. It serves its purpose but doesn't exceed expectations.,3,2024-10-19 06:02:26,9
39,893,771,Middle-of-the-road product. Has some good features but also some drawbacks. Meets basic needs but nothing exceptional about it.,3,2024-08-26 07:44:44,9
40,298,699,Middle-of-the-road product. Has some good features but also some drawbacks. Meets basic needs but nothing exceptional about it.,3,2024-10-05 07:14:24,10
41,478,1028,This product is a game-changer! The quality is exceptional and exactly what I needed. Highly recommend to anyone!,5,2025-03-13 12:18:33,16
42,710,1651,Great product with impressive features. The quality feels premium and it works exactly as described. Only a few small details could be improved.,4,2024-10-18 21:52:32,0
43,104,1599,"Very good product! The build quality is impressive and it works well for my needs. Missing one feature I was hoping for, but otherwise excellent.",4,2024-12-22 19:11:43,16
44,134,1083,Decent product that does the job. Nothing extraordinary but no major issues either. Fair value for the price I paid.,3,2024-06-29 22:41:59,9
45,223,862,"Really happy with this product. The quality is great and it has almost all the features I was looking for. Overall, a great purchase!",4,2024-09-07 12:36:35,3
46,416,821,Great product with impressive features. The quality feels premium and it works exactly as described. Only a few small details could be improved.,4,2025-01-30 05:09:04,17
47,404,1883,Average quality product. It functions adequately but doesn't stand out in any particular way. Gets the job done but that's about it.,3,2025-04-10 06:49:20,6
48,136,1311,It's okay. Some aspects are well done while others could use improvement. It serves its purpose but doesn't exceed expectations.,3,2025-01-03 19:46:13,9
49,907,332,Complete waste of money. Barely functions as advertised and the quality is terrible. Avoid this product!,1,2024-09-07 04:36:01,3
50,178,768,Great product with impressive features. The quality feels premium and it works exactly as described. Only a few small details could be improved.,4,2024-06-23 01:14:08,18
51,826,1955,This product is a game-changer! The quality is exceptional and exactly what I needed. Highly recommend to anyone!,5,2024-07-04 08:25:02,2
52,600,1230,Definitely worth buying. The performance is consistent and the design is thoughtful. Has all the core features I needed and works reliably.,4,2025-01-08 05:18:45,18
53,9,1740,This is everything it promised to be and more! Exceptional quality and beautifully designed. Could not be happier with this purchase.,5,2024-12-09 10:13:56,25
54,670,1823,Average quality product. It functions adequately but doesn't stand out in any particular way. Gets the job done but that's about it.,3,2024-09-30 00:21:16,3
55,445,285,"Really happy with this product. The quality is great and it has almost all the features I was looking for. Overall, a great purchase!",4,2024-10-18 23:26:39,9
56,581,1965,Absolutely love this product! The quality is outstanding and it exceeded all my expectations. Definitely worth every penny!,5,2025-02-13 01:30:35,19
57,81,1441,Middle-of-the-road product. Has some good features but also some drawbacks. Meets basic needs but nothing exceptional about it.,3,2024-07-30 19:14:53,11
58,98,132,"Really happy with this product. The quality is great and it has almost all the features I was looking for. Overall, a great purchase!",4,2024-11-29 20:34:57,11
59,936,949,This product is a game-changer! The quality is exceptional and exactly what I needed. Highly recommend to anyone!,5,2024-12-28 03:27:03,9
60,954,198,Great product with impressive features. The quality feels premium and it works exactly as described. Only a few small details could be improved.,4,2024-07-05 23:13:12,11
61,109,1471,It's okay. Some aspects are well done while others could use improvement. It serves its purpose but doesn't exceed expectations.,3,2025-02-05 15:23:18,4
62,446,1453,Average quality product. It functions adequately but doesn't stand out in any particular way. Gets the job done but that's about it.,3,2025-04-07 23:09:05,5
63,507,546,"Wow! This product has completely exceeded my expectations. Incredibly well-made, works perfectly, and the customer service was excellent.",5,2024-12-15 04:34:14,12
64,567,1444,"Very satisfied with this purchase. It's reliable, well-designed, and offers good performance for the price. One minor issue keeps it from being perfect.",4,2024-06-01 07:45:32,9
65,382,986,Absolutely love this product! The quality is outstanding and it exceeded all my expectations. Definitely worth every penny!,5,2024-09-02 16:04:45,13
66,31,17,Satisfactory purchase. Works as advertised but the quality could be better. Not disappointed but not impressed either.,3,2024-08-23 18:18:30,1
67,411,830,Great product with impressive features. The quality feels premium and it works exactly as described. Only a few small details could be improved.,4,2025-02-23 04:42:36,0
68,53,1962,"Terrible experience with this product. Doesn't work as described, poor quality, and not worth even a fraction of the price.",1,2024-07-15 21:45:49,0
69,58,861,Definitely worth buying. The performance is consistent and the design is thoughtful. Has all the core features I needed and works reliably.,4,2024-05-20 19:34:08,2
70,479,1604,"Very satisfied with this purchase. It's reliable, well-designed, and offers good performance for the price. One minor issue keeps it from being perfect.",4,2024-11-17 04:24:19,0
71,506,1254,"Wow! This product has completely exceeded my expectations. Incredibly well-made, works perfectly, and the customer service was excellent.",5,2024-09-11 23:36:00,18
72,499,1117,"Perfect product for anyone looking for quality and value. Easy to use, works flawlessly, and has all the features I was looking for. Best purchase I've made this year!",5,2024-07-26 04:09:12,22
73,84,351,This product is a game-changer! The quality is exceptional and exactly what I needed. Highly recommend to anyone!,5,2024-11-03 06:39:37,2
74,676,1940,Definitely worth buying. The performance is consistent and the design is thoughtful. Has all the core features I needed and works reliably.,4,2025-04-25 06:00:26,8
75,875,788,Disappointed with this purchase. The quality is below what I expected and it doesn't work very well. A few good features but overall not worth the money.,2,2024-12-26 13:02:32,0
76,72,1807,Great product with impressive features. The quality feels premium and it works exactly as described. Only a few small details could be improved.,4,2024-12-19 06:17:29,19
77,674,1719,Average quality product. It functions adequately but doesn't stand out in any particular way. Gets the job done but that's about it.,3,2024-12-06 03:33:52,15
78,256,344,"Wow! This product has completely exceeded my expectations. Incredibly well-made, works perfectly, and the customer service was excellent.",5,2024-10-19 15:42:03,6
79,420,993,Decent product that does the job. Nothing extraordinary but no major issues either. Fair value for the price I paid.,3,2025-02-08 05:58:57,11
80,899,72,Definitely worth buying. The performance is consistent and the design is thoughtful. Has all the core features I needed and works reliably.,4,2024-09-16 05:28:04,9
81,415,1673,Great product with impressive features. The quality feels premium and it works exactly as described. Only a few small details could be improved.,4,2024-08-17 01:32:35,8
82,239,838,"Really happy with this product. The quality is great and it has almost all the features I was looking for. Overall, a great purchase!",4,2024-09-15 00:22:15,6
83,36,1212,"Wow! This product has completely exceeded my expectations. Incredibly well-made, works perfectly, and the customer service was excellent.",5,2025-03-02 17:44:21,24
84,475,1344,Middle-of-the-road product. Has some good features but also some drawbacks. Meets basic needs but nothing exceptional about it.,3,2024-12-11 09:14:19,14
85,288,823,Satisfactory purchase. Works as advertised but the quality could be better. Not disappointed but not impressed either.,3,2025-01-18 19:08:54,10
86,814,1604,Extremely disappointed. The product arrived damaged and doesn't work properly. Customer service was unhelpful when I tried to resolve the issue.,1,2025-03-01 14:01:26,4
87,139,1228,"Wow! This product has completely exceeded my expectations. Incredibly well-made, works perfectly, and the customer service was excellent.",5,2024-11-27 02:31:22,11
88,930,1770,"Perfect product for anyone looking for quality and value. Easy to use, works flawlessly, and has all the features I was looking for. Best purchase I've made this year!",5,2024-06-15 06:50:38,3
89,210,1218,Definitely worth buying. The performance is consistent and the design is thoughtful. Has all the core features I needed and works reliably.,4,2024-11-13 04:07:34,19
90,58,391,Satisfactory purchase. Works as advertised but the quality could be better. Not disappointed but not impressed either.,3,2024-07-17 08:23:17,15
91,569,600,"Really happy with this product. The quality is great and it has almost all the features I was looking for. Overall, a great purchase!",4,2024-08-11 07:46:33,1
92,483,1362,Below average product with some design flaws. Works occasionally but not consistently. Wouldn't purchase again or recommend to others.,2,2024-11-04 16:06:16,6
93,137,685,Great product with impressive features. The quality feels premium and it works exactly as described. Only a few small details could be improved.,4,2024-10-25 04:58:15,10
94,948,73,Below average product with some design flaws. Works occasionally but not consistently. Wouldn't purchase again or recommend to others.,2,2024-08-05 04:54:53,2
95,464,1047,"Wow! This product has completely exceeded my expectations. Incredibly well-made, works perfectly, and the customer service was excellent.",5,2025-01-30 04:17:21,9
96,610,59,This product is a game-changer! The quality is exceptional and exactly what I needed. Highly recommend to anyone!,5,2024-09-26 19:16:06,8
97,807,635,"Perfect product for anyone looking for quality and value. Easy to use, works flawlessly, and has all the features I was looking for. Best purchase I've made this year!",5,2024-07-20 01:32:23,2
98,915,1171,"Very satisfied with this purchase. It's reliable, well-designed, and offers good performance for the price. One minor issue keeps it from being perfect.",4,2024-11-02 06:30:54,1
99,199,1557,Middle-of-the-road product. Has some good features but also some drawbacks. Meets basic needs but nothing exceptional about it.,3,2024-05-23 05:24:31,8
100,826,1614,Not happy with this product. It partially works but is frustrating to use. Had higher expectations based on the description and price.,2,2025-03-30 03:54:22,10
101,337,1616,Complete waste of money. Barely functions as advertised and the quality is terrible. Avoid this product!,1,2025-01-18 10:52:35,0
102,909,1942,Great product with impressive features. The quality feels premium and it works exactly as described. Only a few small details could be improved.,4,2024-05-10 10:30:51,10
103,416,1756,Great product with impressive features. The quality feels premium and it works exactly as described. Only a few small details could be improved.,4,2025-01-15 08:29:10,7
104,309,1612,"Really happy with this product. The quality is great and it has almost all the features I was looking for. Overall, a great purchase!",4,2024-07-30 23:00:44,12
105,861,1343,Decent product that does the job. Nothing extraordinary but no major issues either. Fair value for the price I paid.,3,2024-05-25 16:49:10,8
106,830,719,"Really happy with this product. The quality is great and it has almost all the features I was looking for. Overall, a great purchase!",4,2024-09-08 19:23:59,4
107,404,1874,Middle-of-the-road product. Has some good features but also some drawbacks. Meets basic needs but nothing exceptional about it.,3,2024-06-03 04:12:56,10
108,87,845,This is everything it promised to be and more! Exceptional quality and beautifully designed. Could not be happier with this purchase.,5,2025-04-06 16:24:24,10
109,800,758,"Very good product! The build quality is impressive and it works well for my needs. Missing one feature I was hoping for, but otherwise excellent.",4,2025-04-23 20:42:21,17
110,395,1522,Absolutely love this product! The quality is outstanding and it exceeded all my expectations. Definitely worth every penny!,5,2024-05-07 18:19:22,0
111,670,745,Satisfactory purchase. Works as advertised but the quality could be better. Not disappointed but not impressed either.,3,2025-01-21 23:11:15,6
112,524,1194,"Wow! This product has completely exceeded my expectations. Incredibly well-made, works perfectly, and the customer service was excellent.",5,2024-05-03 10:46:32,19
113,733,345,Great product with impressive features. The quality feels premium and it works exactly as described. Only a few small details could be improved.,4,2025-04-21 20:09:54,15
114,962,1918,"Really happy with this product. The quality is great and it has almost all the features I was looking for. Overall, a great purchase!",4,2024-08-18 19:01:15,14
115,278,1392,"Wow! This product has completely exceeded my expectations. Incredibly well-made, works perfectly, and the customer service was excellent.",5,2024-12-20 23:43:24,6
116,859,1921,It's okay. Some aspects are well done while others could use improvement. It serves its purpose but doesn't exceed expectations.,3,2024-10-24 13:33:04,7
117,33,32,Definitely worth buying. The performance is consistent and the design is thoughtful. Has all the core features I needed and works reliably.,4,2024-06-04 09:46:14,14
118,406,1012,This is everything it promised to be and more! Exceptional quality and beautifully designed. Could not be happier with this purchase.,5,2024-08-18 05:45:59,8
119,493,1616,Average quality product. It functions adequately but doesn't stand out in any particular way. Gets the job done but that's about it.,3,2024-07-29 14:32:10,10
120,777,814,This is everything it promised to be and more! Exceptional quality and beautifully designed. Could not be happier with this purchase.,5,2025-01-09 20:14:03,23
121,521,1504,"Really happy with this product. The quality is great and it has almost all the features I was looking for. Overall, a great purchase!",4,2024-08-22 09:46:54,17
122,49,987,"Perfect product for anyone looking for quality and value. Easy to use, works flawlessly, and has all the features I was looking for. Best purchase I've made this year!",5,2024-07-09 08:45:21,10
123,274,1696,Absolutely love this product! The quality is outstanding and it exceeded all my expectations. Definitely worth every penny!,5,2025-01-06 21:29:03,11
124,713,520,Not happy with this product. It partially works but is frustrating to use. Had higher expectations based on the description and price.,2,2024-08-09 04:28:19,9
125,175,585,Great product with impressive features. The quality feels premium and it works exactly as described. Only a few small details could be improved.,4,2024-08-27 21:15:46,3
126,309,605,"Wow! This product has completely exceeded my expectations. Incredibly well-made, works perfectly, and the customer service was excellent.",5,2024-11-14 01:15:41,1
127,929,987,"Very satisfied with this purchase. It's reliable, well-designed, and offers good performance for the price. One minor issue keeps it from being perfect.",4,2025-03-02 18:41:21,17
128,161,837,"Perfect product for anyone looking for quality and value. Easy to use, works flawlessly, and has all the features I was looking for. Best purchase I've made this year!",5,2025-01-21 15:59:51,22
129,443,1872,"Very satisfied with this purchase. It's reliable, well-designed, and offers good performance for the price. One minor issue keeps it from being perfect.",4,2025-04-01 09:24:13,0
130,995,1196,"Wow! This product has completely exceeded my expectations. Incredibly well-made, works perfectly, and the customer service was excellent.",5,2024-06-29 14:11:34,2
131,988,970,This product has too many issues to recommend. Doesn't perform as advertised and the quality feels cheap. The only positive is the customer service.,2,2025-03-27 13:55:33,9
132,551,1720,"Very good product! The build quality is impressive and it works well for my needs. Missing one feature I was hoping for, but otherwise excellent.",4,2024-10-26 21:13:06,2
133,243,474,"Very satisfied with this purchase. It's reliable, well-designed, and offers good performance for the price. One minor issue keeps it from being perfect.",4,2024-07-18 17:19:53,2
134,513,356,"Wow! This product has completely exceeded my expectations. Incredibly well-made, works perfectly, and the customer service was excellent.",5,2025-02-24 18:02:30,16
135,919,1031,This product has too many issues to recommend. Doesn't perform as advertised and the quality feels cheap. The only positive is the customer service.,2,2024-11-23 19:41:53,4
136,634,934,Great product with impressive features. The quality feels premium and it works exactly as described. Only a few small details could be improved.,4,2025-02-27 22:36:27,14
137,319,787,Absolutely love this product! The quality is outstanding and it exceeded all my expectations. Definitely worth every penny!,5,2025-04-26 13:11:42,9
138,355,393,Complete waste of money. Barely functions as advertised and the quality is terrible. Avoid this product!,1,2024-07-01 03:35:54,1
139,814,1563,Great product with impressive features. The quality feels premium and it works exactly as described. Only a few small details could be improved.,4,2024-10-23 02:34:07,10
140,373,230,"Terrible experience with this product. Doesn't work as described, poor quality, and not worth even a fraction of the price.",1,2024-10-24 11:07:17,2
141,782,487,It's okay. Some aspects are well done while others could use improvement. It serves its purpose but doesn't exceed expectations.,3,2024-11-06 21:43:59,7
142,431,479,It's okay. Some aspects are well done while others could use improvement. It serves its purpose but doesn't exceed expectations.,3,2024-10-30 03:30:25,15
143,902,561,Do not buy this product. It broke after minimal use and the quality is much lower than depicted. Save your money and look elsewhere.,1,2025-02-13 04:41:13,4
144,270,649,"Very satisfied with this purchase. It's reliable, well-designed, and offers good performance for the price. One minor issue keeps it from being perfect.",4,2024-06-16 17:59:25,1
145,891,852,This product has too many issues to recommend. Doesn't perform as advertised and the quality feels cheap. The only positive is the customer service.,2,2025-04-01 16:18:03,4
146,39,1122,Satisfactory purchase. Works as advertised but the quality could be better. Not disappointed but not impressed either.,3,2024-10-05 18:37:37,6
147,786,184,Decent product that does the job. Nothing extraordinary but no major issues either. Fair value for the price I paid.,3,2024-10-22 17:22:56,15
148,38,215,Disappointed with this purchase. The quality is below what I expected and it doesn't work very well. A few good features but overall not worth the money.,2,2024-07-19 20:40:09,4
149,284,149,It's okay. Some aspects are well done while others could use improvement. It serves its purpose but doesn't exceed expectations.,3,2025-04-05 08:09:08,10
150,839,298,Complete waste of money. Barely functions as advertised and the quality is terrible. Avoid this product!,1,2024-12-10 15:10:58,4
151,779,1513,This product is a game-changer! The quality is exceptional and exactly what I needed. Highly recommend to anyone!,5,2024-11-18 00:51:33,17
152,191,1784,"Really happy with this product. The quality is great and it has almost all the features I was looking for. Overall, a great purchase!",4,2024-07-17 19:18:05,18
153,156,1663,Below average product with some design flaws. Works occasionally but not consistently. Wouldn't purchase again or recommend to others.,2,2024-10-31 09:34:52,2
154,893,1658,Not happy with this product. It partially works but is frustrating to use. Had higher expectations based on the description and price.,2,2024-11-18 19:28:26,1
155,445,946,Great product with impressive features. The quality feels premium and it works exactly as described. Only a few small details could be improved.,4,2024-11-29 00:00:34,1
156,802,1933,"Really happy with this product. The quality is great and it has almost all the features I was looking for. Overall, a great purchase!",4,2024-08-26 18:48:04,14
157,42,552,"Wow! This product has completely exceeded my expectations. Incredibly well-made, works perfectly, and the customer service was excellent.",5,2025-02-27 16:09:36,13
158,90,1949,Satisfactory purchase. Works as advertised but the quality could be better. Not disappointed but not impressed either.,3,2024-10-11 08:38:12,15
159,688,1167,It's okay. Some aspects are well done while others could use improvement. It serves its purpose but doesn't exceed expectations.,3,2025-04-30 04:53:37,7
160,435,125,"Very satisfied with this purchase. It's reliable, well-designed, and offers good performance for the price. One minor issue keeps it from being perfect.",4,2024-10-24 10:51:07,8
161,21,829,"Wow! This product has completely exceeded my expectations. Incredibly well-made, works perfectly, and the customer service was excellent.",5,2024-09-20 18:47:49,11
162,940,1323,This product is a game-changer! The quality is exceptional and exactly what I needed. Highly recommend to anyone!,5,2025-04-30 00:24:03,17
163,454,1430,This product is a game-changer! The quality is exceptional and exactly what I needed. Highly recommend to anyone!,5,2024-08-15 17:27:45,1
164,960,1885,Middle-of-the-road product. Has some good features but also some drawbacks. Meets basic needs but nothing exceptional about it.,3,2024-08-28 08:48:08,9
165,579,109,"Perfect product for anyone looking for quality and value. Easy to use, works flawlessly, and has all the features I was looking for. Best purchase I've made this year!",5,2024-09-24 10:05:41,5
166,798,387,This is everything it promised to be and more! Exceptional quality and beautifully designed. Could not be happier with this purchase.,5,2024-07-12 17:54:18,8
167,653,1730,This product is a game-changer! The quality is exceptional and exactly what I needed. Highly recommend to anyone!,5,2024-11-22 20:12:31,10
168,560,112,"Really happy with this product. The quality is great and it has almost all the features I was looking for. Overall, a great purchase!",4,2024-12-17 20:11:34,7
169,915,1266,"Wow! This product has completely exceeded my expectations. Incredibly well-made, works perfectly, and the customer service was excellent.",5,2024-09-19 00:09:50,3
170,122,1613,"Wow! This product has completely exceeded my expectations. Incredibly well-made, works perfectly, and the customer service was excellent.",5,2024-10-28 19:48:12,4
171,97,184,"Perfect product for anyone looking for quality and value. Easy to use, works flawlessly, and has all the features I was looking for. Best purchase I've made this year!",5,2024-11-16 03:50:40,14
172,868,154,Absolutely love this product! The quality is outstanding and it exceeded all my expectations. Definitely worth every penny!,5,2024-06-11 23:40:26,18
173,276,220,"Very good product! The build quality is impressive and it works well for my needs. Missing one feature I was hoping for, but otherwise excellent.",4,2025-03-23 01:56:44,12
174,344,1147,"Really happy with this product. The quality is great and it has almost all the features I was looking for. Overall, a great purchase!",4,2025-01-23 04:47:01,4
175,621,350,Great product with impressive features. The quality feels premium and it works exactly as described. Only a few small details could be improved.,4,2024-05-01 13:38:10,9
176,294,114,"Wow! This product has completely exceeded my expectations. Incredibly well-made, works perfectly, and the customer service was excellent.",5,2024-08-09 04:50:26,22
177,929,494,Average quality product. It functions adequately but doesn't stand out in any particular way. Gets the job done but that's about it.,3,2024-11-09 12:20:26,6
178,224,1816,"Perfect product for anyone looking for quality and value. Easy to use, works flawlessly, and has all the features I was looking for. Best purchase I've made this year!",5,2024-10-25 17:09:55,11
179,961,302,Great product with impressive features. The quality feels premium and it works exactly as described. Only a few small details could be improved.,4,2024-05-05 10:57:31,1
180,489,1166,Absolutely love this product! The quality is outstanding and it exceeded all my expectations. Definitely worth every penny!,5,2024-07-04 02:56:38,11
181,54,1238,Definitely worth buying. The performance is consistent and the design is thoughtful. Has all the core features I needed and works reliably.,4,2025-01-17 20:50:32,11
182,461,303,"Really happy with this product. The quality is great and it has almost all the features I was looking for. Overall, a great purchase!",4,2024-11-29 14:01:53,10
183,525,988,"Really happy with this product. The quality is great and it has almost all the features I was looking for. Overall, a great purchase!",4,2024-07-16 22:26:47,12
184,390,443,This product is a game-changer! The quality is exceptional and exactly what I needed. Highly recommend to anyone!,5,2025-04-08 02:55:50,18
185,120,632,"Very good product! The build quality is impressive and it works well for my needs. Missing one feature I was hoping for, but otherwise excellent.",4,2024-09-03 18:11:30,15
186,24,1863,Complete waste of money. Barely functions as advertised and the quality is terrible. Avoid this product!,1,2024-09-10 07:38:51,3
187,602,693,This product is a game-changer! The quality is exceptional and exactly what I needed. Highly recommend to anyone!,5,2024-10-10 05:30:50,7
188,8,1774,Expected much better for the price. Poor quality materials and inconsistent performance. The design is nice but doesn't make up for the problems.,2,2024-05-29 13:48:44,6
189,764,1666,This product is a game-changer! The quality is exceptional and exactly what I needed. Highly recommend to anyone!,5,2024-09-14 19:56:48,20
190,410,524,Definitely worth buying. The performance is consistent and the design is thoughtful. Has all the core features I needed and works reliably.,4,2025-03-29 23:29:06,16
191,805,608,This product is a game-changer! The quality is exceptional and exactly what I needed. Highly recommend to anyone!,5,2024-09-26 07:39:03,19
192,471,129,Complete waste of money. Barely functions as advertised and the quality is terrible. Avoid this product!,1,2024-07-20 22:28:38,2
193,440,1281,Absolutely love this product! The quality is outstanding and it exceeded all my expectations. Definitely worth every penny!,5,2025-01-22 14:26:50,19
194,29,117,Average quality product. It functions adequately but doesn't stand out in any particular way. Gets the job done but that's about it.,3,2025-03-03 23:25:47,2
195,465,13,"Perfect product for anyone looking for quality and value. Easy to use, works flawlessly, and has all the features I was looking for. Best purchase I've made this year!",5,2024-08-15 01:46:13,16
196,494,578,Absolutely love this product! The quality is outstanding and it exceeded all my expectations. Definitely worth every penny!,5,2024-08-11 08:33:04,17
197,461,825,"Wow! This product has completely exceeded my expectations. Incredibly well-made, works perfectly, and the customer service was excellent.",5,2024-07-18 04:55:42,6
198,356,435,"Very satisfied with this purchase. It's reliable, well-designed, and offers good performance for the price. One minor issue keeps it from being perfect.",4,2024-11-06 10:54:00,0
199,507,153,It's okay. Some aspects are well done while others could use improvement. It serves its purpose but doesn't exceed expectations.,3,2025-01-19 00:48:32,9
200,735,1518,This product is a game-changer! The quality is exceptional and exactly what I needed. Highly recommend to anyone!,5,2024-08-17 14:26:46,22
201,149,132,This is everything it promised to be and more! Exceptional quality and beautifully designed. Could not be happier with this purchase.,5,2024-10-25 19:30:34,5
202,116,1469,"Perfect product for anyone looking for quality and value. Easy to use, works flawlessly, and has all the features I was looking for. Best purchase I've made this year!",5,2024-09-28 14:51:14,6
203,480,1554,Great product with impressive features. The quality feels premium and it works exactly as described. Only a few small details could be improved.,4,2024-07-15 00:32:50,10
204,628,1420,Middle-of-the-road product. Has some good features but also some drawbacks. Meets basic needs but nothing exceptional about it.,3,2024-06-05 18:11:13,10
205,493,1498,"Perfect product for anyone looking for quality and value. Easy to use, works flawlessly, and has all the features I was looking for. Best purchase I've made this year!",5,2024-10-08 01:51:45,5
206,307,1378,Great product with impressive features. The quality feels premium and it works exactly as described. Only a few small details could be improved.,4,2024-06-19 06:15:42,2
207,660,1261,Decent product that does the job. Nothing extraordinary but no major issues either. Fair value for the price I paid.,3,2024-08-12 19:31:14,2
208,250,1493,Decent product that does the job. Nothing extraordinary but no major issues either. Fair value for the price I paid.,3,2024-06-11 13:39:25,4
209,686,1772,This product is a game-changer! The quality is exceptional and exactly what I needed. Highly recommend to anyone!,5,2024-06-10 07:36:20,21
210,92,173,Definitely worth buying. The performance is consistent and the design is thoughtful. Has all the core features I needed and works reliably.,4,2025-01-19 01:30:38,19
211,290,314,Absolutely love this product! The quality is outstanding and it exceeded all my expectations. Definitely worth every penny!,5,2024-10-20 18:41:40,24
212,662,223,This is everything it promised to be and more! Exceptional quality and beautifully designed. Could not be happier with this purchase.,5,2024-06-15 17:13:59,8
213,152,759,"Wow! This product has completely exceeded my expectations. Incredibly well-made, works perfectly, and the customer service was excellent.",5,2025-04-05 06:19:10,24
214,462,1551,Satisfactory purchase. Works as advertised but the quality could be better. Not disappointed but not impressed either.,3,2025-01-03 03:42:17,5
215,422,27,"Perfect product for anyone looking for quality and value. Easy to use, works flawlessly, and has all the features I was looking for. Best purchase I've made this year!",5,2024-11-02 18:48:41,4
216,481,605,Absolutely love this product! The quality is outstanding and it exceeded all my expectations. Definitely worth every penny!,5,2024-07-25 21:50:44,22
217,635,1854,This is everything it promised to be and more! Exceptional quality and beautifully designed. Could not be happier with this purchase.,5,2025-01-27 12:39:28,22
218,823,760,Absolutely love this product! The quality is outstanding and it exceeded all my expectations. Definitely worth every penny!,5,2024-07-02 20:55:22,25
219,577,136,Great product with impressive features. The quality feels premium and it works exactly as described. Only a few small details could be improved.,4,2024-09-24 02:21:55,12
220,567,469,"Perfect product for anyone looking for quality and value. Easy to use, works flawlessly, and has all the features I was looking for. Best purchase I've made this year!",5,2024-07-20 13:09:20,25
221,954,1203,This product has too many issues to recommend. Doesn't perform as advertised and the quality feels cheap. The only positive is the customer service.,2,2024-08-26 18:18:45,3
222,35,707,"Really happy with this product. The quality is great and it has almost all the features I was looking for. Overall, a great purchase!",4,2024-12-01 20:50:06,10
223,222,1225,"Terrible experience with this product. Doesn't work as described, poor quality, and not worth even a fraction of the price.",1,2024-07-20 08:03:15,5
224,603,980,"Very good product! The build quality is impressive and it works well for my needs. Missing one feature I was hoping for, but otherwise excellent.",4,2024-08-22 19:37:44,2
225,99,793,This product is a game-changer! The quality is exceptional and exactly what I needed. Highly recommend to anyone!,5,2024-11-15 13:05:02,15
226,643,534,"Really happy with this product. The quality is great and it has almost all the features I was looking for. Overall, a great purchase!",4,2024-11-27 01:04:52,10
227,940,965,Disappointed with this purchase. The quality is below what I expected and it doesn't work very well. A few good features but overall not worth the money.,2,2024-07-29 16:25:23,6
228,819,1260,Definitely worth buying. The performance is consistent and the design is thoughtful. Has all the core features I needed and works reliably.,4,2024-06-07 11:30:00,3
229,512,456,"Really happy with this product. The quality is great and it has almost all the features I was looking for. Overall, a great purchase!",4,2024-08-05 07:20:09,0
230,690,216,Great product with impressive features. The quality feels premium and it works exactly as described. Only a few small details could be improved.,4,2025-04-29 14:31:41,4
231,183,648,Definitely worth buying. The performance is consistent and the design is thoughtful. Has all the core features I needed and works reliably.,4,2025-04-06 02:55:38,15
232,943,1067,This is everything it promised to be and more! Exceptional quality and beautifully designed. Could not be happier with this purchase.,5,2024-05-16 10:19:58,4
233,8,576,Absolutely love this product! The quality is outstanding and it exceeded all my expectations. Definitely worth every penny!,5,2025-04-13 06:49:48,4
234,438,521,"Wow! This product has completely exceeded my expectations. Incredibly well-made, works perfectly, and the customer service was excellent.",5,2025-03-02 21:13:31,21
235,362,970,Satisfactory purchase. Works as advertised but the quality could be better. Not disappointed but not impressed either.,3,2024-08-16 11:22:14,2
236,87,1607,Definitely worth buying. The performance is consistent and the design is thoughtful. Has all the core features I needed and works reliably.,4,2024-10-09 20:31:35,19
237,441,1377,Below average product with some design flaws. Works occasionally but not consistently. Wouldn't purchase again or recommend to others.,2,2024-06-07 17:41:05,9
238,454,766,"Regret this purchase entirely. The product is defective, poorly designed, and completely fails to perform its basic function. Stay away!",1,2024-08-18 03:04:45,4
239,411,729,"Wow! This product has completely exceeded my expectations. Incredibly well-made, works perfectly, and the customer service was excellent.",5,2025-01-26 09:25:28,15
240,882,1,"Very satisfied with this purchase. It's reliable, well-designed, and offers good performance for the price. One minor issue keeps it from being perfect.",4,2024-07-04 22:49:33,20
241,796,1172,This is everything it promised to be and more! Exceptional quality and beautifully designed. Could not be happier with this purchase.,5,2024-08-06 19:27:26,7
242,595,931,This is everything it promised to be and more! Exceptional quality and beautifully designed. Could not be happier with this purchase.,5,2024-08-14 00:56:53,20
243,327,391,"Perfect product for anyone looking for quality and value. Easy to use, works flawlessly, and has all the features I was looking for. Best purchase I've made this year!",5,2025-04-12 22:15:40,14
244,11,1984,"Wow! This product has completely exceeded my expectations. Incredibly well-made, works perfectly, and the customer service was excellent.",5,2024-10-02 19:19:29,22
245,848,1467,This is everything it promised to be and more! Exceptional quality and beautifully designed. Could not be happier with this purchase.,5,2024-06-19 12:05:19,13
246,461,2000,This product is a game-changer! The quality is exceptional and exactly what I needed. Highly recommend to anyone!,5,2024-12-23 09:20:20,24
247,98,1317,Absolutely love this product! The quality is outstanding and it exceeded all my expectations. Definitely worth every penny!,5,2025-01-22 06:49:43,13
248,642,856,"Perfect product for anyone looking for quality and value. Easy to use, works flawlessly, and has all the features I was looking for. Best purchase I've made this year!",5,2024-08-19 12:38:48,21
249,64,1880,"Perfect product for anyone looking for quality and value. Easy to use, works flawlessly, and has all the features I was looking for. Best purchase I've made this year!",5,2024-08-14 02:27:29,2
250,516,1793,"Perfect product for anyone looking for quality and value. Easy to use, works flawlessly, and has all the features I was looking for. Best purchase I've made this year!",5,2025-04-26 17:59:22,24
251,360,1188,"Very good product! The build quality is impressive and it works well for my needs. Missing one feature I was hoping for, but otherwise excellent.",4,2024-11-24 13:02:26,10
252,939,714,Absolutely love this product! The quality is outstanding and it exceeded all my expectations. Definitely worth every penny!,5,2024-11-17 04:13:06,6
253,765,357,"Very good product! The build quality is impressive and it works well for my needs. Missing one feature I was hoping for, but otherwise excellent.",4,2024-10-17 15:00:09,5
254,494,802,"Perfect product for anyone looking for quality and value. Easy to use, works flawlessly, and has all the features I was looking for. Best purchase I've made this year!",5,2024-11-24 10:37:49,9
255,365,919,"Very good product! The build quality is impressive and it works well for my needs. Missing one feature I was hoping for, but otherwise excellent.",4,2024-07-16 05:23:17,12
256,985,427,This product has too many issues to recommend. Doesn't perform as advertised and the quality feels cheap. The only positive is the customer service.,2,2024-09-23 07:00:43,4
257,710,227,"Wow! This product has completely exceeded my expectations. Incredibly well-made, works perfectly, and the customer service was excellent.",5,2024-08-20 14:54:00,20
258,272,1815,This product is a game-changer! The quality is exceptional and exactly what I needed. Highly recommend to anyone!,5,2024-11-01 09:45:42,5
259,120,974,"Very satisfied with this purchase. It's reliable, well-designed, and offers good performance for the price. One minor issue keeps it from being perfect.",4,2024-10-31 10:45:52,9
260,725,1967,"Perfect product for anyone looking for quality and value. Easy to use, works flawlessly, and has all the features I was looking for. Best purchase I've made this year!",5,2025-02-28 04:54:46,9
261,393,1843,Definitely worth buying. The performance is consistent and the design is thoughtful. Has all the core features I needed and works reliably.,4,2024-05-29 11:41:17,6
262,556,696,This product is a game-changer! The quality is exceptional and exactly what I needed. Highly recommend to anyone!,5,2024-11-11 11:53:41,22
263,395,1245,Expected much better for the price. Poor quality materials and inconsistent performance. The design is nice but doesn't make up for the problems.,2,2024-08-28 11:02:38,7
264,579,627,"Wow! This product has completely exceeded my expectations. Incredibly well-made, works perfectly, and the customer service was excellent.",5,2024-07-16 17:56:59,23
265,883,479,Below average product with some design flaws. Works occasionally but not consistently. Wouldn't purchase again or recommend to others.,2,2025-04-04 10:53:48,10
266,344,1143,"Really happy with this product. The quality is great and it has almost all the features I was looking for. Overall, a great purchase!",4,2024-10-07 15:31:56,7
267,54,1890,Great product with impressive features. The quality feels premium and it works exactly as described. Only a few small details could be improved.,4,2025-01-07 16:06:29,17
268,255,233,"Very satisfied with this purchase. It's reliable, well-designed, and offers good performance for the price. One minor issue keeps it from being perfect.",4,2024-10-19 06:45:22,14
269,164,1856,"Perfect product for anyone looking for quality and value. Easy to use, works flawlessly, and has all the features I was looking for. Best purchase I've made this year!",5,2024-09-21 17:05:45,2
270,136,781,Absolutely love this product! The quality is outstanding and it exceeded all my expectations. Definitely worth every penny!,5,2024-06-02 02:20:49,2
271,318,1077,Expected much better for the price. Poor quality materials and inconsistent performance. The design is nice but doesn't make up for the problems.,2,2024-06-01 14:10:26,8
272,658,580,Absolutely love this product! The quality is outstanding and it exceeded all my expectations. Definitely worth every penny!,5,2024-07-30 15:35:02,0
273,198,1653,This product is a game-changer! The quality is exceptional and exactly what I needed. Highly recommend to anyone!,5,2025-04-29 09:42:11,21
274,405,250,Middle-of-the-road product. Has some good features but also some drawbacks. Meets basic needs but nothing exceptional about it.,3,2024-06-13 01:08:52,1
275,706,1394,"Perfect product for anyone looking for quality and value. Easy to use, works flawlessly, and has all the features I was looking for. Best purchase I've made this year!",5,2024-09-20 02:50:54,12
276,746,509,"Really happy with this product. The quality is great and it has almost all the features I was looking for. Overall, a great purchase!",4,2024-08-17 12:00:31,14
277,349,1134,"Perfect product for anyone looking for quality and value. Easy to use, works flawlessly, and has all the features I was looking for. Best purchase I've made this year!",5,2024-09-23 05:14:00,0
278,520,34,Disappointed with this purchase. The quality is below what I expected and it doesn't work very well. A few good features but overall not worth the money.,2,2024-08-15 02:23:30,10
279,646,1683,Definitely worth buying. The performance is consistent and the design is thoughtful. Has all the core features I needed and works reliably.,4,2025-02-08 13:53:28,5
280,44,805,Not happy with this product. It partially works but is frustrating to use. Had higher expectations based on the description and price.,2,2025-03-03 02:42:02,7
281,536,915,Definitely worth buying. The performance is consistent and the design is thoughtful. Has all the core features I needed and works reliably.,4,2024-07-01 02:00:15,18
282,368,1576,Definitely worth buying. The performance is consistent and the design is thoughtful. Has all the core features I needed and works reliably.,4,2025-04-19 23:29:29,11
283,812,317,This product is a game-changer! The quality is exceptional and exactly what I needed. Highly recommend to anyone!,5,2024-09-05 00:46:57,21
284,288,975,This product is a game-changer! The quality is exceptional and exactly what I needed. Highly recommend to anyone!,5,2024-05-14 16:32:52,4
285,886,247,"Very good product! The build quality is impressive and it works well for my needs. Missing one feature I was hoping for, but otherwise excellent.",4,2024-10-16 11:13:26,5
286,769,1006,"Perfect product for anyone looking for quality and value. Easy to use, works flawlessly, and has all the features I was looking for. Best purchase I've made this year!",5,2025-01-25 05:27:21,0
287,471,1515,This product is a game-changer! The quality is exceptional and exactly what I needed. Highly recommend to anyone!,5,2025-02-15 16:03:40,8
288,951,392,Absolutely love this product! The quality is outstanding and it exceeded all my expectations. Definitely worth every penny!,5,2024-05-23 18:41:06,19
289,252,1837,This product is a game-changer! The quality is exceptional and exactly what I needed. Highly recommend to anyone!,5,2025-02-04 02:45:53,16
290,281,606,Do not buy this product. It broke after minimal use and the quality is much lower than depicted. Save your money and look elsewhere.,1,2024-07-15 04:00:47,1
291,447,1676,"Very good product! The build quality is impressive and it works well for my needs. Missing one feature I was hoping for, but otherwise excellent.",4,2024-11-06 08:49:16,1
292,620,1230,This product is a game-changer! The quality is exceptional and exactly what I needed. Highly recommend to anyone!,5,2024-06-22 19:52:23,12
293,504,467,"Really happy with this product. The quality is great and it has almost all the features I was looking for. Overall, a great purchase!",4,2025-02-11 12:29:22,13
294,193,870,Disappointed with this purchase. The quality is below what I expected and it doesn't work very well. A few good features but overall not worth the money.,2,2025-03-28 21:57:58,3
295,436,321,"Perfect product for anyone looking for quality and value. Easy to use, works flawlessly, and has all the features I was looking for. Best purchase I've made this year!",5,2024-08-28 15:11:49,18
296,799,268,This is everything it promised to be and more! Exceptional quality and beautifully designed. Could not be happier with this purchase.,5,2024-12-06 15:15:52,25
297,200,684,"Very satisfied with this purchase. It's reliable, well-designed, and offers good performance for the price. One minor issue keeps it from being perfect.",4,2024-08-26 01:50:16,9
298,297,1371,Do not buy this product. It broke after minimal use and the quality is much lower than depicted. Save your money and look elsewhere.,1,2024-07-05 22:31:58,5
299,247,144,"Very good product! The build quality is impressive and it works well for my needs. Missing one feature I was hoping for, but otherwise excellent.",4,2024-10-27 01:21:17,12
300,54,1477,"Wow! This product has completely exceeded my expectations. Incredibly well-made, works perfectly, and the customer service was excellent.",5,2024-08-14 16:07:39,7
301,103,1839,Do not buy this product. It broke after minimal use and the quality is much lower than depicted. Save your money and look elsewhere.,1,2024-10-14 09:25:29,3
302,127,465,Absolutely love this product! The quality is outstanding and it exceeded all my expectations. Definitely worth every penny!,5,2024-06-15 19:18:15,11
303,722,1230,This product is a game-changer! The quality is exceptional and exactly what I needed. Highly recommend to anyone!,5,2025-01-21 05:31:29,3
304,941,366,Complete waste of money. Barely functions as advertised and the quality is terrible. Avoid this product!,1,2024-12-12 13:41:00,3
305,95,704,Below average product with some design flaws. Works occasionally but not consistently. Wouldn't purchase again or recommend to others.,2,2024-10-14 12:34:46,4
306,843,219,"Wow! This product has completely exceeded my expectations. Incredibly well-made, works perfectly, and the customer service was excellent.",5,2024-11-29 11:26:54,15
307,730,1474,This is everything it promised to be and more! Exceptional quality and beautifully designed. Could not be happier with this purchase.,5,2024-05-04 15:51:59,0
308,427,354,This product is a game-changer! The quality is exceptional and exactly what I needed. Highly recommend to anyone!,5,2024-10-04 19:52:22,25
309,100,138,Satisfactory purchase. Works as advertised but the quality could be better. Not disappointed but not impressed either.,3,2024-06-13 09:19:04,2
310,729,821,This product is a game-changer! The quality is exceptional and exactly what I needed. Highly recommend to anyone!,5,2024-10-31 09:51:36,6
311,29,1985,"Wow! This product has completely exceeded my expectations. Incredibly well-made, works perfectly, and the customer service was excellent.",5,2025-02-16 14:23:41,2
312,200,1229,"Very good product! The build quality is impressive and it works well for my needs. Missing one feature I was hoping for, but otherwise excellent.",4,2024-09-11 10:38:44,13
313,426,1018,Absolutely love this product! The quality is outstanding and it exceeded all my expectations. Definitely worth every penny!,5,2025-04-09 21:26:34,3
314,861,1035,Do not buy this product. It broke after minimal use and the quality is much lower than depicted. Save your money and look elsewhere.,1,2025-01-24 16:43:56,5
315,617,330,"Really happy with this product. The quality is great and it has almost all the features I was looking for. Overall, a great purchase!",4,2024-06-26 17:06:20,5
316,657,271,This product is a game-changer! The quality is exceptional and exactly what I needed. Highly recommend to anyone!,5,2025-01-28 07:44:39,15
317,381,216,Great product with impressive features. The quality feels premium and it works exactly as described. Only a few small details could be improved.,4,2024-05-05 09:13:18,6
318,578,182,"Very good product! The build quality is impressive and it works well for my needs. Missing one feature I was hoping for, but otherwise excellent.",4,2024-06-04 00:05:32,0
319,94,928,"Perfect product for anyone looking for quality and value. Easy to use, works flawlessly, and has all the features I was looking for. Best purchase I've made this year!",5,2024-08-15 04:01:54,13
320,621,58,"Wow! This product has completely exceeded my expectations. Incredibly well-made, works perfectly, and the customer service was excellent.",5,2024-08-02 02:56:07,11
321,333,1076,This product is a game-changer! The quality is exceptional and exactly what I needed. Highly recommend to anyone!,5,2024-09-09 23:33:15,12
322,146,1628,This is everything it promised to be and more! Exceptional quality and beautifully designed. Could not be happier with this purchase.,5,2025-02-02 06:47:15,9
323,702,745,"Really happy with this product. The quality is great and it has almost all the features I was looking for. Overall, a great purchase!",4,2024-11-09 23:10:14,3
324,365,1969,This is everything it promised to be and more! Exceptional quality and beautifully designed. Could not be happier with this purchase.,5,2024-11-12 01:21:45,9
325,340,1752,This is everything it promised to be and more! Exceptional quality and beautifully designed. Could not be happier with this purchase.,5,2024-09-21 12:44:14,3
326,254,974,Complete waste of money. Barely functions as advertised and the quality is terrible. Avoid this product!,1,2025-01-08 09:18:44,3
327,354,514,It's okay. Some aspects are well done while others could use improvement. It serves its purpose but doesn't exceed expectations.,3,2024-11-06 13:31:29,4
328,71,426,Expected much better for the price. Poor quality materials and inconsistent performance. The design is nice but doesn't make up for the problems.,2,2025-02-03 21:35:51,4
329,381,580,Absolutely love this product! The quality is outstanding and it exceeded all my expectations. Definitely worth every penny!,5,2024-06-16 23:21:39,3
330,786,1457,Absolutely love this product! The quality is outstanding and it exceeded all my expectations. Definitely worth every penny!,5,2024-06-11 02:51:22,0
331,647,884,This is everything it promised to be and more! Exceptional quality and beautifully designed. Could not be happier with this purchase.,5,2025-04-08 02:12:48,18
332,12,916,"Wow! This product has completely exceeded my expectations. Incredibly well-made, works perfectly, and the customer service was excellent.",5,2024-11-29 13:38:10,6
333,513,155,This product is a game-changer! The quality is exceptional and exactly what I needed. Highly recommend to anyone!,5,2025-03-02 06:21:57,0
334,127,1782,This is everything it promised to be and more! Exceptional quality and beautifully designed. Could not be happier with this purchase.,5,2024-06-10 01:16:25,14
335,799,1734,"Very satisfied with this purchase. It's reliable, well-designed, and offers good performance for the price. One minor issue keeps it from being perfect.",4,2025-03-05 04:14:03,10
336,927,793,"Wow! This product has completely exceeded my expectations. Incredibly well-made, works perfectly, and the customer service was excellent.",5,2025-01-12 14:55:48,0
337,357,1408,"Wow! This product has completely exceeded my expectations. Incredibly well-made, works perfectly, and the customer service was excellent.",5,2024-12-05 03:40:46,16
338,392,87,"Very satisfied with this purchase. It's reliable, well-designed, and offers good performance for the price. One minor issue keeps it from being perfect.",4,2025-03-27 17:26:40,8
339,592,838,This is everything it promised to be and more! Exceptional quality and beautifully designed. Could not be happier with this purchase.,5,2024-12-16 06:51:41,0
340,351,785,"Really happy with this product. The quality is great and it has almost all the features I was looking for. Overall, a great purchase!",4,2024-10-27 17:41:46,10
341,918,1015,"Very satisfied with this purchase. It's reliable, well-designed, and offers good performance for the price. One minor issue keeps it from being perfect.",4,2025-03-14 05:00:30,7
342,221,1892,Complete waste of money. Barely functions as advertised and the quality is terrible. Avoid this product!,1,2024-08-25 16:49:18,5
343,107,1633,This product is a game-changer! The quality is exceptional and exactly what I needed. Highly recommend to anyone!,5,2024-12-18 01:31:18,23
344,766,1381,Great product with impressive features. The quality feels premium and it works exactly as described. Only a few small details could be improved.,4,2025-01-02 23:52:09,0
345,56,1141,"Really happy with this product. The quality is great and it has almost all the features I was looking for. Overall, a great purchase!",4,2024-07-28 20:13:16,13
346,942,1499,"Very good product! The build quality is impressive and it works well for my needs. Missing one feature I was hoping for, but otherwise excellent.",4,2025-01-13 18:53:21,8
347,429,65,Absolutely love this product! The quality is outstanding and it exceeded all my expectations. Definitely worth every penny!,5,2025-01-04 09:59:08,12
348,106,542,"Perfect product for anyone looking for quality and value. Easy to use, works flawlessly, and has all the features I was looking for. Best purchase I've made this year!",5,2025-04-20 06:40:32,11
349,95,1553,"Regret this purchase entirely. The product is defective, poorly designed, and completely fails to perform its basic function. Stay away!",1,2024-06-26 17:01:55,4
350,444,404,"Perfect product for anyone looking for quality and value. Easy to use, works flawlessly, and has all the features I was looking for. Best purchase I've made this year!",5,2024-12-14 17:53:26,2
351,10,1854,"Regret this purchase entirely. The product is defective, poorly designed, and completely fails to perform its basic function. Stay away!",1,2025-02-08 03:42:46,0
352,894,465,Average quality product. It functions adequately but doesn't stand out in any particular way. Gets the job done but that's about it.,3,2024-06-26 21:13:21,9
353,976,221,"Really happy with this product. The quality is great and it has almost all the features I was looking for. Overall, a great purchase!",4,2024-08-02 08:07:18,19
354,547,1416,This is everything it promised to be and more! Exceptional quality and beautifully designed. Could not be happier with this purchase.,5,2024-09-15 23:40:36,0
355,756,1898,"Very good product! The build quality is impressive and it works well for my needs. Missing one feature I was hoping for, but otherwise excellent.",4,2025-02-03 13:48:25,17
356,552,608,This product is a game-changer! The quality is exceptional and exactly what I needed. Highly recommend to anyone!,5,2024-05-21 09:42:05,17
357,741,123,Expected much better for the price. Poor quality materials and inconsistent performance. The design is nice but doesn't make up for the problems.,2,2024-06-27 08:00:07,4
358,323,603,This product is a game-changer! The quality is exceptional and exactly what I needed. Highly recommend to anyone!,5,2024-07-19 20:15:03,17
359,447,1776,Below average product with some design flaws. Works occasionally but not consistently. Wouldn't purchase again or recommend to others.,2,2024-07-12 12:04:48,7
360,360,318,Complete waste of money. Barely functions as advertised and the quality is terrible. Avoid this product!,1,2025-01-25 12:33:53,3
361,236,1441,Below average product with some design flaws. Works occasionally but not consistently. Wouldn't purchase again or recommend to others.,2,2024-12-05 03:51:48,10
362,414,1860,"Terrible experience with this product. Doesn't work as described, poor quality, and not worth even a fraction of the price.",1,2024-05-27 05:41:23,1
363,61,8,This is everything it promised to be and more! Exceptional quality and beautifully designed. Could not be happier with this purchase.,5,2025-03-07 21:43:57,2
364,854,1373,It's okay. Some aspects are well done while others could use improvement. It serves its purpose but doesn't exceed expectations.,3,2024-10-06 11:20:21,0
365,142,706,Great product with impressive features. The quality feels premium and it works exactly as described. Only a few small details could be improved.,4,2024-06-11 21:35:16,2
366,460,1854,"Perfect product for anyone looking for quality and value. Easy to use, works flawlessly, and has all the features I was looking for. Best purchase I've made this year!",5,2025-01-18 18:38:56,14
367,713,1555,This product is a game-changer! The quality is exceptional and exactly what I needed. Highly recommend to anyone!,5,2024-08-24 16:24:50,7
368,20,1474,Great product with impressive features. The quality feels premium and it works exactly as described. Only a few small details could be improved.,4,2024-05-22 16:11:36,15
369,180,37,"Really happy with this product. The quality is great and it has almost all the features I was looking for. Overall, a great purchase!",4,2024-10-14 08:45:38,16
370,741,1234,Middle-of-the-road product. Has some good features but also some drawbacks. Meets basic needs but nothing exceptional about it.,3,2024-11-21 05:09:18,13
371,526,392,"Really happy with this product. The quality is great and it has almost all the features I was looking for. Overall, a great purchase!",4,2024-10-19 12:46:12,11
372,701,1519,"Really happy with this product. The quality is great and it has almost all the features I was looking for. Overall, a great purchase!",4,2024-10-02 22:59:33,7
373,294,863,"Perfect product for anyone looking for quality and value. Easy to use, works flawlessly, and has all the features I was looking for. Best purchase I've made this year!",5,2024-12-23 23:35:34,4
374,802,1620,This product has too many issues to recommend. Doesn't perform as advertised and the quality feels cheap. The only positive is the customer service.,2,2024-06-28 03:50:57,7
375,8,916,Not happy with this product. It partially works but is frustrating to use. Had higher expectations based on the description and price.,2,2025-01-09 12:45:41,2
376,780,1213,Absolutely love this product! The quality is outstanding and it exceeded all my expectations. Definitely worth every penny!,5,2025-02-15 15:46:47,25
377,563,1766,Great product with impressive features. The quality feels premium and it works exactly as described. Only a few small details could be improved.,4,2024-11-02 18:42:09,14
378,156,384,Satisfactory purchase. Works as advertised but the quality could be better. Not disappointed but not impressed either.,3,2024-05-17 20:38:36,3
379,528,741,Great product with impressive features. The quality feels premium and it works exactly as described. Only a few small details could be improved.,4,2024-09-18 21:48:00,0
380,590,354,Definitely worth buying. The performance is consistent and the design is thoughtful. Has all the core features I needed and works reliably.,4,2025-01-08 01:09:45,6
381,570,896,"Really happy with this product. The quality is great and it has almost all the features I was looking for. Overall, a great purchase!",4,2024-10-03 19:35:13,2
382,363,1343,This is everything it promised to be and more! Exceptional quality and beautifully designed. Could not be happier with this purchase.,5,2024-08-09 23:19:11,20
383,676,1025,"Perfect product for anyone looking for quality and value. Easy to use, works flawlessly, and has all the features I was looking for. Best purchase I've made this year!",5,2024-09-06 02:27:01,9
384,666,1515,Disappointed with this purchase. The quality is below what I expected and it doesn't work very well. A few good features but overall not worth the money.,2,2025-03-22 04:56:54,1
385,88,878,This product is a game-changer! The quality is exceptional and exactly what I needed. Highly recommend to anyone!,5,2024-06-14 14:38:21,22
386,567,951,This is everything it promised to be and more! Exceptional quality and beautifully designed. Could not be happier with this purchase.,5,2024-10-09 10:11:53,10
387,793,567,Satisfactory purchase. Works as advertised but the quality could be better. Not disappointed but not impressed either.,3,2025-04-02 08:12:52,8
388,853,1274,"Perfect product for anyone looking for quality and value. Easy to use, works flawlessly, and has all the features I was looking for. Best purchase I've made this year!",5,2025-01-16 00:31:12,10
389,366,1398,"Regret this purchase entirely. The product is defective, poorly designed, and completely fails to perform its basic function. Stay away!",1,2025-03-23 04:21:11,3
390,175,1513,Decent product that does the job. Nothing extraordinary but no major issues either. Fair value for the price I paid.,3,2024-10-23 04:30:03,0
391,359,902,This is everything it promised to be and more! Exceptional quality and beautifully designed. Could not be happier with this purchase.,5,2024-05-10 04:32:44,5
392,722,57,"Very good product! The build quality is impressive and it works well for my needs. Missing one feature I was hoping for, but otherwise excellent.",4,2025-01-12 01:39:12,9
393,433,1120,"Perfect product for anyone looking for quality and value. Easy to use, works flawlessly, and has all the features I was looking for. Best purchase I've made this year!",5,2024-12-27 16:49:30,23
394,143,1718,Average quality product. It functions adequately but doesn't stand out in any particular way. Gets the job done but that's about it.,3,2024-12-28 11:51:17,13
395,303,467,"Wow! This product has completely exceeded my expectations. Incredibly well-made, works perfectly, and the customer service was excellent.",5,2025-01-21 09:45:37,23
396,326,898,Extremely disappointed. The product arrived damaged and doesn't work properly. Customer service was unhelpful when I tried to resolve the issue.,1,2025-02-14 09:48:57,0
397,335,1833,"Perfect product for anyone looking for quality and value. Easy to use, works flawlessly, and has all the features I was looking for. Best purchase I've made this year!",5,2024-11-17 21:12:03,18
398,166,1757,"Really happy with this product. The quality is great and it has almost all the features I was looking for. Overall, a great purchase!",4,2025-03-03 15:20:40,5
399,454,905,"Perfect product for anyone looking for quality and value. Easy to use, works flawlessly, and has all the features I was looking for. Best purchase I've made this year!",5,2025-03-03 06:21:45,25
400,145,313,Satisfactory purchase. Works as advertised but the quality could be better. Not disappointed but not impressed either.,3,2024-12-10 22:07:46,9
401,524,1786,This product is a game-changer! The quality is exceptional and exactly what I needed. Highly recommend to anyone!,5,2025-02-07 12:27:33,2
402,514,1807,Great product with impressive features. The quality feels premium and it works exactly as described. Only a few small details could be improved.,4,2025-03-24 04:33:09,2
403,120,1195,"Very good product! The build quality is impressive and it works well for my needs. Missing one feature I was hoping for, but otherwise excellent.",4,2024-07-06 08:40:03,20
404,319,705,"Very good product! The build quality is impressive and it works well for my needs. Missing one feature I was hoping for, but otherwise excellent.",4,2025-01-18 13:38:55,3
405,406,319,This is everything it promised to be and more! Exceptional quality and beautifully designed. Could not be happier with this purchase.,5,2024-06-20 20:21:45,21
406,542,144,This is everything it promised to be and more! Exceptional quality and beautifully designed. Could not be happier with this purchase.,5,2024-11-14 00:16:30,11
407,320,1180,Average quality product. It functions adequately but doesn't stand out in any particular way. Gets the job done but that's about it.,3,2025-03-03 04:40:59,5
408,41,545,"Very good product! The build quality is impressive and it works well for my needs. Missing one feature I was hoping for, but otherwise excellent.",4,2025-03-06 05:14:26,10
409,338,629,Satisfactory purchase. Works as advertised but the quality could be better. Not disappointed but not impressed either.,3,2024-05-10 04:19:11,5
410,808,398,Decent product that does the job. Nothing extraordinary but no major issues either. Fair value for the price I paid.,3,2024-10-23 04:34:21,14
411,843,1108,Disappointed with this purchase. The quality is below what I expected and it doesn't work very well. A few good features but overall not worth the money.,2,2024-05-22 00:30:44,4
412,569,1469,This product is a game-changer! The quality is exceptional and exactly what I needed. Highly recommend to anyone!,5,2024-11-22 07:33:03,1
413,232,940,Absolutely love this product! The quality is outstanding and it exceeded all my expectations. Definitely worth every penny!,5,2024-12-23 06:36:29,21
414,883,1840,It's okay. Some aspects are well done while others could use improvement. It serves its purpose but doesn't exceed expectations.,3,2024-08-10 17:40:15,1
415,587,1908,"Regret this purchase entirely. The product is defective, poorly designed, and completely fails to perform its basic function. Stay away!",1,2024-09-24 23:21:51,5
416,737,1539,Not happy with this product. It partially works but is frustrating to use. Had higher expectations based on the description and price.,2,2024-11-27 11:12:17,5
417,132,95,This is everything it promised to be and more! Exceptional quality and beautifully designed. Could not be happier with this purchase.,5,2025-03-13 08:09:44,2
418,263,1785,This is everything it promised to be and more! Exceptional quality and beautifully designed. Could not be happier with this purchase.,5,2024-07-14 13:31:48,16
419,894,1679,Great product with impressive features. The quality feels premium and it works exactly as described. Only a few small details could be improved.,4,2025-02-22 02:53:30,8
420,735,1378,"Perfect product for anyone looking for quality and value. Easy to use, works flawlessly, and has all the features I was looking for. Best purchase I've made this year!",5,2024-09-20 23:50:36,11
421,63,1205,"Wow! This product has completely exceeded my expectations. Incredibly well-made, works perfectly, and the customer service was excellent.",5,2025-02-27 13:38:32,13
422,536,511,"Very good product! The build quality is impressive and it works well for my needs. Missing one feature I was hoping for, but otherwise excellent.",4,2024-07-08 19:13:17,9
423,663,1340,This product is a game-changer! The quality is exceptional and exactly what I needed. Highly recommend to anyone!,5,2025-01-15 12:21:23,22
424,723,1314,This is everything it promised to be and more! Exceptional quality and beautifully designed. Could not be happier with this purchase.,5,2024-07-29 04:19:15,0
425,712,1347,This product is a game-changer! The quality is exceptional and exactly what I needed. Highly recommend to anyone!,5,2024-11-05 03:12:07,25
426,513,998,"Perfect product for anyone looking for quality and value. Easy to use, works flawlessly, and has all the features I was looking for. Best purchase I've made this year!",5,2024-11-08 02:01:53,9
427,641,142,Extremely disappointed. The product arrived damaged and doesn't work properly. Customer service was unhelpful when I tried to resolve the issue.,1,2024-11-02 15:57:15,2
428,206,1021,"Perfect product for anyone looking for quality and value. Easy to use, works flawlessly, and has all the features I was looking for. Best purchase I've made this year!",5,2024-10-21 23:57:45,1
429,891,1523,"Perfect product for anyone looking for quality and value. Easy to use, works flawlessly, and has all the features I was looking for. Best purchase I've made this year!",5,2024-05-08 18:08:34,16
430,535,1401,"Perfect product for anyone looking for quality and value. Easy to use, works flawlessly, and has all the features I was looking for. Best purchase I've made this year!",5,2024-06-29 22:53:35,1
431,953,92,Absolutely love this product! The quality is outstanding and it exceeded all my expectations. Definitely worth every penny!,5,2024-10-17 23:32:35,8
432,603,659,Below average product with some design flaws. Works occasionally but not consistently. Wouldn't purchase again or recommend to others.,2,2024-10-07 14:32:58,2
433,297,795,This product is a game-changer! The quality is exceptional and exactly what I needed. Highly recommend to anyone!,5,2024-12-20 06:26:06,1
434,251,1355,Great product with impressive features. The quality feels premium and it works exactly as described. Only a few small details could be improved.,4,2024-10-16 03:15:56,17
435,4,1202,"Very satisfied with this purchase. It's reliable, well-designed, and offers good performance for the price. One minor issue keeps it from being perfect.",4,2025-04-19 22:20:53,8
436,98,1874,Absolutely love this product! The quality is outstanding and it exceeded all my expectations. Definitely worth every penny!,5,2024-06-01 20:46:45,4
437,200,1078,This is everything it promised to be and more! Exceptional quality and beautifully designed. Could not be happier with this purchase.,5,2024-11-22 15:39:26,3
438,968,1471,This is everything it promised to be and more! Exceptional quality and beautifully designed. Could not be happier with this purchase.,5,2025-03-12 18:53:37,17
439,343,1866,"Very satisfied with this purchase. It's reliable, well-designed, and offers good performance for the price. One minor issue keeps it from being perfect.",4,2024-08-08 20:34:43,5
440,799,624,"Perfect product for anyone looking for quality and value. Easy to use, works flawlessly, and has all the features I was looking for. Best purchase I've made this year!",5,2025-01-05 18:38:21,12
441,213,967,Middle-of-the-road product. Has some good features but also some drawbacks. Meets basic needs but nothing exceptional about it.,3,2024-12-26 21:04:30,13
442,376,1775,This product is a game-changer! The quality is exceptional and exactly what I needed. Highly recommend to anyone!,5,2025-03-17 21:53:38,23
443,311,1909,Absolutely love this product! The quality is outstanding and it exceeded all my expectations. Definitely worth every penny!,5,2025-01-09 01:29:25,7
444,10,1696,"Wow! This product has completely exceeded my expectations. Incredibly well-made, works perfectly, and the customer service was excellent.",5,2024-06-20 02:34:50,13
445,12,1062,This product is a game-changer! The quality is exceptional and exactly what I needed. Highly recommend to anyone!,5,2024-12-15 10:27:00,21
446,811,266,"Perfect product for anyone looking for quality and value. Easy to use, works flawlessly, and has all the features I was looking for. Best purchase I've made this year!",5,2024-10-04 17:54:44,23
447,544,1560,Definitely worth buying. The performance is consistent and the design is thoughtful. Has all the core features I needed and works reliably.,4,2024-09-04 04:35:10,14
448,660,1490,This is everything it promised to be and more! Exceptional quality and beautifully designed. Could not be happier with this purchase.,5,2025-03-29 14:09:18,6
449,152,750,Middle-of-the-road product. Has some good features but also some drawbacks. Meets basic needs but nothing exceptional about it.,3,2025-01-06 17:14:57,14
450,811,1321,"Very satisfied with this purchase. It's reliable, well-designed, and offers good performance for the price. One minor issue keeps it from being perfect.",4,2024-09-13 00:09:42,12
451,772,90,Middle-of-the-road product. Has some good features but also some drawbacks. Meets basic needs but nothing exceptional about it.,3,2024-09-11 19:22:28,3
452,62,1647,This product is a game-changer! The quality is exceptional and exactly what I needed. Highly recommend to anyone!,5,2024-12-16 18:44:06,11
453,197,664,This product is a game-changer! The quality is exceptional and exactly what I needed. Highly recommend to anyone!,5,2024-06-11 07:41:26,3
454,505,1844,"Very good product! The build quality is impressive and it works well for my needs. Missing one feature I was hoping for, but otherwise excellent.",4,2024-07-26 23:49:23,11
455,814,1943,Satisfactory purchase. Works as advertised but the quality could be better. Not disappointed but not impressed either.,3,2025-01-16 04:38:10,9
456,183,858,"Perfect product for anyone looking for quality and value. Easy to use, works flawlessly, and has all the features I was looking for. Best purchase I've made this year!",5,2024-05-02 15:01:25,22
457,341,1760,Do not buy this product. It broke after minimal use and the quality is much lower than depicted. Save your money and look elsewhere.,1,2024-05-03 22:54:23,0
458,88,259,Absolutely love this product! The quality is outstanding and it exceeded all my expectations. Definitely worth every penny!,5,2024-09-02 00:00:47,9
459,50,511,"Terrible experience with this product. Doesn't work as described, poor quality, and not worth even a fraction of the price.",1,2024-09-20 20:18:16,2
460,863,1035,It's okay. Some aspects are well done while others could use improvement. It serves its purpose but doesn't exceed expectations.,3,2025-02-12 15:35:00,6
461,479,1231,"Wow! This product has completely exceeded my expectations. Incredibly well-made, works perfectly, and the customer service was excellent.",5,2024-10-27 00:39:32,16
462,599,61,Disappointed with this purchase. The quality is below what I expected and it doesn't work very well. A few good features but overall not worth the money.,2,2024-09-13 19:35:02,1
463,564,1618,Decent product that does the job. Nothing extraordinary but no major issues either. Fair value for the price I paid.,3,2024-11-17 00:07:31,15
464,609,522,"Perfect product for anyone looking for quality and value. Easy to use, works flawlessly, and has all the features I was looking for. Best purchase I've made this year!",5,2024-12-09 18:19:47,14
465,901,507,Complete waste of money. Barely functions as advertised and the quality is terrible. Avoid this product!,1,2024-11-24 20:24:42,0
466,90,1079,"Wow! This product has completely exceeded my expectations. Incredibly well-made, works perfectly, and the customer service was excellent.",5,2024-05-22 08:40:01,3
467,877,752,Definitely worth buying. The performance is consistent and the design is thoughtful. Has all the core features I needed and works reliably.,4,2025-03-12 05:01:39,17
468,930,1570,"Wow! This product has completely exceeded my expectations. Incredibly well-made, works perfectly, and the customer service was excellent.",5,2024-11-24 11:32:59,5
469,160,669,This is everything it promised to be and more! Exceptional quality and beautifully designed. Could not be happier with this purchase.,5,2025-04-13 13:38:21,20
470,981,244,"Really happy with this product. The quality is great and it has almost all the features I was looking for. Overall, a great purchase!",4,2025-01-07 18:42:40,14
471,760,80,It's okay. Some aspects are well done while others could use improvement. It serves its purpose but doesn't exceed expectations.,3,2025-01-26 01:10:38,2
472,789,1476,Expected much better for the price. Poor quality materials and inconsistent performance. The design is nice but doesn't make up for the problems.,2,2024-12-28 01:37:41,2
473,697,529,This is everything it promised to be and more! Exceptional quality and beautifully designed. Could not be happier with this purchase.,5,2024-09-21 01:39:56,14
474,826,42,This is everything it promised to be and more! Exceptional quality and beautifully designed. Could not be happier with this purchase.,5,2025-01-19 21:54:21,18
475,430,1336,"Perfect product for anyone looking for quality and value. Easy to use, works flawlessly, and has all the features I was looking for. Best purchase I've made this year!",5,2024-11-20 11:59:55,25
476,730,180,Great product with impressive features. The quality feels premium and it works exactly as described. Only a few small details could be improved.,4,2025-04-14 16:31:13,17
477,158,604,This product is a game-changer! The quality is exceptional and exactly what I needed. Highly recommend to anyone!,5,2024-11-23 08:22:28,18
478,929,78,Not happy with this product. It partially works but is frustrating to use. Had higher expectations based on the description and price.,2,2024-07-28 20:28:59,8
479,276,215,It's okay. Some aspects are well done while others could use improvement. It serves its purpose but doesn't exceed expectations.,3,2024-12-27 19:40:33,13
480,785,1031,This product has too many issues to recommend. Doesn't perform as advertised and the quality feels cheap. The only positive is the customer service.,2,2024-06-03 05:10:47,9
481,879,1466,Expected much better for the price. Poor quality materials and inconsistent performance. The design is nice but doesn't make up for the problems.,2,2025-02-25 01:13:25,3
482,899,70,"Really happy with this product. The quality is great and it has almost all the features I was looking for. Overall, a great purchase!",4,2024-10-27 06:19:25,8
483,657,1514,Absolutely love this product! The quality is outstanding and it exceeded all my expectations. Definitely worth every penny!,5,2024-07-11 08:49:50,22
484,932,767,Definitely worth buying. The performance is consistent and the design is thoughtful. Has all the core features I needed and works reliably.,4,2024-12-30 15:57:50,3
485,367,1305,"Wow! This product has completely exceeded my expectations. Incredibly well-made, works perfectly, and the customer service was excellent.",5,2024-07-21 13:29:25,3
486,152,982,Great product with impressive features. The quality feels premium and it works exactly as described. Only a few small details could be improved.,4,2025-03-02 21:57:25,0
487,65,609,Satisfactory purchase. Works as advertised but the quality could be better. Not disappointed but not impressed either.,3,2024-11-03 06:41:25,2
488,444,932,Decent product that does the job. Nothing extraordinary but no major issues either. Fair value for the price I paid.,3,2024-10-28 10:48:48,2
489,84,1258,Great product with impressive features. The quality feels premium and it works exactly as described. Only a few small details could be improved.,4,2024-11-23 17:38:07,17
490,704,1524,"Perfect product for anyone looking for quality and value. Easy to use, works flawlessly, and has all the features I was looking for. Best purchase I've made this year!",5,2024-06-22 03:24:25,23
491,553,1347,This product is a game-changer! The quality is exceptional and exactly what I needed. Highly recommend to anyone!,5,2024-10-19 06:43:49,14
492,553,845,"Wow! This product has completely exceeded my expectations. Incredibly well-made, works perfectly, and the customer service was excellent.",5,2025-01-25 09:27:22,15
493,722,1530,Middle-of-the-road product. Has some good features but also some drawbacks. Meets basic needs but nothing exceptional about it.,3,2025-03-23 03:40:48,4
494,827,705,This is everything it promised to be and more! Exceptional quality and beautifully designed. Could not be happier with this purchase.,5,2025-03-24 07:43:24,0
495,785,811,Great product with impressive features. The quality feels premium and it works exactly as described. Only a few small details could be improved.,4,2025-01-27 00:55:30,13
496,546,1797,This is everything it promised to be and more! Exceptional quality and beautifully designed. Could not be happier with this purchase.,5,2024-07-17 23:17:15,21
497,210,1716,"Wow! This product has completely exceeded my expectations. Incredibly well-made, works perfectly, and the customer service was excellent.",5,2025-03-03 07:26:48,6
498,96,723,Satisfactory purchase. Works as advertised but the quality could be better. Not disappointed but not impressed either.,3,2024-06-23 11:45:14,3
499,578,250,"Perfect product for anyone looking for quality and value. Easy to use, works flawlessly, and has all the features I was looking for. Best purchase I've made this year!",5,2025-03-05 19:51:45,19
500,711,1493,This is everything it promised to be and more! Exceptional quality and beautifully designed. Could not be happier with this purchase.,5,2024-10-08 08:53:33,13
501,98,393,Middle-of-the-road product. Has some good features but also some drawbacks. Meets basic needs but nothing exceptional about it.,3,2025-04-26 13:17:27,13
502,994,1272,Satisfactory purchase. Works as advertised but the quality could be better. Not disappointed but not impressed either.,3,2024-10-20 09:51:31,11
503,266,401,Below average product with some design flaws. Works occasionally but not consistently. Wouldn't purchase again or recommend to others.,2,2024-10-08 14:42:16,10
504,862,1782,Not happy with this product. It partially works but is frustrating to use. Had higher expectations based on the description and price.,2,2024-11-14 18:38:08,3
505,151,1118,"Very good product! The build quality is impressive and it works well for my needs. Missing one feature I was hoping for, but otherwise excellent.",4,2024-08-14 09:59:37,15
506,37,671,Middle-of-the-road product. Has some good features but also some drawbacks. Meets basic needs but nothing exceptional about it.,3,2025-01-17 16:50:38,2
507,381,1259,Satisfactory purchase. Works as advertised but the quality could be better. Not disappointed but not impressed either.,3,2025-01-02 13:37:02,12
508,193,1532,Great product with impressive features. The quality feels premium and it works exactly as described. Only a few small details could be improved.,4,2024-12-21 15:40:37,12
509,993,482,"Perfect product for anyone looking for quality and value. Easy to use, works flawlessly, and has all the features I was looking for. Best purchase I've made this year!",5,2024-08-23 07:30:08,11
510,317,370,"Wow! This product has completely exceeded my expectations. Incredibly well-made, works perfectly, and the customer service was excellent.",5,2024-08-10 01:54:13,12
511,2,1435,"Really happy with this product. The quality is great and it has almost all the features I was looking for. Overall, a great purchase!",4,2024-07-18 20:58:38,0
512,973,1325,Below average product with some design flaws. Works occasionally but not consistently. Wouldn't purchase again or recommend to others.,2,2024-12-26 19:02:56,3
513,885,129,Complete waste of money. Barely functions as advertised and the quality is terrible. Avoid this product!,1,2024-05-05 06:50:53,4
514,427,1847,Definitely worth buying. The performance is consistent and the design is thoughtful. Has all the core features I needed and works reliably.,4,2024-07-25 20:29:32,5
515,474,257,Satisfactory purchase. Works as advertised but the quality could be better. Not disappointed but not impressed either.,3,2025-02-17 13:41:07,7
516,91,1523,Complete waste of money. Barely functions as advertised and the quality is terrible. Avoid this product!,1,2025-04-16 22:02:55,1
517,122,1354,Complete waste of money. Barely functions as advertised and the quality is terrible. Avoid this product!,1,2025-03-16 13:39:33,2
518,418,100,This is everything it promised to be and more! Exceptional quality and beautifully designed. Could not be happier with this purchase.,5,2024-10-14 09:54:43,5
519,837,915,Middle-of-the-road product. Has some good features but also some drawbacks. Meets basic needs but nothing exceptional about it.,3,2024-09-20 13:17:34,4
520,445,897,"Wow! This product has completely exceeded my expectations. Incredibly well-made, works perfectly, and the customer service was excellent.",5,2025-01-30 04:12:16,19
521,322,1412,Satisfactory purchase. Works as advertised but the quality could be better. Not disappointed but not impressed either.,3,2025-03-15 20:26:06,13
522,910,1316,Absolutely love this product! The quality is outstanding and it exceeded all my expectations. Definitely worth every penny!,5,2024-11-14 04:44:26,4
523,200,1035,"Wow! This product has completely exceeded my expectations. Incredibly well-made, works perfectly, and the customer service was excellent.",5,2024-11-12 12:34:29,15
524,32,23,This product is a game-changer! The quality is exceptional and exactly what I needed. Highly recommend to anyone!,5,2024-07-25 03:41:56,24
525,112,972,"Very good product! The build quality is impressive and it works well for my needs. Missing one feature I was hoping for, but otherwise excellent.",4,2024-09-15 12:13:08,3
526,557,265,Absolutely love this product! The quality is outstanding and it exceeded all my expectations. Definitely worth every penny!,5,2024-05-04 09:00:36,3
527,830,892,Average quality product. It functions adequately but doesn't stand out in any particular way. Gets the job done but that's about it.,3,2024-09-28 23:18:09,12
528,340,985,"Very good product! The build quality is impressive and it works well for my needs. Missing one feature I was hoping for, but otherwise excellent.",4,2024-12-06 07:16:49,16
529,309,297,"Perfect product for anyone looking for quality and value. Easy to use, works flawlessly, and has all the features I was looking for. Best purchase I've made this year!",5,2024-07-23 02:10:25,8
530,924,1152,"Wow! This product has completely exceeded my expectations. Incredibly well-made, works perfectly, and the customer service was excellent.",5,2025-04-01 18:32:53,24
531,783,852,Definitely worth buying. The performance is consistent and the design is thoughtful. Has all the core features I needed and works reliably.,4,2024-12-13 02:34:45,3
532,795,338,This is everything it promised to be and more! Exceptional quality and beautifully designed. Could not be happier with this purchase.,5,2025-04-01 15:03:54,12
533,16,1809,Not happy with this product. It partially works but is frustrating to use. Had higher expectations based on the description and price.,2,2025-01-19 11:30:07,1
534,352,89,This is everything it promised to be and more! Exceptional quality and beautifully designed. Could not be happier with this purchase.,5,2025-01-18 12:19:23,15
535,155,882,Great product with impressive features. The quality feels premium and it works exactly as described. Only a few small details could be improved.,4,2025-03-12 18:04:02,14
536,796,856,"Really happy with this product. The quality is great and it has almost all the features I was looking for. Overall, a great purchase!",4,2024-12-03 21:50:09,4
537,533,1472,"Very satisfied with this purchase. It's reliable, well-designed, and offers good performance for the price. One minor issue keeps it from being perfect.",4,2024-12-27 08:41:28,3
538,850,132,Below average product with some design flaws. Works occasionally but not consistently. Wouldn't purchase again or recommend to others.,2,2025-02-09 06:56:06,5
539,60,592,Average quality product. It functions adequately but doesn't stand out in any particular way. Gets the job done but that's about it.,3,2025-04-11 14:44:26,7
540,595,1925,Great product with impressive features. The quality feels premium and it works exactly as described. Only a few small details could be improved.,4,2024-11-16 03:46:23,19
541,396,783,"Really happy with this product. The quality is great and it has almost all the features I was looking for. Overall, a great purchase!",4,2025-02-21 16:12:22,0
542,51,693,Absolutely love this product! The quality is outstanding and it exceeded all my expectations. Definitely worth every penny!,5,2024-11-30 22:18:14,21
543,357,118,"Wow! This product has completely exceeded my expectations. Incredibly well-made, works perfectly, and the customer service was excellent.",5,2024-10-29 17:42:46,3
544,220,1133,Middle-of-the-road product. Has some good features but also some drawbacks. Meets basic needs but nothing exceptional about it.,3,2024-07-11 11:09:59,9
545,867,356,This is everything it promised to be and more! Exceptional quality and beautifully designed. Could not be happier with this purchase.,5,2024-06-12 20:50:14,24
546,812,1072,"Wow! This product has completely exceeded my expectations. Incredibly well-made, works perfectly, and the customer service was excellent.",5,2024-07-10 23:08:41,22
547,627,1743,This is everything it promised to be and more! Exceptional quality and beautifully designed. Could not be happier with this purchase.,5,2024-06-27 05:08:54,3
548,263,73,Disappointed with this purchase. The quality is below what I expected and it doesn't work very well. A few good features but overall not worth the money.,2,2024-12-10 23:12:32,7
549,681,598,This is everything it promised to be and more! Exceptional quality and beautifully designed. Could not be happier with this purchase.,5,2024-10-28 07:08:00,17
550,52,1949,"Really happy with this product. The quality is great and it has almost all the features I was looking for. Overall, a great purchase!",4,2024-07-13 17:10:23,0
551,465,920,Definitely worth buying. The performance is consistent and the design is thoughtful. Has all the core features I needed and works reliably.,4,2024-11-27 23:35:47,11
552,66,140,Expected much better for the price. Poor quality materials and inconsistent performance. The design is nice but doesn't make up for the problems.,2,2024-05-21 14:39:37,8
553,834,634,"Perfect product for anyone looking for quality and value. Easy to use, works flawlessly, and has all the features I was looking for. Best purchase I've made this year!",5,2025-03-29 09:41:09,5
554,565,1870,"Very satisfied with this purchase. It's reliable, well-designed, and offers good performance for the price. One minor issue keeps it from being perfect.",4,2025-01-22 04:32:58,10
555,500,1168,"Perfect product for anyone looking for quality and value. Easy to use, works flawlessly, and has all the features I was looking for. Best purchase I've made this year!",5,2025-03-14 20:39:30,1
556,811,907,Below average product with some design flaws. Works occasionally but not consistently. Wouldn't purchase again or recommend to others.,2,2024-12-07 16:21:58,8
557,490,106,"Wow! This product has completely exceeded my expectations. Incredibly well-made, works perfectly, and the customer service was excellent.",5,2024-10-11 15:43:03,6
558,635,966,Great product with impressive features. The quality feels premium and it works exactly as described. Only a few small details could be improved.,4,2025-02-06 11:25:55,3
559,273,237,"Very good product! The build quality is impressive and it works well for my needs. Missing one feature I was hoping for, but otherwise excellent.",4,2025-02-26 20:40:39,6
560,16,406,Absolutely love this product! The quality is outstanding and it exceeded all my expectations. Definitely worth every penny!,5,2025-04-02 08:00:24,8
561,487,1789,Not happy with this product. It partially works but is frustrating to use. Had higher expectations based on the description and price.,2,2024-11-10 16:50:16,10
562,237,1546,"Wow! This product has completely exceeded my expectations. Incredibly well-made, works perfectly, and the customer service was excellent.",5,2024-09-04 13:11:59,20
563,627,1744,"Perfect product for anyone looking for quality and value. Easy to use, works flawlessly, and has all the features I was looking for. Best purchase I've made this year!",5,2025-03-10 03:09:28,22
564,270,1155,Absolutely love this product! The quality is outstanding and it exceeded all my expectations. Definitely worth every penny!,5,2024-06-09 05:51:49,0
565,818,897,Definitely worth buying. The performance is consistent and the design is thoughtful. Has all the core features I needed and works reliably.,4,2024-05-21 22:31:03,4
566,254,363,Not happy with this product. It partially works but is frustrating to use. Had higher expectations based on the description and price.,2,2024-12-23 00:51:02,4
567,830,51,Absolutely love this product! The quality is outstanding and it exceeded all my expectations. Definitely worth every penny!,5,2024-09-07 14:54:29,11
568,933,951,Definitely worth buying. The performance is consistent and the design is thoughtful. Has all the core features I needed and works reliably.,4,2024-07-10 07:59:36,2
569,54,1212,"Wow! This product has completely exceeded my expectations. Incredibly well-made, works perfectly, and the customer service was excellent.",5,2024-05-02 00:11:09,6
570,21,1249,Satisfactory purchase. Works as advertised but the quality could be better. Not disappointed but not impressed either.,3,2025-03-27 00:15:43,10
571,318,56,"Very satisfied with this purchase. It's reliable, well-designed, and offers good performance for the price. One minor issue keeps it from being perfect.",4,2024-09-30 00:38:06,7
572,206,47,This product has too many issues to recommend. Doesn't perform as advertised and the quality feels cheap. The only positive is the customer service.,2,2025-01-10 06:48:33,0
573,992,1123,"Wow! This product has completely exceeded my expectations. Incredibly well-made, works perfectly, and the customer service was excellent.",5,2024-05-27 01:20:01,9
574,802,228,"Wow! This product has completely exceeded my expectations. Incredibly well-made, works perfectly, and the customer service was excellent.",5,2024-05-31 00:34:11,19
575,452,73,"Perfect product for anyone looking for quality and value. Easy to use, works flawlessly, and has all the features I was looking for. Best purchase I've made this year!",5,2024-07-21 12:25:19,8
576,692,519,This product is a game-changer! The quality is exceptional and exactly what I needed. Highly recommend to anyone!,5,2025-03-05 03:13:11,18
577,312,23,This product is a game-changer! The quality is exceptional and exactly what I needed. Highly recommend to anyone!,5,2024-10-31 18:55:18,19
578,514,1635,Extremely disappointed. The product arrived damaged and doesn't work properly. Customer service was unhelpful when I tried to resolve the issue.,1,2024-12-11 02:19:56,5
579,488,443,"Perfect product for anyone looking for quality and value. Easy to use, works flawlessly, and has all the features I was looking for. Best purchase I've made this year!",5,2024-11-23 02:00:16,21
580,620,561,"Very good product! The build quality is impressive and it works well for my needs. Missing one feature I was hoping for, but otherwise excellent.",4,2025-03-24 14:02:39,7
581,330,1950,Absolutely love this product! The quality is outstanding and it exceeded all my expectations. Definitely worth every penny!,5,2025-02-24 04:54:19,14
582,236,632,"Really happy with this product. The quality is great and it has almost all the features I was looking for. Overall, a great purchase!",4,2025-04-16 05:57:24,11
583,49,1333,"Regret this purchase entirely. The product is defective, poorly designed, and completely fails to perform its basic function. Stay away!",1,2024-08-23 14:38:44,0
584,574,1137,Absolutely love this product! The quality is outstanding and it exceeded all my expectations. Definitely worth every penny!,5,2024-09-07 12:37:59,7
585,393,1311,Disappointed with this purchase. The quality is below what I expected and it doesn't work very well. A few good features but overall not worth the money.,2,2024-05-26 01:30:59,10
586,51,464,"Wow! This product has completely exceeded my expectations. Incredibly well-made, works perfectly, and the customer service was excellent.",5,2024-11-16 20:42:07,0
587,859,461,"Perfect product for anyone looking for quality and value. Easy to use, works flawlessly, and has all the features I was looking for. Best purchase I've made this year!",5,2024-11-13 22:18:23,5
588,632,930,"Very satisfied with this purchase. It's reliable, well-designed, and offers good performance for the price. One minor issue keeps it from being perfect.",4,2025-01-12 22:10:38,10
589,170,1262,"Wow! This product has completely exceeded my expectations. Incredibly well-made, works perfectly, and the customer service was excellent.",5,2024-11-22 16:26:29,13
590,484,1340,"Terrible experience with this product. Doesn't work as described, poor quality, and not worth even a fraction of the price.",1,2024-10-07 22:14:37,0
591,927,1137,"Very satisfied with this purchase. It's reliable, well-designed, and offers good performance for the price. One minor issue keeps it from being perfect.",4,2025-04-04 15:42:14,5
592,756,759,Absolutely love this product! The quality is outstanding and it exceeded all my expectations. Definitely worth every penny!,5,2025-02-03 20:12:31,15
593,486,1248,This is everything it promised to be and more! Exceptional quality and beautifully designed. Could not be happier with this purchase.,5,2024-12-02 21:28:47,19
594,14,1070,Average quality product. It functions adequately but doesn't stand out in any particular way. Gets the job done but that's about it.,3,2024-08-10 19:53:37,2
595,353,1322,"Wow! This product has completely exceeded my expectations. Incredibly well-made, works perfectly, and the customer service was excellent.",5,2024-05-06 10:12:42,13
596,480,170,"Really happy with this product. The quality is great and it has almost all the features I was looking for. Overall, a great purchase!",4,2024-12-04 01:09:35,16
597,316,986,This product has too many issues to recommend. Doesn't perform as advertised and the quality feels cheap. The only positive is the customer service.,2,2024-05-02 15:15:38,10
598,452,1818,"Really happy with this product. The quality is great and it has almost all the features I was looking for. Overall, a great purchase!",4,2024-06-28 04:07:39,13
599,782,1452,Great product with impressive features. The quality feels premium and it works exactly as described. Only a few small details could be improved.,4,2024-07-30 06:41:09,12
600,279,971,"Really happy with this product. The quality is great and it has almost all the features I was looking for. Overall, a great purchase!",4,2024-06-22 14:59:31,16
601,946,1879,Absolutely love this product! The quality is outstanding and it exceeded all my expectations. Definitely worth every penny!,5,2024-12-27 08:14:33,25
602,477,1252,Do not buy this product. It broke after minimal use and the quality is much lower than depicted. Save your money and look elsewhere.,1,2025-03-15 13:56:55,5
603,447,1223,"Really happy with this product. The quality is great and it has almost all the features I was looking for. Overall, a great purchase!",4,2024-10-24 06:55:59,13
604,442,868,Average quality product. It functions adequately but doesn't stand out in any particular way. Gets the job done but that's about it.,3,2024-05-29 17:07:20,9
605,379,246,Below average product with some design flaws. Works occasionally but not consistently. Wouldn't purchase again or recommend to others.,2,2025-04-01 21:20:37,0
606,244,658,This is everything it promised to be and more! Exceptional quality and beautifully designed. Could not be happier with this purchase.,5,2024-11-07 22:14:52,1
607,902,1971,Absolutely love this product! The quality is outstanding and it exceeded all my expectations. Definitely worth every penny!,5,2024-05-23 16:20:45,7
608,294,820,This product is a game-changer! The quality is exceptional and exactly what I needed. Highly recommend to anyone!,5,2024-12-06 02:59:40,4
609,23,1050,This product is a game-changer! The quality is exceptional and exactly what I needed. Highly recommend to anyone!,5,2024-05-22 22:16:35,24
610,535,332,Definitely worth buying. The performance is consistent and the design is thoughtful. Has all the core features I needed and works reliably.,4,2024-06-20 03:46:03,5
611,939,612,"Wow! This product has completely exceeded my expectations. Incredibly well-made, works perfectly, and the customer service was excellent.",5,2024-06-30 09:59:52,4
612,923,1449,Satisfactory purchase. Works as advertised but the quality could be better. Not disappointed but not impressed either.,3,2024-10-22 13:02:00,3
613,888,1521,"Very good product! The build quality is impressive and it works well for my needs. Missing one feature I was hoping for, but otherwise excellent.",4,2025-03-14 19:31:01,13
614,659,1179,"Very satisfied with this purchase. It's reliable, well-designed, and offers good performance for the price. One minor issue keeps it from being perfect.",4,2024-06-24 10:20:06,4
615,862,1175,"Terrible experience with this product. Doesn't work as described, poor quality, and not worth even a fraction of the price.",1,2024-07-24 08:49:02,3
616,281,1749,Absolutely love this product! The quality is outstanding and it exceeded all my expectations. Definitely worth every penny!,5,2025-01-22 19:25:08,18
617,680,1946,Middle-of-the-road product. Has some good features but also some drawbacks. Meets basic needs but nothing exceptional about it.,3,2024-12-28 11:32:07,14
618,7,1371,"Very good product! The build quality is impressive and it works well for my needs. Missing one feature I was hoping for, but otherwise excellent.",4,2025-02-24 01:59:20,2
619,502,1649,Absolutely love this product! The quality is outstanding and it exceeded all my expectations. Definitely worth every penny!,5,2024-08-11 13:16:05,24
620,666,248,Satisfactory purchase. Works as advertised but the quality could be better. Not disappointed but not impressed either.,3,2024-11-10 08:34:51,4
621,305,481,"Very satisfied with this purchase. It's reliable, well-designed, and offers good performance for the price. One minor issue keeps it from being perfect.",4,2025-01-21 13:34:16,3
622,913,582,Absolutely love this product! The quality is outstanding and it exceeded all my expectations. Definitely worth every penny!,5,2024-12-17 15:36:34,22
623,919,995,Satisfactory purchase. Works as advertised but the quality could be better. Not disappointed but not impressed either.,3,2024-12-21 02:48:28,15
624,580,1467,"Very satisfied with this purchase. It's reliable, well-designed, and offers good performance for the price. One minor issue keeps it from being perfect.",4,2024-12-11 05:13:30,15
625,114,699,Great product with impressive features. The quality feels premium and it works exactly as described. Only a few small details could be improved.,4,2024-08-31 01:45:30,4
626,718,1025,Disappointed with this purchase. The quality is below what I expected and it doesn't work very well. A few good features but overall not worth the money.,2,2025-01-01 04:10:53,10
627,866,1306,Middle-of-the-road product. Has some good features but also some drawbacks. Meets basic needs but nothing exceptional about it.,3,2024-05-03 10:17:16,9
628,480,207,"Very satisfied with this purchase. It's reliable, well-designed, and offers good performance for the price. One minor issue keeps it from being perfect.",4,2025-01-27 13:16:07,11
629,98,1623,Absolutely love this product! The quality is outstanding and it exceeded all my expectations. Definitely worth every penny!,5,2025-01-28 17:06:00,15
630,309,102,"Perfect product for anyone looking for quality and value. Easy to use, works flawlessly, and has all the features I was looking for. Best purchase I've made this year!",5,2024-10-08 22:04:26,7
631,555,684,Average quality product. It functions adequately but doesn't stand out in any particular way. Gets the job done but that's about it.,3,2025-03-03 15:24:08,12
632,746,563,Below average product with some design flaws. Works occasionally but not consistently. Wouldn't purchase again or recommend to others.,2,2024-12-30 18:07:08,8
633,817,782,This is everything it promised to be and more! Exceptional quality and beautifully designed. Could not be happier with this purchase.,5,2024-10-21 07:20:25,22
634,317,1996,Not happy with this product. It partially works but is frustrating to use. Had higher expectations based on the description and price.,2,2024-05-14 20:59:06,10
635,152,25,This is everything it promised to be and more! Exceptional quality and beautifully designed. Could not be happier with this purchase.,5,2025-01-19 01:31:50,12
636,140,462,Not happy with this product. It partially works but is frustrating to use. Had higher expectations based on the description and price.,2,2025-02-27 21:28:29,4
637,452,156,Expected much better for the price. Poor quality materials and inconsistent performance. The design is nice but doesn't make up for the problems.,2,2025-03-01 16:59:34,1
638,318,507,This product has too many issues to recommend. Doesn't perform as advertised and the quality feels cheap. The only positive is the customer service.,2,2025-04-14 02:56:47,3
639,905,1798,Great product with impressive features. The quality feels premium and it works exactly as described. Only a few small details could be improved.,4,2024-06-18 00:32:36,4
640,475,1605,Below average product with some design flaws. Works occasionally but not consistently. Wouldn't purchase again or recommend to others.,2,2024-09-07 04:24:45,0
641,558,341,Definitely worth buying. The performance is consistent and the design is thoughtful. Has all the core features I needed and works reliably.,4,2025-04-11 20:01:33,0
642,6,1166,This product is a game-changer! The quality is exceptional and exactly what I needed. Highly recommend to anyone!,5,2025-04-20 21:08:53,8
643,315,308,Expected much better for the price. Poor quality materials and inconsistent performance. The design is nice but doesn't make up for the problems.,2,2025-01-25 23:50:18,9
644,853,1864,Satisfactory purchase. Works as advertised but the quality could be better. Not disappointed but not impressed either.,3,2024-10-05 04:40:57,4
645,330,1931,"Really happy with this product. The quality is great and it has almost all the features I was looking for. Overall, a great purchase!",4,2025-02-07 08:08:50,10
646,758,393,"Perfect product for anyone looking for quality and value. Easy to use, works flawlessly, and has all the features I was looking for. Best purchase I've made this year!",5,2024-08-24 04:47:01,4
647,770,1191,"Wow! This product has completely exceeded my expectations. Incredibly well-made, works perfectly, and the customer service was excellent.",5,2025-03-23 02:32:47,25
648,68,313,"Wow! This product has completely exceeded my expectations. Incredibly well-made, works perfectly, and the customer service was excellent.",5,2025-01-01 21:04:57,12
649,558,1113,"Perfect product for anyone looking for quality and value. Easy to use, works flawlessly, and has all the features I was looking for. Best purchase I've made this year!",5,2024-07-10 03:59:50,14
650,625,1078,Do not buy this product. It broke after minimal use and the quality is much lower than depicted. Save your money and look elsewhere.,1,2024-11-04 06:55:40,4
651,882,1931,"Wow! This product has completely exceeded my expectations. Incredibly well-made, works perfectly, and the customer service was excellent.",5,2024-07-16 23:25:56,0
652,565,882,"Really happy with this product. The quality is great and it has almost all the features I was looking for. Overall, a great purchase!",4,2025-04-15 14:12:52,5
653,110,943,This product is a game-changer! The quality is exceptional and exactly what I needed. Highly recommend to anyone!,5,2024-09-30 16:58:22,10
654,332,297,Great product with impressive features. The quality feels premium and it works exactly as described. Only a few small details could be improved.,4,2025-01-02 09:21:25,3
655,425,54,This product is a game-changer! The quality is exceptional and exactly what I needed. Highly recommend to anyone!,5,2024-12-08 12:19:56,4
656,190,1375,Absolutely love this product! The quality is outstanding and it exceeded all my expectations. Definitely worth every penny!,5,2024-09-29 08:27:18,11
657,613,894,"Perfect product for anyone looking for quality and value. Easy to use, works flawlessly, and has all the features I was looking for. Best purchase I've made this year!",5,2024-11-09 17:56:39,20
658,380,46,"Wow! This product has completely exceeded my expectations. Incredibly well-made, works perfectly, and the customer service was excellent.",5,2024-05-21 18:23:28,2
659,953,12,"Very good product! The build quality is impressive and it works well for my needs. Missing one feature I was hoping for, but otherwise excellent.",4,2024-10-27 02:30:19,18
660,206,152,"Wow! This product has completely exceeded my expectations. Incredibly well-made, works perfectly, and the customer service was excellent.",5,2025-01-06 16:58:46,25
661,657,983,This product is a game-changer! The quality is exceptional and exactly what I needed. Highly recommend to anyone!,5,2024-09-05 17:49:14,5
662,192,289,"Very satisfied with this purchase. It's reliable, well-designed, and offers good performance for the price. One minor issue keeps it from being perfect.",4,2024-10-20 14:08:13,6
663,990,748,Satisfactory purchase. Works as advertised but the quality could be better. Not disappointed but not impressed either.,3,2024-09-05 05:26:16,12
664,124,1954,"Very good product! The build quality is impressive and it works well for my needs. Missing one feature I was hoping for, but otherwise excellent.",4,2024-10-24 12:58:56,1
665,526,30,"Very satisfied with this purchase. It's reliable, well-designed, and offers good performance for the price. One minor issue keeps it from being perfect.",4,2025-01-14 18:08:03,11
666,699,1816,"Regret this purchase entirely. The product is defective, poorly designed, and completely fails to perform its basic function. Stay away!",1,2024-05-05 18:29:54,0
667,962,106,"Wow! This product has completely exceeded my expectations. Incredibly well-made, works perfectly, and the customer service was excellent.",5,2025-02-11 15:01:40,5
668,733,1133,"Really happy with this product. The quality is great and it has almost all the features I was looking for. Overall, a great purchase!",4,2024-05-02 22:10:24,4
669,739,1612,Decent product that does the job. Nothing extraordinary but no major issues either. Fair value for the price I paid.,3,2024-10-25 19:37:58,12
670,141,1287,"Wow! This product has completely exceeded my expectations. Incredibly well-made, works perfectly, and the customer service was excellent.",5,2025-04-26 05:19:58,0
671,541,1174,"Really happy with this product. The quality is great and it has almost all the features I was looking for. Overall, a great purchase!",4,2025-04-28 22:31:27,14
672,446,1515,Do not buy this product. It broke after minimal use and the quality is much lower than depicted. Save your money and look elsewhere.,1,2025-04-15 21:08:44,1
673,340,960,"Very good product! The build quality is impressive and it works well for my needs. Missing one feature I was hoping for, but otherwise excellent.",4,2025-02-12 08:20:38,4
674,409,1463,This is everything it promised to be and more! Exceptional quality and beautifully designed. Could not be happier with this purchase.,5,2024-06-07 15:46:57,19
675,843,680,"Wow! This product has completely exceeded my expectations. Incredibly well-made, works perfectly, and the customer service was excellent.",5,2025-02-08 02:51:49,23
676,967,2000,Absolutely love this product! The quality is outstanding and it exceeded all my expectations. Definitely worth every penny!,5,2024-06-26 04:08:39,17
677,991,605,Great product with impressive features. The quality feels premium and it works exactly as described. Only a few small details could be improved.,4,2025-03-26 19:35:08,11
678,859,249,"Perfect product for anyone looking for quality and value. Easy to use, works flawlessly, and has all the features I was looking for. Best purchase I've made this year!",5,2024-11-27 12:15:02,19
679,81,697,This product is a game-changer! The quality is exceptional and exactly what I needed. Highly recommend to anyone!,5,2025-03-18 19:55:47,11
680,445,551,"Wow! This product has completely exceeded my expectations. Incredibly well-made, works perfectly, and the customer service was excellent.",5,2024-05-24 00:14:06,15
681,538,1756,This is everything it promised to be and more! Exceptional quality and beautifully designed. Could not be happier with this purchase.,5,2025-01-28 12:27:29,8
682,990,262,This product is a game-changer! The quality is exceptional and exactly what I needed. Highly recommend to anyone!,5,2025-02-17 23:11:54,14
683,288,1066,"Very good product! The build quality is impressive and it works well for my needs. Missing one feature I was hoping for, but otherwise excellent.",4,2025-02-11 12:38:01,19
684,915,1020,This product is a game-changer! The quality is exceptional and exactly what I needed. Highly recommend to anyone!,5,2024-11-23 17:03:24,22
685,820,660,This product has too many issues to recommend. Doesn't perform as advertised and the quality feels cheap. The only positive is the customer service.,2,2024-06-10 23:16:12,5
686,661,1984,It's okay. Some aspects are well done while others could use improvement. It serves its purpose but doesn't exceed expectations.,3,2025-01-29 22:38:12,11
687,792,1150,Great product with impressive features. The quality feels premium and it works exactly as described. Only a few small details could be improved.,4,2024-05-04 20:36:30,10
688,633,106,Definitely worth buying. The performance is consistent and the design is thoughtful. Has all the core features I needed and works reliably.,4,2024-09-29 21:55:46,5
689,584,408,Decent product that does the job. Nothing extraordinary but no major issues either. Fair value for the price I paid.,3,2024-12-19 02:04:07,15
690,930,1808,Great product with impressive features. The quality feels premium and it works exactly as described. Only a few small details could be improved.,4,2024-05-11 16:40:03,18
691,264,1189,Definitely worth buying. The performance is consistent and the design is thoughtful. Has all the core features I needed and works reliably.,4,2024-06-27 20:10:46,16
692,938,309,It's okay. Some aspects are well done while others could use improvement. It serves its purpose but doesn't exceed expectations.,3,2024-09-28 14:37:29,9
693,458,1744,It's okay. Some aspects are well done while others could use improvement. It serves its purpose but doesn't exceed expectations.,3,2025-01-03 14:01:48,1
694,953,624,This is everything it promised to be and more! Exceptional quality and beautifully designed. Could not be happier with this purchase.,5,2025-01-06 03:39:52,1
695,698,1326,Absolutely love this product! The quality is outstanding and it exceeded all my expectations. Definitely worth every penny!,5,2025-04-24 15:28:08,11
696,663,854,Absolutely love this product! The quality is outstanding and it exceeded all my expectations. Definitely worth every penny!,5,2024-12-25 02:57:14,20
697,765,1568,This is everything it promised to be and more! Exceptional quality and beautifully designed. Could not be happier with this purchase.,5,2024-07-01 22:57:41,17
698,122,1476,Absolutely love this product! The quality is outstanding and it exceeded all my expectations. Definitely worth every penny!,5,2024-10-03 11:57:50,8
699,983,1909,Great product with impressive features. The quality feels premium and it works exactly as described. Only a few small details could be improved.,4,2025-03-17 16:02:27,1
700,547,477,"Perfect product for anyone looking for quality and value. Easy to use, works flawlessly, and has all the features I was looking for. Best purchase I've made this year!",5,2024-05-11 14:02:05,3
701,139,1817,Definitely worth buying. The performance is consistent and the design is thoughtful. Has all the core features I needed and works reliably.,4,2024-09-29 09:58:09,14
702,863,512,"Very satisfied with this purchase. It's reliable, well-designed, and offers good performance for the price. One minor issue keeps it from being perfect.",4,2024-05-26 08:09:14,17
703,176,1582,This product has too many issues to recommend. Doesn't perform as advertised and the quality feels cheap. The only positive is the customer service.,2,2025-03-01 21:15:52,4
704,914,1732,"Very satisfied with this purchase. It's reliable, well-designed, and offers good performance for the price. One minor issue keeps it from being perfect.",4,2024-09-26 17:57:47,8
705,35,1593,"Wow! This product has completely exceeded my expectations. Incredibly well-made, works perfectly, and the customer service was excellent.",5,2024-07-28 13:09:35,5
706,674,915,This is everything it promised to be and more! Exceptional quality and beautifully designed. Could not be happier with this purchase.,5,2024-05-19 12:12:17,9
707,272,1512,Great product with impressive features. The quality feels premium and it works exactly as described. Only a few small details could be improved.,4,2025-01-09 15:41:20,2
708,47,1841,Middle-of-the-road product. Has some good features but also some drawbacks. Meets basic needs but nothing exceptional about it.,3,2025-04-13 06:35:06,9
709,831,1663,Definitely worth buying. The performance is consistent and the design is thoughtful. Has all the core features I needed and works reliably.,4,2024-12-16 12:45:33,8
710,986,1171,This product is a game-changer! The quality is exceptional and exactly what I needed. Highly recommend to anyone!,5,2024-07-18 08:45:27,10
711,60,651,"Very good product! The build quality is impressive and it works well for my needs. Missing one feature I was hoping for, but otherwise excellent.",4,2024-11-15 19:16:17,7
712,842,83,Decent product that does the job. Nothing extraordinary but no major issues either. Fair value for the price I paid.,3,2025-02-16 09:34:12,4
713,14,1984,Middle-of-the-road product. Has some good features but also some drawbacks. Meets basic needs but nothing exceptional about it.,3,2025-02-16 00:18:19,13
714,97,42,This is everything it promised to be and more! Exceptional quality and beautifully designed. Could not be happier with this purchase.,5,2024-07-15 22:49:19,4
715,630,1439,Extremely disappointed. The product arrived damaged and doesn't work properly. Customer service was unhelpful when I tried to resolve the issue.,1,2024-08-07 01:21:10,5
716,883,1229,"Very satisfied with this purchase. It's reliable, well-designed, and offers good performance for the price. One minor issue keeps it from being perfect.",4,2025-04-04 08:18:09,18
717,378,346,"Really happy with this product. The quality is great and it has almost all the features I was looking for. Overall, a great purchase!",4,2024-05-20 17:36:58,16
718,688,357,Decent product that does the job. Nothing extraordinary but no major issues either. Fair value for the price I paid.,3,2025-01-21 11:54:46,14
719,428,1814,"Very satisfied with this purchase. It's reliable, well-designed, and offers good performance for the price. One minor issue keeps it from being perfect.",4,2024-07-26 18:23:17,3
720,5,1015,"Perfect product for anyone looking for quality and value. Easy to use, works flawlessly, and has all the features I was looking for. Best purchase I've made this year!",5,2024-11-01 11:18:35,1
721,863,779,Decent product that does the job. Nothing extraordinary but no major issues either. Fair value for the price I paid.,3,2024-08-03 15:59:37,11
722,26,194,This is everything it promised to be and more! Exceptional quality and beautifully designed. Could not be happier with this purchase.,5,2024-08-13 04:44:14,18
723,173,1485,Definitely worth buying. The performance is consistent and the design is thoughtful. Has all the core features I needed and works reliably.,4,2024-06-09 20:29:28,5
724,649,507,Absolutely love this product! The quality is outstanding and it exceeded all my expectations. Definitely worth every penny!,5,2024-12-05 05:21:18,12
725,488,1498,Absolutely love this product! The quality is outstanding and it exceeded all my expectations. Definitely worth every penny!,5,2025-04-30 00:50:28,3
726,546,1332,"Wow! This product has completely exceeded my expectations. Incredibly well-made, works perfectly, and the customer service was excellent.",5,2024-12-25 00:49:48,25
727,392,1445,Absolutely love this product! The quality is outstanding and it exceeded all my expectations. Definitely worth every penny!,5,2025-01-02 07:41:21,16
728,480,1327,Middle-of-the-road product. Has some good features but also some drawbacks. Meets basic needs but nothing exceptional about it.,3,2025-03-02 12:26:31,11
729,968,1722,"Really happy with this product. The quality is great and it has almost all the features I was looking for. Overall, a great purchase!",4,2024-06-11 20:32:05,13
730,732,1494,This product is a game-changer! The quality is exceptional and exactly what I needed. Highly recommend to anyone!,5,2024-06-08 18:57:26,2
731,117,361,Definitely worth buying. The performance is consistent and the design is thoughtful. Has all the core features I needed and works reliably.,4,2024-06-08 12:48:40,19
732,971,1519,Middle-of-the-road product. Has some good features but also some drawbacks. Meets basic needs but nothing exceptional about it.,3,2024-05-25 23:47:50,11
733,949,788,This product is a game-changer! The quality is exceptional and exactly what I needed. Highly recommend to anyone!,5,2024-09-07 01:32:18,21
734,543,502,Great product with impressive features. The quality feels premium and it works exactly as described. Only a few small details could be improved.,4,2024-05-23 22:53:46,12
735,178,1718,"Wow! This product has completely exceeded my expectations. Incredibly well-made, works perfectly, and the customer service was excellent.",5,2024-11-06 14:05:26,11
736,665,802,It's okay. Some aspects are well done while others could use improvement. It serves its purpose but doesn't exceed expectations.,3,2025-04-23 20:35:08,8
737,448,1420,Middle-of-the-road product. Has some good features but also some drawbacks. Meets basic needs but nothing exceptional about it.,3,2024-06-07 03:42:38,7
738,756,1842,Great product with impressive features. The quality feels premium and it works exactly as described. Only a few small details could be improved.,4,2025-04-27 18:00:06,13
739,665,717,Absolutely love this product! The quality is outstanding and it exceeded all my expectations. Definitely worth every penny!,5,2024-06-14 20:14:14,2
740,930,661,Absolutely love this product! The quality is outstanding and it exceeded all my expectations. Definitely worth every penny!,5,2024-11-20 13:50:28,6
741,405,836,"Very good product! The build quality is impressive and it works well for my needs. Missing one feature I was hoping for, but otherwise excellent.",4,2025-02-23 08:38:51,4
742,723,1197,This product is a game-changer! The quality is exceptional and exactly what I needed. Highly recommend to anyone!,5,2024-11-12 01:45:55,6
743,192,1533,This product is a game-changer! The quality is exceptional and exactly what I needed. Highly recommend to anyone!,5,2024-07-20 11:25:38,24
744,117,236,"Very satisfied with this purchase. It's reliable, well-designed, and offers good performance for the price. One minor issue keeps it from being perfect.",4,2025-03-12 17:15:29,11
745,492,1795,Satisfactory purchase. Works as advertised but the quality could be better. Not disappointed but not impressed either.,3,2024-09-05 02:15:39,2
746,48,1027,Average quality product. It functions adequately but doesn't stand out in any particular way. Gets the job done but that's about it.,3,2024-06-26 00:14:57,8
747,805,689,"Very satisfied with this purchase. It's reliable, well-designed, and offers good performance for the price. One minor issue keeps it from being perfect.",4,2024-07-18 23:33:38,11
748,720,1085,"Very good product! The build quality is impressive and it works well for my needs. Missing one feature I was hoping for, but otherwise excellent.",4,2024-07-21 06:30:20,12
749,921,1976,This product has too many issues to recommend. Doesn't perform as advertised and the quality feels cheap. The only positive is the customer service.,2,2025-04-17 02:09:22,4
750,11,484,This is everything it promised to be and more! Exceptional quality and beautifully designed. Could not be happier with this purchase.,5,2024-08-09 20:13:33,9
751,440,1343,Definitely worth buying. The performance is consistent and the design is thoughtful. Has all the core features I needed and works reliably.,4,2024-06-12 20:34:32,20
752,689,1696,This product is a game-changer! The quality is exceptional and exactly what I needed. Highly recommend to anyone!,5,2024-06-21 14:55:40,13
753,420,421,"Perfect product for anyone looking for quality and value. Easy to use, works flawlessly, and has all the features I was looking for. Best purchase I've made this year!",5,2024-09-02 18:25:42,4
754,257,1529,Extremely disappointed. The product arrived damaged and doesn't work properly. Customer service was unhelpful when I tried to resolve the issue.,1,2025-02-01 05:15:15,4
755,905,1819,Absolutely love this product! The quality is outstanding and it exceeded all my expectations. Definitely worth every penny!,5,2024-05-11 19:40:49,1
756,718,449,This product is a game-changer! The quality is exceptional and exactly what I needed. Highly recommend to anyone!,5,2024-05-15 18:06:51,14
757,808,494,Below average product with some design flaws. Works occasionally but not consistently. Wouldn't purchase again or recommend to others.,2,2024-05-21 19:38:43,5
758,928,702,"Very satisfied with this purchase. It's reliable, well-designed, and offers good performance for the price. One minor issue keeps it from being perfect.",4,2024-10-04 02:17:03,5
759,721,836,Decent product that does the job. Nothing extraordinary but no major issues either. Fair value for the price I paid.,3,2024-10-10 12:48:14,4
760,643,1965,"Wow! This product has completely exceeded my expectations. Incredibly well-made, works perfectly, and the customer service was excellent.",5,2024-06-29 16:59:24,20
761,516,1560,"Really happy with this product. The quality is great and it has almost all the features I was looking for. Overall, a great purchase!",4,2025-04-19 04:31:50,1
762,954,1814,"Wow! This product has completely exceeded my expectations. Incredibly well-made, works perfectly, and the customer service was excellent.",5,2024-05-10 13:58:12,5
763,847,1066,"Really happy with this product. The quality is great and it has almost all the features I was looking for. Overall, a great purchase!",4,2024-11-27 07:17:22,4
764,314,1523,Great product with impressive features. The quality feels premium and it works exactly as described. Only a few small details could be improved.,4,2024-05-18 18:48:04,8
765,279,1564,Do not buy this product. It broke after minimal use and the quality is much lower than depicted. Save your money and look elsewhere.,1,2024-06-16 11:16:33,0
766,520,1731,"Very good product! The build quality is impressive and it works well for my needs. Missing one feature I was hoping for, but otherwise excellent.",4,2024-10-17 21:54:44,14
767,654,518,"Really happy with this product. The quality is great and it has almost all the features I was looking for. Overall, a great purchase!",4,2024-07-18 14:03:49,10
768,739,566,"Very satisfied with this purchase. It's reliable, well-designed, and offers good performance for the price. One minor issue keeps it from being perfect.",4,2024-06-28 23:48:44,14
769,396,947,"Wow! This product has completely exceeded my expectations. Incredibly well-made, works perfectly, and the customer service was excellent.",5,2024-08-15 21:40:36,17
770,120,373,"Very good product! The build quality is impressive and it works well for my needs. Missing one feature I was hoping for, but otherwise excellent.",4,2024-08-06 21:50:50,20
771,346,1271,Decent product that does the job. Nothing extraordinary but no major issues either. Fair value for the price I paid.,3,2024-11-16 09:16:17,4
772,555,1336,This product is a game-changer! The quality is exceptional and exactly what I needed. Highly recommend to anyone!,5,2024-07-14 19:18:41,23
773,731,1186,It's okay. Some aspects are well done while others could use improvement. It serves its purpose but doesn't exceed expectations.,3,2025-01-25 14:56:36,7
774,154,164,"Really happy with this product. The quality is great and it has almost all the features I was looking for. Overall, a great purchase!",4,2024-12-14 12:58:38,4
775,556,880,This product is a game-changer! The quality is exceptional and exactly what I needed. Highly recommend to anyone!,5,2024-05-29 16:41:03,8
776,354,1177,"Very good product! The build quality is impressive and it works well for my needs. Missing one feature I was hoping for, but otherwise excellent.",4,2024-06-21 01:47:17,3
777,674,548,Do not buy this product. It broke after minimal use and the quality is much lower than depicted. Save your money and look elsewhere.,1,2024-12-31 03:37:27,5
778,987,1831,This product is a game-changer! The quality is exceptional and exactly what I needed. Highly recommend to anyone!,5,2024-10-03 19:16:37,18
779,110,1924,Expected much better for the price. Poor quality materials and inconsistent performance. The design is nice but doesn't make up for the problems.,2,2024-08-21 04:00:15,3
780,182,937,"Very good product! The build quality is impressive and it works well for my needs. Missing one feature I was hoping for, but otherwise excellent.",4,2025-02-25 14:07:31,11
781,22,418,"Very good product! The build quality is impressive and it works well for my needs. Missing one feature I was hoping for, but otherwise excellent.",4,2024-11-08 10:00:02,5
782,414,1214,Do not buy this product. It broke after minimal use and the quality is much lower than depicted. Save your money and look elsewhere.,1,2025-03-25 02:37:29,5
783,15,1950,It's okay. Some aspects are well done while others could use improvement. It serves its purpose but doesn't exceed expectations.,3,2025-02-03 01:38:41,12
784,134,747,Decent product that does the job. Nothing extraordinary but no major issues either. Fair value for the price I paid.,3,2025-01-27 23:57:40,13
785,481,1607,Not happy with this product. It partially works but is frustrating to use. Had higher expectations based on the description and price.,2,2024-06-04 10:22:29,1
786,802,308,Middle-of-the-road product. Has some good features but also some drawbacks. Meets basic needs but nothing exceptional about it.,3,2024-11-01 05:34:06,10
787,652,775,Disappointed with this purchase. The quality is below what I expected and it doesn't work very well. A few good features but overall not worth the money.,2,2024-10-23 04:53:55,7
788,30,800,"Wow! This product has completely exceeded my expectations. Incredibly well-made, works perfectly, and the customer service was excellent.",5,2024-05-02 02:34:56,12
789,482,1412,Satisfactory purchase. Works as advertised but the quality could be better. Not disappointed but not impressed either.,3,2024-05-13 11:13:30,14
790,742,1321,This is everything it promised to be and more! Exceptional quality and beautifully designed. Could not be happier with this purchase.,5,2025-03-29 04:10:44,15
791,966,1711,Absolutely love this product! The quality is outstanding and it exceeded all my expectations. Definitely worth every penny!,5,2024-09-11 08:46:04,20
792,459,1379,Definitely worth buying. The performance is consistent and the design is thoughtful. Has all the core features I needed and works reliably.,4,2024-06-28 14:28:32,11
793,243,1460,"Very good product! The build quality is impressive and it works well for my needs. Missing one feature I was hoping for, but otherwise excellent.",4,2024-12-12 23:18:18,9
794,306,925,"Wow! This product has completely exceeded my expectations. Incredibly well-made, works perfectly, and the customer service was excellent.",5,2024-08-13 17:55:23,0
795,471,1946,Not happy with this product. It partially works but is frustrating to use. Had higher expectations based on the description and price.,2,2024-12-03 01:24:00,1
796,338,1250,Definitely worth buying. The performance is consistent and the design is thoughtful. Has all the core features I needed and works reliably.,4,2024-10-15 23:33:00,11
797,833,1181,Great product with impressive features. The quality feels premium and it works exactly as described. Only a few small details could be improved.,4,2024-10-18 06:26:03,16
798,410,1150,Satisfactory purchase. Works as advertised but the quality could be better. Not disappointed but not impressed either.,3,2024-07-04 05:38:08,11
799,704,710,Not happy with this product. It partially works but is frustrating to use. Had higher expectations based on the description and price.,2,2025-01-16 07:15:22,1
800,886,1806,This product is a game-changer! The quality is exceptional and exactly what I needed. Highly recommend to anyone!,5,2024-05-09 06:15:51,15