1,Levi's Athletic Sneakers,"Step out in style with these levi's sneakers. Designed for both comfort and fashion, they feature cushioned insoles and durable construction for all-day wear.",Clothing.jpg,23,7
2,Ralph Lauren Pink T-shirt,"Add a touch of style to your casual wardrobe with this comfortable ralph t-shirt. Made from soft, breathable fabric that feels great against your skin. Perfect for everyday wear.",Clothing.jpg,23,166
3,Clinique Foundation,Achieve a flawless complexion with this clinique foundation. The buildable coverage blends seamlessly for a natural-looking finish that lasts all day.,Beauty_Personal_Care.jpg,4,47
4,Harper Fantastic Books Book,"High-quality harper book designed to meet your needs. Featuring superior craftsmanship and materials, this item offers great value and performance. Add it to your cart today!",Books.jpg,6,160
5,Smart Speaker Samsung,"Fill your space with rich, room-filling sound from this smart speaker. With clear highs and deep bass, it delivers an immersive audio experience for music, movies, and more.",Electronics.jpg,1,105
6,"Laptop Sony Basic 30""","Elevate your productivity with this laptop laptop. Designed for performance with a fast processor, ample storage, and crisp display. Ideal for work, entertainment, and creativity wherever you go.",Electronics.jpg,1,196
7,Nordic Naturals Health & Wellness Deluxe Supplement,"High-quality nordic supplement designed to meet your needs. Featuring superior craftsmanship and materials, this item offers great value and performance. Add it to your cart today!",Health_Wellness.jpg,9,30
8,Wayfair Athletic Wall Clock,Keep track of time in style with this wayfair wall clock. The clean design and reliable mechanism make it both a functional timepiece and attractive decor element.,Home_Kitchen.jpg,3,27
9,Centrum Health & Wellness Classic Supplement,"High-quality centrum supplement designed to meet your needs. Featuring superior craftsmanship and materials, this item offers great value and performance. Add it to your cart today!",Health_Wellness.jpg,9,156
10,Ralph Lauren Athletic Sneakers,"Step out in style with these ralph sneakers. Designed for both comfort and fashion, they feature cushioned insoles and durable construction for all-day wear.",Clothing.jpg,33,135
11,Adidas Trekking Poles,Navigate any terrain with confidence using these sturdy adidas trekking poles. Adjustable height and comfortable grips reduce strain on your joints during hikes.,Sports_Outdoors.jpg,5,46
12,Drone LG Pro,Explore the world from above with this drone drone. Capture stunning aerial footage with its high-quality camera and enjoy precise control with its intuitive flight features.,Electronics.jpg,1,84
13,Puma Casual Pants,"These versatile puma pants are a wardrobe essential. Combining comfort and style, they transition seamlessly from work to weekend activities.",Clothing.jpg,13,181
14,GNC Health & Wellness Aid,"High-quality gnc aid designed to meet your needs. Featuring superior craftsmanship and materials, this item offers great value and performance. Add it to your cart today!",Health_Wellness.jpg,9,123
15,3M Car Automotive,"High-quality 3m automotive designed to meet your needs. Featuring superior craftsmanship and materials, this item offers great value and performance. Add it to your cart today!",Automotive.jpg,8,117
16,Playmobil Toys & Games Game Set,"High-quality playmobil set designed to meet your needs. Featuring superior craftsmanship and materials, this item offers great value and performance. Add it to your cart today!",Toys_Games.jpg,7,107
17,Neutrogena Perfume Vanilla,Discover your signature scent with this exquisite neutrogena perfume. The carefully crafted fragrance notes evolve throughout the day for a truly personal experience.,Beauty_Personal_Care.jpg,4,26
18,Hasbro Toys & Games Game Set,"High-quality hasbro set designed to meet your needs. Featuring superior craftsmanship and materials, this item offers great value and performance. Add it to your cart today!",Toys_Games.jpg,7,154
19,Cartier Bohemian Jewelry Boxes with Cotton,"High-quality cartier cotton designed to meet your needs. Featuring superior craftsmanship and materials, this item offers great value and performance. Add it to your cart today!",Jewelry.jpg,40,135
20,Oxford Essential Books Book,"High-quality oxford book designed to meet your needs. Featuring superior craftsmanship and materials, this item offers great value and performance. Add it to your cart today!",Books.jpg,6,149
21,Corelle Non-stick Pan 25cm,"Elevate your cooking with this premium corelle non-stick pan. Designed for even heat distribution and easy food release, it makes preparing your favorite dishes a pleasure.",Home_Kitchen.jpg,3,152
22,Cartier Athletic Jewelry with Metal,"High-quality cartier metal designed to meet your needs. Featuring superior craftsmanship and materials, this item offers great value and performance. Add it to your cart today!",Jewelry.jpg,10,188
23,Bed Bath & Beyond Cotton Curtains in Blue,Control light and add privacy with these elegant bed curtains. The quality fabric and careful construction enhance your room's decor while serving a practical purpose.,Home_Kitchen.jpg,3,59
24,Centrum Health & Wellness Premium Supplement,"High-quality centrum supplement designed to meet your needs. Featuring superior craftsmanship and materials, this item offers great value and performance. Add it to your cart today!",Health_Wellness.jpg,9,63
25,The North Face Pink Swimming Goggles,Enhance your swimming experience with these comfortable the goggles. The watertight seal and anti-fog lenses provide clear vision lap after lap.,Sports_Outdoors.jpg,5,179
26,Random House Professional Books Book,"High-quality random book designed to meet your needs. Featuring superior craftsmanship and materials, this item offers great value and performance. Add it to your cart today!",Books.jpg,6,27
27,Shell Car Automotive,"High-quality shell automotive designed to meet your needs. Featuring superior craftsmanship and materials, this item offers great value and performance. Add it to your cart today!",Automotive.jpg,8,118
28,Speedo 5lb Dumbbell Set,Build strength effectively with this quality speedo dumbbell set. The comfortable grip and durable construction make them perfect for a variety of exercises.,Sports_Outdoors.jpg,5,157
29,Columbia Running Shoes Pink,"Optimize your performance with these specialized columbia running shoes. Designed with support and cushioning in all the right places for comfortable, injury-free training.",Sports_Outdoors.jpg,5,163
30,Under Armour Cap in Yellow,Top off your casual look with this stylish under cap. Featuring adjustable sizing for a perfect fit and quality construction for lasting wear.,Clothing.jpg,23,132
31,Michelin Car Automotive,"High-quality michelin automotive designed to meet your needs. Featuring superior craftsmanship and materials, this item offers great value and performance. Add it to your cart today!",Automotive.jpg,8,125
32,LEGO Deluxe Toys & Games Toy,"High-quality lego toy designed to meet your needs. Featuring superior craftsmanship and materials, this item offers great value and performance. Add it to your cart today!",Toys_Games.jpg,7,38
33,Columbia Yellow Backpack,Carry your gear in comfort with this thoughtfully designed columbia backpack. Multiple compartments and ergonomic straps make it perfect for any activity.,Sports_Outdoors.jpg,5,158
34,Wilson Exercise Bike,Take your fitness to the next level with this wilson exercise bike. The adjustable resistance and comfortable design make it perfect for home workouts of any intensity.,Sports_Outdoors.jpg,5,100
35,Hasbro Toys & Games Game Set (1),"High-quality hasbro (1) designed to meet your needs. Featuring superior craftsmanship and materials, this item offers great value and performance. Add it to your cart today!",Toys_Games.jpg,7,81
36,Michelin Car Automotive (1),"High-quality michelin (1) designed to meet your needs. Featuring superior craftsmanship and materials, this item offers great value and performance. Add it to your cart today!",Automotive.jpg,8,159
37,Vintage Luxury Books Book,"High-quality vintage book designed to meet your needs. Featuring superior craftsmanship and materials, this item offers great value and performance. Add it to your cart today!",Books.jpg,6,187
38,Meguiar's Automotive Deluxe Accessory,"High-quality meguiar's accessory designed to meet your needs. Featuring superior craftsmanship and materials, this item offers great value and performance. Add it to your cart today!",Automotive.jpg,8,55
39,The North Face Golf Set,Improve your performance on the course with this premium the golf set. Clubs for every situation help you tackle any hole with confidence.,Sports_Outdoors.jpg,5,41
40,Maybelline Purple Makeup Set,Express yourself with this premium maybelline makeup set. Featuring highly pigmented colors and long-lasting formulas for a flawless look that stays all day.,Beauty_Personal_Care.jpg,4,17
41,Melissa & Doug Luxury Toys & Games Toy,"High-quality melissa toy designed to meet your needs. Featuring superior craftsmanship and materials, this item offers great value and performance. Add it to your cart today!",Toys_Games.jpg,7,140
42,Random House Essential Books Book,"High-quality random book designed to meet your needs. Featuring superior craftsmanship and materials, this item offers great value and performance. Add it to your cart today!",Books.jpg,6,145
43,Corelle Non-stick Pan XLcm,"Elevate your cooking with this premium corelle non-stick pan. Designed for even heat distribution and easy food release, it makes preparing your favorite dishes a pleasure.",Home_Kitchen.jpg,3,169
44,NOW Foods Health & Wellness Deluxe Supplement,"High-quality now supplement designed to meet your needs. Featuring superior craftsmanship and materials, this item offers great value and performance. Add it to your cart today!",Health_Wellness.jpg,9,65
45,Centrum Health & Wellness Aid,"High-quality centrum aid designed to meet your needs. Featuring superior craftsmanship and materials, this item offers great value and performance. Add it to your cart today!",Health_Wellness.jpg,9,7
46,Tiffany Minimalist Men's Jewelry with Glass,"High-quality tiffany glass designed to meet your needs. Featuring superior craftsmanship and materials, this item offers great value and performance. Add it to your cart today!",Jewelry.jpg,16,126
47,Puma Glass Scarf in Red,Add a touch of elegance to any outfit with this beautiful puma scarf. The soft fabric and stylish design make it a versatile accessory for any season.,Clothing.jpg,33,67
48,Oxford Premium Books Book,"High-quality oxford book designed to meet your needs. Featuring superior craftsmanship and materials, this item offers great value and performance. Add it to your cart today!",Books.jpg,6,141
49,Meguiar's Automotive Premium Accessory,"High-quality meguiar's accessory designed to meet your needs. Featuring superior craftsmanship and materials, this item offers great value and performance. Add it to your cart today!",Automotive.jpg,8,47
50,MAC Moisturizing Cream,Nourish your skin with this luxurious mac moisturizing cream. Formulated with quality ingredients to hydrate and protect your skin for a radiant complexion.,Beauty_Personal_Care.jpg,4,151
51,Harper Fantastic Books Book (1),"High-quality harper (1) designed to meet your needs. Featuring superior craftsmanship and materials, this item offers great value and performance. Add it to your cart today!",Books.jpg,6,36
52,Neutrogena Yellow Makeup Set,Express yourself with this premium neutrogena makeup set. Featuring highly pigmented colors and long-lasting formulas for a flawless look that stays all day.,Beauty_Personal_Care.jpg,4,41
53,Digital Camera Xiaomi Plus,"Capture life's precious moments with exceptional clarity using this digital camera. With advanced features and intuitive controls, it's perfect for both beginners and photography enthusiasts.",Electronics.jpg,1,8
54,Under Armour Purple Backpack,Carry your gear in comfort with this thoughtfully designed under backpack. Multiple compartments and ergonomic straps make it perfect for any activity.,Sports_Outdoors.jpg,5,118
55,Tablet Acer Pro,"Stay productive and entertained with this versatile tablet tablet. Featuring a responsive touchscreen, powerful performance, and long battery life. Perfect for browsing, reading, and media consumption.",Electronics.jpg,1,190
56,Tiffany Leather Men's Jewelry,"High-quality tiffany jewelry designed to meet your needs. Featuring superior craftsmanship and materials, this item offers great value and performance. Add it to your cart today!",Jewelry.jpg,16,198
57,Alex and Ani Vintage Jewelry with Silk,"High-quality alex silk designed to meet your needs. Featuring superior craftsmanship and materials, this item offers great value and performance. Add it to your cart today!",Jewelry.jpg,10,88
58,Vintage Essential Books Book,"High-quality vintage book designed to meet your needs. Featuring superior craftsmanship and materials, this item offers great value and performance. Add it to your cart today!",Books.jpg,6,195
59,Vintage Professional Books Book,"High-quality vintage book designed to meet your needs. Featuring superior craftsmanship and materials, this item offers great value and performance. Add it to your cart today!",Books.jpg,6,31
60,Kay Plastic Jewelry,"High-quality kay jewelry designed to meet your needs. Featuring superior craftsmanship and materials, this item offers great value and performance. Add it to your cart today!",Jewelry.jpg,10,197
61,Wayfair Cotton Planter 49cm,Display your favorite plants in style with this attractive wayfair planter. The quality materials and thoughtful design make it a beautiful addition to any space.,Home_Kitchen.jpg,3,123
62,Mattel Classic Toys & Games Toy,"High-quality mattel toy designed to meet your needs. Featuring superior craftsmanship and materials, this item offers great value and performance. Add it to your cart today!",Toys_Games.jpg,7,191
63,"Monitor Asus 30""","Enhance your viewing experience with this monitor monitor. Featuring crisp visuals, accurate colors, and eye-comfort technology for reduced strain during long usage sessions.",Electronics.jpg,1,200
64,Shell Automotive Advanced Accessory,"High-quality shell accessory designed to meet your needs. Featuring superior craftsmanship and materials, this item offers great value and performance. Add it to your cart today!",Automotive.jpg,8,14
65,Fisher-Price Toys & Games Game Set,"High-quality fisher-price set designed to meet your needs. Featuring superior craftsmanship and materials, this item offers great value and performance. Add it to your cart today!",Toys_Games.jpg,7,177
66,Garnier Shampoo for Oily Hair,Revitalize your hair with this specialized garnier shampoo. Formulated to cleanse gently while addressing your specific hair needs for healthier-looking results.,Beauty_Personal_Care.jpg,4,155
67,NOW Foods Health & Wellness Luxury Supplement,"High-quality now supplement designed to meet your needs. Featuring superior craftsmanship and materials, this item offers great value and performance. Add it to your cart today!",Health_Wellness.jpg,9,38
68,New Balance Wood Jacket,"Stay warm and stylish with this versatile new jacket. Perfect for layering in changing weather, it combines fashion and function for your everyday outfits.",Clothing.jpg,13,190
69,The North Face 10lb Dumbbell Set,Build strength effectively with this quality the dumbbell set. The comfortable grip and durable construction make them perfect for a variety of exercises.,Sports_Outdoors.jpg,5,44
70,3M Car Automotive (1),"High-quality 3m (1) designed to meet your needs. Featuring superior craftsmanship and materials, this item offers great value and performance. Add it to your cart today!",Automotive.jpg,8,147
71,Fisher-Price Classic Toys & Games Toy,"High-quality fisher-price toy designed to meet your needs. Featuring superior craftsmanship and materials, this item offers great value and performance. Add it to your cart today!",Toys_Games.jpg,7,191
72,Oxford Advanced Books Book,"High-quality oxford book designed to meet your needs. Featuring superior craftsmanship and materials, this item offers great value and performance. Add it to your cart today!",Books.jpg,6,61
73,Mattel Luxury Toys & Games Toy,"High-quality mattel toy designed to meet your needs. Featuring superior craftsmanship and materials, this item offers great value and performance. Add it to your cart today!",Toys_Games.jpg,7,106
74,Smartwatch Canon Premium,"Track your fitness goals and stay connected with this feature-packed smartwatch smartwatch. With health monitoring, notifications, and long battery life, it's your perfect daily companion.",Electronics.jpg,1,22
75,Penguin Deluxe Books Book,"High-quality penguin book designed to meet your needs. Featuring superior craftsmanship and materials, this item offers great value and performance. Add it to your cart today!",Books.jpg,6,126
76,Penguin Advanced Books Book,"High-quality penguin book designed to meet your needs. Featuring superior craftsmanship and materials, this item offers great value and performance. Add it to your cart today!",Books.jpg,6,157
77,GNC Health & Wellness Aid (1),"High-quality gnc (1) designed to meet your needs. Featuring superior craftsmanship and materials, this item offers great value and performance. Add it to your cart today!",Health_Wellness.jpg,9,111
78,Alex and Ani Elegant Men's Jewelry with Wool,"High-quality alex wool designed to meet your needs. Featuring superior craftsmanship and materials, this item offers great value and performance. Add it to your cart today!",Jewelry.jpg,16,169
79,Estée Lauder Black Makeup Set,Express yourself with this premium estée makeup set. Featuring highly pigmented colors and long-lasting formulas for a flawless look that stays all day.,Beauty_Personal_Care.jpg,4,172
80,Hasbro Toys & Games Game Set (2),"High-quality hasbro (2) designed to meet your needs. Featuring superior craftsmanship and materials, this item offers great value and performance. Add it to your cart today!",Toys_Games.jpg,7,130
81,Harper Advanced Books Book,"High-quality harper book designed to meet your needs. Featuring superior craftsmanship and materials, this item offers great value and performance. Add it to your cart today!",Books.jpg,6,192
82,Bosch Wood Pillow,Rest your head on the perfect blend of support and comfort with this bosch pillow. Designed for a restful night's sleep in any sleeping position.,Home_Kitchen.jpg,3,161
83,Olay Shampoo for Oily Hair,Revitalize your hair with this specialized olay shampoo. Formulated to cleanse gently while addressing your specific hair needs for healthier-looking results.,Beauty_Personal_Care.jpg,4,138
84,Fisher-Price Luxury Toys & Games Toy,"High-quality fisher-price toy designed to meet your needs. Featuring superior craftsmanship and materials, this item offers great value and performance. Add it to your cart today!",Toys_Games.jpg,7,150
85,Pottery Barn Casual Wall Clock,Keep track of time in style with this pottery wall clock. The clean design and reliable mechanism make it both a functional timepiece and attractive decor element.,Home_Kitchen.jpg,3,64
86,Tefal Wool Planter Mcm,Display your favorite plants in style with this attractive tefal planter. The quality materials and thoughtful design make it a beautiful addition to any space.,Home_Kitchen.jpg,3,120
87,Smartwatch HP Air,"Track your fitness goals and stay connected with this feature-packed smartwatch smartwatch. With health monitoring, notifications, and long battery life, it's your perfect daily companion.",Electronics.jpg,1,130
88,Smart Speaker Apple,"Fill your space with rich, room-filling sound from this smart speaker. With clear highs and deep bass, it delivers an immersive audio experience for music, movies, and more.",Electronics.jpg,1,146
89,Castrol Car Automotive,"High-quality castrol automotive designed to meet your needs. Featuring superior craftsmanship and materials, this item offers great value and performance. Add it to your cart today!",Automotive.jpg,8,173
90,L'Oréal Shampoo for Oily Hair,Revitalize your hair with this specialized l'oréal shampoo. Formulated to cleanse gently while addressing your specific hair needs for healthier-looking results.,Beauty_Personal_Care.jpg,4,97
91,Wilson Bicycle Helmet,Protect yourself in style with this safety-certified wilson bicycle helmet. The adjustable fit and ventilation system ensure comfort during your rides.,Sports_Outdoors.jpg,5,111
92,"Monitor Lenovo 65""","Enhance your viewing experience with this monitor monitor. Featuring crisp visuals, accurate colors, and eye-comfort technology for reduced strain during long usage sessions.",Electronics.jpg,1,161
93,Random House Advanced Books Book,"High-quality random book designed to meet your needs. Featuring superior craftsmanship and materials, this item offers great value and performance. Add it to your cart today!",Books.jpg,6,25
94,Schwinn Bicycle Helmet,Protect yourself in style with this safety-certified schwinn bicycle helmet. The adjustable fit and ventilation system ensure comfort during your rides.,Sports_Outdoors.jpg,5,120
95,Bed Bath & Beyond Cotton Elegant Organizer,Bring order to any space with this practical bed organizer. Thoughtfully designed compartments help you store and access your items with ease.,Home_Kitchen.jpg,3,51
96,Maybelline Moisturizing Cream,Nourish your skin with this luxurious maybelline moisturizing cream. Formulated with quality ingredients to hydrate and protect your skin for a radiant complexion.,Beauty_Personal_Care.jpg,4,63
97,Meguiar's Automotive Fantastic Accessory,"High-quality meguiar's accessory designed to meet your needs. Featuring superior craftsmanship and materials, this item offers great value and performance. Add it to your cart today!",Automotive.jpg,8,146
98,Clinique Perfume Spicy,Discover your signature scent with this exquisite clinique perfume. The carefully crafted fragrance notes evolve throughout the day for a truly personal experience.,Beauty_Personal_Care.jpg,4,83
99,H&M Gray Hoodie,"Stay cozy in this comfortable h&m hoodie. Perfect for relaxed weekends or active days, it's made from soft fabric that keeps you warm without weighing you down.",Clothing.jpg,13,98
100,Spalding Bicycle Helmet,Protect yourself in style with this safety-certified spalding bicycle helmet. The adjustable fit and ventilation system ensure comfort during your rides.,Sports_Outdoors.jpg,5,87
101,Fisher-Price Toys & Games Game Set (1),"High-quality fisher-price (1) designed to meet your needs. Featuring superior craftsmanship and materials, this item offers great value and performance. Add it to your cart today!",Toys_Games.jpg,7,55
102,Neutrogena Foundation,Achieve a flawless complexion with this neutrogena foundation. The buildable coverage blends seamlessly for a natural-looking finish that lasts all day.,Beauty_Personal_Care.jpg,4,120
103,LEGO Professional Toys & Games Toy,"High-quality lego toy designed to meet your needs. Featuring superior craftsmanship and materials, this item offers great value and performance. Add it to your cart today!",Toys_Games.jpg,7,124
104,Crate & Barrel Wood Blanket in Blue,Stay cozy year-round with this soft crate blanket. Perfect for snuggling on the couch or adding an extra layer of warmth to your bed.,Home_Kitchen.jpg,3,10
105,Fisher-Price Essential Toys & Games Toy,"High-quality fisher-price toy designed to meet your needs. Featuring superior craftsmanship and materials, this item offers great value and performance. Add it to your cart today!",Toys_Games.jpg,7,12
106,Columbia Trekking Poles,Navigate any terrain with confidence using these sturdy columbia trekking poles. Adjustable height and comfortable grips reduce strain on your joints during hikes.,Sports_Outdoors.jpg,5,157
107,Garnier Nail Polish in Orange,Add a pop of color to your nails with this garnier nail polish. The smooth application and chip-resistant formula keep your manicure looking fresh for days.,Beauty_Personal_Care.jpg,4,76
108,L'Oréal Matte Lipstick in Pink,Make a statement with this vibrant l'oréal lipstick. The creamy formula glides on smoothly for comfortable wear and stunning color that lasts.,Beauty_Personal_Care.jpg,4,53
109,Kay Glass Men's Jewelry,"High-quality kay jewelry designed to meet your needs. Featuring superior craftsmanship and materials, this item offers great value and performance. Add it to your cart today!",Jewelry.jpg,16,87
110,L'Oréal Perfume Citrus,Discover your signature scent with this exquisite l'oréal perfume. The carefully crafted fragrance notes evolve throughout the day for a truly personal experience.,Beauty_Personal_Care.jpg,4,28
111,Centrum Health & Wellness Aid (1),"High-quality centrum (1) designed to meet your needs. Featuring superior craftsmanship and materials, this item offers great value and performance. Add it to your cart today!",Health_Wellness.jpg,9,122
112,Meguiar's Automotive Premium Accessory (1),"High-quality meguiar's (1) designed to meet your needs. Featuring superior craftsmanship and materials, this item offers great value and performance. Add it to your cart today!",Automotive.jpg,8,96
113,Olay Foundation,Achieve a flawless complexion with this olay foundation. The buildable coverage blends seamlessly for a natural-looking finish that lasts all day.,Beauty_Personal_Care.jpg,4,198
114,KitchenAid Glass Athletic Organizer,Bring order to any space with this practical kitchenaid organizer. Thoughtfully designed compartments help you store and access your items with ease.,Home_Kitchen.jpg,3,103
115,Wayfair Classic Table Lamp,Add ambient lighting to any room with this stylish wayfair table lamp. The elegant design complements your decor while providing perfect illumination for reading and relaxing.,Home_Kitchen.jpg,3,9
116,Under Armour Tennis Racket,Improve your game with this professional-grade under tennis racket. The balanced design and quality strings give you better control and power on every shot.,Sports_Outdoors.jpg,5,57
117,Michelin Car Automotive (2),"High-quality michelin (2) designed to meet your needs. Featuring superior craftsmanship and materials, this item offers great value and performance. Add it to your cart today!",Automotive.jpg,8,181
118,Columbia Exercise Bike,Take your fitness to the next level with this columbia exercise bike. The adjustable resistance and comfortable design make it perfect for home workouts of any intensity.,Sports_Outdoors.jpg,5,197
119,Nature's Way Health & Wellness Fantastic Supplement,"High-quality nature's supplement designed to meet your needs. Featuring superior craftsmanship and materials, this item offers great value and performance. Add it to your cart today!",Health_Wellness.jpg,9,116
120,Nature's Way Health & Wellness Aid,"High-quality nature's aid designed to meet your needs. Featuring superior craftsmanship and materials, this item offers great value and performance. Add it to your cart today!",Health_Wellness.jpg,9,180
121,Mattel Essential Toys & Games Toy,"High-quality mattel toy designed to meet your needs. Featuring superior craftsmanship and materials, this item offers great value and performance. Add it to your cart today!",Toys_Games.jpg,7,112
122,Speedo Golf Set,Improve your performance on the course with this premium speedo golf set. Clubs for every situation help you tackle any hole with confidence.,Sports_Outdoors.jpg,5,89
123,Random House Deluxe Books Book,"High-quality random book designed to meet your needs. Featuring superior craftsmanship and materials, this item offers great value and performance. Add it to your cart today!",Books.jpg,6,17
124,Random House Professional Books Book (1),"High-quality random (1) designed to meet your needs. Featuring superior craftsmanship and materials, this item offers great value and performance. Add it to your cart today!",Books.jpg,6,97
125,Vintage Advanced Books Book,"High-quality vintage book designed to meet your needs. Featuring superior craftsmanship and materials, this item offers great value and performance. Add it to your cart today!",Books.jpg,6,32
126,Vintage Advanced Books Book (1),"High-quality vintage (1) designed to meet your needs. Featuring superior craftsmanship and materials, this item offers great value and performance. Add it to your cart today!",Books.jpg,6,184
127,"Smart TV Acer 65""","Transform your living room with this smart TV. Enjoy stunning picture quality, vibrant colors, and smart features for all your entertainment needs. Stream your favorite content with ease.",Electronics.jpg,1,158
128,Coleman Running Shoes Orange,"Optimize your performance with these specialized coleman running shoes. Designed with support and cushioning in all the right places for comfortable, injury-free training.",Sports_Outdoors.jpg,5,179
129,L'Oréal Skincare Kit,"Complete your skincare routine with this comprehensive l'oréal skincare kit. Each product works together to cleanse, treat, and protect your skin for optimal results.",Beauty_Personal_Care.jpg,4,42
130,Mattel Toys & Games Game Set,"High-quality mattel set designed to meet your needs. Featuring superior craftsmanship and materials, this item offers great value and performance. Add it to your cart today!",Toys_Games.jpg,7,190
131,Olay Vanilla Essential Oil,Enhance your wellbeing with this pure olay essential oil. The carefully extracted aroma creates a pleasant environment for relaxation and focus.,Beauty_Personal_Care.jpg,4,41
132,NOW Foods Health & Wellness Essential Supplement,"High-quality now supplement designed to meet your needs. Featuring superior craftsmanship and materials, this item offers great value and performance. Add it to your cart today!",Health_Wellness.jpg,9,124
133,3M Automotive Essential Accessory,"High-quality 3m accessory designed to meet your needs. Featuring superior craftsmanship and materials, this item offers great value and performance. Add it to your cart today!",Automotive.jpg,8,6
134,Tommy Hilfiger Blue T-shirt,"Add a touch of style to your casual wardrobe with this comfortable tommy t-shirt. Made from soft, breathable fabric that feels great against your skin. Perfect for everyday wear.",Clothing.jpg,33,59
135,Ralph Lauren Glass Scarf in Green,Add a touch of elegance to any outfit with this beautiful ralph scarf. The soft fabric and stylish design make it a versatile accessory for any season.,Clothing.jpg,2,6
136,Nivea Woody Essential Oil,Enhance your wellbeing with this pure nivea essential oil. The carefully extracted aroma creates a pleasant environment for relaxation and focus.,Beauty_Personal_Care.jpg,4,58
137,Bed Bath & Beyond Plastic Bed Sheet Set,Experience better sleep with these luxurious bed bed sheets. Made from high-quality materials for breathable comfort that lasts wash after wash.,Home_Kitchen.jpg,3,173
138,"Smart TV Samsung 25""","Transform your living room with this smart TV. Enjoy stunning picture quality, vibrant colors, and smart features for all your entertainment needs. Stream your favorite content with ease.",Electronics.jpg,1,198
139,Penguin Deluxe Books Book (1),"High-quality penguin (1) designed to meet your needs. Featuring superior craftsmanship and materials, this item offers great value and performance. Add it to your cart today!",Books.jpg,6,60
140,Tablet Asus Pro,"Stay productive and entertained with this versatile tablet tablet. Featuring a responsive touchscreen, powerful performance, and long battery life. Perfect for browsing, reading, and media consumption.",Electronics.jpg,1,48
141,Schwinn Running Shoes Blue,"Optimize your performance with these specialized schwinn running shoes. Designed with support and cushioning in all the right places for comfortable, injury-free training.",Sports_Outdoors.jpg,5,7
142,Centrum Health & Wellness Essential Supplement,"High-quality centrum supplement designed to meet your needs. Featuring superior craftsmanship and materials, this item offers great value and performance. Add it to your cart today!",Health_Wellness.jpg,9,4
143,Fisher-Price Classic Toys & Games Toy (1),"High-quality fisher-price (1) designed to meet your needs. Featuring superior craftsmanship and materials, this item offers great value and performance. Add it to your cart today!",Toys_Games.jpg,7,77
144,Fisher-Price Premium Toys & Games Toy,"High-quality fisher-price toy designed to meet your needs. Featuring superior craftsmanship and materials, this item offers great value and performance. Add it to your cart today!",Toys_Games.jpg,7,45
145,Speedo Orange Yoga Mat,Enhance your practice with this premium speedo yoga mat. The perfect thickness provides cushioning for your joints while maintaining stability for all poses.,Sports_Outdoors.jpg,5,102
146,Garden of Life Health & Wellness Fantastic Supplement,"High-quality garden supplement designed to meet your needs. Featuring superior craftsmanship and materials, this item offers great value and performance. Add it to your cart today!",Health_Wellness.jpg,9,121
147,Tiffany Modern Jewelry Boxes with Leather,"High-quality tiffany leather designed to meet your needs. Featuring superior craftsmanship and materials, this item offers great value and performance. Add it to your cart today!",Jewelry.jpg,40,48
148,Bed Bath & Beyond Elegant Table Lamp,Add ambient lighting to any room with this stylish bed table lamp. The elegant design complements your decor while providing perfect illumination for reading and relaxing.,Home_Kitchen.jpg,3,60
149,Castrol Automotive Advanced Accessory,"High-quality castrol accessory designed to meet your needs. Featuring superior craftsmanship and materials, this item offers great value and performance. Add it to your cart today!",Automotive.jpg,8,89
150,Random House Professional Books Book (2),"High-quality random (2) designed to meet your needs. Featuring superior craftsmanship and materials, this item offers great value and performance. Add it to your cart today!",Books.jpg,6,185
151,Smartwatch Lenovo Next,"Track your fitness goals and stay connected with this feature-packed smartwatch smartwatch. With health monitoring, notifications, and long battery life, it's your perfect daily companion.",Electronics.jpg,1,168
152,Tablet Sony Basic,"Stay productive and entertained with this versatile tablet tablet. Featuring a responsive touchscreen, powerful performance, and long battery life. Perfect for browsing, reading, and media consumption.",Electronics.jpg,1,93
153,Meguiar's Car Automotive,"High-quality meguiar's automotive designed to meet your needs. Featuring superior craftsmanship and materials, this item offers great value and performance. Add it to your cart today!",Automotive.jpg,8,195
154,Nature's Way Health & Wellness Premium Supplement,"High-quality nature's supplement designed to meet your needs. Featuring superior craftsmanship and materials, this item offers great value and performance. Add it to your cart today!",Health_Wellness.jpg,9,141
155,Mattel Toys & Games Game Set (1),"High-quality mattel (1) designed to meet your needs. Featuring superior craftsmanship and materials, this item offers great value and performance. Add it to your cart today!",Toys_Games.jpg,7,66
156,Tefal Metal Planter 30cm,Display your favorite plants in style with this attractive tefal planter. The quality materials and thoughtful design make it a beautiful addition to any space.,Home_Kitchen.jpg,3,196
157,Hasbro Professional Toys & Games Toy,"High-quality hasbro toy designed to meet your needs. Featuring superior craftsmanship and materials, this item offers great value and performance. Add it to your cart today!",Toys_Games.jpg,7,106
158,Garden of Life Health & Wellness Aid,"High-quality garden aid designed to meet your needs. Featuring superior craftsmanship and materials, this item offers great value and performance. Add it to your cart today!",Health_Wellness.jpg,9,75
159,Mattel Toys & Games Game Set (2),"High-quality mattel (2) designed to meet your needs. Featuring superior craftsmanship and materials, this item offers great value and performance. Add it to your cart today!",Toys_Games.jpg,7,52
160,NOW Foods Health & Wellness Deluxe Supplement (1),"High-quality now (1) designed to meet your needs. Featuring superior craftsmanship and materials, this item offers great value and performance. Add it to your cart today!",Health_Wellness.jpg,9,73
161,MAC Skincare Kit,"Complete your skincare routine with this comprehensive mac skincare kit. Each product works together to cleanse, treat, and protect your skin for optimal results.",Beauty_Personal_Care.jpg,4,98
162,Hasbro Toys & Games Game Set (3),"High-quality hasbro (3) designed to meet your needs. Featuring superior craftsmanship and materials, this item offers great value and performance. Add it to your cart today!",Toys_Games.jpg,7,109
163,3M Car Automotive (2),"High-quality 3m (2) designed to meet your needs. Featuring superior craftsmanship and materials, this item offers great value and performance. Add it to your cart today!",Automotive.jpg,8,36
164,Shell Automotive Advanced Accessory (1),"High-quality shell (1) designed to meet your needs. Featuring superior craftsmanship and materials, this item offers great value and performance. Add it to your cart today!",Automotive.jpg,8,49
165,Harper Advanced Books Book (1),"High-quality harper (1) designed to meet your needs. Featuring superior craftsmanship and materials, this item offers great value and performance. Add it to your cart today!",Books.jpg,6,129
166,Swarovski Casual Jewelry Boxes with Cotton,"High-quality swarovski cotton designed to meet your needs. Featuring superior craftsmanship and materials, this item offers great value and performance. Add it to your cart today!",Jewelry.jpg,40,101
167,Smartphone Bose Next,"Experience the latest technology with this smartphone smartphone. Featuring a stunning display, powerful processor, and exceptional camera system. Perfect for staying connected, capturing memories, and enjoying your favorite content on the go.",Electronics.jpg,1,185
168,Smartwatch Lenovo Plus,"Track your fitness goals and stay connected with this feature-packed smartwatch smartwatch. With health monitoring, notifications, and long battery life, it's your perfect daily companion.",Electronics.jpg,1,140
169,Swarovski Modern Jewelry Boxes with Cotton,"High-quality swarovski cotton designed to meet your needs. Featuring superior craftsmanship and materials, this item offers great value and performance. Add it to your cart today!",Jewelry.jpg,40,155
170,Tommy Hilfiger Athletic Sneakers,"Step out in style with these tommy sneakers. Designed for both comfort and fashion, they feature cushioned insoles and durable construction for all-day wear.",Clothing.jpg,2,119
171,Hasbro Toys & Games Game Set (4),"High-quality hasbro (4) designed to meet your needs. Featuring superior craftsmanship and materials, this item offers great value and performance. Add it to your cart today!",Toys_Games.jpg,7,10
172,Penguin Classic Books Book,"High-quality penguin book designed to meet your needs. Featuring superior craftsmanship and materials, this item offers great value and performance. Add it to your cart today!",Books.jpg,6,200
173,"Laptop Dell Next 30""","Elevate your productivity with this laptop laptop. Designed for performance with a fast processor, ample storage, and crisp display. Ideal for work, entertainment, and creativity wherever you go.",Electronics.jpg,1,71
174,Tefal Towel Set Green,"Wrap yourself in luxury with these premium tefal towels. Absorbent and soft, they're the perfect addition to your bathroom for everyday comfort.",Home_Kitchen.jpg,3,164
175,Smartwatch Apple Ultra,"Track your fitness goals and stay connected with this feature-packed smartwatch smartwatch. With health monitoring, notifications, and long battery life, it's your perfect daily companion.",Electronics.jpg,1,40
176,Fitbit 25lb Dumbbell Set,Build strength effectively with this quality fitbit dumbbell set. The comfortable grip and durable construction make them perfect for a variety of exercises.,Sports_Outdoors.jpg,5,183
177,Ralph Lauren Elegant Dress in Gray,Make a statement with this beautiful ralph dress. The flattering silhouette and quality fabric ensure you'll look and feel amazing for any special occasion.,Clothing.jpg,33,22
178,LEGO Toys & Games Game Set,"High-quality lego set designed to meet your needs. Featuring superior craftsmanship and materials, this item offers great value and performance. Add it to your cart today!",Toys_Games.jpg,7,35
179,Fitbit 25lb Dumbbell Set (1),Build strength effectively with this quality fitbit dumbbell set. The comfortable grip and durable construction make them perfect for a variety of exercises.,Sports_Outdoors.jpg,5,121
180,Digital Camera JBL Next,"Capture life's precious moments with exceptional clarity using this digital camera. With advanced features and intuitive controls, it's perfect for both beginners and photography enthusiasts.",Electronics.jpg,1,31
181,Crate & Barrel Minimalist Table Lamp,Add ambient lighting to any room with this stylish crate table lamp. The elegant design complements your decor while providing perfect illumination for reading and relaxing.,Home_Kitchen.jpg,3,175
182,Digital Camera Asus Plus,"Capture life's precious moments with exceptional clarity using this digital camera. With advanced features and intuitive controls, it's perfect for both beginners and photography enthusiasts.",Electronics.jpg,1,5
183,Michelin Automotive Classic Accessory,"High-quality michelin accessory designed to meet your needs. Featuring superior craftsmanship and materials, this item offers great value and performance. Add it to your cart today!",Automotive.jpg,8,128
184,Melissa & Doug Essential Toys & Games Toy,"High-quality melissa toy designed to meet your needs. Featuring superior craftsmanship and materials, this item offers great value and performance. Add it to your cart today!",Toys_Games.jpg,7,179
185,Estée Lauder Matte Lipstick in White,Make a statement with this vibrant estée lipstick. The creamy formula glides on smoothly for comfortable wear and stunning color that lasts.,Beauty_Personal_Care.jpg,4,116
186,MAC Foundation,Achieve a flawless complexion with this mac foundation. The buildable coverage blends seamlessly for a natural-looking finish that lasts all day.,Beauty_Personal_Care.jpg,4,196
187,Crate & Barrel Leather Utensil Set,Make meal preparation a pleasure with this quality crate utensil set. Featuring ergonomic handles and durable construction for years of cooking enjoyment.,Home_Kitchen.jpg,3,26
188,Penguin Professional Books Book,"High-quality penguin book designed to meet your needs. Featuring superior craftsmanship and materials, this item offers great value and performance. Add it to your cart today!",Books.jpg,6,185
189,Tefal Plastic Planter 65cm,Display your favorite plants in style with this attractive tefal planter. The quality materials and thoughtful design make it a beautiful addition to any space.,Home_Kitchen.jpg,3,95
190,NOW Foods Health & Wellness Aid,"High-quality now aid designed to meet your needs. Featuring superior craftsmanship and materials, this item offers great value and performance. Add it to your cart today!",Health_Wellness.jpg,9,16
191,IKEA Bohemian Table Lamp,Add ambient lighting to any room with this stylish ikea table lamp. The elegant design complements your decor while providing perfect illumination for reading and relaxing.,Home_Kitchen.jpg,3,200
192,Nike Cap in Yellow,Top off your casual look with this stylish nike cap. Featuring adjustable sizing for a perfect fit and quality construction for lasting wear.,Clothing.jpg,2,102
193,Clinique Mascara,Define and enhance your lashes with this clinique mascara. The innovative formula adds volume and length without clumping for beautifully dramatic eyes.,Beauty_Personal_Care.jpg,4,193
194,Simon & Schuster Professional Books Book,"High-quality simon book designed to meet your needs. Featuring superior craftsmanship and materials, this item offers great value and performance. Add it to your cart today!",Books.jpg,6,18
195,Pottery Barn Wood Planter XXLcm,Display your favorite plants in style with this attractive pottery planter. The quality materials and thoughtful design make it a beautiful addition to any space.,Home_Kitchen.jpg,3,16
196,Oxford Professional Books Book,"High-quality oxford book designed to meet your needs. Featuring superior craftsmanship and materials, this item offers great value and performance. Add it to your cart today!",Books.jpg,6,93
197,Tefal Vintage Table Lamp,Add ambient lighting to any room with this stylish tefal table lamp. The elegant design complements your decor while providing perfect illumination for reading and relaxing.,Home_Kitchen.jpg,3,94
198,Bed Bath & Beyond Wood Rug Mm,Transform your space with this beautiful bed rug. The quality materials and expert craftsmanship add comfort underfoot and a touch of style to any room.,Home_Kitchen.jpg,3,68
199,Centrum Health & Wellness Aid (2),"High-quality centrum (2) designed to meet your needs. Featuring superior craftsmanship and materials, this item offers great value and performance. Add it to your cart today!",Health_Wellness.jpg,9,179
200,Wilson Trekking Poles,Navigate any terrain with confidence using these sturdy wilson trekking poles. Adjustable height and comfortable grips reduce strain on your joints during hikes.,Sports_Outdoors.jpg,5,7
201,Shell Car Automotive (1),"High-quality shell (1) designed to meet your needs. Featuring superior craftsmanship and materials, this item offers great value and performance. Add it to your cart today!",Automotive.jpg,8,101
202,Simon & Schuster Premium Books Book,"High-quality simon book designed to meet your needs. Featuring superior craftsmanship and materials, this item offers great value and performance. Add it to your cart today!",Books.jpg,6,149
203,Harper Professional Books Book,"High-quality harper book designed to meet your needs. Featuring superior craftsmanship and materials, this item offers great value and performance. Add it to your cart today!",Books.jpg,6,73
204,Mattel Professional Toys & Games Toy,"High-quality mattel toy designed to meet your needs. Featuring superior craftsmanship and materials, this item offers great value and performance. Add it to your cart today!",Toys_Games.jpg,7,139
205,Tablet Philips Lite,"Stay productive and entertained with this versatile tablet tablet. Featuring a responsive touchscreen, powerful performance, and long battery life. Perfect for browsing, reading, and media consumption.",Electronics.jpg,1,83
206,Alex and Ani Elegant Jewelry with Wool,"High-quality alex wool designed to meet your needs. Featuring superior craftsmanship and materials, this item offers great value and performance. Add it to your cart today!",Jewelry.jpg,10,89
207,Random House Luxury Books Book,"High-quality random book designed to meet your needs. Featuring superior craftsmanship and materials, this item offers great value and performance. Add it to your cart today!",Books.jpg,6,7
208,Smart Speaker Samsung (1),"Fill your space with rich, room-filling sound from this smart speaker. With clear highs and deep bass, it delivers an immersive audio experience for music, movies, and more.",Electronics.jpg,1,11
209,Zara Athletic Jeans,These premium zara jeans combine style and comfort for your everyday look. Featuring quality denim and expert craftsmanship for a perfect fit that lasts through countless wears.,Clothing.jpg,13,61
210,Garden of Life Health & Wellness Fantastic Supplement (1),"High-quality garden (1) designed to meet your needs. Featuring superior craftsmanship and materials, this item offers great value and performance. Add it to your cart today!",Health_Wellness.jpg,9,140
211,Simon & Schuster Essential Books Book,"High-quality simon book designed to meet your needs. Featuring superior craftsmanship and materials, this item offers great value and performance. Add it to your cart today!",Books.jpg,6,86
212,Clinique Skincare Kit,"Complete your skincare routine with this comprehensive clinique skincare kit. Each product works together to cleanse, treat, and protect your skin for optimal results.",Beauty_Personal_Care.jpg,4,82
213,CeraVe Shampoo for Normal Hair,Revitalize your hair with this specialized cerave shampoo. Formulated to cleanse gently while addressing your specific hair needs for healthier-looking results.,Beauty_Personal_Care.jpg,4,184
214,Smart Speaker Dell,"Fill your space with rich, room-filling sound from this smart speaker. With clear highs and deep bass, it delivers an immersive audio experience for music, movies, and more.",Electronics.jpg,1,128
215,Nature's Way Health & Wellness Aid (1),"High-quality nature's (1) designed to meet your needs. Featuring superior craftsmanship and materials, this item offers great value and performance. Add it to your cart today!",Health_Wellness.jpg,9,199
216,Centrum Health & Wellness Aid (3),"High-quality centrum (3) designed to meet your needs. Featuring superior craftsmanship and materials, this item offers great value and performance. Add it to your cart today!",Health_Wellness.jpg,9,94
217,Under Armour Cap in Red,Top off your casual look with this stylish under cap. Featuring adjustable sizing for a perfect fit and quality construction for lasting wear.,Clothing.jpg,33,172
218,Random House Premium Books Book,"High-quality random book designed to meet your needs. Featuring superior craftsmanship and materials, this item offers great value and performance. Add it to your cart today!",Books.jpg,6,88
219,Nature's Way Health & Wellness Aid (2),"High-quality nature's (2) designed to meet your needs. Featuring superior craftsmanship and materials, this item offers great value and performance. Add it to your cart today!",Health_Wellness.jpg,9,165
220,Callaway Tennis Racket,Improve your game with this professional-grade callaway tennis racket. The balanced design and quality strings give you better control and power on every shot.,Sports_Outdoors.jpg,5,163
221,Garden of Life Health & Wellness Aid (1),"High-quality garden (1) designed to meet your needs. Featuring superior craftsmanship and materials, this item offers great value and performance. Add it to your cart today!",Health_Wellness.jpg,9,122
222,Bosch Car Automotive,"High-quality bosch automotive designed to meet your needs. Featuring superior craftsmanship and materials, this item offers great value and performance. Add it to your cart today!",Automotive.jpg,8,126
223,Penguin Professional Books Book (1),"High-quality penguin (1) designed to meet your needs. Featuring superior craftsmanship and materials, this item offers great value and performance. Add it to your cart today!",Books.jpg,6,23
224,Smartwatch Xiaomi Ultra,"Track your fitness goals and stay connected with this feature-packed smartwatch smartwatch. With health monitoring, notifications, and long battery life, it's your perfect daily companion.",Electronics.jpg,1,70
225,LEGO Professional Toys & Games Toy (1),"High-quality lego (1) designed to meet your needs. Featuring superior craftsmanship and materials, this item offers great value and performance. Add it to your cart today!",Toys_Games.jpg,7,101
226,Bluetooth Headphones Bose,"Immerse yourself in rich, clear sound with these bluetooth headphones. Featuring comfortable ear cushions and excellent noise isolation. Perfect for music, calls, and entertainment.",Electronics.jpg,1,183
227,Clinique Green Makeup Set,Express yourself with this premium clinique makeup set. Featuring highly pigmented colors and long-lasting formulas for a flawless look that stays all day.,Beauty_Personal_Care.jpg,4,196
228,"Smart TV Sony XL""","Transform your living room with this smart TV. Enjoy stunning picture quality, vibrant colors, and smart features for all your entertainment needs. Stream your favorite content with ease.",Electronics.jpg,1,168
229,Bed Bath & Beyond Minimalist Table Lamp,Add ambient lighting to any room with this stylish bed table lamp. The elegant design complements your decor while providing perfect illumination for reading and relaxing.,Home_Kitchen.jpg,3,41
230,Vintage Essential Books Book (1),"High-quality vintage (1) designed to meet your needs. Featuring superior craftsmanship and materials, this item offers great value and performance. Add it to your cart today!",Books.jpg,6,190
231,Pandora Silk Men's Jewelry,"Elevate your cooking with this premium pandora non-stick pan. Designed for even heat distribution and easy food release, it makes preparing your favorite dishes a pleasure.",Jewelry.jpg,16,35
232,Puma Black Hoodie,"Stay cozy in this comfortable puma hoodie. Perfect for relaxed weekends or active days, it's made from soft fabric that keeps you warm without weighing you down.",Clothing.jpg,2,108
233,Meguiar's Automotive Deluxe Accessory (1),"High-quality meguiar's (1) designed to meet your needs. Featuring superior craftsmanship and materials, this item offers great value and performance. Add it to your cart today!",Automotive.jpg,8,149
234,Nike Cotton Jacket,"Stay warm and stylish with this versatile nike jacket. Perfect for layering in changing weather, it combines fashion and function for your everyday outfits.",Clothing.jpg,23,172
235,Crate & Barrel Wood Curtains in Red,Control light and add privacy with these elegant crate curtains. The quality fabric and careful construction enhance your room's decor while serving a practical purpose.,Home_Kitchen.jpg,3,192
236,Random House Professional Books Book (3),"High-quality random (3) designed to meet your needs. Featuring superior craftsmanship and materials, this item offers great value and performance. Add it to your cart today!",Books.jpg,6,10
237,Tefal Non-stick Pan XXLcm,"Elevate your cooking with this premium tefal non-stick pan. Designed for even heat distribution and easy food release, it makes preparing your favorite dishes a pleasure.",Home_Kitchen.jpg,3,48
238,GNC Health & Wellness Fantastic Supplement,"High-quality gnc supplement designed to meet your needs. Featuring superior craftsmanship and materials, this item offers great value and performance. Add it to your cart today!",Health_Wellness.jpg,9,155
239,NOW Foods Health & Wellness Aid (1),"High-quality now (1) designed to meet your needs. Featuring superior craftsmanship and materials, this item offers great value and performance. Add it to your cart today!",Health_Wellness.jpg,9,95
240,"Laptop Asus Lite 30""","Elevate your productivity with this laptop laptop. Designed for performance with a fast processor, ample storage, and crisp display. Ideal for work, entertainment, and creativity wherever you go.",Electronics.jpg,1,178
241,Garden of Life Health & Wellness Aid (2),"High-quality garden (2) designed to meet your needs. Featuring superior craftsmanship and materials, this item offers great value and performance. Add it to your cart today!",Health_Wellness.jpg,9,49
242,Olay Orange Makeup Set,Express yourself with this premium olay makeup set. Featuring highly pigmented colors and long-lasting formulas for a flawless look that stays all day.,Beauty_Personal_Care.jpg,4,125
243,LEGO Luxury Toys & Games Toy,"High-quality lego toy designed to meet your needs. Featuring superior craftsmanship and materials, this item offers great value and performance. Add it to your cart today!",Toys_Games.jpg,7,30
244,Random House Classic Books Book,"High-quality random book designed to meet your needs. Featuring superior craftsmanship and materials, this item offers great value and performance. Add it to your cart today!",Books.jpg,6,149
245,Cartier Plastic Men's Jewelry,"High-quality cartier jewelry designed to meet your needs. Featuring superior craftsmanship and materials, this item offers great value and performance. Add it to your cart today!",Jewelry.jpg,16,39
246,Adidas Camping Tent L-Person,Make outdoor adventures more comfortable with this reliable adidas camping tent. Quick to set up and designed to withstand the elements for worry-free camping.,Sports_Outdoors.jpg,5,158
247,Harper Deluxe Books Book,"High-quality harper book designed to meet your needs. Featuring superior craftsmanship and materials, this item offers great value and performance. Add it to your cart today!",Books.jpg,6,104
248,KitchenAid Classic Wall Clock,Keep track of time in style with this kitchenaid wall clock. The clean design and reliable mechanism make it both a functional timepiece and attractive decor element.,Home_Kitchen.jpg,3,55
249,"Monitor HP 32""","Enhance your viewing experience with this monitor monitor. Featuring crisp visuals, accurate colors, and eye-comfort technology for reduced strain during long usage sessions.",Electronics.jpg,1,132
250,Penguin Luxury Books Book,"High-quality penguin book designed to meet your needs. Featuring superior craftsmanship and materials, this item offers great value and performance. Add it to your cart today!",Books.jpg,6,154
251,Revlon Skincare Kit,"Complete your skincare routine with this comprehensive revlon skincare kit. Each product works together to cleanse, treat, and protect your skin for optimal results.",Beauty_Personal_Care.jpg,4,14
252,Under Armour Trekking Poles,Navigate any terrain with confidence using these sturdy under trekking poles. Adjustable height and comfortable grips reduce strain on your joints during hikes.,Sports_Outdoors.jpg,5,159
253,Melissa & Doug Essential Toys & Games Toy (1),"High-quality melissa (1) designed to meet your needs. Featuring superior craftsmanship and materials, this item offers great value and performance. Add it to your cart today!",Toys_Games.jpg,7,109
254,Melissa & Doug Essential Toys & Games Toy (2),"High-quality melissa (2) designed to meet your needs. Featuring superior craftsmanship and materials, this item offers great value and performance. Add it to your cart today!",Toys_Games.jpg,7,141
255,Spalding Bicycle Helmet (1),Protect yourself in style with this safety-certified spalding bicycle helmet. The adjustable fit and ventilation system ensure comfort during your rides.,Sports_Outdoors.jpg,5,31
256,Nature's Way Health & Wellness Aid (3),"High-quality nature's (3) designed to meet your needs. Featuring superior craftsmanship and materials, this item offers great value and performance. Add it to your cart today!",Health_Wellness.jpg,9,21
257,Simon & Schuster Advanced Books Book,"High-quality simon book designed to meet your needs. Featuring superior craftsmanship and materials, this item offers great value and performance. Add it to your cart today!",Books.jpg,6,137
258,Tiffany Casual Jewelry Boxes with Wool,"High-quality tiffany wool designed to meet your needs. Featuring superior craftsmanship and materials, this item offers great value and performance. Add it to your cart today!",Jewelry.jpg,40,190
259,LEGO Premium Toys & Games Toy,"High-quality lego toy designed to meet your needs. Featuring superior craftsmanship and materials, this item offers great value and performance. Add it to your cart today!",Toys_Games.jpg,7,95
260,Pandora Leather Jewelry Boxes,"Elevate your cooking with this premium pandora non-stick pan. Designed for even heat distribution and easy food release, it makes preparing your favorite dishes a pleasure.",Jewelry.jpg,40,105
261,Levi's Pink Hoodie,"Stay cozy in this comfortable levi's hoodie. Perfect for relaxed weekends or active days, it's made from soft fabric that keeps you warm without weighing you down.",Clothing.jpg,13,63
262,3M Automotive Classic Accessory,"High-quality 3m accessory designed to meet your needs. Featuring superior craftsmanship and materials, this item offers great value and performance. Add it to your cart today!",Automotive.jpg,8,54
263,Nike Yellow Yoga Mat,Enhance your practice with this premium nike yoga mat. The perfect thickness provides cushioning for your joints while maintaining stability for all poses.,Sports_Outdoors.jpg,5,169
264,Maybelline Gray Makeup Set,Express yourself with this premium maybelline makeup set. Featuring highly pigmented colors and long-lasting formulas for a flawless look that stays all day.,Beauty_Personal_Care.jpg,4,146
265,LEGO Fantastic Toys & Games Toy,"High-quality lego toy designed to meet your needs. Featuring superior craftsmanship and materials, this item offers great value and performance. Add it to your cart today!",Toys_Games.jpg,7,133
266,Oxford Professional Books Book (1),"High-quality oxford (1) designed to meet your needs. Featuring superior craftsmanship and materials, this item offers great value and performance. Add it to your cart today!",Books.jpg,6,130
267,GNC Health & Wellness Deluxe Supplement,"High-quality gnc supplement designed to meet your needs. Featuring superior craftsmanship and materials, this item offers great value and performance. Add it to your cart today!",Health_Wellness.jpg,9,12
268,Pottery Barn Wood Elegant Organizer,Bring order to any space with this practical pottery organizer. Thoughtfully designed compartments help you store and access your items with ease.,Home_Kitchen.jpg,3,2
269,Speedo Tennis Racket,Improve your game with this professional-grade speedo tennis racket. The balanced design and quality strings give you better control and power on every shot.,Sports_Outdoors.jpg,5,12
270,Random House Professional Books Book (4),"High-quality random (4) designed to meet your needs. Featuring superior craftsmanship and materials, this item offers great value and performance. Add it to your cart today!",Books.jpg,6,51
271,Columbia 50lb Dumbbell Set,Build strength effectively with this quality columbia dumbbell set. The comfortable grip and durable construction make them perfect for a variety of exercises.,Sports_Outdoors.jpg,5,135
272,Nordic Naturals Health & Wellness Aid,"High-quality nordic aid designed to meet your needs. Featuring superior craftsmanship and materials, this item offers great value and performance. Add it to your cart today!",Health_Wellness.jpg,9,91
273,Levi's Wool Scarf in Blue,Add a touch of elegance to any outfit with this beautiful levi's scarf. The soft fabric and stylish design make it a versatile accessory for any season.,Clothing.jpg,23,90
274,Swarovski Metal Jewelry,"High-quality swarovski jewelry designed to meet your needs. Featuring superior craftsmanship and materials, this item offers great value and performance. Add it to your cart today!",Jewelry.jpg,10,3
275,NOW Foods Health & Wellness Classic Supplement,"High-quality now supplement designed to meet your needs. Featuring superior craftsmanship and materials, this item offers great value and performance. Add it to your cart today!",Health_Wellness.jpg,9,139
276,NOW Foods Health & Wellness Aid (2),"High-quality now (2) designed to meet your needs. Featuring superior craftsmanship and materials, this item offers great value and performance. Add it to your cart today!",Health_Wellness.jpg,9,42
277,Harper Classic Books Book,"High-quality harper book designed to meet your needs. Featuring superior craftsmanship and materials, this item offers great value and performance. Add it to your cart today!",Books.jpg,6,155
278,Tiffany Elegant Jewelry Boxes with Glass,"High-quality tiffany glass designed to meet your needs. Featuring superior craftsmanship and materials, this item offers great value and performance. Add it to your cart today!",Jewelry.jpg,40,109
279,Smartphone Philips Air,"Experience the latest technology with this smartphone smartphone. Featuring a stunning display, powerful processor, and exceptional camera system. Perfect for staying connected, capturing memories, and enjoying your favorite content on the go.",Electronics.jpg,1,90
280,Centrum Health & Wellness Luxury Supplement,"High-quality centrum supplement designed to meet your needs. Featuring superior craftsmanship and materials, this item offers great value and performance. Add it to your cart today!",Health_Wellness.jpg,9,5
281,Fisher-Price Deluxe Toys & Games Toy,"High-quality fisher-price toy designed to meet your needs. Featuring superior craftsmanship and materials, this item offers great value and performance. Add it to your cart today!",Toys_Games.jpg,7,97
282,Olay Skincare Kit,"Complete your skincare routine with this comprehensive olay skincare kit. Each product works together to cleanse, treat, and protect your skin for optimal results.",Beauty_Personal_Care.jpg,4,15
283,The North Face Golf Set (1),Improve your performance on the course with this premium the golf set. Clubs for every situation help you tackle any hole with confidence.,Sports_Outdoors.jpg,5,85
284,Tefal Non-stick Pan Mcm,"Elevate your cooking with this premium tefal non-stick pan. Designed for even heat distribution and easy food release, it makes preparing your favorite dishes a pleasure.",Home_Kitchen.jpg,3,111
285,Castrol Automotive Premium Accessory,"High-quality castrol accessory designed to meet your needs. Featuring superior craftsmanship and materials, this item offers great value and performance. Add it to your cart today!",Automotive.jpg,8,53
286,Power Bank Acer 65mAh,"Never run out of battery again with this reliable power power bank. Compact yet powerful, it provides multiple charges for your devices when you're on the go.",Electronics.jpg,1,182
287,Kay Plastic Men's Jewelry,"High-quality kay jewelry designed to meet your needs. Featuring superior craftsmanship and materials, this item offers great value and performance. Add it to your cart today!",Jewelry.jpg,16,16
288,Nike Camping Tent S-Person,Make outdoor adventures more comfortable with this reliable nike camping tent. Quick to set up and designed to withstand the elements for worry-free camping.,Sports_Outdoors.jpg,5,143
289,Simon & Schuster Essential Books Book (1),"High-quality simon (1) designed to meet your needs. Featuring superior craftsmanship and materials, this item offers great value and performance. Add it to your cart today!",Books.jpg,6,189
290,Penguin Essential Books Book,"High-quality penguin book designed to meet your needs. Featuring superior craftsmanship and materials, this item offers great value and performance. Add it to your cart today!",Books.jpg,6,117
291,Calvin Klein Wood Coat,Stay protected from the elements in style with this premium calvin coat. The quality materials and expert tailoring ensure warmth and comfort in cold weather.,Clothing.jpg,13,114
292,Harper Professional Books Book (1),"High-quality harper (1) designed to meet your needs. Featuring superior craftsmanship and materials, this item offers great value and performance. Add it to your cart today!",Books.jpg,6,83
293,Schwinn Tennis Racket,Improve your game with this professional-grade schwinn tennis racket. The balanced design and quality strings give you better control and power on every shot.,Sports_Outdoors.jpg,5,91
294,Gaming Console Dell Elite,"Dive into immersive gaming experiences with this gaming gaming console. Featuring powerful graphics, fast loading times, and access to an extensive library of games for endless entertainment.",Electronics.jpg,1,75
295,"Smart TV LG S""","Transform your living room with this smart TV. Enjoy stunning picture quality, vibrant colors, and smart features for all your entertainment needs. Stream your favorite content with ease.",Electronics.jpg,1,77
296,Wilson Trekking Poles (1),Navigate any terrain with confidence using these sturdy wilson trekking poles. Adjustable height and comfortable grips reduce strain on your joints during hikes.,Sports_Outdoors.jpg,5,170
297,Nike 30lb Dumbbell Set,Build strength effectively with this quality nike dumbbell set. The comfortable grip and durable construction make them perfect for a variety of exercises.,Sports_Outdoors.jpg,5,127
298,Neutrogena Perfume Spicy,Discover your signature scent with this exquisite neutrogena perfume. The carefully crafted fragrance notes evolve throughout the day for a truly personal experience.,Beauty_Personal_Care.jpg,4,187
299,Tommy Hilfiger Wool Jacket,"Stay warm and stylish with this versatile tommy jacket. Perfect for layering in changing weather, it combines fashion and function for your everyday outfits.",Clothing.jpg,13,82
300,Swarovski Athletic Jewelry with Silk,"High-quality swarovski silk designed to meet your needs. Featuring superior craftsmanship and materials, this item offers great value and performance. Add it to your cart today!",Jewelry.jpg,10,36
301,Pottery Barn Silk Pillow,Rest your head on the perfect blend of support and comfort with this pottery pillow. Designed for a restful night's sleep in any sleeping position.,Home_Kitchen.jpg,3,168
302,Nature's Way Health & Wellness Classic Supplement,"High-quality nature's supplement designed to meet your needs. Featuring superior craftsmanship and materials, this item offers great value and performance. Add it to your cart today!",Health_Wellness.jpg,9,68
303,Under Armour Running Shoes Yellow,"Optimize your performance with these specialized under running shoes. Designed with support and cushioning in all the right places for comfortable, injury-free training.",Sports_Outdoors.jpg,5,10
304,Bosch Car Automotive (1),"High-quality bosch (1) designed to meet your needs. Featuring superior craftsmanship and materials, this item offers great value and performance. Add it to your cart today!",Automotive.jpg,8,179
305,Digital Camera Xiaomi Ultra,"Capture life's precious moments with exceptional clarity using this digital camera. With advanced features and intuitive controls, it's perfect for both beginners and photography enthusiasts.",Electronics.jpg,1,128
306,Hasbro Toys & Games Game Set (5),"High-quality hasbro (5) designed to meet your needs. Featuring superior craftsmanship and materials, this item offers great value and performance. Add it to your cart today!",Toys_Games.jpg,7,152
307,Zara Ceramic Scarf in Red,Add a touch of elegance to any outfit with this beautiful zara scarf. The soft fabric and stylish design make it a versatile accessory for any season.,Clothing.jpg,13,147
308,Adidas Cap in Yellow,Top off your casual look with this stylish adidas cap. Featuring adjustable sizing for a perfect fit and quality construction for lasting wear.,Clothing.jpg,23,146
309,Melissa & Doug Toys & Games Game Set,"High-quality melissa set designed to meet your needs. Featuring superior craftsmanship and materials, this item offers great value and performance. Add it to your cart today!",Toys_Games.jpg,7,63
310,Nivea Shampoo for Normal Hair,Revitalize your hair with this specialized nivea shampoo. Formulated to cleanse gently while addressing your specific hair needs for healthier-looking results.,Beauty_Personal_Care.jpg,4,23
311,Zara Red T-shirt,"Add a touch of style to your casual wardrobe with this comfortable zara t-shirt. Made from soft, breathable fabric that feels great against your skin. Perfect for everyday wear.",Clothing.jpg,23,88
312,Mattel Toys & Games Game Set (3),"High-quality mattel (3) designed to meet your needs. Featuring superior craftsmanship and materials, this item offers great value and performance. Add it to your cart today!",Toys_Games.jpg,7,92
313,"Smart TV Bose S""","Transform your living room with this smart TV. Enjoy stunning picture quality, vibrant colors, and smart features for all your entertainment needs. Stream your favorite content with ease.",Electronics.jpg,1,114
314,Calvin Klein Minimalist Pants,"These versatile calvin pants are a wardrobe essential. Combining comfort and style, they transition seamlessly from work to weekend activities.",Clothing.jpg,13,44
315,Pandora Modern Men's Jewelry with Silk,"Elevate your cooking with this premium pandora non-stick pan. Designed for even heat distribution and easy food release, it makes preparing your favorite dishes a pleasure.",Jewelry.jpg,16,171
316,"Laptop JBL Pro 30""","Elevate your productivity with this laptop laptop. Designed for performance with a fast processor, ample storage, and crisp display. Ideal for work, entertainment, and creativity wherever you go.",Electronics.jpg,1,100
317,Vintage Essential Books Book (2),"High-quality vintage (2) designed to meet your needs. Featuring superior craftsmanship and materials, this item offers great value and performance. Add it to your cart today!",Books.jpg,6,114
318,Levi's Athletic Skirt in Orange,Add versatility to your wardrobe with this stylish levi's skirt. The flattering cut and quality fabric make it perfect for both casual and dressier occasions.,Clothing.jpg,23,134
319,Tiffany Athletic Jewelry with Silk,"High-quality tiffany silk designed to meet your needs. Featuring superior craftsmanship and materials, this item offers great value and performance. Add it to your cart today!",Jewelry.jpg,10,10
320,Tiffany Casual Jewelry Boxes with Plastic,"High-quality tiffany plastic designed to meet your needs. Featuring superior craftsmanship and materials, this item offers great value and performance. Add it to your cart today!",Jewelry.jpg,40,108
321,"Monitor LG 65""","Enhance your viewing experience with this monitor monitor. Featuring crisp visuals, accurate colors, and eye-comfort technology for reduced strain during long usage sessions.",Electronics.jpg,1,28
322,Neutrogena Matte Lipstick in White,Make a statement with this vibrant neutrogena lipstick. The creamy formula glides on smoothly for comfortable wear and stunning color that lasts.,Beauty_Personal_Care.jpg,4,179
323,Fitbit Bicycle Helmet,Protect yourself in style with this safety-certified fitbit bicycle helmet. The adjustable fit and ventilation system ensure comfort during your rides.,Sports_Outdoors.jpg,5,57
324,Garden of Life Health & Wellness Premium Supplement,"High-quality garden supplement designed to meet your needs. Featuring superior craftsmanship and materials, this item offers great value and performance. Add it to your cart today!",Health_Wellness.jpg,9,73
325,Penguin Fantastic Books Book,"High-quality penguin book designed to meet your needs. Featuring superior craftsmanship and materials, this item offers great value and performance. Add it to your cart today!",Books.jpg,6,7
326,L'Oréal Shampoo for Curly Hair,Revitalize your hair with this specialized l'oréal shampoo. Formulated to cleanse gently while addressing your specific hair needs for healthier-looking results.,Beauty_Personal_Care.jpg,4,13
327,Corelle Bohemian Table Lamp,Add ambient lighting to any room with this stylish corelle table lamp. The elegant design complements your decor while providing perfect illumination for reading and relaxing.,Home_Kitchen.jpg,3,53
328,Bosch Car Automotive (2),"High-quality bosch (2) designed to meet your needs. Featuring superior craftsmanship and materials, this item offers great value and performance. Add it to your cart today!",Automotive.jpg,8,160
329,3M Automotive Professional Accessory,"High-quality 3m accessory designed to meet your needs. Featuring superior craftsmanship and materials, this item offers great value and performance. Add it to your cart today!",Automotive.jpg,8,116
330,KitchenAid Wood Blanket in Green,Stay cozy year-round with this soft kitchenaid blanket. Perfect for snuggling on the couch or adding an extra layer of warmth to your bed.,Home_Kitchen.jpg,3,168
331,New Balance Cap in Yellow,Top off your casual look with this stylish new cap. Featuring adjustable sizing for a perfect fit and quality construction for lasting wear.,Clothing.jpg,33,153
332,Playmobil Toys & Games Game Set (1),"High-quality playmobil (1) designed to meet your needs. Featuring superior craftsmanship and materials, this item offers great value and performance. Add it to your cart today!",Toys_Games.jpg,7,16
333,Tiffany Vintage Men's Jewelry with Wool,"High-quality tiffany wool designed to meet your needs. Featuring superior craftsmanship and materials, this item offers great value and performance. Add it to your cart today!",Jewelry.jpg,16,1
334,KitchenAid Athletic Wall Clock,Keep track of time in style with this kitchenaid wall clock. The clean design and reliable mechanism make it both a functional timepiece and attractive decor element.,Home_Kitchen.jpg,3,177
335,Smartwatch Canon Next,"Track your fitness goals and stay connected with this feature-packed smartwatch smartwatch. With health monitoring, notifications, and long battery life, it's your perfect daily companion.",Electronics.jpg,1,188
336,Callaway 40lb Dumbbell Set,Build strength effectively with this quality callaway dumbbell set. The comfortable grip and durable construction make them perfect for a variety of exercises.,Sports_Outdoors.jpg,5,157
337,Playmobil Fantastic Toys & Games Toy,"High-quality playmobil toy designed to meet your needs. Featuring superior craftsmanship and materials, this item offers great value and performance. Add it to your cart today!",Toys_Games.jpg,7,157
338,Garden of Life Health & Wellness Advanced Supplement,"High-quality garden supplement designed to meet your needs. Featuring superior craftsmanship and materials, this item offers great value and performance. Add it to your cart today!",Health_Wellness.jpg,9,95
339,Nature's Way Health & Wellness Luxury Supplement,"High-quality nature's supplement designed to meet your needs. Featuring superior craftsmanship and materials, this item offers great value and performance. Add it to your cart today!",Health_Wellness.jpg,9,114
340,Nike Elegant Jeans,These premium nike jeans combine style and comfort for your everyday look. Featuring quality denim and expert craftsmanship for a perfect fit that lasts through countless wears.,Clothing.jpg,2,129
341,NOW Foods Health & Wellness Aid (3),"High-quality now (3) designed to meet your needs. Featuring superior craftsmanship and materials, this item offers great value and performance. Add it to your cart today!",Health_Wellness.jpg,9,98
342,Adidas Running Shoes White,"Optimize your performance with these specialized adidas running shoes. Designed with support and cushioning in all the right places for comfortable, injury-free training.",Sports_Outdoors.jpg,5,114
343,Corelle Glass Blanket in Black,Stay cozy year-round with this soft corelle blanket. Perfect for snuggling on the couch or adding an extra layer of warmth to your bed.,Home_Kitchen.jpg,3,115
344,Playmobil Toys & Games Game Set (2),"High-quality playmobil (2) designed to meet your needs. Featuring superior craftsmanship and materials, this item offers great value and performance. Add it to your cart today!",Toys_Games.jpg,7,49
345,IKEA Wood Casual Organizer,Bring order to any space with this practical ikea organizer. Thoughtfully designed compartments help you store and access your items with ease.,Home_Kitchen.jpg,3,145
346,Random House Professional Books Book (5),"High-quality random (5) designed to meet your needs. Featuring superior craftsmanship and materials, this item offers great value and performance. Add it to your cart today!",Books.jpg,6,29
347,Revlon Mascara,Define and enhance your lashes with this revlon mascara. The innovative formula adds volume and length without clumping for beautifully dramatic eyes.,Beauty_Personal_Care.jpg,4,120
348,Penguin Deluxe Books Book (2),"High-quality penguin (2) designed to meet your needs. Featuring superior craftsmanship and materials, this item offers great value and performance. Add it to your cart today!",Books.jpg,6,64
349,Maybelline Skincare Kit,"Complete your skincare routine with this comprehensive maybelline skincare kit. Each product works together to cleanse, treat, and protect your skin for optimal results.",Beauty_Personal_Care.jpg,4,59
350,Zara Metal Jacket,"Stay warm and stylish with this versatile zara jacket. Perfect for layering in changing weather, it combines fashion and function for your everyday outfits.",Clothing.jpg,33,197
351,Nivea Moisturizing Cream,Nourish your skin with this luxurious nivea moisturizing cream. Formulated with quality ingredients to hydrate and protect your skin for a radiant complexion.,Beauty_Personal_Care.jpg,4,78
352,Callaway Exercise Bike,Take your fitness to the next level with this callaway exercise bike. The adjustable resistance and comfortable design make it perfect for home workouts of any intensity.,Sports_Outdoors.jpg,5,100
353,Smart Speaker JBL,"Fill your space with rich, room-filling sound from this smart speaker. With clear highs and deep bass, it delivers an immersive audio experience for music, movies, and more.",Electronics.jpg,1,102
354,Alex and Ani Cotton Jewelry Boxes,"High-quality alex boxes designed to meet your needs. Featuring superior craftsmanship and materials, this item offers great value and performance. Add it to your cart today!",Jewelry.jpg,40,146
355,Centrum Health & Wellness Aid (4),"High-quality centrum (4) designed to meet your needs. Featuring superior craftsmanship and materials, this item offers great value and performance. Add it to your cart today!",Health_Wellness.jpg,9,34
356,Bosch Automotive Classic Accessory,"High-quality bosch accessory designed to meet your needs. Featuring superior craftsmanship and materials, this item offers great value and performance. Add it to your cart today!",Automotive.jpg,8,45
357,Smartwatch Lenovo Max,"Track your fitness goals and stay connected with this feature-packed smartwatch smartwatch. With health monitoring, notifications, and long battery life, it's your perfect daily companion.",Electronics.jpg,1,192
358,Fitbit Basketball,Take your game to the court with this quality fitbit basketball. The perfect grip and bounce consistency improve your handling and shooting accuracy.,Sports_Outdoors.jpg,5,37
359,GNC Health & Wellness Aid (2),"High-quality gnc (2) designed to meet your needs. Featuring superior craftsmanship and materials, this item offers great value and performance. Add it to your cart today!",Health_Wellness.jpg,9,167
360,Vintage Classic Books Book,"High-quality vintage book designed to meet your needs. Featuring superior craftsmanship and materials, this item offers great value and performance. Add it to your cart today!",Books.jpg,6,3
361,Hasbro Toys & Games Game Set (6),"High-quality hasbro (6) designed to meet your needs. Featuring superior craftsmanship and materials, this item offers great value and performance. Add it to your cart today!",Toys_Games.jpg,7,117
362,Wilson Green Yoga Mat,Enhance your practice with this premium wilson yoga mat. The perfect thickness provides cushioning for your joints while maintaining stability for all poses.,Sports_Outdoors.jpg,5,105
363,OXO Leather Curtains in Purple,Control light and add privacy with these elegant oxo curtains. The quality fabric and careful construction enhance your room's decor while serving a practical purpose.,Home_Kitchen.jpg,3,188
364,Playmobil Toys & Games Game Set (3),"High-quality playmobil (3) designed to meet your needs. Featuring superior craftsmanship and materials, this item offers great value and performance. Add it to your cart today!",Toys_Games.jpg,7,41
365,Fisher-Price Essential Toys & Games Toy (1),"High-quality fisher-price (1) designed to meet your needs. Featuring superior craftsmanship and materials, this item offers great value and performance. Add it to your cart today!",Toys_Games.jpg,7,12
366,Fisher-Price Toys & Games Game Set (2),"High-quality fisher-price (2) designed to meet your needs. Featuring superior craftsmanship and materials, this item offers great value and performance. Add it to your cart today!",Toys_Games.jpg,7,176
367,GNC Health & Wellness Advanced Supplement,"High-quality gnc supplement designed to meet your needs. Featuring superior craftsmanship and materials, this item offers great value and performance. Add it to your cart today!",Health_Wellness.jpg,9,152
368,3M Automotive Essential Accessory (1),"High-quality 3m (1) designed to meet your needs. Featuring superior craftsmanship and materials, this item offers great value and performance. Add it to your cart today!",Automotive.jpg,8,117
369,Under Armour Tennis Racket (1),Improve your game with this professional-grade under tennis racket. The balanced design and quality strings give you better control and power on every shot.,Sports_Outdoors.jpg,5,67
370,Columbia Orange Backpack,Carry your gear in comfort with this thoughtfully designed columbia backpack. Multiple compartments and ergonomic straps make it perfect for any activity.,Sports_Outdoors.jpg,5,36
371,Cartier Athletic Jewelry with Plastic,"High-quality cartier plastic designed to meet your needs. Featuring superior craftsmanship and materials, this item offers great value and performance. Add it to your cart today!",Jewelry.jpg,10,54
372,Mattel Toys & Games Game Set (4),"High-quality mattel (4) designed to meet your needs. Featuring superior craftsmanship and materials, this item offers great value and performance. Add it to your cart today!",Toys_Games.jpg,7,168
373,Random House Advanced Books Book (1),"High-quality random (1) designed to meet your needs. Featuring superior craftsmanship and materials, this item offers great value and performance. Add it to your cart today!",Books.jpg,6,191
374,Fisher-Price Essential Toys & Games Toy (2),"High-quality fisher-price (2) designed to meet your needs. Featuring superior craftsmanship and materials, this item offers great value and performance. Add it to your cart today!",Toys_Games.jpg,7,71
375,Spalding Basketball,Take your game to the court with this quality spalding basketball. The perfect grip and bounce consistency improve your handling and shooting accuracy.,Sports_Outdoors.jpg,5,16
376,3M Automotive Classic Accessory (1),"High-quality 3m (1) designed to meet your needs. Featuring superior craftsmanship and materials, this item offers great value and performance. Add it to your cart today!",Automotive.jpg,8,41
377,Fisher-Price Toys & Games Game Set (3),"High-quality fisher-price (3) designed to meet your needs. Featuring superior craftsmanship and materials, this item offers great value and performance. Add it to your cart today!",Toys_Games.jpg,7,143
378,Random House Classic Books Book (1),"High-quality random (1) designed to meet your needs. Featuring superior craftsmanship and materials, this item offers great value and performance. Add it to your cart today!",Books.jpg,6,194
379,Wilson Camping Tent 65-Person,Make outdoor adventures more comfortable with this reliable wilson camping tent. Quick to set up and designed to withstand the elements for worry-free camping.,Sports_Outdoors.jpg,5,46
380,LEGO Toys & Games Game Set (1),"High-quality lego (1) designed to meet your needs. Featuring superior craftsmanship and materials, this item offers great value and performance. Add it to your cart today!",Toys_Games.jpg,7,169
381,Crate & Barrel Metal Pillow,Rest your head on the perfect blend of support and comfort with this crate pillow. Designed for a restful night's sleep in any sleeping position.,Home_Kitchen.jpg,3,125
382,KitchenAid Glass Rug 15m,Transform your space with this beautiful kitchenaid rug. The quality materials and expert craftsmanship add comfort underfoot and a touch of style to any room.,Home_Kitchen.jpg,3,116
383,Simon & Schuster Luxury Books Book,"High-quality simon book designed to meet your needs. Featuring superior craftsmanship and materials, this item offers great value and performance. Add it to your cart today!",Books.jpg,6,123
384,Pottery Barn Cotton Blanket in Orange,Stay cozy year-round with this soft pottery blanket. Perfect for snuggling on the couch or adding an extra layer of warmth to your bed.,Home_Kitchen.jpg,3,11
385,Bosch Car Automotive (3),"High-quality bosch (3) designed to meet your needs. Featuring superior craftsmanship and materials, this item offers great value and performance. Add it to your cart today!",Automotive.jpg,8,77
386,Crate & Barrel Wool Curtains in Gray,Control light and add privacy with these elegant crate curtains. The quality fabric and careful construction enhance your room's decor while serving a practical purpose.,Home_Kitchen.jpg,3,166
387,Centrum Health & Wellness Aid (5),"High-quality centrum (5) designed to meet your needs. Featuring superior craftsmanship and materials, this item offers great value and performance. Add it to your cart today!",Health_Wellness.jpg,9,180
388,"Monitor Sony 43""","Enhance your viewing experience with this monitor monitor. Featuring crisp visuals, accurate colors, and eye-comfort technology for reduced strain during long usage sessions.",Electronics.jpg,1,43
389,The North Face Basketball,Take your game to the court with this quality the basketball. The perfect grip and bounce consistency improve your handling and shooting accuracy.,Sports_Outdoors.jpg,5,148
390,Michelin Car Automotive (3),"High-quality michelin (3) designed to meet your needs. Featuring superior craftsmanship and materials, this item offers great value and performance. Add it to your cart today!",Automotive.jpg,8,110
391,Garden of Life Health & Wellness Aid (3),"High-quality garden (3) designed to meet your needs. Featuring superior craftsmanship and materials, this item offers great value and performance. Add it to your cart today!",Health_Wellness.jpg,9,52
392,Neutrogena Skincare Kit,"Complete your skincare routine with this comprehensive neutrogena skincare kit. Each product works together to cleanse, treat, and protect your skin for optimal results.",Beauty_Personal_Care.jpg,4,98
393,Ralph Lauren Minimalist Skirt in Gray,Add versatility to your wardrobe with this stylish ralph skirt. The flattering cut and quality fabric make it perfect for both casual and dressier occasions.,Clothing.jpg,2,81
394,Alex and Ani Plastic Men's Jewelry,"High-quality alex jewelry designed to meet your needs. Featuring superior craftsmanship and materials, this item offers great value and performance. Add it to your cart today!",Jewelry.jpg,16,54
395,Playmobil Toys & Games Game Set (4),"High-quality playmobil (4) designed to meet your needs. Featuring superior craftsmanship and materials, this item offers great value and performance. Add it to your cart today!",Toys_Games.jpg,7,119
396,Maybelline Foundation,Achieve a flawless complexion with this maybelline foundation. The buildable coverage blends seamlessly for a natural-looking finish that lasts all day.,Beauty_Personal_Care.jpg,4,108
397,Swarovski Minimalist Jewelry with Plastic,"High-quality swarovski plastic designed to meet your needs. Featuring superior craftsmanship and materials, this item offers great value and performance. Add it to your cart today!",Jewelry.jpg,10,2
398,3M Automotive Fantastic Accessory,"High-quality 3m accessory designed to meet your needs. Featuring superior craftsmanship and materials, this item offers great value and performance. Add it to your cart today!",Automotive.jpg,8,153
399,Swarovski Casual Jewelry with Cotton,"High-quality swarovski cotton designed to meet your needs. Featuring superior craftsmanship and materials, this item offers great value and performance. Add it to your cart today!",Jewelry.jpg,10,134
400,Penguin Classic Books Book (1),"High-quality penguin (1) designed to meet your needs. Featuring superior craftsmanship and materials, this item offers great value and performance. Add it to your cart today!",Books.jpg,6,117
401,Tommy Hilfiger Casual Skirt in Blue,Add versatility to your wardrobe with this stylish tommy skirt. The flattering cut and quality fabric make it perfect for both casual and dressier occasions.,Clothing.jpg,33,148
402,"Laptop Canon Max S""","Elevate your productivity with this laptop laptop. Designed for performance with a fast processor, ample storage, and crisp display. Ideal for work, entertainment, and creativity wherever you go.",Electronics.jpg,1,176
403,Bed Bath & Beyond Wool Planter 20cm,Display your favorite plants in style with this attractive bed planter. The quality materials and thoughtful design make it a beautiful addition to any space.,Home_Kitchen.jpg,3,63
404,Maybelline Woody Deodorant,Stay fresh and confident all day with this effective maybelline deodorant. The gentle formula provides long-lasting protection without irritating sensitive skin.,Beauty_Personal_Care.jpg,4,54
405,Swarovski Plastic Jewelry,"High-quality swarovski jewelry designed to meet your needs. Featuring superior craftsmanship and materials, this item offers great value and performance. Add it to your cart today!",Jewelry.jpg,10,155
406,Maybelline Nail Polish in White,Add a pop of color to your nails with this maybelline nail polish. The smooth application and chip-resistant formula keep your manicure looking fresh for days.,Beauty_Personal_Care.jpg,4,107
407,Harper Essential Books Book,"High-quality harper book designed to meet your needs. Featuring superior craftsmanship and materials, this item offers great value and performance. Add it to your cart today!",Books.jpg,6,137
408,Bluetooth Headphones Bose (1),"Immerse yourself in rich, clear sound with these bluetooth headphones. Featuring comfortable ear cushions and excellent noise isolation. Perfect for music, calls, and entertainment.",Electronics.jpg,1,17
409,Nordic Naturals Health & Wellness Aid (1),"High-quality nordic (1) designed to meet your needs. Featuring superior craftsmanship and materials, this item offers great value and performance. Add it to your cart today!",Health_Wellness.jpg,9,30
410,Harper Premium Books Book,"High-quality harper book designed to meet your needs. Featuring superior craftsmanship and materials, this item offers great value and performance. Add it to your cart today!",Books.jpg,6,1
411,Swarovski Wood Men's Jewelry,"High-quality swarovski jewelry designed to meet your needs. Featuring superior craftsmanship and materials, this item offers great value and performance. Add it to your cart today!",Jewelry.jpg,16,103
412,Digital Camera Lenovo Lite,"Capture life's precious moments with exceptional clarity using this digital camera. With advanced features and intuitive controls, it's perfect for both beginners and photography enthusiasts.",Electronics.jpg,1,104
413,CeraVe Nail Polish in Yellow,Add a pop of color to your nails with this cerave nail polish. The smooth application and chip-resistant formula keep your manicure looking fresh for days.,Beauty_Personal_Care.jpg,4,136
414,Shell Automotive Advanced Accessory (2),"High-quality shell (2) designed to meet your needs. Featuring superior craftsmanship and materials, this item offers great value and performance. Add it to your cart today!",Automotive.jpg,8,83
415,Pandora Plastic Jewelry Boxes,"Elevate your cooking with this premium pandora non-stick pan. Designed for even heat distribution and easy food release, it makes preparing your favorite dishes a pleasure.",Jewelry.jpg,40,158
416,Harper Deluxe Books Book (1),"High-quality harper (1) designed to meet your needs. Featuring superior craftsmanship and materials, this item offers great value and performance. Add it to your cart today!",Books.jpg,6,152
417,"Laptop Canon Ultra 43""","Elevate your productivity with this laptop laptop. Designed for performance with a fast processor, ample storage, and crisp display. Ideal for work, entertainment, and creativity wherever you go.",Electronics.jpg,1,44
418,Crate & Barrel Silk Blanket in Orange,Stay cozy year-round with this soft crate blanket. Perfect for snuggling on the couch or adding an extra layer of warmth to your bed.,Home_Kitchen.jpg,3,110
419,Adidas Metal Jacket,"Stay warm and stylish with this versatile adidas jacket. Perfect for layering in changing weather, it combines fashion and function for your everyday outfits.",Clothing.jpg,13,47
420,Nike White Yoga Mat,Enhance your practice with this premium nike yoga mat. The perfect thickness provides cushioning for your joints while maintaining stability for all poses.,Sports_Outdoors.jpg,5,151
421,Smart Speaker Philips,"Fill your space with rich, room-filling sound from this smart speaker. With clear highs and deep bass, it delivers an immersive audio experience for music, movies, and more.",Electronics.jpg,1,185
422,Crate & Barrel Metal Pillow (1),Rest your head on the perfect blend of support and comfort with this crate pillow. Designed for a restful night's sleep in any sleeping position.,Home_Kitchen.jpg,3,34
423,Castrol Automotive Luxury Accessory,"High-quality castrol accessory designed to meet your needs. Featuring superior craftsmanship and materials, this item offers great value and performance. Add it to your cart today!",Automotive.jpg,8,137
424,Clinique Mascara (1),Define and enhance your lashes with this clinique mascara. The innovative formula adds volume and length without clumping for beautifully dramatic eyes.,Beauty_Personal_Care.jpg,4,166
425,Centrum Health & Wellness Aid (6),"High-quality centrum (6) designed to meet your needs. Featuring superior craftsmanship and materials, this item offers great value and performance. Add it to your cart today!",Health_Wellness.jpg,9,92
426,Garden of Life Health & Wellness Aid (4),"High-quality garden (4) designed to meet your needs. Featuring superior craftsmanship and materials, this item offers great value and performance. Add it to your cart today!",Health_Wellness.jpg,9,77
427,Playmobil Professional Toys & Games Toy,"High-quality playmobil toy designed to meet your needs. Featuring superior craftsmanship and materials, this item offers great value and performance. Add it to your cart today!",Toys_Games.jpg,7,182
428,Fisher-Price Luxury Toys & Games Toy (1),"High-quality fisher-price (1) designed to meet your needs. Featuring superior craftsmanship and materials, this item offers great value and performance. Add it to your cart today!",Toys_Games.jpg,7,95
429,CeraVe Moisturizing Cream,Nourish your skin with this luxurious cerave moisturizing cream. Formulated with quality ingredients to hydrate and protect your skin for a radiant complexion.,Beauty_Personal_Care.jpg,4,78
430,Kay Athletic Jewelry Boxes with Leather,"High-quality kay leather designed to meet your needs. Featuring superior craftsmanship and materials, this item offers great value and performance. Add it to your cart today!",Jewelry.jpg,40,140
431,Maybelline Facial Serum,Transform your skin with this powerful maybelline facial serum. Concentrated active ingredients target specific concerns for visible improvement in your complexion.,Beauty_Personal_Care.jpg,4,91
432,Nordic Naturals Health & Wellness Aid (2),"High-quality nordic (2) designed to meet your needs. Featuring superior craftsmanship and materials, this item offers great value and performance. Add it to your cart today!",Health_Wellness.jpg,9,14
433,Digital Camera Canon Air,"Capture life's precious moments with exceptional clarity using this digital camera. With advanced features and intuitive controls, it's perfect for both beginners and photography enthusiasts.",Electronics.jpg,1,47
434,Revlon Vanilla Deodorant,Stay fresh and confident all day with this effective revlon deodorant. The gentle formula provides long-lasting protection without irritating sensitive skin.,Beauty_Personal_Care.jpg,4,43
435,Simon & Schuster Luxury Books Book (1),"High-quality simon (1) designed to meet your needs. Featuring superior craftsmanship and materials, this item offers great value and performance. Add it to your cart today!",Books.jpg,6,131
436,Harper Essential Books Book (1),"High-quality harper (1) designed to meet your needs. Featuring superior craftsmanship and materials, this item offers great value and performance. Add it to your cart today!",Books.jpg,6,32
437,Harper Professional Books Book (2),"High-quality harper (2) designed to meet your needs. Featuring superior craftsmanship and materials, this item offers great value and performance. Add it to your cart today!",Books.jpg,6,120
438,Digital Camera Bose Next,"Capture life's precious moments with exceptional clarity using this digital camera. With advanced features and intuitive controls, it's perfect for both beginners and photography enthusiasts.",Electronics.jpg,1,93
439,Swarovski Casual Jewelry with Plastic,"High-quality swarovski plastic designed to meet your needs. Featuring superior craftsmanship and materials, this item offers great value and performance. Add it to your cart today!",Jewelry.jpg,10,169
440,Fitbit Golf Set,Improve your performance on the course with this premium fitbit golf set. Clubs for every situation help you tackle any hole with confidence.,Sports_Outdoors.jpg,5,57
441,L'Oréal Gray Makeup Set,Express yourself with this premium l'oréal makeup set. Featuring highly pigmented colors and long-lasting formulas for a flawless look that stays all day.,Beauty_Personal_Care.jpg,4,64
442,Puma Minimalist Sneakers,"Step out in style with these puma sneakers. Designed for both comfort and fashion, they feature cushioned insoles and durable construction for all-day wear.",Clothing.jpg,13,121
443,Levi's Silk Jacket,"Stay warm and stylish with this versatile levi's jacket. Perfect for layering in changing weather, it combines fashion and function for your everyday outfits.",Clothing.jpg,23,76
444,IKEA Athletic Table Lamp,Add ambient lighting to any room with this stylish ikea table lamp. The elegant design complements your decor while providing perfect illumination for reading and relaxing.,Home_Kitchen.jpg,3,199
445,3M Car Automotive (3),"High-quality 3m (3) designed to meet your needs. Featuring superior craftsmanship and materials, this item offers great value and performance. Add it to your cart today!",Automotive.jpg,8,38
446,Fisher-Price Toys & Games Game Set (4),"High-quality fisher-price (4) designed to meet your needs. Featuring superior craftsmanship and materials, this item offers great value and performance. Add it to your cart today!",Toys_Games.jpg,7,104
447,"Smart TV Canon 15""","Transform your living room with this smart TV. Enjoy stunning picture quality, vibrant colors, and smart features for all your entertainment needs. Stream your favorite content with ease.",Electronics.jpg,1,121
448,Alex and Ani Ceramic Men's Jewelry,"High-quality alex jewelry designed to meet your needs. Featuring superior craftsmanship and materials, this item offers great value and performance. Add it to your cart today!",Jewelry.jpg,16,148
449,Centrum Health & Wellness Premium Supplement (1),"High-quality centrum (1) designed to meet your needs. Featuring superior craftsmanship and materials, this item offers great value and performance. Add it to your cart today!",Health_Wellness.jpg,9,136
450,Zara Vintage Jeans,These premium zara jeans combine style and comfort for your everyday look. Featuring quality denim and expert craftsmanship for a perfect fit that lasts through countless wears.,Clothing.jpg,13,190
451,Spalding Red Backpack,Carry your gear in comfort with this thoughtfully designed spalding backpack. Multiple compartments and ergonomic straps make it perfect for any activity.,Sports_Outdoors.jpg,5,147
452,Coleman Trekking Poles,Navigate any terrain with confidence using these sturdy coleman trekking poles. Adjustable height and comfortable grips reduce strain on your joints during hikes.,Sports_Outdoors.jpg,5,200
453,Kay Cotton Jewelry Boxes,"High-quality kay boxes designed to meet your needs. Featuring superior craftsmanship and materials, this item offers great value and performance. Add it to your cart today!",Jewelry.jpg,40,41
454,Corelle Glass Curtains in Black,Control light and add privacy with these elegant corelle curtains. The quality fabric and careful construction enhance your room's decor while serving a practical purpose.,Home_Kitchen.jpg,3,141
455,GNC Health & Wellness Aid (3),"High-quality gnc (3) designed to meet your needs. Featuring superior craftsmanship and materials, this item offers great value and performance. Add it to your cart today!",Health_Wellness.jpg,9,158
456,Under Armour Solid Socks,Keep your feet comfortable all day with these quality under socks. Designed with cushioning in all the right places and made from breathable materials.,Clothing.jpg,23,181
457,Castrol Car Automotive (1),"High-quality castrol (1) designed to meet your needs. Featuring superior craftsmanship and materials, this item offers great value and performance. Add it to your cart today!",Automotive.jpg,8,71
458,Penguin Luxury Books Book (1),"High-quality penguin (1) designed to meet your needs. Featuring superior craftsmanship and materials, this item offers great value and performance. Add it to your cart today!",Books.jpg,6,97
459,Coleman Exercise Bike,Take your fitness to the next level with this coleman exercise bike. The adjustable resistance and comfortable design make it perfect for home workouts of any intensity.,Sports_Outdoors.jpg,5,51
460,Schwinn Orange Yoga Mat,Enhance your practice with this premium schwinn yoga mat. The perfect thickness provides cushioning for your joints while maintaining stability for all poses.,Sports_Outdoors.jpg,5,196
461,Castrol Car Automotive (2),"High-quality castrol (2) designed to meet your needs. Featuring superior craftsmanship and materials, this item offers great value and performance. Add it to your cart today!",Automotive.jpg,8,35
462,GNC Health & Wellness Aid (4),"High-quality gnc (4) designed to meet your needs. Featuring superior craftsmanship and materials, this item offers great value and performance. Add it to your cart today!",Health_Wellness.jpg,9,118
463,Smart Speaker Apple (1),"Fill your space with rich, room-filling sound from this smart speaker. With clear highs and deep bass, it delivers an immersive audio experience for music, movies, and more.",Electronics.jpg,1,133
464,NOW Foods Health & Wellness Aid (4),"High-quality now (4) designed to meet your needs. Featuring superior craftsmanship and materials, this item offers great value and performance. Add it to your cart today!",Health_Wellness.jpg,9,75
465,Nature's Way Health & Wellness Professional Supplement,"High-quality nature's supplement designed to meet your needs. Featuring superior craftsmanship and materials, this item offers great value and performance. Add it to your cart today!",Health_Wellness.jpg,9,129
466,GNC Health & Wellness Fantastic Supplement (1),"High-quality gnc (1) designed to meet your needs. Featuring superior craftsmanship and materials, this item offers great value and performance. Add it to your cart today!",Health_Wellness.jpg,9,147
467,Nature's Way Health & Wellness Aid (4),"High-quality nature's (4) designed to meet your needs. Featuring superior craftsmanship and materials, this item offers great value and performance. Add it to your cart today!",Health_Wellness.jpg,9,74
468,Mattel Classic Toys & Games Toy (1),"High-quality mattel (1) designed to meet your needs. Featuring superior craftsmanship and materials, this item offers great value and performance. Add it to your cart today!",Toys_Games.jpg,7,89
469,Bluetooth Headphones Lenovo,"Immerse yourself in rich, clear sound with these bluetooth headphones. Featuring comfortable ear cushions and excellent noise isolation. Perfect for music, calls, and entertainment.",Electronics.jpg,1,56
470,Playmobil Toys & Games Game Set (5),"High-quality playmobil (5) designed to meet your needs. Featuring superior craftsmanship and materials, this item offers great value and performance. Add it to your cart today!",Toys_Games.jpg,7,39
471,Garden of Life Health & Wellness Aid (5),"High-quality garden (5) designed to meet your needs. Featuring superior craftsmanship and materials, this item offers great value and performance. Add it to your cart today!",Health_Wellness.jpg,9,10
472,Bosch Car Automotive (4),"High-quality bosch (4) designed to meet your needs. Featuring superior craftsmanship and materials, this item offers great value and performance. Add it to your cart today!",Automotive.jpg,8,5
473,Revlon Black Makeup Set,Express yourself with this premium revlon makeup set. Featuring highly pigmented colors and long-lasting formulas for a flawless look that stays all day.,Beauty_Personal_Care.jpg,4,160
474,Bluetooth Headphones HP,"Immerse yourself in rich, clear sound with these bluetooth headphones. Featuring comfortable ear cushions and excellent noise isolation. Perfect for music, calls, and entertainment.",Electronics.jpg,1,81
475,Tommy Hilfiger Classic Pants,"These versatile tommy pants are a wardrobe essential. Combining comfort and style, they transition seamlessly from work to weekend activities.",Clothing.jpg,13,197
476,Tiffany Glass Men's Jewelry,"High-quality tiffany jewelry designed to meet your needs. Featuring superior craftsmanship and materials, this item offers great value and performance. Add it to your cart today!",Jewelry.jpg,16,181
477,Calvin Klein Cotton Scarf in Black,Add a touch of elegance to any outfit with this beautiful calvin scarf. The soft fabric and stylish design make it a versatile accessory for any season.,Clothing.jpg,23,5
478,Puma Elegant Pants,"These versatile puma pants are a wardrobe essential. Combining comfort and style, they transition seamlessly from work to weekend activities.",Clothing.jpg,33,2
479,Harper Essential Books Book (2),"High-quality harper (2) designed to meet your needs. Featuring superior craftsmanship and materials, this item offers great value and performance. Add it to your cart today!",Books.jpg,6,51
480,Michelin Automotive Fantastic Accessory,"High-quality michelin accessory designed to meet your needs. Featuring superior craftsmanship and materials, this item offers great value and performance. Add it to your cart today!",Automotive.jpg,8,19
481,Wilson Exercise Bike (1),Take your fitness to the next level with this wilson exercise bike. The adjustable resistance and comfortable design make it perfect for home workouts of any intensity.,Sports_Outdoors.jpg,5,10
482,Adidas Leather Coat,Stay protected from the elements in style with this premium adidas coat. The quality materials and expert tailoring ensure warmth and comfort in cold weather.,Clothing.jpg,23,16
483,Meguiar's Car Automotive (1),"High-quality meguiar's (1) designed to meet your needs. Featuring superior craftsmanship and materials, this item offers great value and performance. Add it to your cart today!",Automotive.jpg,8,45
484,New Balance Cap in Purple,Top off your casual look with this stylish new cap. Featuring adjustable sizing for a perfect fit and quality construction for lasting wear.,Clothing.jpg,23,143
485,Revlon Moisturizing Cream,Nourish your skin with this luxurious revlon moisturizing cream. Formulated with quality ingredients to hydrate and protect your skin for a radiant complexion.,Beauty_Personal_Care.jpg,4,184
486,The North Face Golf Set (2),Improve your performance on the course with this premium the golf set. Clubs for every situation help you tackle any hole with confidence.,Sports_Outdoors.jpg,5,74
487,Digital Camera Acer Elite,"Capture life's precious moments with exceptional clarity using this digital camera. With advanced features and intuitive controls, it's perfect for both beginners and photography enthusiasts.",Electronics.jpg,1,77
488,"Laptop Philips Max M""","Elevate your productivity with this laptop laptop. Designed for performance with a fast processor, ample storage, and crisp display. Ideal for work, entertainment, and creativity wherever you go.",Electronics.jpg,1,130
489,Mattel Toys & Games Game Set (5),"High-quality mattel (5) designed to meet your needs. Featuring superior craftsmanship and materials, this item offers great value and performance. Add it to your cart today!",Toys_Games.jpg,7,66
490,Swarovski Ceramic Jewelry,"High-quality swarovski jewelry designed to meet your needs. Featuring superior craftsmanship and materials, this item offers great value and performance. Add it to your cart today!",Jewelry.jpg,10,163
491,Tablet Bose Max,"Stay productive and entertained with this versatile tablet tablet. Featuring a responsive touchscreen, powerful performance, and long battery life. Perfect for browsing, reading, and media consumption.",Electronics.jpg,1,76
492,OXO Wood Modern Organizer,Bring order to any space with this practical oxo organizer. Thoughtfully designed compartments help you store and access your items with ease.,Home_Kitchen.jpg,3,117
493,Playmobil Advanced Toys & Games Toy,"High-quality playmobil toy designed to meet your needs. Featuring superior craftsmanship and materials, this item offers great value and performance. Add it to your cart today!",Toys_Games.jpg,7,108
494,"Smart TV Lenovo 20""","Transform your living room with this smart TV. Enjoy stunning picture quality, vibrant colors, and smart features for all your entertainment needs. Stream your favorite content with ease.",Electronics.jpg,1,163
495,Maybelline Vanilla Deodorant,Stay fresh and confident all day with this effective maybelline deodorant. The gentle formula provides long-lasting protection without irritating sensitive skin.,Beauty_Personal_Care.jpg,4,108
496,Nordic Naturals Health & Wellness Classic Supplement,"High-quality nordic supplement designed to meet your needs. Featuring superior craftsmanship and materials, this item offers great value and performance. Add it to your cart today!",Health_Wellness.jpg,9,104
497,Bosch Car Automotive (5),"High-quality bosch (5) designed to meet your needs. Featuring superior craftsmanship and materials, this item offers great value and performance. Add it to your cart today!",Automotive.jpg,8,32
498,Pyrex Ceramic Curtains in Orange,Control light and add privacy with these elegant pyrex curtains. The quality fabric and careful construction enhance your room's decor while serving a practical purpose.,Home_Kitchen.jpg,3,9
499,Fitbit Green Backpack,Carry your gear in comfort with this thoughtfully designed fitbit backpack. Multiple compartments and ergonomic straps make it perfect for any activity.,Sports_Outdoors.jpg,5,173
500,Smart Speaker Philips (1),"Fill your space with rich, room-filling sound from this smart speaker. With clear highs and deep bass, it delivers an immersive audio experience for music, movies, and more.",Electronics.jpg,1,66
501,Vintage Fantastic Books Book,"High-quality vintage book designed to meet your needs. Featuring superior craftsmanship and materials, this item offers great value and performance. Add it to your cart today!",Books.jpg,6,138
502,Tablet Lenovo Lite,"Stay productive and entertained with this versatile tablet tablet. Featuring a responsive touchscreen, powerful performance, and long battery life. Perfect for browsing, reading, and media consumption.",Electronics.jpg,1,42
503,Pyrex Wool Blanket in Yellow,Stay cozy year-round with this soft pyrex blanket. Perfect for snuggling on the couch or adding an extra layer of warmth to your bed.,Home_Kitchen.jpg,3,50
504,West Elm Plastic Curtains in Green,Control light and add privacy with these elegant west curtains. The quality fabric and careful construction enhance your room's decor while serving a practical purpose.,Home_Kitchen.jpg,3,1
505,Meguiar's Car Automotive (2),"High-quality meguiar's (2) designed to meet your needs. Featuring superior craftsmanship and materials, this item offers great value and performance. Add it to your cart today!",Automotive.jpg,8,126
506,Tiffany Wool Men's Jewelry,"High-quality tiffany jewelry designed to meet your needs. Featuring superior craftsmanship and materials, this item offers great value and performance. Add it to your cart today!",Jewelry.jpg,16,100
507,Puma Vintage Dress in Orange,Make a statement with this beautiful puma dress. The flattering silhouette and quality fabric ensure you'll look and feel amazing for any special occasion.,Clothing.jpg,13,12
508,Centrum Health & Wellness Essential Supplement (1),"High-quality centrum (1) designed to meet your needs. Featuring superior craftsmanship and materials, this item offers great value and performance. Add it to your cart today!",Health_Wellness.jpg,9,161
509,Tiffany Cotton Jewelry Boxes,"High-quality tiffany boxes designed to meet your needs. Featuring superior craftsmanship and materials, this item offers great value and performance. Add it to your cart today!",Jewelry.jpg,40,122
510,Bed Bath & Beyond Non-stick Pan 25cm,"Elevate your cooking with this premium bed non-stick pan. Designed for even heat distribution and easy food release, it makes preparing your favorite dishes a pleasure.",Home_Kitchen.jpg,3,137
511,Swarovski Bohemian Men's Jewelry with Glass,"High-quality swarovski glass designed to meet your needs. Featuring superior craftsmanship and materials, this item offers great value and performance. Add it to your cart today!",Jewelry.jpg,16,172
512,LEGO Fantastic Toys & Games Toy (1),"High-quality lego (1) designed to meet your needs. Featuring superior craftsmanship and materials, this item offers great value and performance. Add it to your cart today!",Toys_Games.jpg,7,177
513,Smartwatch Asus Max,"Track your fitness goals and stay connected with this feature-packed smartwatch smartwatch. With health monitoring, notifications, and long battery life, it's your perfect daily companion.",Electronics.jpg,1,174
514,Olay Shampoo for Normal Hair,Revitalize your hair with this specialized olay shampoo. Formulated to cleanse gently while addressing your specific hair needs for healthier-looking results.,Beauty_Personal_Care.jpg,4,102
515,Ralph Lauren Cap in Green,Top off your casual look with this stylish ralph cap. Featuring adjustable sizing for a perfect fit and quality construction for lasting wear.,Clothing.jpg,13,186
516,Pandora Elegant Jewelry with Metal,"Elevate your cooking with this premium pandora non-stick pan. Designed for even heat distribution and easy food release, it makes preparing your favorite dishes a pleasure.",Jewelry.jpg,10,145
517,3M Automotive Deluxe Accessory,"High-quality 3m accessory designed to meet your needs. Featuring superior craftsmanship and materials, this item offers great value and performance. Add it to your cart today!",Automotive.jpg,8,190
518,Harper Advanced Books Book (2),"High-quality harper (2) designed to meet your needs. Featuring superior craftsmanship and materials, this item offers great value and performance. Add it to your cart today!",Books.jpg,6,134
519,Penguin Professional Books Book (2),"High-quality penguin (2) designed to meet your needs. Featuring superior craftsmanship and materials, this item offers great value and performance. Add it to your cart today!",Books.jpg,6,185
520,Smartphone JBL Max,"Experience the latest technology with this smartphone smartphone. Featuring a stunning display, powerful processor, and exceptional camera system. Perfect for staying connected, capturing memories, and enjoying your favorite content on the go.",Electronics.jpg,1,78
521,Nature's Way Health & Wellness Aid (5),"High-quality nature's (5) designed to meet your needs. Featuring superior craftsmanship and materials, this item offers great value and performance. Add it to your cart today!",Health_Wellness.jpg,9,116
522,Bed Bath & Beyond Non-stick Pan 49cm,"Elevate your cooking with this premium bed non-stick pan. Designed for even heat distribution and easy food release, it makes preparing your favorite dishes a pleasure.",Home_Kitchen.jpg,3,189
523,Revlon Moisturizing Cream (1),Nourish your skin with this luxurious revlon moisturizing cream. Formulated with quality ingredients to hydrate and protect your skin for a radiant complexion.,Beauty_Personal_Care.jpg,4,149
524,Tiffany Glass Men's Jewelry (1),"High-quality tiffany (1) designed to meet your needs. Featuring superior craftsmanship and materials, this item offers great value and performance. Add it to your cart today!",Jewelry.jpg,16,42
525,Alex and Ani Glass Jewelry,"High-quality alex jewelry designed to meet your needs. Featuring superior craftsmanship and materials, this item offers great value and performance. Add it to your cart today!",Jewelry.jpg,10,77
526,"Laptop JBL Lite 40""","Elevate your productivity with this laptop laptop. Designed for performance with a fast processor, ample storage, and crisp display. Ideal for work, entertainment, and creativity wherever you go.",Electronics.jpg,1,20
527,Adidas Athletic Sneakers,"Step out in style with these adidas sneakers. Designed for both comfort and fashion, they feature cushioned insoles and durable construction for all-day wear.",Clothing.jpg,13,4
528,GNC Health & Wellness Aid (5),"High-quality gnc (5) designed to meet your needs. Featuring superior craftsmanship and materials, this item offers great value and performance. Add it to your cart today!",Health_Wellness.jpg,9,119
529,Michelin Car Automotive (4),"High-quality michelin (4) designed to meet your needs. Featuring superior craftsmanship and materials, this item offers great value and performance. Add it to your cart today!",Automotive.jpg,8,35
530,Bluetooth Headphones HP (1),"Immerse yourself in rich, clear sound with these bluetooth headphones. Featuring comfortable ear cushions and excellent noise isolation. Perfect for music, calls, and entertainment.",Electronics.jpg,1,26
531,New Balance Modern Jeans,These premium new jeans combine style and comfort for your everyday look. Featuring quality denim and expert craftsmanship for a perfect fit that lasts through countless wears.,Clothing.jpg,13,183
532,Nike Camping Tent XXL-Person,Make outdoor adventures more comfortable with this reliable nike camping tent. Quick to set up and designed to withstand the elements for worry-free camping.,Sports_Outdoors.jpg,5,97
533,3M Automotive Essential Accessory (2),"High-quality 3m (2) designed to meet your needs. Featuring superior craftsmanship and materials, this item offers great value and performance. Add it to your cart today!",Automotive.jpg,8,48
534,Tiffany Elegant Men's Jewelry with Cotton,"High-quality tiffany cotton designed to meet your needs. Featuring superior craftsmanship and materials, this item offers great value and performance. Add it to your cart today!",Jewelry.jpg,16,24
535,Nature's Way Health & Wellness Aid (6),"High-quality nature's (6) designed to meet your needs. Featuring superior craftsmanship and materials, this item offers great value and performance. Add it to your cart today!",Health_Wellness.jpg,9,175
536,Penguin Advanced Books Book (1),"High-quality penguin (1) designed to meet your needs. Featuring superior craftsmanship and materials, this item offers great value and performance. Add it to your cart today!",Books.jpg,6,51
537,3M Automotive Classic Accessory (2),"High-quality 3m (2) designed to meet your needs. Featuring superior craftsmanship and materials, this item offers great value and performance. Add it to your cart today!",Automotive.jpg,8,58
538,Smartwatch Sony Ultra,"Track your fitness goals and stay connected with this feature-packed smartwatch smartwatch. With health monitoring, notifications, and long battery life, it's your perfect daily companion.",Electronics.jpg,1,96
539,Alex and Ani Classic Men's Jewelry with Ceramic,"High-quality alex ceramic designed to meet your needs. Featuring superior craftsmanship and materials, this item offers great value and performance. Add it to your cart today!",Jewelry.jpg,16,92
540,Hasbro Fantastic Toys & Games Toy,"High-quality hasbro toy designed to meet your needs. Featuring superior craftsmanship and materials, this item offers great value and performance. Add it to your cart today!",Toys_Games.jpg,7,104
541,Spalding Bicycle Helmet (2),Protect yourself in style with this safety-certified spalding bicycle helmet. The adjustable fit and ventilation system ensure comfort during your rides.,Sports_Outdoors.jpg,5,8
542,Castrol Automotive Advanced Accessory (1),"High-quality castrol (1) designed to meet your needs. Featuring superior craftsmanship and materials, this item offers great value and performance. Add it to your cart today!",Automotive.jpg,8,77
543,Michelin Automotive Professional Accessory,"High-quality michelin accessory designed to meet your needs. Featuring superior craftsmanship and materials, this item offers great value and performance. Add it to your cart today!",Automotive.jpg,8,141
544,GNC Health & Wellness Professional Supplement,"High-quality gnc supplement designed to meet your needs. Featuring superior craftsmanship and materials, this item offers great value and performance. Add it to your cart today!",Health_Wellness.jpg,9,56
545,IKEA Plastic Rug 55m,Transform your space with this beautiful ikea rug. The quality materials and expert craftsmanship add comfort underfoot and a touch of style to any room.,Home_Kitchen.jpg,3,150
546,Castrol Car Automotive (3),"High-quality castrol (3) designed to meet your needs. Featuring superior craftsmanship and materials, this item offers great value and performance. Add it to your cart today!",Automotive.jpg,8,51
547,H&M Metal Jacket,"Stay warm and stylish with this versatile h&m jacket. Perfect for layering in changing weather, it combines fashion and function for your everyday outfits.",Clothing.jpg,13,150
548,Smartwatch JBL Lite,"Track your fitness goals and stay connected with this feature-packed smartwatch smartwatch. With health monitoring, notifications, and long battery life, it's your perfect daily companion.",Electronics.jpg,1,7
549,3M Automotive Essential Accessory (3),"High-quality 3m (3) designed to meet your needs. Featuring superior craftsmanship and materials, this item offers great value and performance. Add it to your cart today!",Automotive.jpg,8,79
550,Calvin Klein Modern Skirt in White,Add versatility to your wardrobe with this stylish calvin skirt. The flattering cut and quality fabric make it perfect for both casual and dressier occasions.,Clothing.jpg,23,95
551,Smart Speaker LG,"Fill your space with rich, room-filling sound from this smart speaker. With clear highs and deep bass, it delivers an immersive audio experience for music, movies, and more.",Electronics.jpg,1,6
552,NOW Foods Health & Wellness Essential Supplement (1),"High-quality now (1) designed to meet your needs. Featuring superior craftsmanship and materials, this item offers great value and performance. Add it to your cart today!",Health_Wellness.jpg,9,106
553,Pottery Barn Cotton Rug 65m,Transform your space with this beautiful pottery rug. The quality materials and expert craftsmanship add comfort underfoot and a touch of style to any room.,Home_Kitchen.jpg,3,195
554,New Balance Leather Jacket,"Stay warm and stylish with this versatile new jacket. Perfect for layering in changing weather, it combines fashion and function for your everyday outfits.",Clothing.jpg,23,107
555,Crate & Barrel Non-stick Pan 30cm,"Elevate your cooking with this premium crate non-stick pan. Designed for even heat distribution and easy food release, it makes preparing your favorite dishes a pleasure.",Home_Kitchen.jpg,3,120
556,"Laptop Xiaomi Premium 40""","Elevate your productivity with this laptop laptop. Designed for performance with a fast processor, ample storage, and crisp display. Ideal for work, entertainment, and creativity wherever you go.",Electronics.jpg,1,178
557,Michelin Car Automotive (5),"High-quality michelin (5) designed to meet your needs. Featuring superior craftsmanship and materials, this item offers great value and performance. Add it to your cart today!",Automotive.jpg,8,47
558,Coleman Trekking Poles (1),Navigate any terrain with confidence using these sturdy coleman trekking poles. Adjustable height and comfortable grips reduce strain on your joints during hikes.,Sports_Outdoors.jpg,5,24
559,Shell Automotive Luxury Accessory,"High-quality shell accessory designed to meet your needs. Featuring superior craftsmanship and materials, this item offers great value and performance. Add it to your cart today!",Automotive.jpg,8,89
560,Pandora Vintage Jewelry Boxes with Glass,"Elevate your cooking with this premium pandora non-stick pan. Designed for even heat distribution and easy food release, it makes preparing your favorite dishes a pleasure.",Jewelry.jpg,40,46
561,Alex and Ani Elegant Men's Jewelry with Plastic,"High-quality alex plastic designed to meet your needs. Featuring superior craftsmanship and materials, this item offers great value and performance. Add it to your cart today!",Jewelry.jpg,16,171
562,LEGO Toys & Games Game Set (2),"High-quality lego (2) designed to meet your needs. Featuring superior craftsmanship and materials, this item offers great value and performance. Add it to your cart today!",Toys_Games.jpg,7,89
563,Nature's Way Health & Wellness Aid (7),"High-quality nature's (7) designed to meet your needs. Featuring superior craftsmanship and materials, this item offers great value and performance. Add it to your cart today!",Health_Wellness.jpg,9,151
564,L'Oréal Foundation,Achieve a flawless complexion with this l'oréal foundation. The buildable coverage blends seamlessly for a natural-looking finish that lasts all day.,Beauty_Personal_Care.jpg,4,125
565,Zara Classic Dress in White,Make a statement with this beautiful zara dress. The flattering silhouette and quality fabric ensure you'll look and feel amazing for any special occasion.,Clothing.jpg,13,129
566,Tablet Lenovo Basic,"Stay productive and entertained with this versatile tablet tablet. Featuring a responsive touchscreen, powerful performance, and long battery life. Perfect for browsing, reading, and media consumption.",Electronics.jpg,1,89
567,Bosch Automotive Essential Accessory,"High-quality bosch accessory designed to meet your needs. Featuring superior craftsmanship and materials, this item offers great value and performance. Add it to your cart today!",Automotive.jpg,8,47
568,Hasbro Toys & Games Game Set (7),"High-quality hasbro (7) designed to meet your needs. Featuring superior craftsmanship and materials, this item offers great value and performance. Add it to your cart today!",Toys_Games.jpg,7,172
569,H&M Athletic Sneakers,"Step out in style with these h&m sneakers. Designed for both comfort and fashion, they feature cushioned insoles and durable construction for all-day wear.",Clothing.jpg,13,167
570,Ralph Lauren Elegant Sneakers,"Step out in style with these ralph sneakers. Designed for both comfort and fashion, they feature cushioned insoles and durable construction for all-day wear.",Clothing.jpg,23,83
571,Alex and Ani Wood Jewelry Boxes,"High-quality alex boxes designed to meet your needs. Featuring superior craftsmanship and materials, this item offers great value and performance. Add it to your cart today!",Jewelry.jpg,40,119
572,Power Bank Bose 15mAh,"Never run out of battery again with this reliable power power bank. Compact yet powerful, it provides multiple charges for your devices when you're on the go.",Electronics.jpg,1,4
573,Smartwatch Asus Pro,"Track your fitness goals and stay connected with this feature-packed smartwatch smartwatch. With health monitoring, notifications, and long battery life, it's your perfect daily companion.",Electronics.jpg,1,157
574,Tiffany Plastic Jewelry,"High-quality tiffany jewelry designed to meet your needs. Featuring superior craftsmanship and materials, this item offers great value and performance. Add it to your cart today!",Jewelry.jpg,10,66
575,Castrol Automotive Luxury Accessory (1),"High-quality castrol (1) designed to meet your needs. Featuring superior craftsmanship and materials, this item offers great value and performance. Add it to your cart today!",Automotive.jpg,8,189
576,L'Oréal Foundation (1),Achieve a flawless complexion with this l'oréal foundation. The buildable coverage blends seamlessly for a natural-looking finish that lasts all day.,Beauty_Personal_Care.jpg,4,108
577,L'Oréal Nail Polish in Red,Add a pop of color to your nails with this l'oréal nail polish. The smooth application and chip-resistant formula keep your manicure looking fresh for days.,Beauty_Personal_Care.jpg,4,112
578,Nature's Way Health & Wellness Aid (8),"High-quality nature's (8) designed to meet your needs. Featuring superior craftsmanship and materials, this item offers great value and performance. Add it to your cart today!",Health_Wellness.jpg,9,170
579,Power Bank Bose 49mAh,"Never run out of battery again with this reliable power power bank. Compact yet powerful, it provides multiple charges for your devices when you're on the go.",Electronics.jpg,1,188
580,Michelin Car Automotive (6),"High-quality michelin (6) designed to meet your needs. Featuring superior craftsmanship and materials, this item offers great value and performance. Add it to your cart today!",Automotive.jpg,8,143
581,Pandora Wool Jewelry,"Elevate your cooking with this premium pandora non-stick pan. Designed for even heat distribution and easy food release, it makes preparing your favorite dishes a pleasure.",Jewelry.jpg,10,29
582,Harper Advanced Books Book (3),"High-quality harper (3) designed to meet your needs. Featuring superior craftsmanship and materials, this item offers great value and performance. Add it to your cart today!",Books.jpg,6,14
583,IKEA Wool Curtains in Orange,Control light and add privacy with these elegant ikea curtains. The quality fabric and careful construction enhance your room's decor while serving a practical purpose.,Home_Kitchen.jpg,3,166
584,Adidas Gray Yoga Mat,Enhance your practice with this premium adidas yoga mat. The perfect thickness provides cushioning for your joints while maintaining stability for all poses.,Sports_Outdoors.jpg,5,187
585,Cartier Modern Jewelry with Ceramic,"High-quality cartier ceramic designed to meet your needs. Featuring superior craftsmanship and materials, this item offers great value and performance. Add it to your cart today!",Jewelry.jpg,10,45
586,Swarovski Plastic Jewelry Boxes,"High-quality swarovski boxes designed to meet your needs. Featuring superior craftsmanship and materials, this item offers great value and performance. Add it to your cart today!",Jewelry.jpg,40,193
587,Bosch Car Automotive (6),"High-quality bosch (6) designed to meet your needs. Featuring superior craftsmanship and materials, this item offers great value and performance. Add it to your cart today!",Automotive.jpg,8,190
588,Pandora Metal Jewelry,"Elevate your cooking with this premium pandora non-stick pan. Designed for even heat distribution and easy food release, it makes preparing your favorite dishes a pleasure.",Jewelry.jpg,10,110
589,Tiffany Glass Jewelry Boxes,"High-quality tiffany boxes designed to meet your needs. Featuring superior craftsmanship and materials, this item offers great value and performance. Add it to your cart today!",Jewelry.jpg,40,100
590,Garden of Life Health & Wellness Aid (6),"High-quality garden (6) designed to meet your needs. Featuring superior craftsmanship and materials, this item offers great value and performance. Add it to your cart today!",Health_Wellness.jpg,9,91
591,Random House Fantastic Books Book,"High-quality random book designed to meet your needs. Featuring superior craftsmanship and materials, this item offers great value and performance. Add it to your cart today!",Books.jpg,6,80
592,Nivea Nail Polish in Green,Add a pop of color to your nails with this nivea nail polish. The smooth application and chip-resistant formula keep your manicure looking fresh for days.,Beauty_Personal_Care.jpg,4,36
593,MAC Mascara,Define and enhance your lashes with this mac mascara. The innovative formula adds volume and length without clumping for beautifully dramatic eyes.,Beauty_Personal_Care.jpg,4,18
594,Tefal Wood Utensil Set,Make meal preparation a pleasure with this quality tefal utensil set. Featuring ergonomic handles and durable construction for years of cooking enjoyment.,Home_Kitchen.jpg,3,135
595,Castrol Automotive Luxury Accessory (2),"High-quality castrol (2) designed to meet your needs. Featuring superior craftsmanship and materials, this item offers great value and performance. Add it to your cart today!",Automotive.jpg,8,93
596,Bed Bath & Beyond Metal Bed Sheet Set,Experience better sleep with these luxurious bed bed sheets. Made from high-quality materials for breathable comfort that lasts wash after wash.,Home_Kitchen.jpg,3,110
597,Tommy Hilfiger Modern Jeans,These premium tommy jeans combine style and comfort for your everyday look. Featuring quality denim and expert craftsmanship for a perfect fit that lasts through countless wears.,Clothing.jpg,33,188
598,3M Car Automotive (4),"High-quality 3m (4) designed to meet your needs. Featuring superior craftsmanship and materials, this item offers great value and performance. Add it to your cart today!",Automotive.jpg,8,71
599,Ralph Lauren Casual Skirt in White,Add versatility to your wardrobe with this stylish ralph skirt. The flattering cut and quality fabric make it perfect for both casual and dressier occasions.,Clothing.jpg,13,185
600,Playmobil Luxury Toys & Games Toy,"High-quality playmobil toy designed to meet your needs. Featuring superior craftsmanship and materials, this item offers great value and performance. Add it to your cart today!",Toys_Games.jpg,7,132
601,Nike Exercise Bike,Take your fitness to the next level with this nike exercise bike. The adjustable resistance and comfortable design make it perfect for home workouts of any intensity.,Sports_Outdoors.jpg,5,35
602,CeraVe Skincare Kit,"Complete your skincare routine with this comprehensive cerave skincare kit. Each product works together to cleanse, treat, and protect your skin for optimal results.",Beauty_Personal_Care.jpg,4,189
603,Crate & Barrel Ceramic Pillow,Rest your head on the perfect blend of support and comfort with this crate pillow. Designed for a restful night's sleep in any sleeping position.,Home_Kitchen.jpg,3,72
604,Tablet Canon Next,"Stay productive and entertained with this versatile tablet tablet. Featuring a responsive touchscreen, powerful performance, and long battery life. Perfect for browsing, reading, and media consumption.",Electronics.jpg,1,39
605,Levi's Modern Pants,"These versatile levi's pants are a wardrobe essential. Combining comfort and style, they transition seamlessly from work to weekend activities.",Clothing.jpg,23,161
606,Playmobil Toys & Games Game Set (6),"High-quality playmobil (6) designed to meet your needs. Featuring superior craftsmanship and materials, this item offers great value and performance. Add it to your cart today!",Toys_Games.jpg,7,21
607,Under Armour Exercise Bike,Take your fitness to the next level with this under exercise bike. The adjustable resistance and comfortable design make it perfect for home workouts of any intensity.,Sports_Outdoors.jpg,5,160
608,Pyrex Glass Pillow,Rest your head on the perfect blend of support and comfort with this pyrex pillow. Designed for a restful night's sleep in any sleeping position.,Home_Kitchen.jpg,3,22
609,Meguiar's Automotive Classic Accessory,"High-quality meguiar's accessory designed to meet your needs. Featuring superior craftsmanship and materials, this item offers great value and performance. Add it to your cart today!",Automotive.jpg,8,29
610,Fitbit Purple Swimming Goggles,Enhance your swimming experience with these comfortable fitbit goggles. The watertight seal and anti-fog lenses provide clear vision lap after lap.,Sports_Outdoors.jpg,5,103
611,Tablet Canon Pro,"Stay productive and entertained with this versatile tablet tablet. Featuring a responsive touchscreen, powerful performance, and long battery life. Perfect for browsing, reading, and media consumption.",Electronics.jpg,1,67
612,Nordic Naturals Health & Wellness Advanced Supplement,"High-quality nordic supplement designed to meet your needs. Featuring superior craftsmanship and materials, this item offers great value and performance. Add it to your cart today!",Health_Wellness.jpg,9,198
613,Levi's Modern Sneakers,"Step out in style with these levi's sneakers. Designed for both comfort and fashion, they feature cushioned insoles and durable construction for all-day wear.",Clothing.jpg,2,126
614,Vintage Advanced Books Book (2),"High-quality vintage (2) designed to meet your needs. Featuring superior craftsmanship and materials, this item offers great value and performance. Add it to your cart today!",Books.jpg,6,154
615,Harper Deluxe Books Book (2),"High-quality harper (2) designed to meet your needs. Featuring superior craftsmanship and materials, this item offers great value and performance. Add it to your cart today!",Books.jpg,6,34
616,Cartier Athletic Men's Jewelry with Leather,"High-quality cartier leather designed to meet your needs. Featuring superior craftsmanship and materials, this item offers great value and performance. Add it to your cart today!",Jewelry.jpg,16,110
617,Penguin Luxury Books Book (2),"High-quality penguin (2) designed to meet your needs. Featuring superior craftsmanship and materials, this item offers great value and performance. Add it to your cart today!",Books.jpg,6,74
618,Tefal Cotton Curtains in Blue,Control light and add privacy with these elegant tefal curtains. The quality fabric and careful construction enhance your room's decor while serving a practical purpose.,Home_Kitchen.jpg,3,123
619,Castrol Automotive Luxury Accessory (3),"High-quality castrol (3) designed to meet your needs. Featuring superior craftsmanship and materials, this item offers great value and performance. Add it to your cart today!",Automotive.jpg,8,143
620,Calvin Klein Wool Jacket,"Stay warm and stylish with this versatile calvin jacket. Perfect for layering in changing weather, it combines fashion and function for your everyday outfits.",Clothing.jpg,2,46
621,Tiffany Glass Jewelry Boxes (1),"High-quality tiffany (1) designed to meet your needs. Featuring superior craftsmanship and materials, this item offers great value and performance. Add it to your cart today!",Jewelry.jpg,40,197
622,Castrol Car Automotive (4),"High-quality castrol (4) designed to meet your needs. Featuring superior craftsmanship and materials, this item offers great value and performance. Add it to your cart today!",Automotive.jpg,8,92
623,Callaway Gray Swimming Goggles,Enhance your swimming experience with these comfortable callaway goggles. The watertight seal and anti-fog lenses provide clear vision lap after lap.,Sports_Outdoors.jpg,5,117
624,Harper Advanced Books Book (4),"High-quality harper (4) designed to meet your needs. Featuring superior craftsmanship and materials, this item offers great value and performance. Add it to your cart today!",Books.jpg,6,45
625,Oxford Professional Books Book (2),"High-quality oxford (2) designed to meet your needs. Featuring superior craftsmanship and materials, this item offers great value and performance. Add it to your cart today!",Books.jpg,6,144
626,LEGO Toys & Games Game Set (3),"High-quality lego (3) designed to meet your needs. Featuring superior craftsmanship and materials, this item offers great value and performance. Add it to your cart today!",Toys_Games.jpg,7,114
627,Meguiar's Car Automotive (3),"High-quality meguiar's (3) designed to meet your needs. Featuring superior craftsmanship and materials, this item offers great value and performance. Add it to your cart today!",Automotive.jpg,8,200
628,Tiffany Modern Jewelry Boxes with Glass,"High-quality tiffany glass designed to meet your needs. Featuring superior craftsmanship and materials, this item offers great value and performance. Add it to your cart today!",Jewelry.jpg,40,113
629,Centrum Health & Wellness Fantastic Supplement,"High-quality centrum supplement designed to meet your needs. Featuring superior craftsmanship and materials, this item offers great value and performance. Add it to your cart today!",Health_Wellness.jpg,9,53
630,Estée Lauder Red Makeup Set,Express yourself with this premium estée makeup set. Featuring highly pigmented colors and long-lasting formulas for a flawless look that stays all day.,Beauty_Personal_Care.jpg,4,109
631,Simon & Schuster Essential Books Book (2),"High-quality simon (2) designed to meet your needs. Featuring superior craftsmanship and materials, this item offers great value and performance. Add it to your cart today!",Books.jpg,6,195
632,Melissa & Doug Fantastic Toys & Games Toy,"High-quality melissa toy designed to meet your needs. Featuring superior craftsmanship and materials, this item offers great value and performance. Add it to your cart today!",Toys_Games.jpg,7,62
633,Tefal Bohemian Table Lamp,Add ambient lighting to any room with this stylish tefal table lamp. The elegant design complements your decor while providing perfect illumination for reading and relaxing.,Home_Kitchen.jpg,3,153
634,Olay Moisturizing Cream,Nourish your skin with this luxurious olay moisturizing cream. Formulated with quality ingredients to hydrate and protect your skin for a radiant complexion.,Beauty_Personal_Care.jpg,4,160
635,Revlon Facial Serum,Transform your skin with this powerful revlon facial serum. Concentrated active ingredients target specific concerns for visible improvement in your complexion.,Beauty_Personal_Care.jpg,4,64
636,Fisher-Price Fantastic Toys & Games Toy,"High-quality fisher-price toy designed to meet your needs. Featuring superior craftsmanship and materials, this item offers great value and performance. Add it to your cart today!",Toys_Games.jpg,7,98
637,Playmobil Professional Toys & Games Toy (1),"High-quality playmobil (1) designed to meet your needs. Featuring superior craftsmanship and materials, this item offers great value and performance. Add it to your cart today!",Toys_Games.jpg,7,134
638,Garden of Life Health & Wellness Classic Supplement,"High-quality garden supplement designed to meet your needs. Featuring superior craftsmanship and materials, this item offers great value and performance. Add it to your cart today!",Health_Wellness.jpg,9,159
639,Dove Red Makeup Set,Express yourself with this premium dove makeup set. Featuring highly pigmented colors and long-lasting formulas for a flawless look that stays all day.,Beauty_Personal_Care.jpg,4,15
640,Fisher-Price Toys & Games Game Set (5),"High-quality fisher-price (5) designed to meet your needs. Featuring superior craftsmanship and materials, this item offers great value and performance. Add it to your cart today!",Toys_Games.jpg,7,102
641,"Smart TV Sony 32""","Transform your living room with this smart TV. Enjoy stunning picture quality, vibrant colors, and smart features for all your entertainment needs. Stream your favorite content with ease.",Electronics.jpg,1,67
642,Corelle Glass Bed Sheet Set,Experience better sleep with these luxurious corelle bed sheets. Made from high-quality materials for breathable comfort that lasts wash after wash.,Home_Kitchen.jpg,3,85
643,Hasbro Toys & Games Game Set (8),"High-quality hasbro (8) designed to meet your needs. Featuring superior craftsmanship and materials, this item offers great value and performance. Add it to your cart today!",Toys_Games.jpg,7,105
644,Bosch Wool Blanket in Red,Stay cozy year-round with this soft bosch blanket. Perfect for snuggling on the couch or adding an extra layer of warmth to your bed.,Home_Kitchen.jpg,3,167
645,New Balance Black T-shirt,"Add a touch of style to your casual wardrobe with this comfortable new t-shirt. Made from soft, breathable fabric that feels great against your skin. Perfect for everyday wear.",Clothing.jpg,13,183
646,Wayfair Non-stick Pan Mcm,"Elevate your cooking with this premium wayfair non-stick pan. Designed for even heat distribution and easy food release, it makes preparing your favorite dishes a pleasure.",Home_Kitchen.jpg,3,35
647,Mattel Toys & Games Game Set (6),"High-quality mattel (6) designed to meet your needs. Featuring superior craftsmanship and materials, this item offers great value and performance. Add it to your cart today!",Toys_Games.jpg,7,190
648,Calvin Klein Glass Scarf in Gray,Add a touch of elegance to any outfit with this beautiful calvin scarf. The soft fabric and stylish design make it a versatile accessory for any season.,Clothing.jpg,33,111
649,IKEA Ceramic Bed Sheet Set,Experience better sleep with these luxurious ikea bed sheets. Made from high-quality materials for breathable comfort that lasts wash after wash.,Home_Kitchen.jpg,3,23
650,Harper Classic Books Book (1),"High-quality harper (1) designed to meet your needs. Featuring superior craftsmanship and materials, this item offers great value and performance. Add it to your cart today!",Books.jpg,6,169
651,Under Armour Blue T-shirt,"Add a touch of style to your casual wardrobe with this comfortable under t-shirt. Made from soft, breathable fabric that feels great against your skin. Perfect for everyday wear.",Clothing.jpg,33,185
652,Under Armour Tennis Racket (2),Improve your game with this professional-grade under tennis racket. The balanced design and quality strings give you better control and power on every shot.,Sports_Outdoors.jpg,5,86
653,Calvin Klein Modern Jeans,These premium calvin jeans combine style and comfort for your everyday look. Featuring quality denim and expert craftsmanship for a perfect fit that lasts through countless wears.,Clothing.jpg,13,143
654,Dove Mascara,Define and enhance your lashes with this dove mascara. The innovative formula adds volume and length without clumping for beautifully dramatic eyes.,Beauty_Personal_Care.jpg,4,30
655,Oxford Classic Books Book,"High-quality oxford book designed to meet your needs. Featuring superior craftsmanship and materials, this item offers great value and performance. Add it to your cart today!",Books.jpg,6,76
656,Wilson Basketball,Take your game to the court with this quality wilson basketball. The perfect grip and bounce consistency improve your handling and shooting accuracy.,Sports_Outdoors.jpg,5,172
657,Castrol Automotive Essential Accessory,"High-quality castrol accessory designed to meet your needs. Featuring superior craftsmanship and materials, this item offers great value and performance. Add it to your cart today!",Automotive.jpg,8,77
658,Revlon Nail Polish in Pink,Add a pop of color to your nails with this revlon nail polish. The smooth application and chip-resistant formula keep your manicure looking fresh for days.,Beauty_Personal_Care.jpg,4,165
659,The North Face Orange Yoga Mat,Enhance your practice with this premium the yoga mat. The perfect thickness provides cushioning for your joints while maintaining stability for all poses.,Sports_Outdoors.jpg,5,126
660,Smart Speaker HP,"Fill your space with rich, room-filling sound from this smart speaker. With clear highs and deep bass, it delivers an immersive audio experience for music, movies, and more.",Electronics.jpg,1,149
661,Wayfair Silk Bohemian Organizer,Bring order to any space with this practical wayfair organizer. Thoughtfully designed compartments help you store and access your items with ease.,Home_Kitchen.jpg,3,57
662,Tiffany Modern Jewelry with Wool,"High-quality tiffany wool designed to meet your needs. Featuring superior craftsmanship and materials, this item offers great value and performance. Add it to your cart today!",Jewelry.jpg,10,111
663,Hasbro Toys & Games Game Set (9),"High-quality hasbro (9) designed to meet your needs. Featuring superior craftsmanship and materials, this item offers great value and performance. Add it to your cart today!",Toys_Games.jpg,7,71
664,Castrol Car Automotive (5),"High-quality castrol (5) designed to meet your needs. Featuring superior craftsmanship and materials, this item offers great value and performance. Add it to your cart today!",Automotive.jpg,8,133
665,Tommy Hilfiger Patterned Socks,Keep your feet comfortable all day with these quality tommy socks. Designed with cushioning in all the right places and made from breathable materials.,Clothing.jpg,33,135
666,Fitbit Basketball (1),Take your game to the court with this quality fitbit basketball. The perfect grip and bounce consistency improve your handling and shooting accuracy.,Sports_Outdoors.jpg,5,186
667,Michelin Automotive Classic Accessory (1),"High-quality michelin (1) designed to meet your needs. Featuring superior craftsmanship and materials, this item offers great value and performance. Add it to your cart today!",Automotive.jpg,8,53
668,CeraVe Nail Polish in Blue,Add a pop of color to your nails with this cerave nail polish. The smooth application and chip-resistant formula keep your manicure looking fresh for days.,Beauty_Personal_Care.jpg,4,100
669,Nature's Way Health & Wellness Professional Supplement (1),"High-quality nature's (1) designed to meet your needs. Featuring superior craftsmanship and materials, this item offers great value and performance. Add it to your cart today!",Health_Wellness.jpg,9,100
670,Shell Car Automotive (2),"High-quality shell (2) designed to meet your needs. Featuring superior craftsmanship and materials, this item offers great value and performance. Add it to your cart today!",Automotive.jpg,8,143
671,Hasbro Toys & Games Game Set (10),"High-quality hasbro (10) designed to meet your needs. Featuring superior craftsmanship and materials, this item offers great value and performance. Add it to your cart today!",Toys_Games.jpg,7,91
672,Fisher-Price Toys & Games Game Set (6),"High-quality fisher-price (6) designed to meet your needs. Featuring superior craftsmanship and materials, this item offers great value and performance. Add it to your cart today!",Toys_Games.jpg,7,161
673,Under Armour Bohemian Pants,"These versatile under pants are a wardrobe essential. Combining comfort and style, they transition seamlessly from work to weekend activities.",Clothing.jpg,2,162
674,L'Oréal Orange Makeup Set,Express yourself with this premium l'oréal makeup set. Featuring highly pigmented colors and long-lasting formulas for a flawless look that stays all day.,Beauty_Personal_Care.jpg,4,178
675,Nature's Way Health & Wellness Aid (9),"High-quality nature's (9) designed to meet your needs. Featuring superior craftsmanship and materials, this item offers great value and performance. Add it to your cart today!",Health_Wellness.jpg,9,1
676,Schwinn Basketball,Take your game to the court with this quality schwinn basketball. The perfect grip and bounce consistency improve your handling and shooting accuracy.,Sports_Outdoors.jpg,5,55
677,Fisher-Price Deluxe Toys & Games Toy (1),"High-quality fisher-price (1) designed to meet your needs. Featuring superior craftsmanship and materials, this item offers great value and performance. Add it to your cart today!",Toys_Games.jpg,7,24
678,Nature's Way Health & Wellness Advanced Supplement,"High-quality nature's supplement designed to meet your needs. Featuring superior craftsmanship and materials, this item offers great value and performance. Add it to your cart today!",Health_Wellness.jpg,9,154
679,Columbia Purple Yoga Mat,Enhance your practice with this premium columbia yoga mat. The perfect thickness provides cushioning for your joints while maintaining stability for all poses.,Sports_Outdoors.jpg,5,4
680,Dove Lavender Deodorant,Stay fresh and confident all day with this effective dove deodorant. The gentle formula provides long-lasting protection without irritating sensitive skin.,Beauty_Personal_Care.jpg,4,145
681,Garden of Life Health & Wellness Aid (7),"High-quality garden (7) designed to meet your needs. Featuring superior craftsmanship and materials, this item offers great value and performance. Add it to your cart today!",Health_Wellness.jpg,9,150
682,Fitbit Trekking Poles,Navigate any terrain with confidence using these sturdy fitbit trekking poles. Adjustable height and comfortable grips reduce strain on your joints during hikes.,Sports_Outdoors.jpg,5,61
683,Ralph Lauren Yellow Hoodie,"Stay cozy in this comfortable ralph hoodie. Perfect for relaxed weekends or active days, it's made from soft fabric that keeps you warm without weighing you down.",Clothing.jpg,33,181
684,Vintage Deluxe Books Book,"High-quality vintage book designed to meet your needs. Featuring superior craftsmanship and materials, this item offers great value and performance. Add it to your cart today!",Books.jpg,6,115
685,Levi's Metal Jacket,"Stay warm and stylish with this versatile levi's jacket. Perfect for layering in changing weather, it combines fashion and function for your everyday outfits.",Clothing.jpg,33,95
686,Olay Perfume Woody,Discover your signature scent with this exquisite olay perfume. The carefully crafted fragrance notes evolve throughout the day for a truly personal experience.,Beauty_Personal_Care.jpg,4,12
687,Playmobil Deluxe Toys & Games Toy,"High-quality playmobil toy designed to meet your needs. Featuring superior craftsmanship and materials, this item offers great value and performance. Add it to your cart today!",Toys_Games.jpg,7,64
688,Levi's White T-shirt,"Add a touch of style to your casual wardrobe with this comfortable levi's t-shirt. Made from soft, breathable fabric that feels great against your skin. Perfect for everyday wear.",Clothing.jpg,13,38
689,Gap Orange Hoodie,"Stay cozy in this comfortable gap hoodie. Perfect for relaxed weekends or active days, it's made from soft fabric that keeps you warm without weighing you down.",Clothing.jpg,33,90
690,Melissa & Doug Toys & Games Game Set (1),"High-quality melissa (1) designed to meet your needs. Featuring superior craftsmanship and materials, this item offers great value and performance. Add it to your cart today!",Toys_Games.jpg,7,101
691,Pyrex Metal Bed Sheet Set,Experience better sleep with these luxurious pyrex bed sheets. Made from high-quality materials for breathable comfort that lasts wash after wash.,Home_Kitchen.jpg,3,194
692,Olay Perfume Spicy,Discover your signature scent with this exquisite olay perfume. The carefully crafted fragrance notes evolve throughout the day for a truly personal experience.,Beauty_Personal_Care.jpg,4,173
693,Maybelline Mascara,Define and enhance your lashes with this maybelline mascara. The innovative formula adds volume and length without clumping for beautifully dramatic eyes.,Beauty_Personal_Care.jpg,4,129
694,Nivea Nail Polish in Pink,Add a pop of color to your nails with this nivea nail polish. The smooth application and chip-resistant formula keep your manicure looking fresh for days.,Beauty_Personal_Care.jpg,4,189
695,Adidas Athletic Jeans,These premium adidas jeans combine style and comfort for your everyday look. Featuring quality denim and expert craftsmanship for a perfect fit that lasts through countless wears.,Clothing.jpg,33,130
696,Digital Camera Lenovo Air,"Capture life's precious moments with exceptional clarity using this digital camera. With advanced features and intuitive controls, it's perfect for both beginners and photography enthusiasts.",Electronics.jpg,1,199
697,Kay Silk Men's Jewelry,"High-quality kay jewelry designed to meet your needs. Featuring superior craftsmanship and materials, this item offers great value and performance. Add it to your cart today!",Jewelry.jpg,16,151
698,Callaway Exercise Bike (1),Take your fitness to the next level with this callaway exercise bike. The adjustable resistance and comfortable design make it perfect for home workouts of any intensity.,Sports_Outdoors.jpg,5,102
699,Wayfair Elegant Table Lamp,Add ambient lighting to any room with this stylish wayfair table lamp. The elegant design complements your decor while providing perfect illumination for reading and relaxing.,Home_Kitchen.jpg,3,62
700,Smartwatch Samsung Plus,"Track your fitness goals and stay connected with this feature-packed smartwatch smartwatch. With health monitoring, notifications, and long battery life, it's your perfect daily companion.",Electronics.jpg,1,95
701,Tiffany Bohemian Jewelry Boxes with Cotton,"High-quality tiffany cotton designed to meet your needs. Featuring superior craftsmanship and materials, this item offers great value and performance. Add it to your cart today!",Jewelry.jpg,40,162
702,Revlon Nail Polish in Orange,Add a pop of color to your nails with this revlon nail polish. The smooth application and chip-resistant formula keep your manicure looking fresh for days.,Beauty_Personal_Care.jpg,4,115
703,KitchenAid Metal Athletic Organizer,Bring order to any space with this practical kitchenaid organizer. Thoughtfully designed compartments help you store and access your items with ease.,Home_Kitchen.jpg,3,180
704,Olay Citrus Deodorant,Stay fresh and confident all day with this effective olay deodorant. The gentle formula provides long-lasting protection without irritating sensitive skin.,Beauty_Personal_Care.jpg,4,190
705,Alex and Ani Glass Jewelry Boxes,"High-quality alex boxes designed to meet your needs. Featuring superior craftsmanship and materials, this item offers great value and performance. Add it to your cart today!",Jewelry.jpg,40,178
706,Shell Automotive Premium Accessory,"High-quality shell accessory designed to meet your needs. Featuring superior craftsmanship and materials, this item offers great value and performance. Add it to your cart today!",Automotive.jpg,8,29
707,Cartier Elegant Men's Jewelry with Wool,"High-quality cartier wool designed to meet your needs. Featuring superior craftsmanship and materials, this item offers great value and performance. Add it to your cart today!",Jewelry.jpg,16,136
708,Mattel Fantastic Toys & Games Toy,"High-quality mattel toy designed to meet your needs. Featuring superior craftsmanship and materials, this item offers great value and performance. Add it to your cart today!",Toys_Games.jpg,7,73
709,GNC Health & Wellness Fantastic Supplement (2),"High-quality gnc (2) designed to meet your needs. Featuring superior craftsmanship and materials, this item offers great value and performance. Add it to your cart today!",Health_Wellness.jpg,9,163
710,LEGO Toys & Games Game Set (4),"High-quality lego (4) designed to meet your needs. Featuring superior craftsmanship and materials, this item offers great value and performance. Add it to your cart today!",Toys_Games.jpg,7,185
711,Gaming Console HP Elite,"Dive into immersive gaming experiences with this gaming gaming console. Featuring powerful graphics, fast loading times, and access to an extensive library of games for endless entertainment.",Electronics.jpg,1,47
712,Nordic Naturals Health & Wellness Aid (3),"High-quality nordic (3) designed to meet your needs. Featuring superior craftsmanship and materials, this item offers great value and performance. Add it to your cart today!",Health_Wellness.jpg,9,98
713,Hasbro Toys & Games Game Set (11),"High-quality hasbro (11) designed to meet your needs. Featuring superior craftsmanship and materials, this item offers great value and performance. Add it to your cart today!",Toys_Games.jpg,7,146
714,Nike Exercise Bike (1),Take your fitness to the next level with this nike exercise bike. The adjustable resistance and comfortable design make it perfect for home workouts of any intensity.,Sports_Outdoors.jpg,5,89
715,Revlon Mascara (1),Define and enhance your lashes with this revlon mascara. The innovative formula adds volume and length without clumping for beautifully dramatic eyes.,Beauty_Personal_Care.jpg,4,198
716,Meguiar's Automotive Professional Accessory,"High-quality meguiar's accessory designed to meet your needs. Featuring superior craftsmanship and materials, this item offers great value and performance. Add it to your cart today!",Automotive.jpg,8,107
717,Random House Luxury Books Book (1),"High-quality random (1) designed to meet your needs. Featuring superior craftsmanship and materials, this item offers great value and performance. Add it to your cart today!",Books.jpg,6,46
718,Revlon Skincare Kit (1),"Complete your skincare routine with this comprehensive revlon skincare kit. Each product works together to cleanse, treat, and protect your skin for optimal results.",Beauty_Personal_Care.jpg,4,52
719,IKEA Wood Bed Sheet Set,Experience better sleep with these luxurious ikea bed sheets. Made from high-quality materials for breathable comfort that lasts wash after wash.,Home_Kitchen.jpg,3,110
720,Shell Automotive Premium Accessory (1),"High-quality shell (1) designed to meet your needs. Featuring superior craftsmanship and materials, this item offers great value and performance. Add it to your cart today!",Automotive.jpg,8,52
721,Pottery Barn Minimalist Wall Clock,Keep track of time in style with this pottery wall clock. The clean design and reliable mechanism make it both a functional timepiece and attractive decor element.,Home_Kitchen.jpg,3,183
722,Zara Ceramic Coat,Stay protected from the elements in style with this premium zara coat. The quality materials and expert tailoring ensure warmth and comfort in cold weather.,Clothing.jpg,33,122
723,Mattel Toys & Games Game Set (7),"High-quality mattel (7) designed to meet your needs. Featuring superior craftsmanship and materials, this item offers great value and performance. Add it to your cart today!",Toys_Games.jpg,7,134
724,Playmobil Classic Toys & Games Toy,"High-quality playmobil toy designed to meet your needs. Featuring superior craftsmanship and materials, this item offers great value and performance. Add it to your cart today!",Toys_Games.jpg,7,13
725,Cartier Cotton Jewelry Boxes,"High-quality cartier boxes designed to meet your needs. Featuring superior craftsmanship and materials, this item offers great value and performance. Add it to your cart today!",Jewelry.jpg,40,8
726,Alex and Ani Classic Jewelry with Leather,"High-quality alex leather designed to meet your needs. Featuring superior craftsmanship and materials, this item offers great value and performance. Add it to your cart today!",Jewelry.jpg,10,86
727,Harper Classic Books Book (2),"High-quality harper (2) designed to meet your needs. Featuring superior craftsmanship and materials, this item offers great value and performance. Add it to your cart today!",Books.jpg,6,99
728,Harper Premium Books Book (1),"High-quality harper (1) designed to meet your needs. Featuring superior craftsmanship and materials, this item offers great value and performance. Add it to your cart today!",Books.jpg,6,93
729,Random House Luxury Books Book (2),"High-quality random (2) designed to meet your needs. Featuring superior craftsmanship and materials, this item offers great value and performance. Add it to your cart today!",Books.jpg,6,136
730,Alex and Ani Elegant Jewelry Boxes with Cotton,"High-quality alex cotton designed to meet your needs. Featuring superior craftsmanship and materials, this item offers great value and performance. Add it to your cart today!",Jewelry.jpg,40,189
731,Schwinn Golf Set,Improve your performance on the course with this premium schwinn golf set. Clubs for every situation help you tackle any hole with confidence.,Sports_Outdoors.jpg,5,161
732,3M Automotive Professional Accessory (1),"High-quality 3m (1) designed to meet your needs. Featuring superior craftsmanship and materials, this item offers great value and performance. Add it to your cart today!",Automotive.jpg,8,30
733,Puma Cap in Red,Top off your casual look with this stylish puma cap. Featuring adjustable sizing for a perfect fit and quality construction for lasting wear.,Clothing.jpg,23,100
734,Crate & Barrel Towel Set Gray,"Wrap yourself in luxury with these premium crate towels. Absorbent and soft, they're the perfect addition to your bathroom for everyday comfort.",Home_Kitchen.jpg,3,101
735,Random House Deluxe Books Book (1),"High-quality random (1) designed to meet your needs. Featuring superior craftsmanship and materials, this item offers great value and performance. Add it to your cart today!",Books.jpg,6,169
736,LEGO Toys & Games Game Set (5),"High-quality lego (5) designed to meet your needs. Featuring superior craftsmanship and materials, this item offers great value and performance. Add it to your cart today!",Toys_Games.jpg,7,99
737,Under Armour Red Yoga Mat,Enhance your practice with this premium under yoga mat. The perfect thickness provides cushioning for your joints while maintaining stability for all poses.,Sports_Outdoors.jpg,5,1
738,Cartier Vintage Men's Jewelry with Cotton,"High-quality cartier cotton designed to meet your needs. Featuring superior craftsmanship and materials, this item offers great value and performance. Add it to your cart today!",Jewelry.jpg,16,168
739,Simon & Schuster Premium Books Book (1),"High-quality simon (1) designed to meet your needs. Featuring superior craftsmanship and materials, this item offers great value and performance. Add it to your cart today!",Books.jpg,6,24
740,Fisher-Price Toys & Games Game Set (7),"High-quality fisher-price (7) designed to meet your needs. Featuring superior craftsmanship and materials, this item offers great value and performance. Add it to your cart today!",Toys_Games.jpg,7,27
741,Hasbro Advanced Toys & Games Toy,"High-quality hasbro toy designed to meet your needs. Featuring superior craftsmanship and materials, this item offers great value and performance. Add it to your cart today!",Toys_Games.jpg,7,117
742,NOW Foods Health & Wellness Aid (5),"High-quality now (5) designed to meet your needs. Featuring superior craftsmanship and materials, this item offers great value and performance. Add it to your cart today!",Health_Wellness.jpg,9,76
743,Wilson Tennis Racket,Improve your game with this professional-grade wilson tennis racket. The balanced design and quality strings give you better control and power on every shot.,Sports_Outdoors.jpg,5,33
744,Random House Luxury Books Book (3),"High-quality random (3) designed to meet your needs. Featuring superior craftsmanship and materials, this item offers great value and performance. Add it to your cart today!",Books.jpg,6,10
745,Bosch Car Automotive (7),"High-quality bosch (7) designed to meet your needs. Featuring superior craftsmanship and materials, this item offers great value and performance. Add it to your cart today!",Automotive.jpg,8,47
746,Callaway Bicycle Helmet,Protect yourself in style with this safety-certified callaway bicycle helmet. The adjustable fit and ventilation system ensure comfort during your rides.,Sports_Outdoors.jpg,5,140
747,Garden of Life Health & Wellness Aid (8),"High-quality garden (8) designed to meet your needs. Featuring superior craftsmanship and materials, this item offers great value and performance. Add it to your cart today!",Health_Wellness.jpg,9,3
748,Centrum Health & Wellness Premium Supplement (2),"High-quality centrum (2) designed to meet your needs. Featuring superior craftsmanship and materials, this item offers great value and performance. Add it to your cart today!",Health_Wellness.jpg,9,35
749,Under Armour Casual Dress in Black,Make a statement with this beautiful under dress. The flattering silhouette and quality fabric ensure you'll look and feel amazing for any special occasion.,Clothing.jpg,13,104
750,Centrum Health & Wellness Aid (7),"High-quality centrum (7) designed to meet your needs. Featuring superior craftsmanship and materials, this item offers great value and performance. Add it to your cart today!",Health_Wellness.jpg,9,166
751,Garden of Life Health & Wellness Aid (9),"High-quality garden (9) designed to meet your needs. Featuring superior craftsmanship and materials, this item offers great value and performance. Add it to your cart today!",Health_Wellness.jpg,9,56
752,Tablet Dell Next,"Stay productive and entertained with this versatile tablet tablet. Featuring a responsive touchscreen, powerful performance, and long battery life. Perfect for browsing, reading, and media consumption.",Electronics.jpg,1,4
753,Coleman Running Shoes White,"Optimize your performance with these specialized coleman running shoes. Designed with support and cushioning in all the right places for comfortable, injury-free training.",Sports_Outdoors.jpg,5,93
754,Random House Premium Books Book (1),"High-quality random (1) designed to meet your needs. Featuring superior craftsmanship and materials, this item offers great value and performance. Add it to your cart today!",Books.jpg,6,188
755,Cartier Casual Jewelry Boxes with Metal,"High-quality cartier metal designed to meet your needs. Featuring superior craftsmanship and materials, this item offers great value and performance. Add it to your cart today!",Jewelry.jpg,40,121
756,OXO Leather Bohemian Organizer,Bring order to any space with this practical oxo organizer. Thoughtfully designed compartments help you store and access your items with ease.,Home_Kitchen.jpg,3,59
757,Melissa & Doug Classic Toys & Games Toy,"High-quality melissa toy designed to meet your needs. Featuring superior craftsmanship and materials, this item offers great value and performance. Add it to your cart today!",Toys_Games.jpg,7,70
758,Under Armour 40lb Dumbbell Set,Build strength effectively with this quality under dumbbell set. The comfortable grip and durable construction make them perfect for a variety of exercises.,Sports_Outdoors.jpg,5,129
759,Penguin Advanced Books Book (2),"High-quality penguin (2) designed to meet your needs. Featuring superior craftsmanship and materials, this item offers great value and performance. Add it to your cart today!",Books.jpg,6,172
760,Michelin Automotive Premium Accessory,"High-quality michelin accessory designed to meet your needs. Featuring superior craftsmanship and materials, this item offers great value and performance. Add it to your cart today!",Automotive.jpg,8,156
761,Alex and Ani Leather Men's Jewelry,"High-quality alex jewelry designed to meet your needs. Featuring superior craftsmanship and materials, this item offers great value and performance. Add it to your cart today!",Jewelry.jpg,16,40
762,Clinique Mascara (2),Define and enhance your lashes with this clinique mascara. The innovative formula adds volume and length without clumping for beautifully dramatic eyes.,Beauty_Personal_Care.jpg,4,34
763,Digital Camera Xiaomi Lite,"Capture life's precious moments with exceptional clarity using this digital camera. With advanced features and intuitive controls, it's perfect for both beginners and photography enthusiasts.",Electronics.jpg,1,85
764,Maybelline Skincare Kit (1),"Complete your skincare routine with this comprehensive maybelline skincare kit. Each product works together to cleanse, treat, and protect your skin for optimal results.",Beauty_Personal_Care.jpg,4,165
765,Hasbro Premium Toys & Games Toy,"High-quality hasbro toy designed to meet your needs. Featuring superior craftsmanship and materials, this item offers great value and performance. Add it to your cart today!",Toys_Games.jpg,7,112
766,Mattel Toys & Games Game Set (8),"High-quality mattel (8) designed to meet your needs. Featuring superior craftsmanship and materials, this item offers great value and performance. Add it to your cart today!",Toys_Games.jpg,7,186
767,Shell Car Automotive (3),"High-quality shell (3) designed to meet your needs. Featuring superior craftsmanship and materials, this item offers great value and performance. Add it to your cart today!",Automotive.jpg,8,124
768,Pandora Wool Jewelry (1),"Elevate your cooking with this premium pandora non-stick pan. Designed for even heat distribution and easy food release, it makes preparing your favorite dishes a pleasure.",Jewelry.jpg,10,199
769,Bosch Minimalist Table Lamp,Add ambient lighting to any room with this stylish bosch table lamp. The elegant design complements your decor while providing perfect illumination for reading and relaxing.,Home_Kitchen.jpg,3,116
770,Penguin Classic Books Book (2),"High-quality penguin (2) designed to meet your needs. Featuring superior craftsmanship and materials, this item offers great value and performance. Add it to your cart today!",Books.jpg,6,163
771,Garnier Fresh Deodorant,Stay fresh and confident all day with this effective garnier deodorant. The gentle formula provides long-lasting protection without irritating sensitive skin.,Beauty_Personal_Care.jpg,4,119
772,Power Bank JBL 15mAh,"Never run out of battery again with this reliable power power bank. Compact yet powerful, it provides multiple charges for your devices when you're on the go.",Electronics.jpg,1,196
773,Levi's Cap in Blue,Top off your casual look with this stylish levi's cap. Featuring adjustable sizing for a perfect fit and quality construction for lasting wear.,Clothing.jpg,33,101
774,"Monitor Canon 30""","Enhance your viewing experience with this monitor monitor. Featuring crisp visuals, accurate colors, and eye-comfort technology for reduced strain during long usage sessions.",Electronics.jpg,1,46
775,KitchenAid Towel Set Red,"Wrap yourself in luxury with these premium kitchenaid towels. Absorbent and soft, they're the perfect addition to your bathroom for everyday comfort.",Home_Kitchen.jpg,3,9
776,Bluetooth Headphones Philips,"Immerse yourself in rich, clear sound with these bluetooth headphones. Featuring comfortable ear cushions and excellent noise isolation. Perfect for music, calls, and entertainment.",Electronics.jpg,1,179
777,Digital Camera Dell Basic,"Capture life's precious moments with exceptional clarity using this digital camera. With advanced features and intuitive controls, it's perfect for both beginners and photography enthusiasts.",Electronics.jpg,1,165
778,Ralph Lauren Vintage Jeans,These premium ralph jeans combine style and comfort for your everyday look. Featuring quality denim and expert craftsmanship for a perfect fit that lasts through countless wears.,Clothing.jpg,33,129
779,Vintage Fantastic Books Book (1),"High-quality vintage (1) designed to meet your needs. Featuring superior craftsmanship and materials, this item offers great value and performance. Add it to your cart today!",Books.jpg,6,87
780,Melissa & Doug Toys & Games Game Set (2),"High-quality melissa (2) designed to meet your needs. Featuring superior craftsmanship and materials, this item offers great value and performance. Add it to your cart today!",Toys_Games.jpg,7,198
781,Calvin Klein Purple Hoodie,"Stay cozy in this comfortable calvin hoodie. Perfect for relaxed weekends or active days, it's made from soft fabric that keeps you warm without weighing you down.",Clothing.jpg,33,10
782,3M Car Automotive (5),"High-quality 3m (5) designed to meet your needs. Featuring superior craftsmanship and materials, this item offers great value and performance. Add it to your cart today!",Automotive.jpg,8,48
783,Nature's Way Health & Wellness Aid (10),"High-quality nature's (10) designed to meet your needs. Featuring superior craftsmanship and materials, this item offers great value and performance. Add it to your cart today!",Health_Wellness.jpg,9,180
784,Tefal Metal Bed Sheet Set,Experience better sleep with these luxurious tefal bed sheets. Made from high-quality materials for breathable comfort that lasts wash after wash.,Home_Kitchen.jpg,3,39
785,GNC Health & Wellness Professional Supplement (1),"High-quality gnc (1) designed to meet your needs. Featuring superior craftsmanship and materials, this item offers great value and performance. Add it to your cart today!",Health_Wellness.jpg,9,99
786,Oxford Deluxe Books Book,"High-quality oxford book designed to meet your needs. Featuring superior craftsmanship and materials, this item offers great value and performance. Add it to your cart today!",Books.jpg,6,100
787,Wayfair Elegant Wall Clock,Keep track of time in style with this wayfair wall clock. The clean design and reliable mechanism make it both a functional timepiece and attractive decor element.,Home_Kitchen.jpg,3,126
788,Bed Bath & Beyond Metal Pillow,Rest your head on the perfect blend of support and comfort with this bed pillow. Designed for a restful night's sleep in any sleeping position.,Home_Kitchen.jpg,3,113
789,Playmobil Toys & Games Game Set (7),"High-quality playmobil (7) designed to meet your needs. Featuring superior craftsmanship and materials, this item offers great value and performance. Add it to your cart today!",Toys_Games.jpg,7,44
790,LEGO Luxury Toys & Games Toy (1),"High-quality lego (1) designed to meet your needs. Featuring superior craftsmanship and materials, this item offers great value and performance. Add it to your cart today!",Toys_Games.jpg,7,150
791,Smartwatch HP Plus,"Track your fitness goals and stay connected with this feature-packed smartwatch smartwatch. With health monitoring, notifications, and long battery life, it's your perfect daily companion.",Electronics.jpg,1,31
792,Smartwatch Sony Max,"Track your fitness goals and stay connected with this feature-packed smartwatch smartwatch. With health monitoring, notifications, and long battery life, it's your perfect daily companion.",Electronics.jpg,1,158
793,Clinique Shampoo for Normal Hair,Revitalize your hair with this specialized clinique shampoo. Formulated to cleanse gently while addressing your specific hair needs for healthier-looking results.,Beauty_Personal_Care.jpg,4,174
794,Maybelline Skincare Kit (2),"Complete your skincare routine with this comprehensive maybelline skincare kit. Each product works together to cleanse, treat, and protect your skin for optimal results.",Beauty_Personal_Care.jpg,4,68
795,Playmobil Advanced Toys & Games Toy (1),"High-quality playmobil (1) designed to meet your needs. Featuring superior craftsmanship and materials, this item offers great value and performance. Add it to your cart today!",Toys_Games.jpg,7,110
796,Melissa & Doug Professional Toys & Games Toy,"High-quality melissa toy designed to meet your needs. Featuring superior craftsmanship and materials, this item offers great value and performance. Add it to your cart today!",Toys_Games.jpg,7,117
797,Nature's Way Health & Wellness Aid (11),"High-quality nature's (11) designed to meet your needs. Featuring superior craftsmanship and materials, this item offers great value and performance. Add it to your cart today!",Health_Wellness.jpg,9,161
798,Michelin Car Automotive (7),"High-quality michelin (7) designed to meet your needs. Featuring superior craftsmanship and materials, this item offers great value and performance. Add it to your cart today!",Automotive.jpg,8,200
799,Bosch Car Automotive (8),"High-quality bosch (8) designed to meet your needs. Featuring superior craftsmanship and materials, this item offers great value and performance. Add it to your cart today!",Automotive.jpg,8,162
800,Nature's Way Health & Wellness Essential Supplement,"High-quality nature's supplement designed to meet your needs. Featuring superior craftsmanship and materials, this item offers great value and performance. Add it to your cart today!",Health_Wellness.jpg,9,121
801,Playmobil Deluxe Toys & Games Toy (1),"High-quality playmobil (1) designed to meet your needs. Featuring superior craftsmanship and materials, this item offers great value and performance. Add it to your cart today!",Toys_Games.jpg,7,49
802,Kay Bohemian Men's Jewelry with Glass,"High-quality kay glass designed to meet your needs. Featuring superior craftsmanship and materials, this item offers great value and performance. Add it to your cart today!",Jewelry.jpg,16,168
803,Mattel Advanced Toys & Games Toy,"High-quality mattel toy designed to meet your needs. Featuring superior craftsmanship and materials, this item offers great value and performance. Add it to your cart today!",Toys_Games.jpg,7,59
804,Centrum Health & Wellness Luxury Supplement (1),"High-quality centrum (1) designed to meet your needs. Featuring superior craftsmanship and materials, this item offers great value and performance. Add it to your cart today!",Health_Wellness.jpg,9,164
805,Nike Running Shoes Blue,"Optimize your performance with these specialized nike running shoes. Designed with support and cushioning in all the right places for comfortable, injury-free training.",Sports_Outdoors.jpg,5,96
806,Fisher-Price Essential Toys & Games Toy (3),"High-quality fisher-price (3) designed to meet your needs. Featuring superior craftsmanship and materials, this item offers great value and performance. Add it to your cart today!",Toys_Games.jpg,7,200
807,Tablet Sony Premium,"Stay productive and entertained with this versatile tablet tablet. Featuring a responsive touchscreen, powerful performance, and long battery life. Perfect for browsing, reading, and media consumption.",Electronics.jpg,1,184
808,Nike Basketball,Take your game to the court with this quality nike basketball. The perfect grip and bounce consistency improve your handling and shooting accuracy.,Sports_Outdoors.jpg,5,146
809,Cartier Vintage Men's Jewelry with Glass,"High-quality cartier glass designed to meet your needs. Featuring superior craftsmanship and materials, this item offers great value and performance. Add it to your cart today!",Jewelry.jpg,16,32
810,Ralph Lauren Cap in White,Top off your casual look with this stylish ralph cap. Featuring adjustable sizing for a perfect fit and quality construction for lasting wear.,Clothing.jpg,23,90
811,Melissa & Doug Classic Toys & Games Toy (1),"High-quality melissa (1) designed to meet your needs. Featuring superior craftsmanship and materials, this item offers great value and performance. Add it to your cart today!",Toys_Games.jpg,7,66
812,Revlon Foundation,Achieve a flawless complexion with this revlon foundation. The buildable coverage blends seamlessly for a natural-looking finish that lasts all day.,Beauty_Personal_Care.jpg,4,121
813,Penguin Premium Books Book,"High-quality penguin book designed to meet your needs. Featuring superior craftsmanship and materials, this item offers great value and performance. Add it to your cart today!",Books.jpg,6,68
814,Tiffany Vintage Jewelry with Silk,"High-quality tiffany silk designed to meet your needs. Featuring superior craftsmanship and materials, this item offers great value and performance. Add it to your cart today!",Jewelry.jpg,10,162
815,Neutrogena Perfume Vanilla (1),Discover your signature scent with this exquisite neutrogena perfume. The carefully crafted fragrance notes evolve throughout the day for a truly personal experience.,Beauty_Personal_Care.jpg,4,150
816,Oxford Premium Books Book (1),"High-quality oxford (1) designed to meet your needs. Featuring superior craftsmanship and materials, this item offers great value and performance. Add it to your cart today!",Books.jpg,6,163
817,Tommy Hilfiger Cotton Coat,Stay protected from the elements in style with this premium tommy coat. The quality materials and expert tailoring ensure warmth and comfort in cold weather.,Clothing.jpg,23,66
818,Swarovski Minimalist Men's Jewelry with Silk,"High-quality swarovski silk designed to meet your needs. Featuring superior craftsmanship and materials, this item offers great value and performance. Add it to your cart today!",Jewelry.jpg,16,1
819,Smartphone Dell Air,"Experience the latest technology with this smartphone smartphone. Featuring a stunning display, powerful processor, and exceptional camera system. Perfect for staying connected, capturing memories, and enjoying your favorite content on the go.",Electronics.jpg,1,194
820,Wayfair Plastic Pillow,Rest your head on the perfect blend of support and comfort with this wayfair pillow. Designed for a restful night's sleep in any sleeping position.,Home_Kitchen.jpg,3,106
821,Maybelline Matte Lipstick in White,Make a statement with this vibrant maybelline lipstick. The creamy formula glides on smoothly for comfortable wear and stunning color that lasts.,Beauty_Personal_Care.jpg,4,34
822,Gap Casual Pants,"These versatile gap pants are a wardrobe essential. Combining comfort and style, they transition seamlessly from work to weekend activities.",Clothing.jpg,2,150
823,OXO Leather Utensil Set,Make meal preparation a pleasure with this quality oxo utensil set. Featuring ergonomic handles and durable construction for years of cooking enjoyment.,Home_Kitchen.jpg,3,31
824,Kay Leather Jewelry Boxes,"High-quality kay boxes designed to meet your needs. Featuring superior craftsmanship and materials, this item offers great value and performance. Add it to your cart today!",Jewelry.jpg,40,106
825,Fitbit Golf Set (1),Improve your performance on the course with this premium fitbit golf set. Clubs for every situation help you tackle any hole with confidence.,Sports_Outdoors.jpg,5,3
826,Under Armour Yellow Swimming Goggles,Enhance your swimming experience with these comfortable under goggles. The watertight seal and anti-fog lenses provide clear vision lap after lap.,Sports_Outdoors.jpg,5,12
827,Pandora Leather Jewelry,"Elevate your cooking with this premium pandora non-stick pan. Designed for even heat distribution and easy food release, it makes preparing your favorite dishes a pleasure.",Jewelry.jpg,10,192
828,3M Automotive Deluxe Accessory (1),"High-quality 3m (1) designed to meet your needs. Featuring superior craftsmanship and materials, this item offers great value and performance. Add it to your cart today!",Automotive.jpg,8,42
829,Bed Bath & Beyond Ceramic Curtains in Orange,Control light and add privacy with these elegant bed curtains. The quality fabric and careful construction enhance your room's decor while serving a practical purpose.,Home_Kitchen.jpg,3,163
830,Pandora Wood Jewelry Boxes,"Elevate your cooking with this premium pandora non-stick pan. Designed for even heat distribution and easy food release, it makes preparing your favorite dishes a pleasure.",Jewelry.jpg,40,40
831,Bosch Leather Utensil Set,Make meal preparation a pleasure with this quality bosch utensil set. Featuring ergonomic handles and durable construction for years of cooking enjoyment.,Home_Kitchen.jpg,3,44
832,OXO Glass Rug XXLm,Transform your space with this beautiful oxo rug. The quality materials and expert craftsmanship add comfort underfoot and a touch of style to any room.,Home_Kitchen.jpg,3,83
833,Columbia Trekking Poles (1),Navigate any terrain with confidence using these sturdy columbia trekking poles. Adjustable height and comfortable grips reduce strain on your joints during hikes.,Sports_Outdoors.jpg,5,88
834,Tefal Plastic Utensil Set,Make meal preparation a pleasure with this quality tefal utensil set. Featuring ergonomic handles and durable construction for years of cooking enjoyment.,Home_Kitchen.jpg,3,158
835,Gaming Console Philips Lite,"Dive into immersive gaming experiences with this gaming gaming console. Featuring powerful graphics, fast loading times, and access to an extensive library of games for endless entertainment.",Electronics.jpg,1,40
836,Random House Advanced Books Book (2),"High-quality random (2) designed to meet your needs. Featuring superior craftsmanship and materials, this item offers great value and performance. Add it to your cart today!",Books.jpg,6,168
837,Simon & Schuster Luxury Books Book (2),"High-quality simon (2) designed to meet your needs. Featuring superior craftsmanship and materials, this item offers great value and performance. Add it to your cart today!",Books.jpg,6,32
838,NOW Foods Health & Wellness Professional Supplement,"High-quality now supplement designed to meet your needs. Featuring superior craftsmanship and materials, this item offers great value and performance. Add it to your cart today!",Health_Wellness.jpg,9,50
839,Mattel Deluxe Toys & Games Toy,"High-quality mattel toy designed to meet your needs. Featuring superior craftsmanship and materials, this item offers great value and performance. Add it to your cart today!",Toys_Games.jpg,7,200
840,Bosch Wool Vintage Organizer,Bring order to any space with this practical bosch organizer. Thoughtfully designed compartments help you store and access your items with ease.,Home_Kitchen.jpg,3,146
841,Vintage Advanced Books Book (3),"High-quality vintage (3) designed to meet your needs. Featuring superior craftsmanship and materials, this item offers great value and performance. Add it to your cart today!",Books.jpg,6,192
842,Under Armour Silk Coat,Stay protected from the elements in style with this premium under coat. The quality materials and expert tailoring ensure warmth and comfort in cold weather.,Clothing.jpg,33,106
843,Fisher-Price Advanced Toys & Games Toy,"High-quality fisher-price toy designed to meet your needs. Featuring superior craftsmanship and materials, this item offers great value and performance. Add it to your cart today!",Toys_Games.jpg,7,170
844,Swarovski Cotton Jewelry Boxes,"High-quality swarovski boxes designed to meet your needs. Featuring superior craftsmanship and materials, this item offers great value and performance. Add it to your cart today!",Jewelry.jpg,40,146
845,Garden of Life Health & Wellness Aid (10),"High-quality garden (10) designed to meet your needs. Featuring superior craftsmanship and materials, this item offers great value and performance. Add it to your cart today!",Health_Wellness.jpg,9,168
846,Fisher-Price Essential Toys & Games Toy (4),"High-quality fisher-price (4) designed to meet your needs. Featuring superior craftsmanship and materials, this item offers great value and performance. Add it to your cart today!",Toys_Games.jpg,7,14
847,KitchenAid Leather Planter Lcm,Display your favorite plants in style with this attractive kitchenaid planter. The quality materials and thoughtful design make it a beautiful addition to any space.,Home_Kitchen.jpg,3,74
848,Oxford Fantastic Books Book,"High-quality oxford book designed to meet your needs. Featuring superior craftsmanship and materials, this item offers great value and performance. Add it to your cart today!",Books.jpg,6,137
849,Nature's Way Health & Wellness Luxury Supplement (1),"High-quality nature's (1) designed to meet your needs. Featuring superior craftsmanship and materials, this item offers great value and performance. Add it to your cart today!",Health_Wellness.jpg,9,36
850,Mattel Toys & Games Game Set (9),"High-quality mattel (9) designed to meet your needs. Featuring superior craftsmanship and materials, this item offers great value and performance. Add it to your cart today!",Toys_Games.jpg,7,36
851,Fisher-Price Toys & Games Game Set (8),"High-quality fisher-price (8) designed to meet your needs. Featuring superior craftsmanship and materials, this item offers great value and performance. Add it to your cart today!",Toys_Games.jpg,7,188
852,NOW Foods Health & Wellness Premium Supplement,"High-quality now supplement designed to meet your needs. Featuring superior craftsmanship and materials, this item offers great value and performance. Add it to your cart today!",Health_Wellness.jpg,9,186
853,Adidas Classic Pants,"These versatile adidas pants are a wardrobe essential. Combining comfort and style, they transition seamlessly from work to weekend activities.",Clothing.jpg,23,20
854,Under Armour Pink T-shirt,"Add a touch of style to your casual wardrobe with this comfortable under t-shirt. Made from soft, breathable fabric that feels great against your skin. Perfect for everyday wear.",Clothing.jpg,33,170
855,Hasbro Toys & Games Game Set (12),"High-quality hasbro (12) designed to meet your needs. Featuring superior craftsmanship and materials, this item offers great value and performance. Add it to your cart today!",Toys_Games.jpg,7,147
856,Neutrogena Perfume Vanilla (2),Discover your signature scent with this exquisite neutrogena perfume. The carefully crafted fragrance notes evolve throughout the day for a truly personal experience.,Beauty_Personal_Care.jpg,4,68
857,Pandora Silk Men's Jewelry (1),"Elevate your cooking with this premium pandora non-stick pan. Designed for even heat distribution and easy food release, it makes preparing your favorite dishes a pleasure.",Jewelry.jpg,16,22
858,Corelle Metal Pillow,Rest your head on the perfect blend of support and comfort with this corelle pillow. Designed for a restful night's sleep in any sleeping position.,Home_Kitchen.jpg,3,86
859,Alex and Ani Casual Jewelry with Glass,"High-quality alex glass designed to meet your needs. Featuring superior craftsmanship and materials, this item offers great value and performance. Add it to your cart today!",Jewelry.jpg,10,94
860,Clinique Matte Lipstick in Blue,Make a statement with this vibrant clinique lipstick. The creamy formula glides on smoothly for comfortable wear and stunning color that lasts.,Beauty_Personal_Care.jpg,4,94
861,Digital Camera Asus Premium,"Capture life's precious moments with exceptional clarity using this digital camera. With advanced features and intuitive controls, it's perfect for both beginners and photography enthusiasts.",Electronics.jpg,1,116
862,"Smart TV Bose 43""","Transform your living room with this smart TV. Enjoy stunning picture quality, vibrant colors, and smart features for all your entertainment needs. Stream your favorite content with ease.",Electronics.jpg,1,80
863,Kay Glass Jewelry,"High-quality kay jewelry designed to meet your needs. Featuring superior craftsmanship and materials, this item offers great value and performance. Add it to your cart today!",Jewelry.jpg,10,28
864,Smartphone Asus Max,"Experience the latest technology with this smartphone smartphone. Featuring a stunning display, powerful processor, and exceptional camera system. Perfect for staying connected, capturing memories, and enjoying your favorite content on the go.",Electronics.jpg,1,64
865,Callaway Pink Backpack,Carry your gear in comfort with this thoughtfully designed callaway backpack. Multiple compartments and ergonomic straps make it perfect for any activity.,Sports_Outdoors.jpg,5,131
866,Simon & Schuster Essential Books Book (3),"High-quality simon (3) designed to meet your needs. Featuring superior craftsmanship and materials, this item offers great value and performance. Add it to your cart today!",Books.jpg,6,144
867,Mattel Advanced Toys & Games Toy (1),"High-quality mattel (1) designed to meet your needs. Featuring superior craftsmanship and materials, this item offers great value and performance. Add it to your cart today!",Toys_Games.jpg,7,178
868,Meguiar's Car Automotive (4),"High-quality meguiar's (4) designed to meet your needs. Featuring superior craftsmanship and materials, this item offers great value and performance. Add it to your cart today!",Automotive.jpg,8,54
869,Levi's Elegant Jeans,These premium levi's jeans combine style and comfort for your everyday look. Featuring quality denim and expert craftsmanship for a perfect fit that lasts through countless wears.,Clothing.jpg,33,130
870,Crate & Barrel Cotton Utensil Set,Make meal preparation a pleasure with this quality crate utensil set. Featuring ergonomic handles and durable construction for years of cooking enjoyment.,Home_Kitchen.jpg,3,66
871,Garnier Matte Lipstick in Green,Make a statement with this vibrant garnier lipstick. The creamy formula glides on smoothly for comfortable wear and stunning color that lasts.,Beauty_Personal_Care.jpg,4,135
872,Levi's Red Hoodie,"Stay cozy in this comfortable levi's hoodie. Perfect for relaxed weekends or active days, it's made from soft fabric that keeps you warm without weighing you down.",Clothing.jpg,13,153
873,Harper Fantastic Books Book (2),"High-quality harper (2) designed to meet your needs. Featuring superior craftsmanship and materials, this item offers great value and performance. Add it to your cart today!",Books.jpg,6,151
874,IKEA Wood Rug 49m,Transform your space with this beautiful ikea rug. The quality materials and expert craftsmanship add comfort underfoot and a touch of style to any room.,Home_Kitchen.jpg,3,140
875,Ralph Lauren Floral Socks,Keep your feet comfortable all day with these quality ralph socks. Designed with cushioning in all the right places and made from breathable materials.,Clothing.jpg,2,150
876,Columbia Golf Set,Improve your performance on the course with this premium columbia golf set. Clubs for every situation help you tackle any hole with confidence.,Sports_Outdoors.jpg,5,185
877,Estée Lauder Moisturizing Cream,Nourish your skin with this luxurious estée moisturizing cream. Formulated with quality ingredients to hydrate and protect your skin for a radiant complexion.,Beauty_Personal_Care.jpg,4,34
878,NOW Foods Health & Wellness Advanced Supplement,"High-quality now supplement designed to meet your needs. Featuring superior craftsmanship and materials, this item offers great value and performance. Add it to your cart today!",Health_Wellness.jpg,9,60
879,Garden of Life Health & Wellness Aid (11),"High-quality garden (11) designed to meet your needs. Featuring superior craftsmanship and materials, this item offers great value and performance. Add it to your cart today!",Health_Wellness.jpg,9,183
880,LEGO Toys & Games Game Set (6),"High-quality lego (6) designed to meet your needs. Featuring superior craftsmanship and materials, this item offers great value and performance. Add it to your cart today!",Toys_Games.jpg,7,62
881,Dove Foundation,Achieve a flawless complexion with this dove foundation. The buildable coverage blends seamlessly for a natural-looking finish that lasts all day.,Beauty_Personal_Care.jpg,4,191
882,LEGO Toys & Games Game Set (7),"High-quality lego (7) designed to meet your needs. Featuring superior craftsmanship and materials, this item offers great value and performance. Add it to your cart today!",Toys_Games.jpg,7,75
883,Coleman Basketball,Take your game to the court with this quality coleman basketball. The perfect grip and bounce consistency improve your handling and shooting accuracy.,Sports_Outdoors.jpg,5,88
884,Melissa & Doug Toys & Games Game Set (3),"High-quality melissa (3) designed to meet your needs. Featuring superior craftsmanship and materials, this item offers great value and performance. Add it to your cart today!",Toys_Games.jpg,7,135
885,Cartier Leather Jewelry,"High-quality cartier jewelry designed to meet your needs. Featuring superior craftsmanship and materials, this item offers great value and performance. Add it to your cart today!",Jewelry.jpg,10,54
886,Fitbit Bicycle Helmet (1),Protect yourself in style with this safety-certified fitbit bicycle helmet. The adjustable fit and ventilation system ensure comfort during your rides.,Sports_Outdoors.jpg,5,163
887,Melissa & Doug Toys & Games Game Set (4),"High-quality melissa (4) designed to meet your needs. Featuring superior craftsmanship and materials, this item offers great value and performance. Add it to your cart today!",Toys_Games.jpg,7,123
888,Simon & Schuster Advanced Books Book (1),"High-quality simon (1) designed to meet your needs. Featuring superior craftsmanship and materials, this item offers great value and performance. Add it to your cart today!",Books.jpg,6,164
889,Clinique Purple Makeup Set,Express yourself with this premium clinique makeup set. Featuring highly pigmented colors and long-lasting formulas for a flawless look that stays all day.,Beauty_Personal_Care.jpg,4,49
890,Alex and Ani Elegant Jewelry Boxes with Silk,"High-quality alex silk designed to meet your needs. Featuring superior craftsmanship and materials, this item offers great value and performance. Add it to your cart today!",Jewelry.jpg,40,113
891,Schwinn 20lb Dumbbell Set,Build strength effectively with this quality schwinn dumbbell set. The comfortable grip and durable construction make them perfect for a variety of exercises.,Sports_Outdoors.jpg,5,68
892,Tablet Acer Elite,"Stay productive and entertained with this versatile tablet tablet. Featuring a responsive touchscreen, powerful performance, and long battery life. Perfect for browsing, reading, and media consumption.",Electronics.jpg,1,177
893,Bosch Automotive Professional Accessory,"High-quality bosch accessory designed to meet your needs. Featuring superior craftsmanship and materials, this item offers great value and performance. Add it to your cart today!",Automotive.jpg,8,62
894,3M Car Automotive (6),"High-quality 3m (6) designed to meet your needs. Featuring superior craftsmanship and materials, this item offers great value and performance. Add it to your cart today!",Automotive.jpg,8,71
895,Clinique Lavender Essential Oil,Enhance your wellbeing with this pure clinique essential oil. The carefully extracted aroma creates a pleasant environment for relaxation and focus.,Beauty_Personal_Care.jpg,4,148
896,Simon & Schuster Essential Books Book (4),"High-quality simon (4) designed to meet your needs. Featuring superior craftsmanship and materials, this item offers great value and performance. Add it to your cart today!",Books.jpg,6,175
897,Mattel Toys & Games Game Set (10),"High-quality mattel (10) designed to meet your needs. Featuring superior craftsmanship and materials, this item offers great value and performance. Add it to your cart today!",Toys_Games.jpg,7,173
898,NOW Foods Health & Wellness Luxury Supplement (1),"High-quality now (1) designed to meet your needs. Featuring superior craftsmanship and materials, this item offers great value and performance. Add it to your cart today!",Health_Wellness.jpg,9,129
899,Ralph Lauren Gray Hoodie,"Stay cozy in this comfortable ralph hoodie. Perfect for relaxed weekends or active days, it's made from soft fabric that keeps you warm without weighing you down.",Clothing.jpg,13,27
900,Under Armour 10lb Dumbbell Set,Build strength effectively with this quality under dumbbell set. The comfortable grip and durable construction make them perfect for a variety of exercises.,Sports_Outdoors.jpg,5,155
901,Penguin Professional Books Book (3),"High-quality penguin (3) designed to meet your needs. Featuring superior craftsmanship and materials, this item offers great value and performance. Add it to your cart today!",Books.jpg,6,61
902,Meguiar's Automotive Advanced Accessory,"High-quality meguiar's accessory designed to meet your needs. Featuring superior craftsmanship and materials, this item offers great value and performance. Add it to your cart today!",Automotive.jpg,8,80
903,Power Bank Canon 40mAh,"Never run out of battery again with this reliable power power bank. Compact yet powerful, it provides multiple charges for your devices when you're on the go.",Electronics.jpg,1,126
904,Bluetooth Headphones Apple,"Immerse yourself in rich, clear sound with these bluetooth headphones. Featuring comfortable ear cushions and excellent noise isolation. Perfect for music, calls, and entertainment.",Electronics.jpg,1,178
905,Dove Skincare Kit,"Complete your skincare routine with this comprehensive dove skincare kit. Each product works together to cleanse, treat, and protect your skin for optimal results.",Beauty_Personal_Care.jpg,4,133
906,LEGO Essential Toys & Games Toy,"High-quality lego toy designed to meet your needs. Featuring superior craftsmanship and materials, this item offers great value and performance. Add it to your cart today!",Toys_Games.jpg,7,196
907,Shell Automotive Fantastic Accessory,"High-quality shell accessory designed to meet your needs. Featuring superior craftsmanship and materials, this item offers great value and performance. Add it to your cart today!",Automotive.jpg,8,57
908,Random House Luxury Books Book (4),"High-quality random (4) designed to meet your needs. Featuring superior craftsmanship and materials, this item offers great value and performance. Add it to your cart today!",Books.jpg,6,132
909,Penguin Essential Books Book (1),"High-quality penguin (1) designed to meet your needs. Featuring superior craftsmanship and materials, this item offers great value and performance. Add it to your cart today!",Books.jpg,6,195
910,Pandora Modern Men's Jewelry with Leather,"Elevate your cooking with this premium pandora non-stick pan. Designed for even heat distribution and easy food release, it makes preparing your favorite dishes a pleasure.",Jewelry.jpg,16,111
911,Random House Fantastic Books Book (1),"High-quality random (1) designed to meet your needs. Featuring superior craftsmanship and materials, this item offers great value and performance. Add it to your cart today!",Books.jpg,6,89
912,Simon & Schuster Classic Books Book,"High-quality simon book designed to meet your needs. Featuring superior craftsmanship and materials, this item offers great value and performance. Add it to your cart today!",Books.jpg,6,30
913,Cartier Cotton Jewelry,"High-quality cartier jewelry designed to meet your needs. Featuring superior craftsmanship and materials, this item offers great value and performance. Add it to your cart today!",Jewelry.jpg,10,162
914,OXO Casual Table Lamp,Add ambient lighting to any room with this stylish oxo table lamp. The elegant design complements your decor while providing perfect illumination for reading and relaxing.,Home_Kitchen.jpg,3,5
915,Garden of Life Health & Wellness Aid (12),"High-quality garden (12) designed to meet your needs. Featuring superior craftsmanship and materials, this item offers great value and performance. Add it to your cart today!",Health_Wellness.jpg,9,175
916,Shell Car Automotive (4),"High-quality shell (4) designed to meet your needs. Featuring superior craftsmanship and materials, this item offers great value and performance. Add it to your cart today!",Automotive.jpg,8,62
917,Zara Bohemian Jeans,These premium zara jeans combine style and comfort for your everyday look. Featuring quality denim and expert craftsmanship for a perfect fit that lasts through countless wears.,Clothing.jpg,33,56
918,L'Oréal Moisturizing Cream,Nourish your skin with this luxurious l'oréal moisturizing cream. Formulated with quality ingredients to hydrate and protect your skin for a radiant complexion.,Beauty_Personal_Care.jpg,4,68
919,"Smart TV Lenovo M""","Transform your living room with this smart TV. Enjoy stunning picture quality, vibrant colors, and smart features for all your entertainment needs. Stream your favorite content with ease.",Electronics.jpg,1,79
920,Maybelline Matte Lipstick in Orange,Make a statement with this vibrant maybelline lipstick. The creamy formula glides on smoothly for comfortable wear and stunning color that lasts.,Beauty_Personal_Care.jpg,4,169
921,Hasbro Luxury Toys & Games Toy,"High-quality hasbro toy designed to meet your needs. Featuring superior craftsmanship and materials, this item offers great value and performance. Add it to your cart today!",Toys_Games.jpg,7,165
922,CeraVe Moisturizing Cream (1),Nourish your skin with this luxurious cerave moisturizing cream. Formulated with quality ingredients to hydrate and protect your skin for a radiant complexion.,Beauty_Personal_Care.jpg,4,11
923,Pandora Plastic Jewelry,"Elevate your cooking with this premium pandora non-stick pan. Designed for even heat distribution and easy food release, it makes preparing your favorite dishes a pleasure.",Jewelry.jpg,10,63
924,LEGO Essential Toys & Games Toy (1),"High-quality lego (1) designed to meet your needs. Featuring superior craftsmanship and materials, this item offers great value and performance. Add it to your cart today!",Toys_Games.jpg,7,13
925,Levi's White T-shirt (1),"Add a touch of style to your casual wardrobe with this comfortable levi's t-shirt. Made from soft, breathable fabric that feels great against your skin. Perfect for everyday wear.",Clothing.jpg,2,86
926,Garden of Life Health & Wellness Aid (13),"High-quality garden (13) designed to meet your needs. Featuring superior craftsmanship and materials, this item offers great value and performance. Add it to your cart today!",Health_Wellness.jpg,9,24
927,Nike Orange Swimming Goggles,Enhance your swimming experience with these comfortable nike goggles. The watertight seal and anti-fog lenses provide clear vision lap after lap.,Sports_Outdoors.jpg,5,3
928,Bosch Car Automotive (9),"High-quality bosch (9) designed to meet your needs. Featuring superior craftsmanship and materials, this item offers great value and performance. Add it to your cart today!",Automotive.jpg,8,35
929,Shell Car Automotive (5),"High-quality shell (5) designed to meet your needs. Featuring superior craftsmanship and materials, this item offers great value and performance. Add it to your cart today!",Automotive.jpg,8,23
930,Ralph Lauren Blue T-shirt,"Add a touch of style to your casual wardrobe with this comfortable ralph t-shirt. Made from soft, breathable fabric that feels great against your skin. Perfect for everyday wear.",Clothing.jpg,33,65
931,Adidas Tennis Racket,Improve your game with this professional-grade adidas tennis racket. The balanced design and quality strings give you better control and power on every shot.,Sports_Outdoors.jpg,5,62
932,MAC Vanilla Deodorant,Stay fresh and confident all day with this effective mac deodorant. The gentle formula provides long-lasting protection without irritating sensitive skin.,Beauty_Personal_Care.jpg,4,138
933,L'Oréal Skincare Kit (1),"Complete your skincare routine with this comprehensive l'oréal skincare kit. Each product works together to cleanse, treat, and protect your skin for optimal results.",Beauty_Personal_Care.jpg,4,108
934,Tiffany Elegant Jewelry Boxes with Wood,"High-quality tiffany wood designed to meet your needs. Featuring superior craftsmanship and materials, this item offers great value and performance. Add it to your cart today!",Jewelry.jpg,40,82
935,Oxford Classic Books Book (1),"High-quality oxford (1) designed to meet your needs. Featuring superior craftsmanship and materials, this item offers great value and performance. Add it to your cart today!",Books.jpg,6,41
936,Spalding Running Shoes Gray,"Optimize your performance with these specialized spalding running shoes. Designed with support and cushioning in all the right places for comfortable, injury-free training.",Sports_Outdoors.jpg,5,139
937,H&M Elegant Sneakers,"Step out in style with these h&m sneakers. Designed for both comfort and fashion, they feature cushioned insoles and durable construction for all-day wear.",Clothing.jpg,33,128
938,Nivea Foundation,Achieve a flawless complexion with this nivea foundation. The buildable coverage blends seamlessly for a natural-looking finish that lasts all day.,Beauty_Personal_Care.jpg,4,144
939,Tefal Elegant Table Lamp,Add ambient lighting to any room with this stylish tefal table lamp. The elegant design complements your decor while providing perfect illumination for reading and relaxing.,Home_Kitchen.jpg,3,193
940,IKEA Cotton Blanket in Blue,Stay cozy year-round with this soft ikea blanket. Perfect for snuggling on the couch or adding an extra layer of warmth to your bed.,Home_Kitchen.jpg,3,129
941,Pandora Vintage Jewelry with Silk,"Elevate your cooking with this premium pandora non-stick pan. Designed for even heat distribution and easy food release, it makes preparing your favorite dishes a pleasure.",Jewelry.jpg,10,200
942,"Laptop JBL Air 40""","Elevate your productivity with this laptop laptop. Designed for performance with a fast processor, ample storage, and crisp display. Ideal for work, entertainment, and creativity wherever you go.",Electronics.jpg,1,122
943,Tiffany Plastic Men's Jewelry,"High-quality tiffany jewelry designed to meet your needs. Featuring superior craftsmanship and materials, this item offers great value and performance. Add it to your cart today!",Jewelry.jpg,16,78
944,Oxford Advanced Books Book (1),"High-quality oxford (1) designed to meet your needs. Featuring superior craftsmanship and materials, this item offers great value and performance. Add it to your cart today!",Books.jpg,6,19
945,Shell Automotive Deluxe Accessory,"High-quality shell accessory designed to meet your needs. Featuring superior craftsmanship and materials, this item offers great value and performance. Add it to your cart today!",Automotive.jpg,8,29
946,Dove Blue Makeup Set,Express yourself with this premium dove makeup set. Featuring highly pigmented colors and long-lasting formulas for a flawless look that stays all day.,Beauty_Personal_Care.jpg,4,82
947,Garnier Pink Makeup Set,Express yourself with this premium garnier makeup set. Featuring highly pigmented colors and long-lasting formulas for a flawless look that stays all day.,Beauty_Personal_Care.jpg,4,134
948,Penguin Premium Books Book (1),"High-quality penguin (1) designed to meet your needs. Featuring superior craftsmanship and materials, this item offers great value and performance. Add it to your cart today!",Books.jpg,6,188
949,Bosch Automotive Premium Accessory,"High-quality bosch accessory designed to meet your needs. Featuring superior craftsmanship and materials, this item offers great value and performance. Add it to your cart today!",Automotive.jpg,8,80
950,Cartier Ceramic Men's Jewelry,"High-quality cartier jewelry designed to meet your needs. Featuring superior craftsmanship and materials, this item offers great value and performance. Add it to your cart today!",Jewelry.jpg,16,127
951,NOW Foods Health & Wellness Aid (6),"High-quality now (6) designed to meet your needs. Featuring superior craftsmanship and materials, this item offers great value and performance. Add it to your cart today!",Health_Wellness.jpg,9,1
952,Clinique Mascara (3),Define and enhance your lashes with this clinique mascara. The innovative formula adds volume and length without clumping for beautifully dramatic eyes.,Beauty_Personal_Care.jpg,4,117
953,Random House Advanced Books Book (3),"High-quality random (3) designed to meet your needs. Featuring superior craftsmanship and materials, this item offers great value and performance. Add it to your cart today!",Books.jpg,6,164
954,Bluetooth Headphones JBL,"Immerse yourself in rich, clear sound with these bluetooth headphones. Featuring comfortable ear cushions and excellent noise isolation. Perfect for music, calls, and entertainment.",Electronics.jpg,1,70
955,Pyrex Plastic Planter XLcm,Display your favorite plants in style with this attractive pyrex planter. The quality materials and thoughtful design make it a beautiful addition to any space.,Home_Kitchen.jpg,3,125
956,Hasbro Classic Toys & Games Toy,"High-quality hasbro toy designed to meet your needs. Featuring superior craftsmanship and materials, this item offers great value and performance. Add it to your cart today!",Toys_Games.jpg,7,41
957,Bed Bath & Beyond Vintage Wall Clock,Keep track of time in style with this bed wall clock. The clean design and reliable mechanism make it both a functional timepiece and attractive decor element.,Home_Kitchen.jpg,3,35
958,NOW Foods Health & Wellness Professional Supplement (1),"High-quality now (1) designed to meet your needs. Featuring superior craftsmanship and materials, this item offers great value and performance. Add it to your cart today!",Health_Wellness.jpg,9,12
959,3M Car Automotive (7),"High-quality 3m (7) designed to meet your needs. Featuring superior craftsmanship and materials, this item offers great value and performance. Add it to your cart today!",Automotive.jpg,8,30
960,Shell Automotive Essential Accessory,"High-quality shell accessory designed to meet your needs. Featuring superior craftsmanship and materials, this item offers great value and performance. Add it to your cart today!",Automotive.jpg,8,174
961,Playmobil Toys & Games Game Set (8),"High-quality playmobil (8) designed to meet your needs. Featuring superior craftsmanship and materials, this item offers great value and performance. Add it to your cart today!",Toys_Games.jpg,7,114
962,Garden of Life Health & Wellness Aid (14),"High-quality garden (14) designed to meet your needs. Featuring superior craftsmanship and materials, this item offers great value and performance. Add it to your cart today!",Health_Wellness.jpg,9,164
963,NOW Foods Health & Wellness Aid (7),"High-quality now (7) designed to meet your needs. Featuring superior craftsmanship and materials, this item offers great value and performance. Add it to your cart today!",Health_Wellness.jpg,9,8
964,3M Car Automotive (8),"High-quality 3m (8) designed to meet your needs. Featuring superior craftsmanship and materials, this item offers great value and performance. Add it to your cart today!",Automotive.jpg,8,33
965,Pyrex Wood Curtains in Blue,Control light and add privacy with these elegant pyrex curtains. The quality fabric and careful construction enhance your room's decor while serving a practical purpose.,Home_Kitchen.jpg,3,123
966,Melissa & Doug Toys & Games Game Set (5),"High-quality melissa (5) designed to meet your needs. Featuring superior craftsmanship and materials, this item offers great value and performance. Add it to your cart today!",Toys_Games.jpg,7,63
967,Simon & Schuster Professional Books Book (1),"High-quality simon (1) designed to meet your needs. Featuring superior craftsmanship and materials, this item offers great value and performance. Add it to your cart today!",Books.jpg,6,15
968,Centrum Health & Wellness Aid (8),"High-quality centrum (8) designed to meet your needs. Featuring superior craftsmanship and materials, this item offers great value and performance. Add it to your cart today!",Health_Wellness.jpg,9,51
969,Castrol Automotive Deluxe Accessory,"High-quality castrol accessory designed to meet your needs. Featuring superior craftsmanship and materials, this item offers great value and performance. Add it to your cart today!",Automotive.jpg,8,9
970,Mattel Advanced Toys & Games Toy (2),"High-quality mattel (2) designed to meet your needs. Featuring superior craftsmanship and materials, this item offers great value and performance. Add it to your cart today!",Toys_Games.jpg,7,139
971,Bosch Automotive Classic Accessory (1),"High-quality bosch (1) designed to meet your needs. Featuring superior craftsmanship and materials, this item offers great value and performance. Add it to your cart today!",Automotive.jpg,8,110
972,Simon & Schuster Deluxe Books Book,"High-quality simon book designed to meet your needs. Featuring superior craftsmanship and materials, this item offers great value and performance. Add it to your cart today!",Books.jpg,6,4
973,Crate & Barrel Plastic Minimalist Organizer,Bring order to any space with this practical crate organizer. Thoughtfully designed compartments help you store and access your items with ease.,Home_Kitchen.jpg,3,71
974,Pottery Barn Cotton Vintage Organizer,Bring order to any space with this practical pottery organizer. Thoughtfully designed compartments help you store and access your items with ease.,Home_Kitchen.jpg,3,119
975,Maybelline Shampoo for Oily Hair,Revitalize your hair with this specialized maybelline shampoo. Formulated to cleanse gently while addressing your specific hair needs for healthier-looking results.,Beauty_Personal_Care.jpg,4,17
976,Callaway 30lb Dumbbell Set,Build strength effectively with this quality callaway dumbbell set. The comfortable grip and durable construction make them perfect for a variety of exercises.,Sports_Outdoors.jpg,5,19
977,Fitbit Running Shoes Pink,"Optimize your performance with these specialized fitbit running shoes. Designed with support and cushioning in all the right places for comfortable, injury-free training.",Sports_Outdoors.jpg,5,76
978,Alex and Ani Wool Jewelry Boxes,"High-quality alex boxes designed to meet your needs. Featuring superior craftsmanship and materials, this item offers great value and performance. Add it to your cart today!",Jewelry.jpg,40,76
979,Centrum Health & Wellness Aid (9),"High-quality centrum (9) designed to meet your needs. Featuring superior craftsmanship and materials, this item offers great value and performance. Add it to your cart today!",Health_Wellness.jpg,9,144
980,Nordic Naturals Health & Wellness Professional Supplement,"High-quality nordic supplement designed to meet your needs. Featuring superior craftsmanship and materials, this item offers great value and performance. Add it to your cart today!",Health_Wellness.jpg,9,151
981,Adidas Trekking Poles (1),Navigate any terrain with confidence using these sturdy adidas trekking poles. Adjustable height and comfortable grips reduce strain on your joints during hikes.,Sports_Outdoors.jpg,5,136
982,Pandora Bohemian Men's Jewelry with Cotton,"Elevate your cooking with this premium pandora non-stick pan. Designed for even heat distribution and easy food release, it makes preparing your favorite dishes a pleasure.",Jewelry.jpg,16,92
983,Estée Lauder Citrus Deodorant,Stay fresh and confident all day with this effective estée deodorant. The gentle formula provides long-lasting protection without irritating sensitive skin.,Beauty_Personal_Care.jpg,4,28
984,Mattel Toys & Games Game Set (11),"High-quality mattel (11) designed to meet your needs. Featuring superior craftsmanship and materials, this item offers great value and performance. Add it to your cart today!",Toys_Games.jpg,7,124
985,Michelin Automotive Fantastic Accessory (1),"High-quality michelin (1) designed to meet your needs. Featuring superior craftsmanship and materials, this item offers great value and performance. Add it to your cart today!",Automotive.jpg,8,174
986,Wayfair Cotton Pillow,Rest your head on the perfect blend of support and comfort with this wayfair pillow. Designed for a restful night's sleep in any sleeping position.,Home_Kitchen.jpg,3,13
987,Nature's Way Health & Wellness Aid (12),"High-quality nature's (12) designed to meet your needs. Featuring superior craftsmanship and materials, this item offers great value and performance. Add it to your cart today!",Health_Wellness.jpg,9,7
988,Revlon Perfume Vanilla,Discover your signature scent with this exquisite revlon perfume. The carefully crafted fragrance notes evolve throughout the day for a truly personal experience.,Beauty_Personal_Care.jpg,4,187
989,Olay Floral Essential Oil,Enhance your wellbeing with this pure olay essential oil. The carefully extracted aroma creates a pleasant environment for relaxation and focus.,Beauty_Personal_Care.jpg,4,196
990,Wilson Bicycle Helmet (1),Protect yourself in style with this safety-certified wilson bicycle helmet. The adjustable fit and ventilation system ensure comfort during your rides.,Sports_Outdoors.jpg,5,167
991,Vintage Advanced Books Book (4),"High-quality vintage (4) designed to meet your needs. Featuring superior craftsmanship and materials, this item offers great value and performance. Add it to your cart today!",Books.jpg,6,97
992,Gap Wool Coat,Stay protected from the elements in style with this premium gap coat. The quality materials and expert tailoring ensure warmth and comfort in cold weather.,Clothing.jpg,2,165
993,Fisher-Price Toys & Games Game Set (9),"High-quality fisher-price (9) designed to meet your needs. Featuring superior craftsmanship and materials, this item offers great value and performance. Add it to your cart today!",Toys_Games.jpg,7,77
994,Mattel Toys & Games Game Set (12),"High-quality mattel (12) designed to meet your needs. Featuring superior craftsmanship and materials, this item offers great value and performance. Add it to your cart today!",Toys_Games.jpg,7,183
995,Shell Automotive Premium Accessory (2),"High-quality shell (2) designed to meet your needs. Featuring superior craftsmanship and materials, this item offers great value and performance. Add it to your cart today!",Automotive.jpg,8,169
996,The North Face Basketball (1),Take your game to the court with this quality the basketball. The perfect grip and bounce consistency improve your handling and shooting accuracy.,Sports_Outdoors.jpg,5,141
997,Pandora Casual Men's Jewelry with Silk,"Elevate your cooking with this premium pandora non-stick pan. Designed for even heat distribution and easy food release, it makes preparing your favorite dishes a pleasure.",Jewelry.jpg,16,115
998,Hasbro Advanced Toys & Games Toy (1),"High-quality hasbro (1) designed to meet your needs. Featuring superior craftsmanship and materials, this item offers great value and performance. Add it to your cart today!",Toys_Games.jpg,7,199
999,Dove Nail Polish in Orange,Add a pop of color to your nails with this dove nail polish. The smooth application and chip-resistant formula keep your manicure looking fresh for days.,Beauty_Personal_Care.jpg,4,38
1000,New Balance Gray T-shirt,"Add a touch of style to your casual wardrobe with this comfortable new t-shirt. Made from soft, breathable fabric that feels great against your skin. Perfect for everyday wear.",Clothing.jpg,33,183
1001,Fitbit Green Yoga Mat,Enhance your practice with this premium fitbit yoga mat. The perfect thickness provides cushioning for your joints while maintaining stability for all poses.,Sports_Outdoors.jpg,5,143
1002,Oxford Professional Books Book (3),"High-quality oxford (3) designed to meet your needs. Featuring superior craftsmanship and materials, this item offers great value and performance. Add it to your cart today!",Books.jpg,6,190
1003,Centrum Health & Wellness Premium Supplement (3),"High-quality centrum (3) designed to meet your needs. Featuring superior craftsmanship and materials, this item offers great value and performance. Add it to your cart today!",Health_Wellness.jpg,9,180
1004,Garden of Life Health & Wellness Aid (15),"High-quality garden (15) designed to meet your needs. Featuring superior craftsmanship and materials, this item offers great value and performance. Add it to your cart today!",Health_Wellness.jpg,9,123
1005,Oxford Fantastic Books Book (1),"High-quality oxford (1) designed to meet your needs. Featuring superior craftsmanship and materials, this item offers great value and performance. Add it to your cart today!",Books.jpg,6,6
1006,Levi's White Hoodie,"Stay cozy in this comfortable levi's hoodie. Perfect for relaxed weekends or active days, it's made from soft fabric that keeps you warm without weighing you down.",Clothing.jpg,13,16
1007,Pandora Elegant Jewelry Boxes with Wool,"Elevate your cooking with this premium pandora non-stick pan. Designed for even heat distribution and easy food release, it makes preparing your favorite dishes a pleasure.",Jewelry.jpg,40,90
1008,"Laptop Sony Air 25""","Elevate your productivity with this laptop laptop. Designed for performance with a fast processor, ample storage, and crisp display. Ideal for work, entertainment, and creativity wherever you go.",Electronics.jpg,1,113
1009,Alex and Ani Elegant Men's Jewelry with Wool (1),"High-quality alex (1) designed to meet your needs. Featuring superior craftsmanship and materials, this item offers great value and performance. Add it to your cart today!",Jewelry.jpg,16,158
1010,Pottery Barn Non-stick Pan XLcm,"Elevate your cooking with this premium pottery non-stick pan. Designed for even heat distribution and easy food release, it makes preparing your favorite dishes a pleasure.",Home_Kitchen.jpg,3,96
1011,Crate & Barrel Wood Pillow,Rest your head on the perfect blend of support and comfort with this crate pillow. Designed for a restful night's sleep in any sleeping position.,Home_Kitchen.jpg,3,10
1012,Power Bank JBL 65mAh,"Never run out of battery again with this reliable power power bank. Compact yet powerful, it provides multiple charges for your devices when you're on the go.",Electronics.jpg,1,105
1013,Columbia Golf Set (1),Improve your performance on the course with this premium columbia golf set. Clubs for every situation help you tackle any hole with confidence.,Sports_Outdoors.jpg,5,106
1014,Bosch Wool Utensil Set,Make meal preparation a pleasure with this quality bosch utensil set. Featuring ergonomic handles and durable construction for years of cooking enjoyment.,Home_Kitchen.jpg,3,142
1015,Neutrogena Orange Makeup Set,Express yourself with this premium neutrogena makeup set. Featuring highly pigmented colors and long-lasting formulas for a flawless look that stays all day.,Beauty_Personal_Care.jpg,4,133
1016,Maybelline Citrus Essential Oil,Enhance your wellbeing with this pure maybelline essential oil. The carefully extracted aroma creates a pleasant environment for relaxation and focus.,Beauty_Personal_Care.jpg,4,14
1017,Olay Shampoo for Colored Hair,Revitalize your hair with this specialized olay shampoo. Formulated to cleanse gently while addressing your specific hair needs for healthier-looking results.,Beauty_Personal_Care.jpg,4,93
1018,MAC Floral Essential Oil,Enhance your wellbeing with this pure mac essential oil. The carefully extracted aroma creates a pleasant environment for relaxation and focus.,Beauty_Personal_Care.jpg,4,153
1019,Puma Cotton Jacket,"Stay warm and stylish with this versatile puma jacket. Perfect for layering in changing weather, it combines fashion and function for your everyday outfits.",Clothing.jpg,23,15
1020,Shell Car Automotive (6),"High-quality shell (6) designed to meet your needs. Featuring superior craftsmanship and materials, this item offers great value and performance. Add it to your cart today!",Automotive.jpg,8,98
1021,Oxford Professional Books Book (4),"High-quality oxford (4) designed to meet your needs. Featuring superior craftsmanship and materials, this item offers great value and performance. Add it to your cart today!",Books.jpg,6,186
1022,Garden of Life Health & Wellness Aid (16),"High-quality garden (16) designed to meet your needs. Featuring superior craftsmanship and materials, this item offers great value and performance. Add it to your cart today!",Health_Wellness.jpg,9,86
1023,Harper Classic Books Book (3),"High-quality harper (3) designed to meet your needs. Featuring superior craftsmanship and materials, this item offers great value and performance. Add it to your cart today!",Books.jpg,6,149
1024,LEGO Fantastic Toys & Games Toy (2),"High-quality lego (2) designed to meet your needs. Featuring superior craftsmanship and materials, this item offers great value and performance. Add it to your cart today!",Toys_Games.jpg,7,61
1025,Revlon Perfume Lavender,Discover your signature scent with this exquisite revlon perfume. The carefully crafted fragrance notes evolve throughout the day for a truly personal experience.,Beauty_Personal_Care.jpg,4,12
1026,H&M Athletic Jeans,These premium h&m jeans combine style and comfort for your everyday look. Featuring quality denim and expert craftsmanship for a perfect fit that lasts through countless wears.,Clothing.jpg,2,16
1027,Centrum Health & Wellness Aid (10),"High-quality centrum (10) designed to meet your needs. Featuring superior craftsmanship and materials, this item offers great value and performance. Add it to your cart today!",Health_Wellness.jpg,9,149
1028,LEGO Essential Toys & Games Toy (2),"High-quality lego (2) designed to meet your needs. Featuring superior craftsmanship and materials, this item offers great value and performance. Add it to your cart today!",Toys_Games.jpg,7,106
1029,Fitbit Exercise Bike,Take your fitness to the next level with this fitbit exercise bike. The adjustable resistance and comfortable design make it perfect for home workouts of any intensity.,Sports_Outdoors.jpg,5,106
1030,Wayfair Silk Rug XXLm,Transform your space with this beautiful wayfair rug. The quality materials and expert craftsmanship add comfort underfoot and a touch of style to any room.,Home_Kitchen.jpg,3,155
1031,OXO Leather Pillow,Rest your head on the perfect blend of support and comfort with this oxo pillow. Designed for a restful night's sleep in any sleeping position.,Home_Kitchen.jpg,3,197
1032,Tommy Hilfiger Cap in Blue,Top off your casual look with this stylish tommy cap. Featuring adjustable sizing for a perfect fit and quality construction for lasting wear.,Clothing.jpg,2,121
1033,Wayfair Ceramic Rug 43m,Transform your space with this beautiful wayfair rug. The quality materials and expert craftsmanship add comfort underfoot and a touch of style to any room.,Home_Kitchen.jpg,3,72
1034,Power Bank Samsung 32mAh,"Never run out of battery again with this reliable power power bank. Compact yet powerful, it provides multiple charges for your devices when you're on the go.",Electronics.jpg,1,105
1035,Callaway Golf Set,Improve your performance on the course with this premium callaway golf set. Clubs for every situation help you tackle any hole with confidence.,Sports_Outdoors.jpg,5,138
1036,MAC Mascara (1),Define and enhance your lashes with this mac mascara. The innovative formula adds volume and length without clumping for beautifully dramatic eyes.,Beauty_Personal_Care.jpg,4,192
1037,Simon & Schuster Premium Books Book (2),"High-quality simon (2) designed to meet your needs. Featuring superior craftsmanship and materials, this item offers great value and performance. Add it to your cart today!",Books.jpg,6,72
1038,IKEA Towel Set Red,"Wrap yourself in luxury with these premium ikea towels. Absorbent and soft, they're the perfect addition to your bathroom for everyday comfort.",Home_Kitchen.jpg,3,132
1039,Meguiar's Automotive Premium Accessory (2),"High-quality meguiar's (2) designed to meet your needs. Featuring superior craftsmanship and materials, this item offers great value and performance. Add it to your cart today!",Automotive.jpg,8,152
1040,Pandora Athletic Men's Jewelry with Cotton,"Elevate your cooking with this premium pandora non-stick pan. Designed for even heat distribution and easy food release, it makes preparing your favorite dishes a pleasure.",Jewelry.jpg,16,25
1041,Gap Bohemian Jeans,These premium gap jeans combine style and comfort for your everyday look. Featuring quality denim and expert craftsmanship for a perfect fit that lasts through countless wears.,Clothing.jpg,33,84
1042,Castrol Car Automotive (6),"High-quality castrol (6) designed to meet your needs. Featuring superior craftsmanship and materials, this item offers great value and performance. Add it to your cart today!",Automotive.jpg,8,36
1043,Penguin Luxury Books Book (3),"High-quality penguin (3) designed to meet your needs. Featuring superior craftsmanship and materials, this item offers great value and performance. Add it to your cart today!",Books.jpg,6,15
1044,Hasbro Toys & Games Game Set (13),"High-quality hasbro (13) designed to meet your needs. Featuring superior craftsmanship and materials, this item offers great value and performance. Add it to your cart today!",Toys_Games.jpg,7,44
1045,Gap Blue T-shirt,"Add a touch of style to your casual wardrobe with this comfortable gap t-shirt. Made from soft, breathable fabric that feels great against your skin. Perfect for everyday wear.",Clothing.jpg,13,56
1046,Pandora Athletic Jewelry with Leather,"Elevate your cooking with this premium pandora non-stick pan. Designed for even heat distribution and easy food release, it makes preparing your favorite dishes a pleasure.",Jewelry.jpg,10,158
1047,Alex and Ani Wool Jewelry Boxes (1),"High-quality alex (1) designed to meet your needs. Featuring superior craftsmanship and materials, this item offers great value and performance. Add it to your cart today!",Jewelry.jpg,40,38
1048,Wilson White Swimming Goggles,Enhance your swimming experience with these comfortable wilson goggles. The watertight seal and anti-fog lenses provide clear vision lap after lap.,Sports_Outdoors.jpg,5,124
1049,Maybelline Facial Serum (1),Transform your skin with this powerful maybelline facial serum. Concentrated active ingredients target specific concerns for visible improvement in your complexion.,Beauty_Personal_Care.jpg,4,49
1050,Gap Elegant Sneakers,"Step out in style with these gap sneakers. Designed for both comfort and fashion, they feature cushioned insoles and durable construction for all-day wear.",Clothing.jpg,33,195
1051,Nivea Purple Makeup Set,Express yourself with this premium nivea makeup set. Featuring highly pigmented colors and long-lasting formulas for a flawless look that stays all day.,Beauty_Personal_Care.jpg,4,8
1052,Adidas 5lb Dumbbell Set,Build strength effectively with this quality adidas dumbbell set. The comfortable grip and durable construction make them perfect for a variety of exercises.,Sports_Outdoors.jpg,5,7
1053,Adidas Running Shoes Gray,"Optimize your performance with these specialized adidas running shoes. Designed with support and cushioning in all the right places for comfortable, injury-free training.",Sports_Outdoors.jpg,5,99
1054,Speedo Running Shoes White,"Optimize your performance with these specialized speedo running shoes. Designed with support and cushioning in all the right places for comfortable, injury-free training.",Sports_Outdoors.jpg,5,17
1055,Tablet Philips Elite,"Stay productive and entertained with this versatile tablet tablet. Featuring a responsive touchscreen, powerful performance, and long battery life. Perfect for browsing, reading, and media consumption.",Electronics.jpg,1,79
1056,Swarovski Ceramic Jewelry (1),"High-quality swarovski (1) designed to meet your needs. Featuring superior craftsmanship and materials, this item offers great value and performance. Add it to your cart today!",Jewelry.jpg,10,123
1057,Castrol Automotive Premium Accessory (1),"High-quality castrol (1) designed to meet your needs. Featuring superior craftsmanship and materials, this item offers great value and performance. Add it to your cart today!",Automotive.jpg,8,68
1058,Tablet LG Air,"Stay productive and entertained with this versatile tablet tablet. Featuring a responsive touchscreen, powerful performance, and long battery life. Perfect for browsing, reading, and media consumption.",Electronics.jpg,1,99
1059,Corelle Glass Planter 49cm,Display your favorite plants in style with this attractive corelle planter. The quality materials and thoughtful design make it a beautiful addition to any space.,Home_Kitchen.jpg,3,117
1060,Kay Metal Jewelry,"High-quality kay jewelry designed to meet your needs. Featuring superior craftsmanship and materials, this item offers great value and performance. Add it to your cart today!",Jewelry.jpg,10,18
1061,Melissa & Doug Classic Toys & Games Toy (2),"High-quality melissa (2) designed to meet your needs. Featuring superior craftsmanship and materials, this item offers great value and performance. Add it to your cart today!",Toys_Games.jpg,7,52
1062,Zara Green T-shirt,"Add a touch of style to your casual wardrobe with this comfortable zara t-shirt. Made from soft, breathable fabric that feels great against your skin. Perfect for everyday wear.",Clothing.jpg,13,169
1063,Kay Modern Jewelry Boxes with Silk,"High-quality kay silk designed to meet your needs. Featuring superior craftsmanship and materials, this item offers great value and performance. Add it to your cart today!",Jewelry.jpg,40,63
1064,NOW Foods Health & Wellness Advanced Supplement (1),"High-quality now (1) designed to meet your needs. Featuring superior craftsmanship and materials, this item offers great value and performance. Add it to your cart today!",Health_Wellness.jpg,9,123
1065,Bed Bath & Beyond Minimalist Wall Clock,Keep track of time in style with this bed wall clock. The clean design and reliable mechanism make it both a functional timepiece and attractive decor element.,Home_Kitchen.jpg,3,178
1066,LEGO Toys & Games Game Set (8),"High-quality lego (8) designed to meet your needs. Featuring superior craftsmanship and materials, this item offers great value and performance. Add it to your cart today!",Toys_Games.jpg,7,145
1067,Pyrex Wool Pillow,Rest your head on the perfect blend of support and comfort with this pyrex pillow. Designed for a restful night's sleep in any sleeping position.,Home_Kitchen.jpg,3,177
1068,L'Oréal Facial Serum,Transform your skin with this powerful l'oréal facial serum. Concentrated active ingredients target specific concerns for visible improvement in your complexion.,Beauty_Personal_Care.jpg,4,188
1069,Bed Bath & Beyond Leather Blanket in Yellow,Stay cozy year-round with this soft bed blanket. Perfect for snuggling on the couch or adding an extra layer of warmth to your bed.,Home_Kitchen.jpg,3,150
1070,Maybelline Blue Makeup Set,Express yourself with this premium maybelline makeup set. Featuring highly pigmented colors and long-lasting formulas for a flawless look that stays all day.,Beauty_Personal_Care.jpg,4,173
1071,Drone Xiaomi Basic,Explore the world from above with this drone drone. Capture stunning aerial footage with its high-quality camera and enjoy precise control with its intuitive flight features.,Electronics.jpg,1,64
1072,Kay Casual Men's Jewelry with Silk,"High-quality kay silk designed to meet your needs. Featuring superior craftsmanship and materials, this item offers great value and performance. Add it to your cart today!",Jewelry.jpg,16,77
1073,Fitbit Purple Yoga Mat,Enhance your practice with this premium fitbit yoga mat. The perfect thickness provides cushioning for your joints while maintaining stability for all poses.,Sports_Outdoors.jpg,5,26
1074,Adidas Leather Coat (1),Stay protected from the elements in style with this premium adidas coat. The quality materials and expert tailoring ensure warmth and comfort in cold weather.,Clothing.jpg,33,34
1075,Hasbro Professional Toys & Games Toy (1),"High-quality hasbro (1) designed to meet your needs. Featuring superior craftsmanship and materials, this item offers great value and performance. Add it to your cart today!",Toys_Games.jpg,7,192
1076,Callaway Basketball,Take your game to the court with this quality callaway basketball. The perfect grip and bounce consistency improve your handling and shooting accuracy.,Sports_Outdoors.jpg,5,196
1077,Oxford Premium Books Book (2),"High-quality oxford (2) designed to meet your needs. Featuring superior craftsmanship and materials, this item offers great value and performance. Add it to your cart today!",Books.jpg,6,149
1078,Shell Car Automotive (7),"High-quality shell (7) designed to meet your needs. Featuring superior craftsmanship and materials, this item offers great value and performance. Add it to your cart today!",Automotive.jpg,8,18
1079,Alex and Ani Athletic Jewelry with Cotton,"High-quality alex cotton designed to meet your needs. Featuring superior craftsmanship and materials, this item offers great value and performance. Add it to your cart today!",Jewelry.jpg,10,19
1080,IKEA Silk Curtains in Green,Control light and add privacy with these elegant ikea curtains. The quality fabric and careful construction enhance your room's decor while serving a practical purpose.,Home_Kitchen.jpg,3,42
1081,Random House Essential Books Book (1),"High-quality random (1) designed to meet your needs. Featuring superior craftsmanship and materials, this item offers great value and performance. Add it to your cart today!",Books.jpg,6,127
1082,Gaming Console LG Next,"Dive into immersive gaming experiences with this gaming gaming console. Featuring powerful graphics, fast loading times, and access to an extensive library of games for endless entertainment.",Electronics.jpg,1,121
1083,Michelin Car Automotive (8),"High-quality michelin (8) designed to meet your needs. Featuring superior craftsmanship and materials, this item offers great value and performance. Add it to your cart today!",Automotive.jpg,8,90
1084,Nordic Naturals Health & Wellness Aid (4),"High-quality nordic (4) designed to meet your needs. Featuring superior craftsmanship and materials, this item offers great value and performance. Add it to your cart today!",Health_Wellness.jpg,9,155
1085,Castrol Automotive Premium Accessory (2),"High-quality castrol (2) designed to meet your needs. Featuring superior craftsmanship and materials, this item offers great value and performance. Add it to your cart today!",Automotive.jpg,8,66
1086,Crate & Barrel Cotton Curtains in Pink,Control light and add privacy with these elegant crate curtains. The quality fabric and careful construction enhance your room's decor while serving a practical purpose.,Home_Kitchen.jpg,3,73
1087,Spalding Exercise Bike,Take your fitness to the next level with this spalding exercise bike. The adjustable resistance and comfortable design make it perfect for home workouts of any intensity.,Sports_Outdoors.jpg,5,58
1088,Hasbro Toys & Games Game Set (14),"High-quality hasbro (14) designed to meet your needs. Featuring superior craftsmanship and materials, this item offers great value and performance. Add it to your cart today!",Toys_Games.jpg,7,58
1089,"Monitor HP 40""","Enhance your viewing experience with this monitor monitor. Featuring crisp visuals, accurate colors, and eye-comfort technology for reduced strain during long usage sessions.",Electronics.jpg,1,169
1090,Harper Classic Books Book (4),"High-quality harper (4) designed to meet your needs. Featuring superior craftsmanship and materials, this item offers great value and performance. Add it to your cart today!",Books.jpg,6,3
1091,New Balance Minimalist Sneakers,"Step out in style with these new sneakers. Designed for both comfort and fashion, they feature cushioned insoles and durable construction for all-day wear.",Clothing.jpg,2,117
1092,NOW Foods Health & Wellness Aid (8),"High-quality now (8) designed to meet your needs. Featuring superior craftsmanship and materials, this item offers great value and performance. Add it to your cart today!",Health_Wellness.jpg,9,161
1093,Wayfair Towel Set Black,"Wrap yourself in luxury with these premium wayfair towels. Absorbent and soft, they're the perfect addition to your bathroom for everyday comfort.",Home_Kitchen.jpg,3,61
1094,Garden of Life Health & Wellness Aid (17),"High-quality garden (17) designed to meet your needs. Featuring superior craftsmanship and materials, this item offers great value and performance. Add it to your cart today!",Health_Wellness.jpg,9,192
1095,Fisher-Price Toys & Games Game Set (10),"High-quality fisher-price (10) designed to meet your needs. Featuring superior craftsmanship and materials, this item offers great value and performance. Add it to your cart today!",Toys_Games.jpg,7,91
1096,Maybelline Nail Polish in White (1),Add a pop of color to your nails with this maybelline nail polish. The smooth application and chip-resistant formula keep your manicure looking fresh for days.,Beauty_Personal_Care.jpg,4,199
1097,Gap Athletic Sneakers,"Step out in style with these gap sneakers. Designed for both comfort and fashion, they feature cushioned insoles and durable construction for all-day wear.",Clothing.jpg,2,184
1098,Tommy Hilfiger Minimalist Pants,"These versatile tommy pants are a wardrobe essential. Combining comfort and style, they transition seamlessly from work to weekend activities.",Clothing.jpg,2,132
1099,Shell Car Automotive (8),"High-quality shell (8) designed to meet your needs. Featuring superior craftsmanship and materials, this item offers great value and performance. Add it to your cart today!",Automotive.jpg,8,192
1100,Garnier Moisturizing Cream,Nourish your skin with this luxurious garnier moisturizing cream. Formulated with quality ingredients to hydrate and protect your skin for a radiant complexion.,Beauty_Personal_Care.jpg,4,14
1101,OXO Casual Table Lamp (1),Add ambient lighting to any room with this stylish oxo table lamp. The elegant design complements your decor while providing perfect illumination for reading and relaxing.,Home_Kitchen.jpg,3,161
1102,Fitbit Trekking Poles (1),Navigate any terrain with confidence using these sturdy fitbit trekking poles. Adjustable height and comfortable grips reduce strain on your joints during hikes.,Sports_Outdoors.jpg,5,157
1103,Fitbit Trekking Poles (2),Navigate any terrain with confidence using these sturdy fitbit trekking poles. Adjustable height and comfortable grips reduce strain on your joints during hikes.,Sports_Outdoors.jpg,5,70
1104,Meguiar's Car Automotive (5),"High-quality meguiar's (5) designed to meet your needs. Featuring superior craftsmanship and materials, this item offers great value and performance. Add it to your cart today!",Automotive.jpg,8,73
1105,Tommy Hilfiger Cap in Black,Top off your casual look with this stylish tommy cap. Featuring adjustable sizing for a perfect fit and quality construction for lasting wear.,Clothing.jpg,23,186
1106,Vintage Fantastic Books Book (2),"High-quality vintage (2) designed to meet your needs. Featuring superior craftsmanship and materials, this item offers great value and performance. Add it to your cart today!",Books.jpg,6,98
1107,Garden of Life Health & Wellness Aid (18),"High-quality garden (18) designed to meet your needs. Featuring superior craftsmanship and materials, this item offers great value and performance. Add it to your cart today!",Health_Wellness.jpg,9,22
1108,Random House Classic Books Book (2),"High-quality random (2) designed to meet your needs. Featuring superior craftsmanship and materials, this item offers great value and performance. Add it to your cart today!",Books.jpg,6,70
1109,Alex and Ani Classic Jewelry with Glass,"High-quality alex glass designed to meet your needs. Featuring superior craftsmanship and materials, this item offers great value and performance. Add it to your cart today!",Jewelry.jpg,10,13
1110,GNC Health & Wellness Luxury Supplement,"High-quality gnc supplement designed to meet your needs. Featuring superior craftsmanship and materials, this item offers great value and performance. Add it to your cart today!",Health_Wellness.jpg,9,12
1111,L'Oréal Citrus Deodorant,Stay fresh and confident all day with this effective l'oréal deodorant. The gentle formula provides long-lasting protection without irritating sensitive skin.,Beauty_Personal_Care.jpg,4,129
1112,Playmobil Toys & Games Game Set (9),"High-quality playmobil (9) designed to meet your needs. Featuring superior craftsmanship and materials, this item offers great value and performance. Add it to your cart today!",Toys_Games.jpg,7,68
1113,Pyrex Classic Table Lamp,Add ambient lighting to any room with this stylish pyrex table lamp. The elegant design complements your decor while providing perfect illumination for reading and relaxing.,Home_Kitchen.jpg,3,160
1114,LEGO Classic Toys & Games Toy,"High-quality lego toy designed to meet your needs. Featuring superior craftsmanship and materials, this item offers great value and performance. Add it to your cart today!",Toys_Games.jpg,7,1
1115,Wilson Basketball (1),Take your game to the court with this quality wilson basketball. The perfect grip and bounce consistency improve your handling and shooting accuracy.,Sports_Outdoors.jpg,5,59
1116,Tefal Leather Curtains in Purple,Control light and add privacy with these elegant tefal curtains. The quality fabric and careful construction enhance your room's decor while serving a practical purpose.,Home_Kitchen.jpg,3,99
1117,H&M Minimalist Pants,"These versatile h&m pants are a wardrobe essential. Combining comfort and style, they transition seamlessly from work to weekend activities.",Clothing.jpg,33,6
1118,Hasbro Toys & Games Game Set (15),"High-quality hasbro (15) designed to meet your needs. Featuring superior craftsmanship and materials, this item offers great value and performance. Add it to your cart today!",Toys_Games.jpg,7,91
1119,Tiffany Bohemian Men's Jewelry with Silk,"High-quality tiffany silk designed to meet your needs. Featuring superior craftsmanship and materials, this item offers great value and performance. Add it to your cart today!",Jewelry.jpg,16,117
1120,Callaway Exercise Bike (2),Take your fitness to the next level with this callaway exercise bike. The adjustable resistance and comfortable design make it perfect for home workouts of any intensity.,Sports_Outdoors.jpg,5,154
1121,Penguin Essential Books Book (2),"High-quality penguin (2) designed to meet your needs. Featuring superior craftsmanship and materials, this item offers great value and performance. Add it to your cart today!",Books.jpg,6,165
1122,Speedo Tennis Racket (1),Improve your game with this professional-grade speedo tennis racket. The balanced design and quality strings give you better control and power on every shot.,Sports_Outdoors.jpg,5,96
1123,NOW Foods Health & Wellness Classic Supplement (1),"High-quality now (1) designed to meet your needs. Featuring superior craftsmanship and materials, this item offers great value and performance. Add it to your cart today!",Health_Wellness.jpg,9,156
1124,Gaming Console Lenovo Elite,"Dive into immersive gaming experiences with this gaming gaming console. Featuring powerful graphics, fast loading times, and access to an extensive library of games for endless entertainment.",Electronics.jpg,1,164
1125,Bosch Automotive Premium Accessory (1),"High-quality bosch (1) designed to meet your needs. Featuring superior craftsmanship and materials, this item offers great value and performance. Add it to your cart today!",Automotive.jpg,8,150
1126,L'Oréal Citrus Deodorant (1),Stay fresh and confident all day with this effective l'oréal deodorant. The gentle formula provides long-lasting protection without irritating sensitive skin.,Beauty_Personal_Care.jpg,4,29
1127,Tefal Wool Bed Sheet Set,Experience better sleep with these luxurious tefal bed sheets. Made from high-quality materials for breathable comfort that lasts wash after wash.,Home_Kitchen.jpg,3,18
1128,Levi's Floral Socks,Keep your feet comfortable all day with these quality levi's socks. Designed with cushioning in all the right places and made from breathable materials.,Clothing.jpg,13,20
1129,Mattel Luxury Toys & Games Toy (1),"High-quality mattel (1) designed to meet your needs. Featuring superior craftsmanship and materials, this item offers great value and performance. Add it to your cart today!",Toys_Games.jpg,7,56
1130,West Elm Towel Set Pink,"Wrap yourself in luxury with these premium west towels. Absorbent and soft, they're the perfect addition to your bathroom for everyday comfort.",Home_Kitchen.jpg,3,111
1131,LEGO Professional Toys & Games Toy (2),"High-quality lego (2) designed to meet your needs. Featuring superior craftsmanship and materials, this item offers great value and performance. Add it to your cart today!",Toys_Games.jpg,7,140
1132,3M Automotive Professional Accessory (2),"High-quality 3m (2) designed to meet your needs. Featuring superior craftsmanship and materials, this item offers great value and performance. Add it to your cart today!",Automotive.jpg,8,34
1133,Pandora Classic Men's Jewelry with Wool,"Elevate your cooking with this premium pandora non-stick pan. Designed for even heat distribution and easy food release, it makes preparing your favorite dishes a pleasure.",Jewelry.jpg,16,169
1134,Tommy Hilfiger Green Hoodie,"Stay cozy in this comfortable tommy hoodie. Perfect for relaxed weekends or active days, it's made from soft fabric that keeps you warm without weighing you down.",Clothing.jpg,13,27
1135,IKEA Silk Utensil Set,Make meal preparation a pleasure with this quality ikea utensil set. Featuring ergonomic handles and durable construction for years of cooking enjoyment.,Home_Kitchen.jpg,3,45
1136,Harper Professional Books Book (3),"High-quality harper (3) designed to meet your needs. Featuring superior craftsmanship and materials, this item offers great value and performance. Add it to your cart today!",Books.jpg,6,83
1137,Alex and Ani Silk Jewelry Boxes,"High-quality alex boxes designed to meet your needs. Featuring superior craftsmanship and materials, this item offers great value and performance. Add it to your cart today!",Jewelry.jpg,40,129
1138,Pyrex Ceramic Bed Sheet Set,Experience better sleep with these luxurious pyrex bed sheets. Made from high-quality materials for breathable comfort that lasts wash after wash.,Home_Kitchen.jpg,3,54
1139,Michelin Automotive Luxury Accessory,"High-quality michelin accessory designed to meet your needs. Featuring superior craftsmanship and materials, this item offers great value and performance. Add it to your cart today!",Automotive.jpg,8,49
1140,Crate & Barrel Ceramic Minimalist Organizer,Bring order to any space with this practical crate organizer. Thoughtfully designed compartments help you store and access your items with ease.,Home_Kitchen.jpg,3,155
1141,Castrol Car Automotive (7),"High-quality castrol (7) designed to meet your needs. Featuring superior craftsmanship and materials, this item offers great value and performance. Add it to your cart today!",Automotive.jpg,8,71
1142,Maybelline Nail Polish in Pink,Add a pop of color to your nails with this maybelline nail polish. The smooth application and chip-resistant formula keep your manicure looking fresh for days.,Beauty_Personal_Care.jpg,4,128
1143,Adidas Bicycle Helmet,Protect yourself in style with this safety-certified adidas bicycle helmet. The adjustable fit and ventilation system ensure comfort during your rides.,Sports_Outdoors.jpg,5,9
1144,Adidas Camping Tent 25-Person,Make outdoor adventures more comfortable with this reliable adidas camping tent. Quick to set up and designed to withstand the elements for worry-free camping.,Sports_Outdoors.jpg,5,159
1145,3M Car Automotive (9),"High-quality 3m (9) designed to meet your needs. Featuring superior craftsmanship and materials, this item offers great value and performance. Add it to your cart today!",Automotive.jpg,8,80
1146,Revlon Moisturizing Cream (2),Nourish your skin with this luxurious revlon moisturizing cream. Formulated with quality ingredients to hydrate and protect your skin for a radiant complexion.,Beauty_Personal_Care.jpg,4,163
1147,Pandora Cotton Jewelry Boxes,"Elevate your cooking with this premium pandora non-stick pan. Designed for even heat distribution and easy food release, it makes preparing your favorite dishes a pleasure.",Jewelry.jpg,40,67
1148,Calvin Klein Patterned Socks,Keep your feet comfortable all day with these quality calvin socks. Designed with cushioning in all the right places and made from breathable materials.,Clothing.jpg,2,80
1149,Meguiar's Automotive Premium Accessory (3),"High-quality meguiar's (3) designed to meet your needs. Featuring superior craftsmanship and materials, this item offers great value and performance. Add it to your cart today!",Automotive.jpg,8,4
1150,Shell Car Automotive (9),"High-quality shell (9) designed to meet your needs. Featuring superior craftsmanship and materials, this item offers great value and performance. Add it to your cart today!",Automotive.jpg,8,199
1151,Puma Modern Skirt in Green,Add versatility to your wardrobe with this stylish puma skirt. The flattering cut and quality fabric make it perfect for both casual and dressier occasions.,Clothing.jpg,23,143
1152,Alex and Ani Athletic Jewelry with Leather,"High-quality alex leather designed to meet your needs. Featuring superior craftsmanship and materials, this item offers great value and performance. Add it to your cart today!",Jewelry.jpg,10,142
1153,Simon & Schuster Luxury Books Book (3),"High-quality simon (3) designed to meet your needs. Featuring superior craftsmanship and materials, this item offers great value and performance. Add it to your cart today!",Books.jpg,6,54
1154,Spalding Pink Backpack,Carry your gear in comfort with this thoughtfully designed spalding backpack. Multiple compartments and ergonomic straps make it perfect for any activity.,Sports_Outdoors.jpg,5,141
1155,Nordic Naturals Health & Wellness Aid (5),"High-quality nordic (5) designed to meet your needs. Featuring superior craftsmanship and materials, this item offers great value and performance. Add it to your cart today!",Health_Wellness.jpg,9,122
1156,Tefal Bohemian Table Lamp (1),Add ambient lighting to any room with this stylish tefal table lamp. The elegant design complements your decor while providing perfect illumination for reading and relaxing.,Home_Kitchen.jpg,3,92
1157,Penguin Essential Books Book (3),"High-quality penguin (3) designed to meet your needs. Featuring superior craftsmanship and materials, this item offers great value and performance. Add it to your cart today!",Books.jpg,6,17
1158,Hasbro Toys & Games Game Set (16),"High-quality hasbro (16) designed to meet your needs. Featuring superior craftsmanship and materials, this item offers great value and performance. Add it to your cart today!",Toys_Games.jpg,7,24
1159,Kay Elegant Men's Jewelry with Plastic,"High-quality kay plastic designed to meet your needs. Featuring superior craftsmanship and materials, this item offers great value and performance. Add it to your cart today!",Jewelry.jpg,16,21
1160,Tommy Hilfiger Plastic Scarf in Red,Add a touch of elegance to any outfit with this beautiful tommy scarf. The soft fabric and stylish design make it a versatile accessory for any season.,Clothing.jpg,13,88
1161,"Smart TV Lenovo L""","Transform your living room with this smart TV. Enjoy stunning picture quality, vibrant colors, and smart features for all your entertainment needs. Stream your favorite content with ease.",Electronics.jpg,1,137
1162,Gaming Console Samsung Basic,"Dive into immersive gaming experiences with this gaming gaming console. Featuring powerful graphics, fast loading times, and access to an extensive library of games for endless entertainment.",Electronics.jpg,1,68
1163,Under Armour Camping Tent M-Person,Make outdoor adventures more comfortable with this reliable under camping tent. Quick to set up and designed to withstand the elements for worry-free camping.,Sports_Outdoors.jpg,5,169
1164,Michelin Automotive Professional Accessory (1),"High-quality michelin (1) designed to meet your needs. Featuring superior craftsmanship and materials, this item offers great value and performance. Add it to your cart today!",Automotive.jpg,8,165
1165,Schwinn 5lb Dumbbell Set,Build strength effectively with this quality schwinn dumbbell set. The comfortable grip and durable construction make them perfect for a variety of exercises.,Sports_Outdoors.jpg,5,111
1166,Michelin Automotive Premium Accessory (1),"High-quality michelin (1) designed to meet your needs. Featuring superior craftsmanship and materials, this item offers great value and performance. Add it to your cart today!",Automotive.jpg,8,24
1167,Meguiar's Car Automotive (6),"High-quality meguiar's (6) designed to meet your needs. Featuring superior craftsmanship and materials, this item offers great value and performance. Add it to your cart today!",Automotive.jpg,8,102
1168,Vintage Professional Books Book (1),"High-quality vintage (1) designed to meet your needs. Featuring superior craftsmanship and materials, this item offers great value and performance. Add it to your cart today!",Books.jpg,6,171
1169,CeraVe Nail Polish in Pink,Add a pop of color to your nails with this cerave nail polish. The smooth application and chip-resistant formula keep your manicure looking fresh for days.,Beauty_Personal_Care.jpg,4,116
1170,Alex and Ani Silk Jewelry,"High-quality alex jewelry designed to meet your needs. Featuring superior craftsmanship and materials, this item offers great value and performance. Add it to your cart today!",Jewelry.jpg,10,45
1171,Smartphone Xiaomi Plus,"Experience the latest technology with this smartphone smartphone. Featuring a stunning display, powerful processor, and exceptional camera system. Perfect for staying connected, capturing memories, and enjoying your favorite content on the go.",Electronics.jpg,1,121
1172,Pottery Barn Ceramic Rug 43m,Transform your space with this beautiful pottery rug. The quality materials and expert craftsmanship add comfort underfoot and a touch of style to any room.,Home_Kitchen.jpg,3,60
1173,Tablet Canon Plus,"Stay productive and entertained with this versatile tablet tablet. Featuring a responsive touchscreen, powerful performance, and long battery life. Perfect for browsing, reading, and media consumption.",Electronics.jpg,1,70
1174,Bluetooth Headphones Samsung,"Immerse yourself in rich, clear sound with these bluetooth headphones. Featuring comfortable ear cushions and excellent noise isolation. Perfect for music, calls, and entertainment.",Electronics.jpg,1,187
1175,Garden of Life Health & Wellness Advanced Supplement (1),"High-quality garden (1) designed to meet your needs. Featuring superior craftsmanship and materials, this item offers great value and performance. Add it to your cart today!",Health_Wellness.jpg,9,17
1176,CeraVe Moisturizing Cream (2),Nourish your skin with this luxurious cerave moisturizing cream. Formulated with quality ingredients to hydrate and protect your skin for a radiant complexion.,Beauty_Personal_Care.jpg,4,76
1177,Levi's Cap in Purple,Top off your casual look with this stylish levi's cap. Featuring adjustable sizing for a perfect fit and quality construction for lasting wear.,Clothing.jpg,13,30
1178,Callaway Basketball (1),Take your game to the court with this quality callaway basketball. The perfect grip and bounce consistency improve your handling and shooting accuracy.,Sports_Outdoors.jpg,5,68
1179,H&M Wool Scarf in Pink,Add a touch of elegance to any outfit with this beautiful h&m scarf. The soft fabric and stylish design make it a versatile accessory for any season.,Clothing.jpg,33,4
1180,Meguiar's Automotive Classic Accessory (1),"High-quality meguiar's (1) designed to meet your needs. Featuring superior craftsmanship and materials, this item offers great value and performance. Add it to your cart today!",Automotive.jpg,8,165
1181,Clinique Spicy Essential Oil,Enhance your wellbeing with this pure clinique essential oil. The carefully extracted aroma creates a pleasant environment for relaxation and focus.,Beauty_Personal_Care.jpg,4,90
1182,Garden of Life Health & Wellness Essential Supplement,"High-quality garden supplement designed to meet your needs. Featuring superior craftsmanship and materials, this item offers great value and performance. Add it to your cart today!",Health_Wellness.jpg,9,117
1183,Simon & Schuster Fantastic Books Book,"High-quality simon book designed to meet your needs. Featuring superior craftsmanship and materials, this item offers great value and performance. Add it to your cart today!",Books.jpg,6,91
1184,Olay Nail Polish in Green,Add a pop of color to your nails with this olay nail polish. The smooth application and chip-resistant formula keep your manicure looking fresh for days.,Beauty_Personal_Care.jpg,4,179
1185,Spalding Blue Backpack,Carry your gear in comfort with this thoughtfully designed spalding backpack. Multiple compartments and ergonomic straps make it perfect for any activity.,Sports_Outdoors.jpg,5,195
1186,Penguin Professional Books Book (4),"High-quality penguin (4) designed to meet your needs. Featuring superior craftsmanship and materials, this item offers great value and performance. Add it to your cart today!",Books.jpg,6,65
1187,Gaming Console LG Pro,"Dive into immersive gaming experiences with this gaming gaming console. Featuring powerful graphics, fast loading times, and access to an extensive library of games for endless entertainment.",Electronics.jpg,1,13
1188,Wayfair Ceramic Blanket in Green,Stay cozy year-round with this soft wayfair blanket. Perfect for snuggling on the couch or adding an extra layer of warmth to your bed.,Home_Kitchen.jpg,3,127
1189,Nature's Way Health & Wellness Aid (13),"High-quality nature's (13) designed to meet your needs. Featuring superior craftsmanship and materials, this item offers great value and performance. Add it to your cart today!",Health_Wellness.jpg,9,33
1190,Melissa & Doug Toys & Games Game Set (6),"High-quality melissa (6) designed to meet your needs. Featuring superior craftsmanship and materials, this item offers great value and performance. Add it to your cart today!",Toys_Games.jpg,7,53
1191,Olay Shampoo for Dry Hair,Revitalize your hair with this specialized olay shampoo. Formulated to cleanse gently while addressing your specific hair needs for healthier-looking results.,Beauty_Personal_Care.jpg,4,64
1192,Under Armour Golf Set,Improve your performance on the course with this premium under golf set. Clubs for every situation help you tackle any hole with confidence.,Sports_Outdoors.jpg,5,39
1193,Zara Pink T-shirt,"Add a touch of style to your casual wardrobe with this comfortable zara t-shirt. Made from soft, breathable fabric that feels great against your skin. Perfect for everyday wear.",Clothing.jpg,13,53
1194,"Smart TV LG XXL""","Transform your living room with this smart TV. Enjoy stunning picture quality, vibrant colors, and smart features for all your entertainment needs. Stream your favorite content with ease.",Electronics.jpg,1,150
1195,Oxford Advanced Books Book (2),"High-quality oxford (2) designed to meet your needs. Featuring superior craftsmanship and materials, this item offers great value and performance. Add it to your cart today!",Books.jpg,6,89
1196,"Monitor Lenovo 20""","Enhance your viewing experience with this monitor monitor. Featuring crisp visuals, accurate colors, and eye-comfort technology for reduced strain during long usage sessions.",Electronics.jpg,1,190
1197,Adidas Classic Dress in Yellow,Make a statement with this beautiful adidas dress. The flattering silhouette and quality fabric ensure you'll look and feel amazing for any special occasion.,Clothing.jpg,13,38
1198,Olay Shampoo for Colored Hair (1),Revitalize your hair with this specialized olay shampoo. Formulated to cleanse gently while addressing your specific hair needs for healthier-looking results.,Beauty_Personal_Care.jpg,4,121
1199,Garden of Life Health & Wellness Aid (19),"High-quality garden (19) designed to meet your needs. Featuring superior craftsmanship and materials, this item offers great value and performance. Add it to your cart today!",Health_Wellness.jpg,9,172
1200,Nature's Way Health & Wellness Aid (14),"High-quality nature's (14) designed to meet your needs. Featuring superior craftsmanship and materials, this item offers great value and performance. Add it to your cart today!",Health_Wellness.jpg,9,75
1201,Spalding Blue Yoga Mat,Enhance your practice with this premium spalding yoga mat. The perfect thickness provides cushioning for your joints while maintaining stability for all poses.,Sports_Outdoors.jpg,5,178
1202,Playmobil Fantastic Toys & Games Toy (1),"High-quality playmobil (1) designed to meet your needs. Featuring superior craftsmanship and materials, this item offers great value and performance. Add it to your cart today!",Toys_Games.jpg,7,135
1203,Playmobil Toys & Games Game Set (10),"High-quality playmobil (10) designed to meet your needs. Featuring superior craftsmanship and materials, this item offers great value and performance. Add it to your cart today!",Toys_Games.jpg,7,158
1204,Playmobil Toys & Games Game Set (11),"High-quality playmobil (11) designed to meet your needs. Featuring superior craftsmanship and materials, this item offers great value and performance. Add it to your cart today!",Toys_Games.jpg,7,66
1205,Fitbit Trekking Poles (3),Navigate any terrain with confidence using these sturdy fitbit trekking poles. Adjustable height and comfortable grips reduce strain on your joints during hikes.,Sports_Outdoors.jpg,5,139
1206,Olay Matte Lipstick in Purple,Make a statement with this vibrant olay lipstick. The creamy formula glides on smoothly for comfortable wear and stunning color that lasts.,Beauty_Personal_Care.jpg,4,90
1207,Adidas Exercise Bike,Take your fitness to the next level with this adidas exercise bike. The adjustable resistance and comfortable design make it perfect for home workouts of any intensity.,Sports_Outdoors.jpg,5,134
1208,Clinique Fresh Essential Oil,Enhance your wellbeing with this pure clinique essential oil. The carefully extracted aroma creates a pleasant environment for relaxation and focus.,Beauty_Personal_Care.jpg,4,31
1209,Centrum Health & Wellness Luxury Supplement (2),"High-quality centrum (2) designed to meet your needs. Featuring superior craftsmanship and materials, this item offers great value and performance. Add it to your cart today!",Health_Wellness.jpg,9,153
1210,Bed Bath & Beyond Minimalist Table Lamp (1),Add ambient lighting to any room with this stylish bed table lamp. The elegant design complements your decor while providing perfect illumination for reading and relaxing.,Home_Kitchen.jpg,3,70
1211,Estée Lauder Nail Polish in White,Add a pop of color to your nails with this estée nail polish. The smooth application and chip-resistant formula keep your manicure looking fresh for days.,Beauty_Personal_Care.jpg,4,112
1212,Bosch Car Automotive (10),"High-quality bosch (10) designed to meet your needs. Featuring superior craftsmanship and materials, this item offers great value and performance. Add it to your cart today!",Automotive.jpg,8,153
1213,Vintage Classic Books Book (1),"High-quality vintage (1) designed to meet your needs. Featuring superior craftsmanship and materials, this item offers great value and performance. Add it to your cart today!",Books.jpg,6,18
1214,Vintage Classic Books Book (2),"High-quality vintage (2) designed to meet your needs. Featuring superior craftsmanship and materials, this item offers great value and performance. Add it to your cart today!",Books.jpg,6,73
1215,Kay Minimalist Jewelry Boxes with Wool,"High-quality kay wool designed to meet your needs. Featuring superior craftsmanship and materials, this item offers great value and performance. Add it to your cart today!",Jewelry.jpg,40,128
1216,Tablet Philips Air,"Stay productive and entertained with this versatile tablet tablet. Featuring a responsive touchscreen, powerful performance, and long battery life. Perfect for browsing, reading, and media consumption.",Electronics.jpg,1,155
1217,GNC Health & Wellness Aid (6),"High-quality gnc (6) designed to meet your needs. Featuring superior craftsmanship and materials, this item offers great value and performance. Add it to your cart today!",Health_Wellness.jpg,9,144
1218,Puma Wool Coat,Stay protected from the elements in style with this premium puma coat. The quality materials and expert tailoring ensure warmth and comfort in cold weather.,Clothing.jpg,2,72
1219,"Laptop LG Basic 49""","Elevate your productivity with this laptop laptop. Designed for performance with a fast processor, ample storage, and crisp display. Ideal for work, entertainment, and creativity wherever you go.",Electronics.jpg,1,59
1220,Nature's Way Health & Wellness Fantastic Supplement (1),"High-quality nature's (1) designed to meet your needs. Featuring superior craftsmanship and materials, this item offers great value and performance. Add it to your cart today!",Health_Wellness.jpg,9,101
1221,IKEA Leather Bed Sheet Set,Experience better sleep with these luxurious ikea bed sheets. Made from high-quality materials for breathable comfort that lasts wash after wash.,Home_Kitchen.jpg,3,133
1222,Alex and Ani Metal Jewelry Boxes,"High-quality alex boxes designed to meet your needs. Featuring superior craftsmanship and materials, this item offers great value and performance. Add it to your cart today!",Jewelry.jpg,40,86
1223,KitchenAid Silk Blanket in Gray,Stay cozy year-round with this soft kitchenaid blanket. Perfect for snuggling on the couch or adding an extra layer of warmth to your bed.,Home_Kitchen.jpg,3,183
1224,Pottery Barn Wool Utensil Set,Make meal preparation a pleasure with this quality pottery utensil set. Featuring ergonomic handles and durable construction for years of cooking enjoyment.,Home_Kitchen.jpg,3,4
1225,Gaming Console Asus Max,"Dive into immersive gaming experiences with this gaming gaming console. Featuring powerful graphics, fast loading times, and access to an extensive library of games for endless entertainment.",Electronics.jpg,1,138
1226,Nature's Way Health & Wellness Premium Supplement (1),"High-quality nature's (1) designed to meet your needs. Featuring superior craftsmanship and materials, this item offers great value and performance. Add it to your cart today!",Health_Wellness.jpg,9,115
1227,Michelin Automotive Advanced Accessory,"High-quality michelin accessory designed to meet your needs. Featuring superior craftsmanship and materials, this item offers great value and performance. Add it to your cart today!",Automotive.jpg,8,124
1228,Fitbit Black Yoga Mat,Enhance your practice with this premium fitbit yoga mat. The perfect thickness provides cushioning for your joints while maintaining stability for all poses.,Sports_Outdoors.jpg,5,195
1229,Simon & Schuster Essential Books Book (5),"High-quality simon (5) designed to meet your needs. Featuring superior craftsmanship and materials, this item offers great value and performance. Add it to your cart today!",Books.jpg,6,21
1230,Fisher-Price Toys & Games Game Set (11),"High-quality fisher-price (11) designed to meet your needs. Featuring superior craftsmanship and materials, this item offers great value and performance. Add it to your cart today!",Toys_Games.jpg,7,131
1231,Fitbit Basketball (2),Take your game to the court with this quality fitbit basketball. The perfect grip and bounce consistency improve your handling and shooting accuracy.,Sports_Outdoors.jpg,5,194
1232,Smart Speaker Apple (2),"Fill your space with rich, room-filling sound from this smart speaker. With clear highs and deep bass, it delivers an immersive audio experience for music, movies, and more.",Electronics.jpg,1,159
1233,Random House Premium Books Book (2),"High-quality random (2) designed to meet your needs. Featuring superior craftsmanship and materials, this item offers great value and performance. Add it to your cart today!",Books.jpg,6,164
1234,Mattel Fantastic Toys & Games Toy (1),"High-quality mattel (1) designed to meet your needs. Featuring superior craftsmanship and materials, this item offers great value and performance. Add it to your cart today!",Toys_Games.jpg,7,50
1235,Gaming Console Asus Ultra,"Dive into immersive gaming experiences with this gaming gaming console. Featuring powerful graphics, fast loading times, and access to an extensive library of games for endless entertainment.",Electronics.jpg,1,125
1236,Cartier Plastic Jewelry,"High-quality cartier jewelry designed to meet your needs. Featuring superior craftsmanship and materials, this item offers great value and performance. Add it to your cart today!",Jewelry.jpg,10,141
1237,Tefal Silk Curtains in Red,Control light and add privacy with these elegant tefal curtains. The quality fabric and careful construction enhance your room's decor while serving a practical purpose.,Home_Kitchen.jpg,3,95
1238,Shell Car Automotive (10),"High-quality shell (10) designed to meet your needs. Featuring superior craftsmanship and materials, this item offers great value and performance. Add it to your cart today!",Automotive.jpg,8,28
1239,Nature's Way Health & Wellness Aid (15),"High-quality nature's (15) designed to meet your needs. Featuring superior craftsmanship and materials, this item offers great value and performance. Add it to your cart today!",Health_Wellness.jpg,9,132
1240,Tiffany Wood Jewelry Boxes,"High-quality tiffany boxes designed to meet your needs. Featuring superior craftsmanship and materials, this item offers great value and performance. Add it to your cart today!",Jewelry.jpg,40,178
1241,Alex and Ani Classic Jewelry with Cotton,"High-quality alex cotton designed to meet your needs. Featuring superior craftsmanship and materials, this item offers great value and performance. Add it to your cart today!",Jewelry.jpg,10,29
1242,OXO Ceramic Bed Sheet Set,Experience better sleep with these luxurious oxo bed sheets. Made from high-quality materials for breathable comfort that lasts wash after wash.,Home_Kitchen.jpg,3,79
1243,West Elm Minimalist Wall Clock,Keep track of time in style with this west wall clock. The clean design and reliable mechanism make it both a functional timepiece and attractive decor element.,Home_Kitchen.jpg,3,101
1244,Dove Foundation (1),Achieve a flawless complexion with this dove foundation. The buildable coverage blends seamlessly for a natural-looking finish that lasts all day.,Beauty_Personal_Care.jpg,4,125
1245,LEGO Toys & Games Game Set (9),"High-quality lego (9) designed to meet your needs. Featuring superior craftsmanship and materials, this item offers great value and performance. Add it to your cart today!",Toys_Games.jpg,7,72
1246,Nature's Way Health & Wellness Premium Supplement (2),"High-quality nature's (2) designed to meet your needs. Featuring superior craftsmanship and materials, this item offers great value and performance. Add it to your cart today!",Health_Wellness.jpg,9,157
1247,CeraVe Shampoo for Normal Hair (1),Revitalize your hair with this specialized cerave shampoo. Formulated to cleanse gently while addressing your specific hair needs for healthier-looking results.,Beauty_Personal_Care.jpg,4,186
1248,Columbia Gray Yoga Mat,Enhance your practice with this premium columbia yoga mat. The perfect thickness provides cushioning for your joints while maintaining stability for all poses.,Sports_Outdoors.jpg,5,65
1249,Bluetooth Headphones Dell,"Immerse yourself in rich, clear sound with these bluetooth headphones. Featuring comfortable ear cushions and excellent noise isolation. Perfect for music, calls, and entertainment.",Electronics.jpg,1,56
1250,Alex and Ani Wool Jewelry Boxes (2),"High-quality alex (2) designed to meet your needs. Featuring superior craftsmanship and materials, this item offers great value and performance. Add it to your cart today!",Jewelry.jpg,40,84
1251,Centrum Health & Wellness Classic Supplement (1),"High-quality centrum (1) designed to meet your needs. Featuring superior craftsmanship and materials, this item offers great value and performance. Add it to your cart today!",Health_Wellness.jpg,9,187
1252,"Smart TV Philips L""","Transform your living room with this smart TV. Enjoy stunning picture quality, vibrant colors, and smart features for all your entertainment needs. Stream your favorite content with ease.",Electronics.jpg,1,59
1253,New Balance Cotton Coat,Stay protected from the elements in style with this premium new coat. The quality materials and expert tailoring ensure warmth and comfort in cold weather.,Clothing.jpg,13,20
1254,MAC Facial Serum,Transform your skin with this powerful mac facial serum. Concentrated active ingredients target specific concerns for visible improvement in your complexion.,Beauty_Personal_Care.jpg,4,116
1255,The North Face Tennis Racket,Improve your game with this professional-grade the tennis racket. The balanced design and quality strings give you better control and power on every shot.,Sports_Outdoors.jpg,5,94
1256,Callaway Trekking Poles,Navigate any terrain with confidence using these sturdy callaway trekking poles. Adjustable height and comfortable grips reduce strain on your joints during hikes.,Sports_Outdoors.jpg,5,7
1257,Fisher-Price Advanced Toys & Games Toy (1),"High-quality fisher-price (1) designed to meet your needs. Featuring superior craftsmanship and materials, this item offers great value and performance. Add it to your cart today!",Toys_Games.jpg,7,58
1258,Meguiar's Automotive Deluxe Accessory (2),"High-quality meguiar's (2) designed to meet your needs. Featuring superior craftsmanship and materials, this item offers great value and performance. Add it to your cart today!",Automotive.jpg,8,85
1259,Simon & Schuster Essential Books Book (6),"High-quality simon (6) designed to meet your needs. Featuring superior craftsmanship and materials, this item offers great value and performance. Add it to your cart today!",Books.jpg,6,124
1260,Wayfair Wood Bed Sheet Set,Experience better sleep with these luxurious wayfair bed sheets. Made from high-quality materials for breathable comfort that lasts wash after wash.,Home_Kitchen.jpg,3,192
1261,Bluetooth Headphones Sony,"Immerse yourself in rich, clear sound with these bluetooth headphones. Featuring comfortable ear cushions and excellent noise isolation. Perfect for music, calls, and entertainment.",Electronics.jpg,1,177
1262,"Monitor Acer L""","Enhance your viewing experience with this monitor monitor. Featuring crisp visuals, accurate colors, and eye-comfort technology for reduced strain during long usage sessions.",Electronics.jpg,1,145
1263,Nike Trekking Poles,Navigate any terrain with confidence using these sturdy nike trekking poles. Adjustable height and comfortable grips reduce strain on your joints during hikes.,Sports_Outdoors.jpg,5,38
1264,Tiffany Casual Jewelry with Glass,"High-quality tiffany glass designed to meet your needs. Featuring superior craftsmanship and materials, this item offers great value and performance. Add it to your cart today!",Jewelry.jpg,10,57
1265,Garden of Life Health & Wellness Premium Supplement (1),"High-quality garden (1) designed to meet your needs. Featuring superior craftsmanship and materials, this item offers great value and performance. Add it to your cart today!",Health_Wellness.jpg,9,182
1266,Nature's Way Health & Wellness Aid (16),"High-quality nature's (16) designed to meet your needs. Featuring superior craftsmanship and materials, this item offers great value and performance. Add it to your cart today!",Health_Wellness.jpg,9,133
1267,Michelin Automotive Fantastic Accessory (2),"High-quality michelin (2) designed to meet your needs. Featuring superior craftsmanship and materials, this item offers great value and performance. Add it to your cart today!",Automotive.jpg,8,200
1268,Hasbro Toys & Games Game Set (17),"High-quality hasbro (17) designed to meet your needs. Featuring superior craftsmanship and materials, this item offers great value and performance. Add it to your cart today!",Toys_Games.jpg,7,80
1269,H&M Vintage Sneakers,"Step out in style with these h&m sneakers. Designed for both comfort and fashion, they feature cushioned insoles and durable construction for all-day wear.",Clothing.jpg,13,109
1270,NOW Foods Health & Wellness Premium Supplement (1),"High-quality now (1) designed to meet your needs. Featuring superior craftsmanship and materials, this item offers great value and performance. Add it to your cart today!",Health_Wellness.jpg,9,61
1271,Calvin Klein Metal Scarf in Green,Add a touch of elegance to any outfit with this beautiful calvin scarf. The soft fabric and stylish design make it a versatile accessory for any season.,Clothing.jpg,2,175
1272,Adidas Bicycle Helmet (1),Protect yourself in style with this safety-certified adidas bicycle helmet. The adjustable fit and ventilation system ensure comfort during your rides.,Sports_Outdoors.jpg,5,31
1273,L'Oréal Nail Polish in White,Add a pop of color to your nails with this l'oréal nail polish. The smooth application and chip-resistant formula keep your manicure looking fresh for days.,Beauty_Personal_Care.jpg,4,56
1274,Mattel Classic Toys & Games Toy (2),"High-quality mattel (2) designed to meet your needs. Featuring superior craftsmanship and materials, this item offers great value and performance. Add it to your cart today!",Toys_Games.jpg,7,43
1275,L'Oréal Lavender Deodorant,Stay fresh and confident all day with this effective l'oréal deodorant. The gentle formula provides long-lasting protection without irritating sensitive skin.,Beauty_Personal_Care.jpg,4,6
1276,Smartwatch Xiaomi Lite,"Track your fitness goals and stay connected with this feature-packed smartwatch smartwatch. With health monitoring, notifications, and long battery life, it's your perfect daily companion.",Electronics.jpg,1,111
1277,Puma Wood Jacket,"Stay warm and stylish with this versatile puma jacket. Perfect for layering in changing weather, it combines fashion and function for your everyday outfits.",Clothing.jpg,13,167
1278,Smartwatch Canon Air,"Track your fitness goals and stay connected with this feature-packed smartwatch smartwatch. With health monitoring, notifications, and long battery life, it's your perfect daily companion.",Electronics.jpg,1,8
1279,Neutrogena Matte Lipstick in Orange,Make a statement with this vibrant neutrogena lipstick. The creamy formula glides on smoothly for comfortable wear and stunning color that lasts.,Beauty_Personal_Care.jpg,4,32
1280,Digital Camera Xiaomi Premium,"Capture life's precious moments with exceptional clarity using this digital camera. With advanced features and intuitive controls, it's perfect for both beginners and photography enthusiasts.",Electronics.jpg,1,52
1281,Penguin Deluxe Books Book (3),"High-quality penguin (3) designed to meet your needs. Featuring superior craftsmanship and materials, this item offers great value and performance. Add it to your cart today!",Books.jpg,6,198
1282,Pottery Barn Non-stick Pan 49cm,"Elevate your cooking with this premium pottery non-stick pan. Designed for even heat distribution and easy food release, it makes preparing your favorite dishes a pleasure.",Home_Kitchen.jpg,3,186
1283,Schwinn Trekking Poles,Navigate any terrain with confidence using these sturdy schwinn trekking poles. Adjustable height and comfortable grips reduce strain on your joints during hikes.,Sports_Outdoors.jpg,5,145
1284,Levi's Elegant Dress in Orange,Make a statement with this beautiful levi's dress. The flattering silhouette and quality fabric ensure you'll look and feel amazing for any special occasion.,Clothing.jpg,23,180
1285,Nordic Naturals Health & Wellness Aid (6),"High-quality nordic (6) designed to meet your needs. Featuring superior craftsmanship and materials, this item offers great value and performance. Add it to your cart today!",Health_Wellness.jpg,9,38
1286,Oxford Advanced Books Book (3),"High-quality oxford (3) designed to meet your needs. Featuring superior craftsmanship and materials, this item offers great value and performance. Add it to your cart today!",Books.jpg,6,163
1287,Penguin Premium Books Book (2),"High-quality penguin (2) designed to meet your needs. Featuring superior craftsmanship and materials, this item offers great value and performance. Add it to your cart today!",Books.jpg,6,47
1288,Adidas Glass Jacket,"Stay warm and stylish with this versatile adidas jacket. Perfect for layering in changing weather, it combines fashion and function for your everyday outfits.",Clothing.jpg,13,58
1289,Smartwatch Bose Max,"Track your fitness goals and stay connected with this feature-packed smartwatch smartwatch. With health monitoring, notifications, and long battery life, it's your perfect daily companion.",Electronics.jpg,1,11
1290,Zara Casual Pants,"These versatile zara pants are a wardrobe essential. Combining comfort and style, they transition seamlessly from work to weekend activities.",Clothing.jpg,13,3
1291,Fisher-Price Toys & Games Game Set (12),"High-quality fisher-price (12) designed to meet your needs. Featuring superior craftsmanship and materials, this item offers great value and performance. Add it to your cart today!",Toys_Games.jpg,7,61
1292,New Balance Cap in Blue,Top off your casual look with this stylish new cap. Featuring adjustable sizing for a perfect fit and quality construction for lasting wear.,Clothing.jpg,23,20
1293,Dove Moisturizing Cream,Nourish your skin with this luxurious dove moisturizing cream. Formulated with quality ingredients to hydrate and protect your skin for a radiant complexion.,Beauty_Personal_Care.jpg,4,158
1294,Coleman Pink Swimming Goggles,Enhance your swimming experience with these comfortable coleman goggles. The watertight seal and anti-fog lenses provide clear vision lap after lap.,Sports_Outdoors.jpg,5,103
1295,Pottery Barn Ceramic Rug 40m,Transform your space with this beautiful pottery rug. The quality materials and expert craftsmanship add comfort underfoot and a touch of style to any room.,Home_Kitchen.jpg,3,106
1296,Garnier Skincare Kit,"Complete your skincare routine with this comprehensive garnier skincare kit. Each product works together to cleanse, treat, and protect your skin for optimal results.",Beauty_Personal_Care.jpg,4,167
1297,Adidas Elegant Jeans,These premium adidas jeans combine style and comfort for your everyday look. Featuring quality denim and expert craftsmanship for a perfect fit that lasts through countless wears.,Clothing.jpg,23,8
1298,Fitbit Exercise Bike (1),Take your fitness to the next level with this fitbit exercise bike. The adjustable resistance and comfortable design make it perfect for home workouts of any intensity.,Sports_Outdoors.jpg,5,82
1299,New Balance Cotton Scarf in Purple,Add a touch of elegance to any outfit with this beautiful new scarf. The soft fabric and stylish design make it a versatile accessory for any season.,Clothing.jpg,23,137
1300,Castrol Car Automotive (8),"High-quality castrol (8) designed to meet your needs. Featuring superior craftsmanship and materials, this item offers great value and performance. Add it to your cart today!",Automotive.jpg,8,4
1301,Playmobil Toys & Games Game Set (12),"High-quality playmobil (12) designed to meet your needs. Featuring superior craftsmanship and materials, this item offers great value and performance. Add it to your cart today!",Toys_Games.jpg,7,151
1302,Olay Mascara,Define and enhance your lashes with this olay mascara. The innovative formula adds volume and length without clumping for beautifully dramatic eyes.,Beauty_Personal_Care.jpg,4,53
1303,Swarovski Wood Jewelry Boxes,"High-quality swarovski boxes designed to meet your needs. Featuring superior craftsmanship and materials, this item offers great value and performance. Add it to your cart today!",Jewelry.jpg,40,9
1304,Michelin Car Automotive (9),"High-quality michelin (9) designed to meet your needs. Featuring superior craftsmanship and materials, this item offers great value and performance. Add it to your cart today!",Automotive.jpg,8,124
1305,Castrol Automotive Luxury Accessory (4),"High-quality castrol (4) designed to meet your needs. Featuring superior craftsmanship and materials, this item offers great value and performance. Add it to your cart today!",Automotive.jpg,8,197
1306,Cartier Elegant Jewelry with Wood,"High-quality cartier wood designed to meet your needs. Featuring superior craftsmanship and materials, this item offers great value and performance. Add it to your cart today!",Jewelry.jpg,10,91
1307,Levi's Elegant Sneakers,"Step out in style with these levi's sneakers. Designed for both comfort and fashion, they feature cushioned insoles and durable construction for all-day wear.",Clothing.jpg,23,150
1308,Centrum Health & Wellness Aid (11),"High-quality centrum (11) designed to meet your needs. Featuring superior craftsmanship and materials, this item offers great value and performance. Add it to your cart today!",Health_Wellness.jpg,9,97
1309,IKEA Wood Bed Sheet Set (1),Experience better sleep with these luxurious ikea bed sheets. Made from high-quality materials for breathable comfort that lasts wash after wash.,Home_Kitchen.jpg,3,37
1310,3M Car Automotive (10),"High-quality 3m (10) designed to meet your needs. Featuring superior craftsmanship and materials, this item offers great value and performance. Add it to your cart today!",Automotive.jpg,8,30
1311,West Elm Casual Table Lamp,Add ambient lighting to any room with this stylish west table lamp. The elegant design complements your decor while providing perfect illumination for reading and relaxing.,Home_Kitchen.jpg,3,79
1312,Bed Bath & Beyond Ceramic Blanket in Gray,Stay cozy year-round with this soft bed blanket. Perfect for snuggling on the couch or adding an extra layer of warmth to your bed.,Home_Kitchen.jpg,3,119
1313,Alex and Ani Leather Jewelry Boxes,"High-quality alex boxes designed to meet your needs. Featuring superior craftsmanship and materials, this item offers great value and performance. Add it to your cart today!",Jewelry.jpg,40,193
1314,Schwinn Purple Yoga Mat,Enhance your practice with this premium schwinn yoga mat. The perfect thickness provides cushioning for your joints while maintaining stability for all poses.,Sports_Outdoors.jpg,5,67
1315,Vintage Classic Books Book (3),"High-quality vintage (3) designed to meet your needs. Featuring superior craftsmanship and materials, this item offers great value and performance. Add it to your cart today!",Books.jpg,6,200
1316,Adidas Exercise Bike (1),Take your fitness to the next level with this adidas exercise bike. The adjustable resistance and comfortable design make it perfect for home workouts of any intensity.,Sports_Outdoors.jpg,5,164
1317,3M Car Automotive (11),"High-quality 3m (11) designed to meet your needs. Featuring superior craftsmanship and materials, this item offers great value and performance. Add it to your cart today!",Automotive.jpg,8,96
1318,Bosch Car Automotive (11),"High-quality bosch (11) designed to meet your needs. Featuring superior craftsmanship and materials, this item offers great value and performance. Add it to your cart today!",Automotive.jpg,8,57
1319,Harper Classic Books Book (5),"High-quality harper (5) designed to meet your needs. Featuring superior craftsmanship and materials, this item offers great value and performance. Add it to your cart today!",Books.jpg,6,164
1320,Garnier Mascara,Define and enhance your lashes with this garnier mascara. The innovative formula adds volume and length without clumping for beautifully dramatic eyes.,Beauty_Personal_Care.jpg,4,79
1321,Nivea Skincare Kit,"Complete your skincare routine with this comprehensive nivea skincare kit. Each product works together to cleanse, treat, and protect your skin for optimal results.",Beauty_Personal_Care.jpg,4,71
1322,Crate & Barrel Wool Bohemian Organizer,Bring order to any space with this practical crate organizer. Thoughtfully designed compartments help you store and access your items with ease.,Home_Kitchen.jpg,3,72
1323,Crate & Barrel Silk Pillow,Rest your head on the perfect blend of support and comfort with this crate pillow. Designed for a restful night's sleep in any sleeping position.,Home_Kitchen.jpg,3,161
1324,Penguin Essential Books Book (4),"High-quality penguin (4) designed to meet your needs. Featuring superior craftsmanship and materials, this item offers great value and performance. Add it to your cart today!",Books.jpg,6,91
1325,Pandora Cotton Men's Jewelry,"Elevate your cooking with this premium pandora non-stick pan. Designed for even heat distribution and easy food release, it makes preparing your favorite dishes a pleasure.",Jewelry.jpg,16,137
1326,Garden of Life Health & Wellness Aid (20),"High-quality garden (20) designed to meet your needs. Featuring superior craftsmanship and materials, this item offers great value and performance. Add it to your cart today!",Health_Wellness.jpg,9,38
1327,Vintage Classic Books Book (4),"High-quality vintage (4) designed to meet your needs. Featuring superior craftsmanship and materials, this item offers great value and performance. Add it to your cart today!",Books.jpg,6,75
1328,MAC Moisturizing Cream (1),Nourish your skin with this luxurious mac moisturizing cream. Formulated with quality ingredients to hydrate and protect your skin for a radiant complexion.,Beauty_Personal_Care.jpg,4,126
1329,Speedo Basketball,Take your game to the court with this quality speedo basketball. The perfect grip and bounce consistency improve your handling and shooting accuracy.,Sports_Outdoors.jpg,5,49
1330,Meguiar's Automotive Professional Accessory (1),"High-quality meguiar's (1) designed to meet your needs. Featuring superior craftsmanship and materials, this item offers great value and performance. Add it to your cart today!",Automotive.jpg,8,56
1331,Nature's Way Health & Wellness Aid (17),"High-quality nature's (17) designed to meet your needs. Featuring superior craftsmanship and materials, this item offers great value and performance. Add it to your cart today!",Health_Wellness.jpg,9,179
1332,Pandora Wood Jewelry,"Elevate your cooking with this premium pandora non-stick pan. Designed for even heat distribution and easy food release, it makes preparing your favorite dishes a pleasure.",Jewelry.jpg,10,193
1333,Harper Advanced Books Book (5),"High-quality harper (5) designed to meet your needs. Featuring superior craftsmanship and materials, this item offers great value and performance. Add it to your cart today!",Books.jpg,6,26
1334,Fisher-Price Toys & Games Game Set (13),"High-quality fisher-price (13) designed to meet your needs. Featuring superior craftsmanship and materials, this item offers great value and performance. Add it to your cart today!",Toys_Games.jpg,7,3
1335,Centrum Health & Wellness Fantastic Supplement (1),"High-quality centrum (1) designed to meet your needs. Featuring superior craftsmanship and materials, this item offers great value and performance. Add it to your cart today!",Health_Wellness.jpg,9,48
1336,Spalding Running Shoes Pink,"Optimize your performance with these specialized spalding running shoes. Designed with support and cushioning in all the right places for comfortable, injury-free training.",Sports_Outdoors.jpg,5,115
1337,Under Armour 40lb Dumbbell Set (1),Build strength effectively with this quality under dumbbell set. The comfortable grip and durable construction make them perfect for a variety of exercises.,Sports_Outdoors.jpg,5,57
1338,Nike Vintage Sneakers,"Step out in style with these nike sneakers. Designed for both comfort and fashion, they feature cushioned insoles and durable construction for all-day wear.",Clothing.jpg,13,192
1339,Random House Fantastic Books Book (2),"High-quality random (2) designed to meet your needs. Featuring superior craftsmanship and materials, this item offers great value and performance. Add it to your cart today!",Books.jpg,6,155
1340,Estée Lauder Spicy Essential Oil,Enhance your wellbeing with this pure estée essential oil. The carefully extracted aroma creates a pleasant environment for relaxation and focus.,Beauty_Personal_Care.jpg,4,196
1341,Gap Blue Hoodie,"Stay cozy in this comfortable gap hoodie. Perfect for relaxed weekends or active days, it's made from soft fabric that keeps you warm without weighing you down.",Clothing.jpg,33,163
1342,Bed Bath & Beyond Glass Planter 20cm,Display your favorite plants in style with this attractive bed planter. The quality materials and thoughtful design make it a beautiful addition to any space.,Home_Kitchen.jpg,3,59
1343,New Balance Wood Jacket (1),"Stay warm and stylish with this versatile new jacket. Perfect for layering in changing weather, it combines fashion and function for your everyday outfits.",Clothing.jpg,13,109
1344,Meguiar's Automotive Luxury Accessory,"High-quality meguiar's accessory designed to meet your needs. Featuring superior craftsmanship and materials, this item offers great value and performance. Add it to your cart today!",Automotive.jpg,8,184
1345,Coleman Bicycle Helmet,Protect yourself in style with this safety-certified coleman bicycle helmet. The adjustable fit and ventilation system ensure comfort during your rides.,Sports_Outdoors.jpg,5,130
1346,Crate & Barrel Ceramic Curtains in Red,Control light and add privacy with these elegant crate curtains. The quality fabric and careful construction enhance your room's decor while serving a practical purpose.,Home_Kitchen.jpg,3,164
1347,LEGO Toys & Games Game Set (10),"High-quality lego (10) designed to meet your needs. Featuring superior craftsmanship and materials, this item offers great value and performance. Add it to your cart today!",Toys_Games.jpg,7,147
1348,Alex and Ani Elegant Jewelry with Silk,"High-quality alex silk designed to meet your needs. Featuring superior craftsmanship and materials, this item offers great value and performance. Add it to your cart today!",Jewelry.jpg,10,125
1349,Nike Glass Coat,Stay protected from the elements in style with this premium nike coat. The quality materials and expert tailoring ensure warmth and comfort in cold weather.,Clothing.jpg,23,68
1350,L'Oréal Citrus Deodorant (2),Stay fresh and confident all day with this effective l'oréal deodorant. The gentle formula provides long-lasting protection without irritating sensitive skin.,Beauty_Personal_Care.jpg,4,4
1351,Tefal Silk Classic Organizer,Bring order to any space with this practical tefal organizer. Thoughtfully designed compartments help you store and access your items with ease.,Home_Kitchen.jpg,3,154
1352,Bluetooth Headphones Bose (2),"Immerse yourself in rich, clear sound with these bluetooth headphones. Featuring comfortable ear cushions and excellent noise isolation. Perfect for music, calls, and entertainment.",Electronics.jpg,1,164
1353,Neutrogena Floral Essential Oil,Enhance your wellbeing with this pure neutrogena essential oil. The carefully extracted aroma creates a pleasant environment for relaxation and focus.,Beauty_Personal_Care.jpg,4,111
1354,Alex and Ani Leather Men's Jewelry (1),"High-quality alex (1) designed to meet your needs. Featuring superior craftsmanship and materials, this item offers great value and performance. Add it to your cart today!",Jewelry.jpg,16,76
1355,Vintage Luxury Books Book (1),"High-quality vintage (1) designed to meet your needs. Featuring superior craftsmanship and materials, this item offers great value and performance. Add it to your cart today!",Books.jpg,6,172
1356,Alex and Ani Bohemian Men's Jewelry with Plastic,"High-quality alex plastic designed to meet your needs. Featuring superior craftsmanship and materials, this item offers great value and performance. Add it to your cart today!",Jewelry.jpg,16,31
1357,Puma Checkered Socks,Keep your feet comfortable all day with these quality puma socks. Designed with cushioning in all the right places and made from breathable materials.,Clothing.jpg,33,180
1358,GNC Health & Wellness Classic Supplement,"High-quality gnc supplement designed to meet your needs. Featuring superior craftsmanship and materials, this item offers great value and performance. Add it to your cart today!",Health_Wellness.jpg,9,195
1359,Cartier Modern Jewelry Boxes with Metal,"High-quality cartier metal designed to meet your needs. Featuring superior craftsmanship and materials, this item offers great value and performance. Add it to your cart today!",Jewelry.jpg,40,90
1360,Speedo Black Yoga Mat,Enhance your practice with this premium speedo yoga mat. The perfect thickness provides cushioning for your joints while maintaining stability for all poses.,Sports_Outdoors.jpg,5,76
1361,Nature's Way Health & Wellness Aid (18),"High-quality nature's (18) designed to meet your needs. Featuring superior craftsmanship and materials, this item offers great value and performance. Add it to your cart today!",Health_Wellness.jpg,9,119
1362,Nike Cap in Red,Top off your casual look with this stylish nike cap. Featuring adjustable sizing for a perfect fit and quality construction for lasting wear.,Clothing.jpg,23,27
1363,Harper Classic Books Book (6),"High-quality harper (6) designed to meet your needs. Featuring superior craftsmanship and materials, this item offers great value and performance. Add it to your cart today!",Books.jpg,6,189
1364,KitchenAid Silk Bed Sheet Set,Experience better sleep with these luxurious kitchenaid bed sheets. Made from high-quality materials for breathable comfort that lasts wash after wash.,Home_Kitchen.jpg,3,4
1365,Pandora Cotton Jewelry Boxes (1),"Elevate your cooking with this premium pandora non-stick pan. Designed for even heat distribution and easy food release, it makes preparing your favorite dishes a pleasure.",Jewelry.jpg,40,70
1366,Columbia Trekking Poles (2),Navigate any terrain with confidence using these sturdy columbia trekking poles. Adjustable height and comfortable grips reduce strain on your joints during hikes.,Sports_Outdoors.jpg,5,89
1367,Penguin Fantastic Books Book (1),"High-quality penguin (1) designed to meet your needs. Featuring superior craftsmanship and materials, this item offers great value and performance. Add it to your cart today!",Books.jpg,6,23
1368,Centrum Health & Wellness Deluxe Supplement,"High-quality centrum supplement designed to meet your needs. Featuring superior craftsmanship and materials, this item offers great value and performance. Add it to your cart today!",Health_Wellness.jpg,9,167
1369,Fisher-Price Luxury Toys & Games Toy (2),"High-quality fisher-price (2) designed to meet your needs. Featuring superior craftsmanship and materials, this item offers great value and performance. Add it to your cart today!",Toys_Games.jpg,7,13
1370,Melissa & Doug Premium Toys & Games Toy,"High-quality melissa toy designed to meet your needs. Featuring superior craftsmanship and materials, this item offers great value and performance. Add it to your cart today!",Toys_Games.jpg,7,94
1371,Pottery Barn Leather Planter 49cm,Display your favorite plants in style with this attractive pottery planter. The quality materials and thoughtful design make it a beautiful addition to any space.,Home_Kitchen.jpg,3,116
1372,Oxford Professional Books Book (5),"High-quality oxford (5) designed to meet your needs. Featuring superior craftsmanship and materials, this item offers great value and performance. Add it to your cart today!",Books.jpg,6,165
1373,Meguiar's Car Automotive (7),"High-quality meguiar's (7) designed to meet your needs. Featuring superior craftsmanship and materials, this item offers great value and performance. Add it to your cart today!",Automotive.jpg,8,143
1374,Simon & Schuster Classic Books Book (1),"High-quality simon (1) designed to meet your needs. Featuring superior craftsmanship and materials, this item offers great value and performance. Add it to your cart today!",Books.jpg,6,128
1375,Schwinn 25lb Dumbbell Set,Build strength effectively with this quality schwinn dumbbell set. The comfortable grip and durable construction make them perfect for a variety of exercises.,Sports_Outdoors.jpg,5,88
1376,Shell Automotive Professional Accessory,"High-quality shell accessory designed to meet your needs. Featuring superior craftsmanship and materials, this item offers great value and performance. Add it to your cart today!",Automotive.jpg,8,14
1377,Random House Advanced Books Book (4),"High-quality random (4) designed to meet your needs. Featuring superior craftsmanship and materials, this item offers great value and performance. Add it to your cart today!",Books.jpg,6,69
1378,Alex and Ani Minimalist Jewelry Boxes with Plastic,"High-quality alex plastic designed to meet your needs. Featuring superior craftsmanship and materials, this item offers great value and performance. Add it to your cart today!",Jewelry.jpg,40,56
1379,Nordic Naturals Health & Wellness Aid (7),"High-quality nordic (7) designed to meet your needs. Featuring superior craftsmanship and materials, this item offers great value and performance. Add it to your cart today!",Health_Wellness.jpg,9,96
1380,Simon & Schuster Classic Books Book (2),"High-quality simon (2) designed to meet your needs. Featuring superior craftsmanship and materials, this item offers great value and performance. Add it to your cart today!",Books.jpg,6,99
1381,Under Armour Running Shoes Black,"Optimize your performance with these specialized under running shoes. Designed with support and cushioning in all the right places for comfortable, injury-free training.",Sports_Outdoors.jpg,5,185
1382,Gap Elegant Dress in Black,Make a statement with this beautiful gap dress. The flattering silhouette and quality fabric ensure you'll look and feel amazing for any special occasion.,Clothing.jpg,13,69
1383,Shell Automotive Classic Accessory,"High-quality shell accessory designed to meet your needs. Featuring superior craftsmanship and materials, this item offers great value and performance. Add it to your cart today!",Automotive.jpg,8,198
1384,Calvin Klein Ceramic Jacket,"Stay warm and stylish with this versatile calvin jacket. Perfect for layering in changing weather, it combines fashion and function for your everyday outfits.",Clothing.jpg,2,111
1385,Smartwatch JBL Pro,"Track your fitness goals and stay connected with this feature-packed smartwatch smartwatch. With health monitoring, notifications, and long battery life, it's your perfect daily companion.",Electronics.jpg,1,37
1386,Tommy Hilfiger Casual Jeans,These premium tommy jeans combine style and comfort for your everyday look. Featuring quality denim and expert craftsmanship for a perfect fit that lasts through countless wears.,Clothing.jpg,33,197
1387,Wayfair Glass Bed Sheet Set,Experience better sleep with these luxurious wayfair bed sheets. Made from high-quality materials for breathable comfort that lasts wash after wash.,Home_Kitchen.jpg,3,68
1388,Smartphone Lenovo Ultra,"Experience the latest technology with this smartphone smartphone. Featuring a stunning display, powerful processor, and exceptional camera system. Perfect for staying connected, capturing memories, and enjoying your favorite content on the go.",Electronics.jpg,1,190
1389,Digital Camera Sony Max,"Capture life's precious moments with exceptional clarity using this digital camera. With advanced features and intuitive controls, it's perfect for both beginners and photography enthusiasts.",Electronics.jpg,1,24
1390,Smart Speaker Samsung (2),"Fill your space with rich, room-filling sound from this smart speaker. With clear highs and deep bass, it delivers an immersive audio experience for music, movies, and more.",Electronics.jpg,1,162
1391,Alex and Ani Metal Jewelry Boxes (1),"High-quality alex (1) designed to meet your needs. Featuring superior craftsmanship and materials, this item offers great value and performance. Add it to your cart today!",Jewelry.jpg,40,63
1392,OXO Towel Set Pink,"Wrap yourself in luxury with these premium oxo towels. Absorbent and soft, they're the perfect addition to your bathroom for everyday comfort.",Home_Kitchen.jpg,3,56
1393,Neutrogena Foundation (1),Achieve a flawless complexion with this neutrogena foundation. The buildable coverage blends seamlessly for a natural-looking finish that lasts all day.,Beauty_Personal_Care.jpg,4,189
1394,LEGO Toys & Games Game Set (11),"High-quality lego (11) designed to meet your needs. Featuring superior craftsmanship and materials, this item offers great value and performance. Add it to your cart today!",Toys_Games.jpg,7,73
1395,H&M Casual Skirt in Gray,Add versatility to your wardrobe with this stylish h&m skirt. The flattering cut and quality fabric make it perfect for both casual and dressier occasions.,Clothing.jpg,2,145
1396,MAC Mascara (2),Define and enhance your lashes with this mac mascara. The innovative formula adds volume and length without clumping for beautifully dramatic eyes.,Beauty_Personal_Care.jpg,4,168
1397,CeraVe Facial Serum,Transform your skin with this powerful cerave facial serum. Concentrated active ingredients target specific concerns for visible improvement in your complexion.,Beauty_Personal_Care.jpg,4,76
1398,Zara Casual Jeans,These premium zara jeans combine style and comfort for your everyday look. Featuring quality denim and expert craftsmanship for a perfect fit that lasts through countless wears.,Clothing.jpg,13,139
1399,Smartphone Dell Pro,"Experience the latest technology with this smartphone smartphone. Featuring a stunning display, powerful processor, and exceptional camera system. Perfect for staying connected, capturing memories, and enjoying your favorite content on the go.",Electronics.jpg,1,73
1400,New Balance Athletic Skirt in Green,Add versatility to your wardrobe with this stylish new skirt. The flattering cut and quality fabric make it perfect for both casual and dressier occasions.,Clothing.jpg,13,123
1401,Bed Bath & Beyond Wood Rug 15m,Transform your space with this beautiful bed rug. The quality materials and expert craftsmanship add comfort underfoot and a touch of style to any room.,Home_Kitchen.jpg,3,96
1402,The North Face Basketball (2),Take your game to the court with this quality the basketball. The perfect grip and bounce consistency improve your handling and shooting accuracy.,Sports_Outdoors.jpg,5,9
1403,Pandora Metal Men's Jewelry,"Elevate your cooking with this premium pandora non-stick pan. Designed for even heat distribution and easy food release, it makes preparing your favorite dishes a pleasure.",Jewelry.jpg,16,173
1404,Garden of Life Health & Wellness Aid (21),"High-quality garden (21) designed to meet your needs. Featuring superior craftsmanship and materials, this item offers great value and performance. Add it to your cart today!",Health_Wellness.jpg,9,155
1405,Coleman Basketball (1),Take your game to the court with this quality coleman basketball. The perfect grip and bounce consistency improve your handling and shooting accuracy.,Sports_Outdoors.jpg,5,164
1406,Columbia Exercise Bike (1),Take your fitness to the next level with this columbia exercise bike. The adjustable resistance and comfortable design make it perfect for home workouts of any intensity.,Sports_Outdoors.jpg,5,27
1407,IKEA Leather Blanket in Green,Stay cozy year-round with this soft ikea blanket. Perfect for snuggling on the couch or adding an extra layer of warmth to your bed.,Home_Kitchen.jpg,3,117
1408,Wilson Running Shoes Black,"Optimize your performance with these specialized wilson running shoes. Designed with support and cushioning in all the right places for comfortable, injury-free training.",Sports_Outdoors.jpg,5,121
1409,GNC Health & Wellness Aid (7),"High-quality gnc (7) designed to meet your needs. Featuring superior craftsmanship and materials, this item offers great value and performance. Add it to your cart today!",Health_Wellness.jpg,9,131
1410,CeraVe Citrus Deodorant,Stay fresh and confident all day with this effective cerave deodorant. The gentle formula provides long-lasting protection without irritating sensitive skin.,Beauty_Personal_Care.jpg,4,81
1411,Oxford Classic Books Book (2),"High-quality oxford (2) designed to meet your needs. Featuring superior craftsmanship and materials, this item offers great value and performance. Add it to your cart today!",Books.jpg,6,77
1412,"Smart TV Bose XL""","Transform your living room with this smart TV. Enjoy stunning picture quality, vibrant colors, and smart features for all your entertainment needs. Stream your favorite content with ease.",Electronics.jpg,1,155
1413,Swarovski Casual Men's Jewelry with Silk,"High-quality swarovski silk designed to meet your needs. Featuring superior craftsmanship and materials, this item offers great value and performance. Add it to your cart today!",Jewelry.jpg,16,194
1414,Smart Speaker Bose,"Fill your space with rich, room-filling sound from this smart speaker. With clear highs and deep bass, it delivers an immersive audio experience for music, movies, and more.",Electronics.jpg,1,52
1415,Nordic Naturals Health & Wellness Deluxe Supplement (1),"High-quality nordic (1) designed to meet your needs. Featuring superior craftsmanship and materials, this item offers great value and performance. Add it to your cart today!",Health_Wellness.jpg,9,77
1416,Smartwatch Sony Lite,"Track your fitness goals and stay connected with this feature-packed smartwatch smartwatch. With health monitoring, notifications, and long battery life, it's your perfect daily companion.",Electronics.jpg,1,124
1417,Corelle Glass Utensil Set,Make meal preparation a pleasure with this quality corelle utensil set. Featuring ergonomic handles and durable construction for years of cooking enjoyment.,Home_Kitchen.jpg,3,190
1418,Meguiar's Car Automotive (8),"High-quality meguiar's (8) designed to meet your needs. Featuring superior craftsmanship and materials, this item offers great value and performance. Add it to your cart today!",Automotive.jpg,8,152
1419,Puma Cotton Coat,Stay protected from the elements in style with this premium puma coat. The quality materials and expert tailoring ensure warmth and comfort in cold weather.,Clothing.jpg,13,190
1420,GNC Health & Wellness Professional Supplement (2),"High-quality gnc (2) designed to meet your needs. Featuring superior craftsmanship and materials, this item offers great value and performance. Add it to your cart today!",Health_Wellness.jpg,9,171
1421,Callaway Purple Swimming Goggles,Enhance your swimming experience with these comfortable callaway goggles. The watertight seal and anti-fog lenses provide clear vision lap after lap.,Sports_Outdoors.jpg,5,7
1422,Tommy Hilfiger Cap in White,Top off your casual look with this stylish tommy cap. Featuring adjustable sizing for a perfect fit and quality construction for lasting wear.,Clothing.jpg,33,12
1423,Smartwatch HP Max,"Track your fitness goals and stay connected with this feature-packed smartwatch smartwatch. With health monitoring, notifications, and long battery life, it's your perfect daily companion.",Electronics.jpg,1,144
1424,Pyrex Glass Blanket in Orange,Stay cozy year-round with this soft pyrex blanket. Perfect for snuggling on the couch or adding an extra layer of warmth to your bed.,Home_Kitchen.jpg,3,39
1425,Hasbro Advanced Toys & Games Toy (2),"High-quality hasbro (2) designed to meet your needs. Featuring superior craftsmanship and materials, this item offers great value and performance. Add it to your cart today!",Toys_Games.jpg,7,42
1426,Gaming Console HP Pro,"Dive into immersive gaming experiences with this gaming gaming console. Featuring powerful graphics, fast loading times, and access to an extensive library of games for endless entertainment.",Electronics.jpg,1,74
1427,Dove Mascara (1),Define and enhance your lashes with this dove mascara. The innovative formula adds volume and length without clumping for beautifully dramatic eyes.,Beauty_Personal_Care.jpg,4,99
1428,Puma Leather Scarf in White,Add a touch of elegance to any outfit with this beautiful puma scarf. The soft fabric and stylish design make it a versatile accessory for any season.,Clothing.jpg,33,36
1429,Random House Professional Books Book (6),"High-quality random (6) designed to meet your needs. Featuring superior craftsmanship and materials, this item offers great value and performance. Add it to your cart today!",Books.jpg,6,146
1430,Random House Professional Books Book (7),"High-quality random (7) designed to meet your needs. Featuring superior craftsmanship and materials, this item offers great value and performance. Add it to your cart today!",Books.jpg,6,57
1431,Bosch Car Automotive (12),"High-quality bosch (12) designed to meet your needs. Featuring superior craftsmanship and materials, this item offers great value and performance. Add it to your cart today!",Automotive.jpg,8,113
1432,Gaming Console JBL Air,"Dive into immersive gaming experiences with this gaming gaming console. Featuring powerful graphics, fast loading times, and access to an extensive library of games for endless entertainment.",Electronics.jpg,1,88
1433,The North Face Gray Backpack,Carry your gear in comfort with this thoughtfully designed the backpack. Multiple compartments and ergonomic straps make it perfect for any activity.,Sports_Outdoors.jpg,5,118
1434,Playmobil Toys & Games Game Set (13),"High-quality playmobil (13) designed to meet your needs. Featuring superior craftsmanship and materials, this item offers great value and performance. Add it to your cart today!",Toys_Games.jpg,7,20
1435,Fisher-Price Essential Toys & Games Toy (5),"High-quality fisher-price (5) designed to meet your needs. Featuring superior craftsmanship and materials, this item offers great value and performance. Add it to your cart today!",Toys_Games.jpg,7,94
1436,Corelle Wood Casual Organizer,Bring order to any space with this practical corelle organizer. Thoughtfully designed compartments help you store and access your items with ease.,Home_Kitchen.jpg,3,71
1437,Garden of Life Health & Wellness Aid (22),"High-quality garden (22) designed to meet your needs. Featuring superior craftsmanship and materials, this item offers great value and performance. Add it to your cart today!",Health_Wellness.jpg,9,189
1438,Meguiar's Automotive Essential Accessory,"High-quality meguiar's accessory designed to meet your needs. Featuring superior craftsmanship and materials, this item offers great value and performance. Add it to your cart today!",Automotive.jpg,8,41
1439,Shell Automotive Deluxe Accessory (1),"High-quality shell (1) designed to meet your needs. Featuring superior craftsmanship and materials, this item offers great value and performance. Add it to your cart today!",Automotive.jpg,8,78
1440,Castrol Automotive Fantastic Accessory,"High-quality castrol accessory designed to meet your needs. Featuring superior craftsmanship and materials, this item offers great value and performance. Add it to your cart today!",Automotive.jpg,8,81
1441,The North Face Running Shoes Pink,"Optimize your performance with these specialized the running shoes. Designed with support and cushioning in all the right places for comfortable, injury-free training.",Sports_Outdoors.jpg,5,102
1442,Nike 20lb Dumbbell Set,Build strength effectively with this quality nike dumbbell set. The comfortable grip and durable construction make them perfect for a variety of exercises.,Sports_Outdoors.jpg,5,15
1443,Swarovski Modern Jewelry Boxes with Cotton (1),"High-quality swarovski (1) designed to meet your needs. Featuring superior craftsmanship and materials, this item offers great value and performance. Add it to your cart today!",Jewelry.jpg,40,117
1444,Castrol Automotive Premium Accessory (3),"High-quality castrol (3) designed to meet your needs. Featuring superior craftsmanship and materials, this item offers great value and performance. Add it to your cart today!",Automotive.jpg,8,172
1445,Wilson Running Shoes Yellow,"Optimize your performance with these specialized wilson running shoes. Designed with support and cushioning in all the right places for comfortable, injury-free training.",Sports_Outdoors.jpg,5,2
1446,Nivea Matte Lipstick in Blue,Make a statement with this vibrant nivea lipstick. The creamy formula glides on smoothly for comfortable wear and stunning color that lasts.,Beauty_Personal_Care.jpg,4,129
1447,Centrum Health & Wellness Classic Supplement (2),"High-quality centrum (2) designed to meet your needs. Featuring superior craftsmanship and materials, this item offers great value and performance. Add it to your cart today!",Health_Wellness.jpg,9,76
1448,GNC Health & Wellness Deluxe Supplement (1),"High-quality gnc (1) designed to meet your needs. Featuring superior craftsmanship and materials, this item offers great value and performance. Add it to your cart today!",Health_Wellness.jpg,9,126
1449,Tiffany Wool Jewelry,"High-quality tiffany jewelry designed to meet your needs. Featuring superior craftsmanship and materials, this item offers great value and performance. Add it to your cart today!",Jewelry.jpg,10,79
1450,Mattel Deluxe Toys & Games Toy (1),"High-quality mattel (1) designed to meet your needs. Featuring superior craftsmanship and materials, this item offers great value and performance. Add it to your cart today!",Toys_Games.jpg,7,79
1451,Wilson Yellow Backpack,Carry your gear in comfort with this thoughtfully designed wilson backpack. Multiple compartments and ergonomic straps make it perfect for any activity.,Sports_Outdoors.jpg,5,121
1452,Bosch Non-stick Pan Scm,"Elevate your cooking with this premium bosch non-stick pan. Designed for even heat distribution and easy food release, it makes preparing your favorite dishes a pleasure.",Home_Kitchen.jpg,3,21
1453,OXO Wood Rug 40m,Transform your space with this beautiful oxo rug. The quality materials and expert craftsmanship add comfort underfoot and a touch of style to any room.,Home_Kitchen.jpg,3,117
1454,Digital Camera Philips Ultra,"Capture life's precious moments with exceptional clarity using this digital camera. With advanced features and intuitive controls, it's perfect for both beginners and photography enthusiasts.",Electronics.jpg,1,187
1455,Fisher-Price Advanced Toys & Games Toy (2),"High-quality fisher-price (2) designed to meet your needs. Featuring superior craftsmanship and materials, this item offers great value and performance. Add it to your cart today!",Toys_Games.jpg,7,159
1456,Oxford Essential Books Book (1),"High-quality oxford (1) designed to meet your needs. Featuring superior craftsmanship and materials, this item offers great value and performance. Add it to your cart today!",Books.jpg,6,102
1457,3M Car Automotive (12),"High-quality 3m (12) designed to meet your needs. Featuring superior craftsmanship and materials, this item offers great value and performance. Add it to your cart today!",Automotive.jpg,8,38
1458,Bed Bath & Beyond Metal Utensil Set,Make meal preparation a pleasure with this quality bed utensil set. Featuring ergonomic handles and durable construction for years of cooking enjoyment.,Home_Kitchen.jpg,3,54
1459,3M Automotive Fantastic Accessory (1),"High-quality 3m (1) designed to meet your needs. Featuring superior craftsmanship and materials, this item offers great value and performance. Add it to your cart today!",Automotive.jpg,8,163
1460,Estée Lauder Spicy Essential Oil (1),Enhance your wellbeing with this pure estée essential oil. The carefully extracted aroma creates a pleasant environment for relaxation and focus.,Beauty_Personal_Care.jpg,4,13
1461,Garden of Life Health & Wellness Premium Supplement (2),"High-quality garden (2) designed to meet your needs. Featuring superior craftsmanship and materials, this item offers great value and performance. Add it to your cart today!",Health_Wellness.jpg,9,130
1462,Kay Casual Jewelry with Silk,"High-quality kay silk designed to meet your needs. Featuring superior craftsmanship and materials, this item offers great value and performance. Add it to your cart today!",Jewelry.jpg,10,194
1463,Nordic Naturals Health & Wellness Luxury Supplement,"High-quality nordic supplement designed to meet your needs. Featuring superior craftsmanship and materials, this item offers great value and performance. Add it to your cart today!",Health_Wellness.jpg,9,147
1464,Garden of Life Health & Wellness Classic Supplement (1),"High-quality garden (1) designed to meet your needs. Featuring superior craftsmanship and materials, this item offers great value and performance. Add it to your cart today!",Health_Wellness.jpg,9,85
1465,Maybelline Mascara (1),Define and enhance your lashes with this maybelline mascara. The innovative formula adds volume and length without clumping for beautifully dramatic eyes.,Beauty_Personal_Care.jpg,4,70
1466,Olay Facial Serum,Transform your skin with this powerful olay facial serum. Concentrated active ingredients target specific concerns for visible improvement in your complexion.,Beauty_Personal_Care.jpg,4,75
1467,Bed Bath & Beyond Plastic Planter 20cm,Display your favorite plants in style with this attractive bed planter. The quality materials and thoughtful design make it a beautiful addition to any space.,Home_Kitchen.jpg,3,97
1468,Penguin Professional Books Book (5),"High-quality penguin (5) designed to meet your needs. Featuring superior craftsmanship and materials, this item offers great value and performance. Add it to your cart today!",Books.jpg,6,163
1469,Bluetooth Headphones Canon,"Immerse yourself in rich, clear sound with these bluetooth headphones. Featuring comfortable ear cushions and excellent noise isolation. Perfect for music, calls, and entertainment.",Electronics.jpg,1,85
1470,Callaway White Backpack,Carry your gear in comfort with this thoughtfully designed callaway backpack. Multiple compartments and ergonomic straps make it perfect for any activity.,Sports_Outdoors.jpg,5,3
1471,LEGO Luxury Toys & Games Toy (2),"High-quality lego (2) designed to meet your needs. Featuring superior craftsmanship and materials, this item offers great value and performance. Add it to your cart today!",Toys_Games.jpg,7,24
1472,NOW Foods Health & Wellness Aid (9),"High-quality now (9) designed to meet your needs. Featuring superior craftsmanship and materials, this item offers great value and performance. Add it to your cart today!",Health_Wellness.jpg,9,191
1473,IKEA Non-stick Pan 32cm,"Elevate your cooking with this premium ikea non-stick pan. Designed for even heat distribution and easy food release, it makes preparing your favorite dishes a pleasure.",Home_Kitchen.jpg,3,21
1474,OXO Towel Set Gray,"Wrap yourself in luxury with these premium oxo towels. Absorbent and soft, they're the perfect addition to your bathroom for everyday comfort.",Home_Kitchen.jpg,3,99
1475,Garden of Life Health & Wellness Aid (23),"High-quality garden (23) designed to meet your needs. Featuring superior craftsmanship and materials, this item offers great value and performance. Add it to your cart today!",Health_Wellness.jpg,9,160
1476,Nature's Way Health & Wellness Aid (19),"High-quality nature's (19) designed to meet your needs. Featuring superior craftsmanship and materials, this item offers great value and performance. Add it to your cart today!",Health_Wellness.jpg,9,173
1477,Swarovski Classic Jewelry Boxes with Glass,"High-quality swarovski glass designed to meet your needs. Featuring superior craftsmanship and materials, this item offers great value and performance. Add it to your cart today!",Jewelry.jpg,40,90
1478,Power Bank Asus XLmAh,"Never run out of battery again with this reliable power power bank. Compact yet powerful, it provides multiple charges for your devices when you're on the go.",Electronics.jpg,1,30
1479,Crate & Barrel Ceramic Bed Sheet Set,Experience better sleep with these luxurious crate bed sheets. Made from high-quality materials for breathable comfort that lasts wash after wash.,Home_Kitchen.jpg,3,89
1480,Corelle Casual Table Lamp,Add ambient lighting to any room with this stylish corelle table lamp. The elegant design complements your decor while providing perfect illumination for reading and relaxing.,Home_Kitchen.jpg,3,72
1481,Oxford Premium Books Book (3),"High-quality oxford (3) designed to meet your needs. Featuring superior craftsmanship and materials, this item offers great value and performance. Add it to your cart today!",Books.jpg,6,21
1482,Bosch Towel Set Red,"Wrap yourself in luxury with these premium bosch towels. Absorbent and soft, they're the perfect addition to your bathroom for everyday comfort.",Home_Kitchen.jpg,3,24
1483,Callaway Gray Backpack,Carry your gear in comfort with this thoughtfully designed callaway backpack. Multiple compartments and ergonomic straps make it perfect for any activity.,Sports_Outdoors.jpg,5,76
1484,Clinique Nail Polish in Purple,Add a pop of color to your nails with this clinique nail polish. The smooth application and chip-resistant formula keep your manicure looking fresh for days.,Beauty_Personal_Care.jpg,4,86
1485,Pandora Minimalist Men's Jewelry with Metal,"Elevate your cooking with this premium pandora non-stick pan. Designed for even heat distribution and easy food release, it makes preparing your favorite dishes a pleasure.",Jewelry.jpg,16,137
1486,Nivea Moisturizing Cream (1),Nourish your skin with this luxurious nivea moisturizing cream. Formulated with quality ingredients to hydrate and protect your skin for a radiant complexion.,Beauty_Personal_Care.jpg,4,179
1487,LEGO Luxury Toys & Games Toy (3),"High-quality lego (3) designed to meet your needs. Featuring superior craftsmanship and materials, this item offers great value and performance. Add it to your cart today!",Toys_Games.jpg,7,123
1488,Dove Skincare Kit (1),"Complete your skincare routine with this comprehensive dove skincare kit. Each product works together to cleanse, treat, and protect your skin for optimal results.",Beauty_Personal_Care.jpg,4,160
1489,Shell Automotive Professional Accessory (1),"High-quality shell (1) designed to meet your needs. Featuring superior craftsmanship and materials, this item offers great value and performance. Add it to your cart today!",Automotive.jpg,8,2
1490,IKEA Vintage Table Lamp,Add ambient lighting to any room with this stylish ikea table lamp. The elegant design complements your decor while providing perfect illumination for reading and relaxing.,Home_Kitchen.jpg,3,36
1491,Oxford Classic Books Book (3),"High-quality oxford (3) designed to meet your needs. Featuring superior craftsmanship and materials, this item offers great value and performance. Add it to your cart today!",Books.jpg,6,20
1492,Nordic Naturals Health & Wellness Aid (8),"High-quality nordic (8) designed to meet your needs. Featuring superior craftsmanship and materials, this item offers great value and performance. Add it to your cart today!",Health_Wellness.jpg,9,92
1493,Spalding Bicycle Helmet (3),Protect yourself in style with this safety-certified spalding bicycle helmet. The adjustable fit and ventilation system ensure comfort during your rides.,Sports_Outdoors.jpg,5,164
1494,Vintage Advanced Books Book (5),"High-quality vintage (5) designed to meet your needs. Featuring superior craftsmanship and materials, this item offers great value and performance. Add it to your cart today!",Books.jpg,6,161
1495,Levi's Bohemian Skirt in Pink,Add versatility to your wardrobe with this stylish levi's skirt. The flattering cut and quality fabric make it perfect for both casual and dressier occasions.,Clothing.jpg,23,95
1496,Under Armour Classic Skirt in Gray,Add versatility to your wardrobe with this stylish under skirt. The flattering cut and quality fabric make it perfect for both casual and dressier occasions.,Clothing.jpg,2,1
1497,Centrum Health & Wellness Aid (12),"High-quality centrum (12) designed to meet your needs. Featuring superior craftsmanship and materials, this item offers great value and performance. Add it to your cart today!",Health_Wellness.jpg,9,33
1498,"Smart TV JBL 49""","Transform your living room with this smart TV. Enjoy stunning picture quality, vibrant colors, and smart features for all your entertainment needs. Stream your favorite content with ease.",Electronics.jpg,1,156
1499,OXO Towel Set Orange,"Wrap yourself in luxury with these premium oxo towels. Absorbent and soft, they're the perfect addition to your bathroom for everyday comfort.",Home_Kitchen.jpg,3,54
1500,"Monitor Sony M""","Enhance your viewing experience with this monitor monitor. Featuring crisp visuals, accurate colors, and eye-comfort technology for reduced strain during long usage sessions.",Electronics.jpg,1,103
1501,Oxford Classic Books Book (4),"High-quality oxford (4) designed to meet your needs. Featuring superior craftsmanship and materials, this item offers great value and performance. Add it to your cart today!",Books.jpg,6,51
1502,GNC Health & Wellness Aid (8),"High-quality gnc (8) designed to meet your needs. Featuring superior craftsmanship and materials, this item offers great value and performance. Add it to your cart today!",Health_Wellness.jpg,9,20
1503,Tiffany Casual Jewelry Boxes with Wool (1),"High-quality tiffany (1) designed to meet your needs. Featuring superior craftsmanship and materials, this item offers great value and performance. Add it to your cart today!",Jewelry.jpg,40,159
1504,Nivea Perfume Vanilla,Discover your signature scent with this exquisite nivea perfume. The carefully crafted fragrance notes evolve throughout the day for a truly personal experience.,Beauty_Personal_Care.jpg,4,5
1505,Simon & Schuster Classic Books Book (3),"High-quality simon (3) designed to meet your needs. Featuring superior craftsmanship and materials, this item offers great value and performance. Add it to your cart today!",Books.jpg,6,44
1506,Kay Ceramic Men's Jewelry,"High-quality kay jewelry designed to meet your needs. Featuring superior craftsmanship and materials, this item offers great value and performance. Add it to your cart today!",Jewelry.jpg,16,46
1507,Vintage Advanced Books Book (6),"High-quality vintage (6) designed to meet your needs. Featuring superior craftsmanship and materials, this item offers great value and performance. Add it to your cart today!",Books.jpg,6,32
1508,Mattel Toys & Games Game Set (13),"High-quality mattel (13) designed to meet your needs. Featuring superior craftsmanship and materials, this item offers great value and performance. Add it to your cart today!",Toys_Games.jpg,7,173
1509,Castrol Automotive Essential Accessory (1),"High-quality castrol (1) designed to meet your needs. Featuring superior craftsmanship and materials, this item offers great value and performance. Add it to your cart today!",Automotive.jpg,8,54
1510,Meguiar's Car Automotive (9),"High-quality meguiar's (9) designed to meet your needs. Featuring superior craftsmanship and materials, this item offers great value and performance. Add it to your cart today!",Automotive.jpg,8,152
1511,GNC Health & Wellness Aid (9),"High-quality gnc (9) designed to meet your needs. Featuring superior craftsmanship and materials, this item offers great value and performance. Add it to your cart today!",Health_Wellness.jpg,9,172
1512,Swarovski Athletic Jewelry Boxes with Wool,"High-quality swarovski wool designed to meet your needs. Featuring superior craftsmanship and materials, this item offers great value and performance. Add it to your cart today!",Jewelry.jpg,40,187
1513,Swarovski Elegant Jewelry with Silk,"High-quality swarovski silk designed to meet your needs. Featuring superior craftsmanship and materials, this item offers great value and performance. Add it to your cart today!",Jewelry.jpg,10,183
1514,Playmobil Classic Toys & Games Toy (1),"High-quality playmobil (1) designed to meet your needs. Featuring superior craftsmanship and materials, this item offers great value and performance. Add it to your cart today!",Toys_Games.jpg,7,45
1515,Coleman Golf Set,Improve your performance on the course with this premium coleman golf set. Clubs for every situation help you tackle any hole with confidence.,Sports_Outdoors.jpg,5,123
1516,Ralph Lauren Bohemian Dress in Gray,Make a statement with this beautiful ralph dress. The flattering silhouette and quality fabric ensure you'll look and feel amazing for any special occasion.,Clothing.jpg,2,148
1517,Bosch Car Automotive (13),"High-quality bosch (13) designed to meet your needs. Featuring superior craftsmanship and materials, this item offers great value and performance. Add it to your cart today!",Automotive.jpg,8,20
1518,Penguin Classic Books Book (3),"High-quality penguin (3) designed to meet your needs. Featuring superior craftsmanship and materials, this item offers great value and performance. Add it to your cart today!",Books.jpg,6,33
1519,Garden of Life Health & Wellness Aid (24),"High-quality garden (24) designed to meet your needs. Featuring superior craftsmanship and materials, this item offers great value and performance. Add it to your cart today!",Health_Wellness.jpg,9,8
1520,Centrum Health & Wellness Aid (13),"High-quality centrum (13) designed to meet your needs. Featuring superior craftsmanship and materials, this item offers great value and performance. Add it to your cart today!",Health_Wellness.jpg,9,164
1521,Swarovski Casual Jewelry with Wood,"High-quality swarovski wood designed to meet your needs. Featuring superior craftsmanship and materials, this item offers great value and performance. Add it to your cart today!",Jewelry.jpg,10,81
1522,Playmobil Premium Toys & Games Toy,"High-quality playmobil toy designed to meet your needs. Featuring superior craftsmanship and materials, this item offers great value and performance. Add it to your cart today!",Toys_Games.jpg,7,155
1523,Fisher-Price Professional Toys & Games Toy,"High-quality fisher-price toy designed to meet your needs. Featuring superior craftsmanship and materials, this item offers great value and performance. Add it to your cart today!",Toys_Games.jpg,7,9
1524,Bed Bath & Beyond Silk Curtains in Black,Control light and add privacy with these elegant bed curtains. The quality fabric and careful construction enhance your room's decor while serving a practical purpose.,Home_Kitchen.jpg,3,198
1525,Oxford Essential Books Book (2),"High-quality oxford (2) designed to meet your needs. Featuring superior craftsmanship and materials, this item offers great value and performance. Add it to your cart today!",Books.jpg,6,23
1526,Schwinn Red Yoga Mat,Enhance your practice with this premium schwinn yoga mat. The perfect thickness provides cushioning for your joints while maintaining stability for all poses.,Sports_Outdoors.jpg,5,8
1527,Simon & Schuster Luxury Books Book (4),"High-quality simon (4) designed to meet your needs. Featuring superior craftsmanship and materials, this item offers great value and performance. Add it to your cart today!",Books.jpg,6,181
1528,L'Oréal Shampoo for Curly Hair (1),Revitalize your hair with this specialized l'oréal shampoo. Formulated to cleanse gently while addressing your specific hair needs for healthier-looking results.,Beauty_Personal_Care.jpg,4,9
1529,Mattel Toys & Games Game Set (14),"High-quality mattel (14) designed to meet your needs. Featuring superior craftsmanship and materials, this item offers great value and performance. Add it to your cart today!",Toys_Games.jpg,7,164
1530,Mattel Toys & Games Game Set (15),"High-quality mattel (15) designed to meet your needs. Featuring superior craftsmanship and materials, this item offers great value and performance. Add it to your cart today!",Toys_Games.jpg,7,87
1531,Digital Camera Samsung Basic,"Capture life's precious moments with exceptional clarity using this digital camera. With advanced features and intuitive controls, it's perfect for both beginners and photography enthusiasts.",Electronics.jpg,1,104
1532,L'Oréal Vanilla Essential Oil,Enhance your wellbeing with this pure l'oréal essential oil. The carefully extracted aroma creates a pleasant environment for relaxation and focus.,Beauty_Personal_Care.jpg,4,160
1533,Pottery Barn Ceramic Utensil Set,Make meal preparation a pleasure with this quality pottery utensil set. Featuring ergonomic handles and durable construction for years of cooking enjoyment.,Home_Kitchen.jpg,3,180
1534,Ralph Lauren Wood Jacket,"Stay warm and stylish with this versatile ralph jacket. Perfect for layering in changing weather, it combines fashion and function for your everyday outfits.",Clothing.jpg,2,44
1535,Under Armour Trekking Poles (1),Navigate any terrain with confidence using these sturdy under trekking poles. Adjustable height and comfortable grips reduce strain on your joints during hikes.,Sports_Outdoors.jpg,5,130
1536,Drone Canon Next,Explore the world from above with this drone drone. Capture stunning aerial footage with its high-quality camera and enjoy precise control with its intuitive flight features.,Electronics.jpg,1,96
1537,3M Car Automotive (13),"High-quality 3m (13) designed to meet your needs. Featuring superior craftsmanship and materials, this item offers great value and performance. Add it to your cart today!",Automotive.jpg,8,173
1538,Digital Camera Xiaomi Air,"Capture life's precious moments with exceptional clarity using this digital camera. With advanced features and intuitive controls, it's perfect for both beginners and photography enthusiasts.",Electronics.jpg,1,71
1539,The North Face Tennis Racket (1),Improve your game with this professional-grade the tennis racket. The balanced design and quality strings give you better control and power on every shot.,Sports_Outdoors.jpg,5,6
1540,IKEA Wood Rug 55m,Transform your space with this beautiful ikea rug. The quality materials and expert craftsmanship add comfort underfoot and a touch of style to any room.,Home_Kitchen.jpg,3,79
1541,Tommy Hilfiger Modern Jeans (1),These premium tommy jeans combine style and comfort for your everyday look. Featuring quality denim and expert craftsmanship for a perfect fit that lasts through countless wears.,Clothing.jpg,2,47
1542,Levi's Metal Jacket (1),"Stay warm and stylish with this versatile levi's jacket. Perfect for layering in changing weather, it combines fashion and function for your everyday outfits.",Clothing.jpg,23,101
1543,Oxford Fantastic Books Book (2),"High-quality oxford (2) designed to meet your needs. Featuring superior craftsmanship and materials, this item offers great value and performance. Add it to your cart today!",Books.jpg,6,162
1544,Gaming Console Canon Premium,"Dive into immersive gaming experiences with this gaming gaming console. Featuring powerful graphics, fast loading times, and access to an extensive library of games for endless entertainment.",Electronics.jpg,1,144
1545,Tommy Hilfiger Cap in Yellow,Top off your casual look with this stylish tommy cap. Featuring adjustable sizing for a perfect fit and quality construction for lasting wear.,Clothing.jpg,2,74
1546,Kay Cotton Jewelry Boxes (1),"High-quality kay (1) designed to meet your needs. Featuring superior craftsmanship and materials, this item offers great value and performance. Add it to your cart today!",Jewelry.jpg,40,53
1547,Under Armour Exercise Bike (1),Take your fitness to the next level with this under exercise bike. The adjustable resistance and comfortable design make it perfect for home workouts of any intensity.,Sports_Outdoors.jpg,5,196
1548,Penguin Classic Books Book (4),"High-quality penguin (4) designed to meet your needs. Featuring superior craftsmanship and materials, this item offers great value and performance. Add it to your cart today!",Books.jpg,6,70
1549,KitchenAid Vintage Wall Clock,Keep track of time in style with this kitchenaid wall clock. The clean design and reliable mechanism make it both a functional timepiece and attractive decor element.,Home_Kitchen.jpg,3,182
1550,Nivea Matte Lipstick in Pink,Make a statement with this vibrant nivea lipstick. The creamy formula glides on smoothly for comfortable wear and stunning color that lasts.,Beauty_Personal_Care.jpg,4,55
1551,Adidas Pink Yoga Mat,Enhance your practice with this premium adidas yoga mat. The perfect thickness provides cushioning for your joints while maintaining stability for all poses.,Sports_Outdoors.jpg,5,3
1552,NOW Foods Health & Wellness Aid (10),"High-quality now (10) designed to meet your needs. Featuring superior craftsmanship and materials, this item offers great value and performance. Add it to your cart today!",Health_Wellness.jpg,9,197
1553,Vintage Advanced Books Book (7),"High-quality vintage (7) designed to meet your needs. Featuring superior craftsmanship and materials, this item offers great value and performance. Add it to your cart today!",Books.jpg,6,105
1554,Vintage Classic Books Book (5),"High-quality vintage (5) designed to meet your needs. Featuring superior craftsmanship and materials, this item offers great value and performance. Add it to your cart today!",Books.jpg,6,125
1555,LEGO Fantastic Toys & Games Toy (3),"High-quality lego (3) designed to meet your needs. Featuring superior craftsmanship and materials, this item offers great value and performance. Add it to your cart today!",Toys_Games.jpg,7,10
1556,IKEA Silk Blanket in Pink,Stay cozy year-round with this soft ikea blanket. Perfect for snuggling on the couch or adding an extra layer of warmth to your bed.,Home_Kitchen.jpg,3,191
1557,Under Armour Vintage Dress in Orange,Make a statement with this beautiful under dress. The flattering silhouette and quality fabric ensure you'll look and feel amazing for any special occasion.,Clothing.jpg,23,87
1558,Bed Bath & Beyond Vintage Table Lamp,Add ambient lighting to any room with this stylish bed table lamp. The elegant design complements your decor while providing perfect illumination for reading and relaxing.,Home_Kitchen.jpg,3,197
1559,Michelin Car Automotive (10),"High-quality michelin (10) designed to meet your needs. Featuring superior craftsmanship and materials, this item offers great value and performance. Add it to your cart today!",Automotive.jpg,8,163
1560,Shell Car Automotive (11),"High-quality shell (11) designed to meet your needs. Featuring superior craftsmanship and materials, this item offers great value and performance. Add it to your cart today!",Automotive.jpg,8,54
1561,Nivea Spicy Essential Oil,Enhance your wellbeing with this pure nivea essential oil. The carefully extracted aroma creates a pleasant environment for relaxation and focus.,Beauty_Personal_Care.jpg,4,140
1562,Hasbro Professional Toys & Games Toy (2),"High-quality hasbro (2) designed to meet your needs. Featuring superior craftsmanship and materials, this item offers great value and performance. Add it to your cart today!",Toys_Games.jpg,7,83
1563,Garnier Spicy Deodorant,Stay fresh and confident all day with this effective garnier deodorant. The gentle formula provides long-lasting protection without irritating sensitive skin.,Beauty_Personal_Care.jpg,4,130
1564,Harper Essential Books Book (3),"High-quality harper (3) designed to meet your needs. Featuring superior craftsmanship and materials, this item offers great value and performance. Add it to your cart today!",Books.jpg,6,113
1565,The North Face Black Backpack,Carry your gear in comfort with this thoughtfully designed the backpack. Multiple compartments and ergonomic straps make it perfect for any activity.,Sports_Outdoors.jpg,5,7
1566,Garden of Life Health & Wellness Luxury Supplement,"High-quality garden supplement designed to meet your needs. Featuring superior craftsmanship and materials, this item offers great value and performance. Add it to your cart today!",Health_Wellness.jpg,9,38
1567,Pottery Barn Non-stick Pan 55cm,"Elevate your cooking with this premium pottery non-stick pan. Designed for even heat distribution and easy food release, it makes preparing your favorite dishes a pleasure.",Home_Kitchen.jpg,3,69
1568,Kay Silk Jewelry,"High-quality kay jewelry designed to meet your needs. Featuring superior craftsmanship and materials, this item offers great value and performance. Add it to your cart today!",Jewelry.jpg,10,57
1569,Tablet Canon Next (1),"Stay productive and entertained with this versatile tablet tablet. Featuring a responsive touchscreen, powerful performance, and long battery life. Perfect for browsing, reading, and media consumption.",Electronics.jpg,1,42
1570,Olay Facial Serum (1),Transform your skin with this powerful olay facial serum. Concentrated active ingredients target specific concerns for visible improvement in your complexion.,Beauty_Personal_Care.jpg,4,4
1571,Tablet Apple Air,"Stay productive and entertained with this versatile tablet tablet. Featuring a responsive touchscreen, powerful performance, and long battery life. Perfect for browsing, reading, and media consumption.",Electronics.jpg,1,19
1572,Estée Lauder Facial Serum,Transform your skin with this powerful estée facial serum. Concentrated active ingredients target specific concerns for visible improvement in your complexion.,Beauty_Personal_Care.jpg,4,121
1573,Bosch Automotive Luxury Accessory,"High-quality bosch accessory designed to meet your needs. Featuring superior craftsmanship and materials, this item offers great value and performance. Add it to your cart today!",Automotive.jpg,8,17
1574,Fisher-Price Classic Toys & Games Toy (2),"High-quality fisher-price (2) designed to meet your needs. Featuring superior craftsmanship and materials, this item offers great value and performance. Add it to your cart today!",Toys_Games.jpg,7,84
1575,Harper Professional Books Book (4),"High-quality harper (4) designed to meet your needs. Featuring superior craftsmanship and materials, this item offers great value and performance. Add it to your cart today!",Books.jpg,6,71
1576,Zara Modern Sneakers,"Step out in style with these zara sneakers. Designed for both comfort and fashion, they feature cushioned insoles and durable construction for all-day wear.",Clothing.jpg,13,94
1577,Castrol Automotive Essential Accessory (2),"High-quality castrol (2) designed to meet your needs. Featuring superior craftsmanship and materials, this item offers great value and performance. Add it to your cart today!",Automotive.jpg,8,10
1578,Speedo Yellow Backpack,Carry your gear in comfort with this thoughtfully designed speedo backpack. Multiple compartments and ergonomic straps make it perfect for any activity.,Sports_Outdoors.jpg,5,173
1579,OXO Ceramic Planter 25cm,Display your favorite plants in style with this attractive oxo planter. The quality materials and thoughtful design make it a beautiful addition to any space.,Home_Kitchen.jpg,3,76
1580,Simon & Schuster Luxury Books Book (5),"High-quality simon (5) designed to meet your needs. Featuring superior craftsmanship and materials, this item offers great value and performance. Add it to your cart today!",Books.jpg,6,158
1581,Bed Bath & Beyond Leather Utensil Set,Make meal preparation a pleasure with this quality bed utensil set. Featuring ergonomic handles and durable construction for years of cooking enjoyment.,Home_Kitchen.jpg,3,149
1582,Adidas Checkered Socks,Keep your feet comfortable all day with these quality adidas socks. Designed with cushioning in all the right places and made from breathable materials.,Clothing.jpg,2,21
1583,Swarovski Silk Men's Jewelry,"High-quality swarovski jewelry designed to meet your needs. Featuring superior craftsmanship and materials, this item offers great value and performance. Add it to your cart today!",Jewelry.jpg,16,143
1584,Simon & Schuster Deluxe Books Book (1),"High-quality simon (1) designed to meet your needs. Featuring superior craftsmanship and materials, this item offers great value and performance. Add it to your cart today!",Books.jpg,6,149
1585,The North Face Exercise Bike,Take your fitness to the next level with this the exercise bike. The adjustable resistance and comfortable design make it perfect for home workouts of any intensity.,Sports_Outdoors.jpg,5,185
1586,Pyrex Wool Elegant Organizer,Bring order to any space with this practical pyrex organizer. Thoughtfully designed compartments help you store and access your items with ease.,Home_Kitchen.jpg,3,160
1587,Melissa & Doug Toys & Games Game Set (7),"High-quality melissa (7) designed to meet your needs. Featuring superior craftsmanship and materials, this item offers great value and performance. Add it to your cart today!",Toys_Games.jpg,7,139
1588,Under Armour Solid Socks (1),Keep your feet comfortable all day with these quality under socks. Designed with cushioning in all the right places and made from breathable materials.,Clothing.jpg,13,89
1589,Corelle Wool Planter XXLcm,Display your favorite plants in style with this attractive corelle planter. The quality materials and thoughtful design make it a beautiful addition to any space.,Home_Kitchen.jpg,3,42
1590,Meguiar's Automotive Fantastic Accessory (1),"High-quality meguiar's (1) designed to meet your needs. Featuring superior craftsmanship and materials, this item offers great value and performance. Add it to your cart today!",Automotive.jpg,8,12
1591,"Smart TV Dell 43""","Transform your living room with this smart TV. Enjoy stunning picture quality, vibrant colors, and smart features for all your entertainment needs. Stream your favorite content with ease.",Electronics.jpg,1,128
1592,Penguin Advanced Books Book (3),"High-quality penguin (3) designed to meet your needs. Featuring superior craftsmanship and materials, this item offers great value and performance. Add it to your cart today!",Books.jpg,6,197
1593,Alex and Ani Athletic Men's Jewelry with Glass,"High-quality alex glass designed to meet your needs. Featuring superior craftsmanship and materials, this item offers great value and performance. Add it to your cart today!",Jewelry.jpg,16,8
1594,Cartier Wool Men's Jewelry,"High-quality cartier jewelry designed to meet your needs. Featuring superior craftsmanship and materials, this item offers great value and performance. Add it to your cart today!",Jewelry.jpg,16,186
1595,Corelle Wool Utensil Set,Make meal preparation a pleasure with this quality corelle utensil set. Featuring ergonomic handles and durable construction for years of cooking enjoyment.,Home_Kitchen.jpg,3,10
1596,3M Automotive Luxury Accessory,"High-quality 3m accessory designed to meet your needs. Featuring superior craftsmanship and materials, this item offers great value and performance. Add it to your cart today!",Automotive.jpg,8,158
1597,Calvin Klein Cap in Pink,Top off your casual look with this stylish calvin cap. Featuring adjustable sizing for a perfect fit and quality construction for lasting wear.,Clothing.jpg,2,22
1598,Dove Matte Lipstick in Purple,Make a statement with this vibrant dove lipstick. The creamy formula glides on smoothly for comfortable wear and stunning color that lasts.,Beauty_Personal_Care.jpg,4,27
1599,Tiffany Wool Men's Jewelry (1),"High-quality tiffany (1) designed to meet your needs. Featuring superior craftsmanship and materials, this item offers great value and performance. Add it to your cart today!",Jewelry.jpg,16,102
1600,Pyrex Leather Blanket in Gray,Stay cozy year-round with this soft pyrex blanket. Perfect for snuggling on the couch or adding an extra layer of warmth to your bed.,Home_Kitchen.jpg,3,26
1601,Bosch Athletic Table Lamp,Add ambient lighting to any room with this stylish bosch table lamp. The elegant design complements your decor while providing perfect illumination for reading and relaxing.,Home_Kitchen.jpg,3,131
1602,Gaming Console Xiaomi Ultra,"Dive into immersive gaming experiences with this gaming gaming console. Featuring powerful graphics, fast loading times, and access to an extensive library of games for endless entertainment.",Electronics.jpg,1,10
1603,L'Oréal Shampoo for Colored Hair,Revitalize your hair with this specialized l'oréal shampoo. Formulated to cleanse gently while addressing your specific hair needs for healthier-looking results.,Beauty_Personal_Care.jpg,4,114
1604,West Elm Wood Planter 20cm,Display your favorite plants in style with this attractive west planter. The quality materials and thoughtful design make it a beautiful addition to any space.,Home_Kitchen.jpg,3,150
1605,LEGO Toys & Games Game Set (12),"High-quality lego (12) designed to meet your needs. Featuring superior craftsmanship and materials, this item offers great value and performance. Add it to your cart today!",Toys_Games.jpg,7,107
1606,Mattel Premium Toys & Games Toy,"High-quality mattel toy designed to meet your needs. Featuring superior craftsmanship and materials, this item offers great value and performance. Add it to your cart today!",Toys_Games.jpg,7,147
1607,Drone Asus Elite,Explore the world from above with this drone drone. Capture stunning aerial footage with its high-quality camera and enjoy precise control with its intuitive flight features.,Electronics.jpg,1,99
1608,Puma Cap in Red (1),Top off your casual look with this stylish puma cap. Featuring adjustable sizing for a perfect fit and quality construction for lasting wear.,Clothing.jpg,33,26
1609,Nike 5lb Dumbbell Set,Build strength effectively with this quality nike dumbbell set. The comfortable grip and durable construction make them perfect for a variety of exercises.,Sports_Outdoors.jpg,5,30
1610,Nordic Naturals Health & Wellness Professional Supplement (1),"High-quality nordic (1) designed to meet your needs. Featuring superior craftsmanship and materials, this item offers great value and performance. Add it to your cart today!",Health_Wellness.jpg,9,9
1611,Melissa & Doug Luxury Toys & Games Toy (1),"High-quality melissa (1) designed to meet your needs. Featuring superior craftsmanship and materials, this item offers great value and performance. Add it to your cart today!",Toys_Games.jpg,7,136
1612,Tommy Hilfiger Vintage Jeans,These premium tommy jeans combine style and comfort for your everyday look. Featuring quality denim and expert craftsmanship for a perfect fit that lasts through countless wears.,Clothing.jpg,23,192
1613,Estée Lauder Foundation,Achieve a flawless complexion with this estée foundation. The buildable coverage blends seamlessly for a natural-looking finish that lasts all day.,Beauty_Personal_Care.jpg,4,20
1614,IKEA Wood Blanket in Red,Stay cozy year-round with this soft ikea blanket. Perfect for snuggling on the couch or adding an extra layer of warmth to your bed.,Home_Kitchen.jpg,3,193
1615,Hasbro Deluxe Toys & Games Toy,"High-quality hasbro toy designed to meet your needs. Featuring superior craftsmanship and materials, this item offers great value and performance. Add it to your cart today!",Toys_Games.jpg,7,27
1616,IKEA Wood Blanket in Blue,Stay cozy year-round with this soft ikea blanket. Perfect for snuggling on the couch or adding an extra layer of warmth to your bed.,Home_Kitchen.jpg,3,125
1617,New Balance Elegant Jeans,These premium new jeans combine style and comfort for your everyday look. Featuring quality denim and expert craftsmanship for a perfect fit that lasts through countless wears.,Clothing.jpg,23,81
1618,Harper Essential Books Book (4),"High-quality harper (4) designed to meet your needs. Featuring superior craftsmanship and materials, this item offers great value and performance. Add it to your cart today!",Books.jpg,6,150
1619,Hasbro Essential Toys & Games Toy,"High-quality hasbro toy designed to meet your needs. Featuring superior craftsmanship and materials, this item offers great value and performance. Add it to your cart today!",Toys_Games.jpg,7,52
1620,Fisher-Price Toys & Games Game Set (14),"High-quality fisher-price (14) designed to meet your needs. Featuring superior craftsmanship and materials, this item offers great value and performance. Add it to your cart today!",Toys_Games.jpg,7,24
1621,NOW Foods Health & Wellness Aid (11),"High-quality now (11) designed to meet your needs. Featuring superior craftsmanship and materials, this item offers great value and performance. Add it to your cart today!",Health_Wellness.jpg,9,86
1622,IKEA Glass Pillow,Rest your head on the perfect blend of support and comfort with this ikea pillow. Designed for a restful night's sleep in any sleeping position.,Home_Kitchen.jpg,3,193
1623,Garden of Life Health & Wellness Essential Supplement (1),"High-quality garden (1) designed to meet your needs. Featuring superior craftsmanship and materials, this item offers great value and performance. Add it to your cart today!",Health_Wellness.jpg,9,18
1624,Meguiar's Automotive Fantastic Accessory (2),"High-quality meguiar's (2) designed to meet your needs. Featuring superior craftsmanship and materials, this item offers great value and performance. Add it to your cart today!",Automotive.jpg,8,89
1625,Alex and Ani Modern Jewelry with Wood,"High-quality alex wood designed to meet your needs. Featuring superior craftsmanship and materials, this item offers great value and performance. Add it to your cart today!",Jewelry.jpg,10,30
1626,Power Bank Sony 65mAh,"Never run out of battery again with this reliable power power bank. Compact yet powerful, it provides multiple charges for your devices when you're on the go.",Electronics.jpg,1,22
1627,Random House Classic Books Book (3),"High-quality random (3) designed to meet your needs. Featuring superior craftsmanship and materials, this item offers great value and performance. Add it to your cart today!",Books.jpg,6,51
1628,Tommy Hilfiger Pink Hoodie,"Stay cozy in this comfortable tommy hoodie. Perfect for relaxed weekends or active days, it's made from soft fabric that keeps you warm without weighing you down.",Clothing.jpg,13,197
1629,Swarovski Metal Jewelry Boxes,"High-quality swarovski boxes designed to meet your needs. Featuring superior craftsmanship and materials, this item offers great value and performance. Add it to your cart today!",Jewelry.jpg,40,182
1630,Oxford Luxury Books Book,"High-quality oxford book designed to meet your needs. Featuring superior craftsmanship and materials, this item offers great value and performance. Add it to your cart today!",Books.jpg,6,151
1631,Wayfair Glass Modern Organizer,Bring order to any space with this practical wayfair organizer. Thoughtfully designed compartments help you store and access your items with ease.,Home_Kitchen.jpg,3,166
1632,Random House Advanced Books Book (5),"High-quality random (5) designed to meet your needs. Featuring superior craftsmanship and materials, this item offers great value and performance. Add it to your cart today!",Books.jpg,6,72
1633,Estée Lauder Nail Polish in Gray,Add a pop of color to your nails with this estée nail polish. The smooth application and chip-resistant formula keep your manicure looking fresh for days.,Beauty_Personal_Care.jpg,4,149
1634,Kay Minimalist Jewelry with Plastic,"High-quality kay plastic designed to meet your needs. Featuring superior craftsmanship and materials, this item offers great value and performance. Add it to your cart today!",Jewelry.jpg,10,85
1635,"Laptop Xiaomi Elite M""","Elevate your productivity with this laptop laptop. Designed for performance with a fast processor, ample storage, and crisp display. Ideal for work, entertainment, and creativity wherever you go.",Electronics.jpg,1,153
1636,"Monitor JBL 25""","Enhance your viewing experience with this monitor monitor. Featuring crisp visuals, accurate colors, and eye-comfort technology for reduced strain during long usage sessions.",Electronics.jpg,1,41
1637,LEGO Premium Toys & Games Toy (1),"High-quality lego (1) designed to meet your needs. Featuring superior craftsmanship and materials, this item offers great value and performance. Add it to your cart today!",Toys_Games.jpg,7,74
1638,MAC Perfume Citrus,Discover your signature scent with this exquisite mac perfume. The carefully crafted fragrance notes evolve throughout the day for a truly personal experience.,Beauty_Personal_Care.jpg,4,170
1639,IKEA Leather Curtains in Pink,Control light and add privacy with these elegant ikea curtains. The quality fabric and careful construction enhance your room's decor while serving a practical purpose.,Home_Kitchen.jpg,3,106
1640,Random House Deluxe Books Book (2),"High-quality random (2) designed to meet your needs. Featuring superior craftsmanship and materials, this item offers great value and performance. Add it to your cart today!",Books.jpg,6,82
1641,Bosch Automotive Classic Accessory (2),"High-quality bosch (2) designed to meet your needs. Featuring superior craftsmanship and materials, this item offers great value and performance. Add it to your cart today!",Automotive.jpg,8,132
1642,Tablet Apple Lite,"Stay productive and entertained with this versatile tablet tablet. Featuring a responsive touchscreen, powerful performance, and long battery life. Perfect for browsing, reading, and media consumption.",Electronics.jpg,1,147
1643,Zara Glass Scarf in Yellow,Add a touch of elegance to any outfit with this beautiful zara scarf. The soft fabric and stylish design make it a versatile accessory for any season.,Clothing.jpg,33,31
1644,Puma Patterned Socks,Keep your feet comfortable all day with these quality puma socks. Designed with cushioning in all the right places and made from breathable materials.,Clothing.jpg,13,99
1645,Tiffany Elegant Jewelry Boxes with Plastic,"High-quality tiffany plastic designed to meet your needs. Featuring superior craftsmanship and materials, this item offers great value and performance. Add it to your cart today!",Jewelry.jpg,40,179
1646,Nordic Naturals Health & Wellness Aid (9),"High-quality nordic (9) designed to meet your needs. Featuring superior craftsmanship and materials, this item offers great value and performance. Add it to your cart today!",Health_Wellness.jpg,9,130
1647,NOW Foods Health & Wellness Aid (12),"High-quality now (12) designed to meet your needs. Featuring superior craftsmanship and materials, this item offers great value and performance. Add it to your cart today!",Health_Wellness.jpg,9,166
1648,The North Face Bicycle Helmet,Protect yourself in style with this safety-certified the bicycle helmet. The adjustable fit and ventilation system ensure comfort during your rides.,Sports_Outdoors.jpg,5,143
1649,Bosch Car Automotive (14),"High-quality bosch (14) designed to meet your needs. Featuring superior craftsmanship and materials, this item offers great value and performance. Add it to your cart today!",Automotive.jpg,8,192
1650,Random House Classic Books Book (4),"High-quality random (4) designed to meet your needs. Featuring superior craftsmanship and materials, this item offers great value and performance. Add it to your cart today!",Books.jpg,6,83
1651,Bosch Car Automotive (15),"High-quality bosch (15) designed to meet your needs. Featuring superior craftsmanship and materials, this item offers great value and performance. Add it to your cart today!",Automotive.jpg,8,65
1652,Pottery Barn Leather Casual Organizer,Bring order to any space with this practical pottery organizer. Thoughtfully designed compartments help you store and access your items with ease.,Home_Kitchen.jpg,3,68
1653,Clinique Matte Lipstick in Black,Make a statement with this vibrant clinique lipstick. The creamy formula glides on smoothly for comfortable wear and stunning color that lasts.,Beauty_Personal_Care.jpg,4,197
1654,Drone Dell Basic,Explore the world from above with this drone drone. Capture stunning aerial footage with its high-quality camera and enjoy precise control with its intuitive flight features.,Electronics.jpg,1,145
1655,KitchenAid Cotton Pillow,Rest your head on the perfect blend of support and comfort with this kitchenaid pillow. Designed for a restful night's sleep in any sleeping position.,Home_Kitchen.jpg,3,79
1656,Nordic Naturals Health & Wellness Premium Supplement,"High-quality nordic supplement designed to meet your needs. Featuring superior craftsmanship and materials, this item offers great value and performance. Add it to your cart today!",Health_Wellness.jpg,9,132
1657,Simon & Schuster Premium Books Book (3),"High-quality simon (3) designed to meet your needs. Featuring superior craftsmanship and materials, this item offers great value and performance. Add it to your cart today!",Books.jpg,6,173
1658,Power Bank Lenovo 40mAh,"Never run out of battery again with this reliable power power bank. Compact yet powerful, it provides multiple charges for your devices when you're on the go.",Electronics.jpg,1,77
1659,Centrum Health & Wellness Aid (14),"High-quality centrum (14) designed to meet your needs. Featuring superior craftsmanship and materials, this item offers great value and performance. Add it to your cart today!",Health_Wellness.jpg,9,37
1660,Tefal Wool Rug XLm,Transform your space with this beautiful tefal rug. The quality materials and expert craftsmanship add comfort underfoot and a touch of style to any room.,Home_Kitchen.jpg,3,156
1661,Nature's Way Health & Wellness Aid (20),"High-quality nature's (20) designed to meet your needs. Featuring superior craftsmanship and materials, this item offers great value and performance. Add it to your cart today!",Health_Wellness.jpg,9,176
1662,KitchenAid Ceramic Utensil Set,Make meal preparation a pleasure with this quality kitchenaid utensil set. Featuring ergonomic handles and durable construction for years of cooking enjoyment.,Home_Kitchen.jpg,3,27
1663,IKEA Cotton Blanket in Orange,Stay cozy year-round with this soft ikea blanket. Perfect for snuggling on the couch or adding an extra layer of warmth to your bed.,Home_Kitchen.jpg,3,140
1664,Revlon Nail Polish in Orange (1),Add a pop of color to your nails with this revlon nail polish. The smooth application and chip-resistant formula keep your manicure looking fresh for days.,Beauty_Personal_Care.jpg,4,115
1665,Under Armour Golf Set (1),Improve your performance on the course with this premium under golf set. Clubs for every situation help you tackle any hole with confidence.,Sports_Outdoors.jpg,5,101
1666,Meguiar's Automotive Classic Accessory (2),"High-quality meguiar's (2) designed to meet your needs. Featuring superior craftsmanship and materials, this item offers great value and performance. Add it to your cart today!",Automotive.jpg,8,99
1667,Puma Bohemian Skirt in Pink,Add versatility to your wardrobe with this stylish puma skirt. The flattering cut and quality fabric make it perfect for both casual and dressier occasions.,Clothing.jpg,2,92
1668,Gaming Console Philips Premium,"Dive into immersive gaming experiences with this gaming gaming console. Featuring powerful graphics, fast loading times, and access to an extensive library of games for endless entertainment.",Electronics.jpg,1,77
1669,Swarovski Minimalist Jewelry Boxes with Cotton,"High-quality swarovski cotton designed to meet your needs. Featuring superior craftsmanship and materials, this item offers great value and performance. Add it to your cart today!",Jewelry.jpg,40,179
1670,The North Face Trekking Poles,Navigate any terrain with confidence using these sturdy the trekking poles. Adjustable height and comfortable grips reduce strain on your joints during hikes.,Sports_Outdoors.jpg,5,74
1671,Garden of Life Health & Wellness Aid (25),"High-quality garden (25) designed to meet your needs. Featuring superior craftsmanship and materials, this item offers great value and performance. Add it to your cart today!",Health_Wellness.jpg,9,2
1672,Castrol Automotive Fantastic Accessory (1),"High-quality castrol (1) designed to meet your needs. Featuring superior craftsmanship and materials, this item offers great value and performance. Add it to your cart today!",Automotive.jpg,8,158
1673,Random House Fantastic Books Book (3),"High-quality random (3) designed to meet your needs. Featuring superior craftsmanship and materials, this item offers great value and performance. Add it to your cart today!",Books.jpg,6,186
1674,Swarovski Glass Men's Jewelry,"High-quality swarovski jewelry designed to meet your needs. Featuring superior craftsmanship and materials, this item offers great value and performance. Add it to your cart today!",Jewelry.jpg,16,131
1675,3M Automotive Classic Accessory (3),"High-quality 3m (3) designed to meet your needs. Featuring superior craftsmanship and materials, this item offers great value and performance. Add it to your cart today!",Automotive.jpg,8,192
1676,NOW Foods Health & Wellness Aid (13),"High-quality now (13) designed to meet your needs. Featuring superior craftsmanship and materials, this item offers great value and performance. Add it to your cart today!",Health_Wellness.jpg,9,195
1677,"Laptop Xiaomi Basic M""","Elevate your productivity with this laptop laptop. Designed for performance with a fast processor, ample storage, and crisp display. Ideal for work, entertainment, and creativity wherever you go.",Electronics.jpg,1,84
1678,Bed Bath & Beyond Bohemian Table Lamp,Add ambient lighting to any room with this stylish bed table lamp. The elegant design complements your decor while providing perfect illumination for reading and relaxing.,Home_Kitchen.jpg,3,39
1679,3M Automotive Luxury Accessory (1),"High-quality 3m (1) designed to meet your needs. Featuring superior craftsmanship and materials, this item offers great value and performance. Add it to your cart today!",Automotive.jpg,8,3
1680,Tiffany Ceramic Jewelry,"High-quality tiffany jewelry designed to meet your needs. Featuring superior craftsmanship and materials, this item offers great value and performance. Add it to your cart today!",Jewelry.jpg,10,149
1681,CeraVe Foundation,Achieve a flawless complexion with this cerave foundation. The buildable coverage blends seamlessly for a natural-looking finish that lasts all day.,Beauty_Personal_Care.jpg,4,177
1682,Wilson Basketball (2),Take your game to the court with this quality wilson basketball. The perfect grip and bounce consistency improve your handling and shooting accuracy.,Sports_Outdoors.jpg,5,62
1683,Puma Cotton Scarf in Black,Add a touch of elegance to any outfit with this beautiful puma scarf. The soft fabric and stylish design make it a versatile accessory for any season.,Clothing.jpg,2,60
1684,Gap Cap in Blue,Top off your casual look with this stylish gap cap. Featuring adjustable sizing for a perfect fit and quality construction for lasting wear.,Clothing.jpg,33,81
1685,Pandora Athletic Men's Jewelry with Cotton (1),"Elevate your cooking with this premium pandora non-stick pan. Designed for even heat distribution and easy food release, it makes preparing your favorite dishes a pleasure.",Jewelry.jpg,16,190
1686,KitchenAid Modern Table Lamp,Add ambient lighting to any room with this stylish kitchenaid table lamp. The elegant design complements your decor while providing perfect illumination for reading and relaxing.,Home_Kitchen.jpg,3,101
1687,Tommy Hilfiger Minimalist Skirt in Pink,Add versatility to your wardrobe with this stylish tommy skirt. The flattering cut and quality fabric make it perfect for both casual and dressier occasions.,Clothing.jpg,23,113
1688,Speedo Gray Backpack,Carry your gear in comfort with this thoughtfully designed speedo backpack. Multiple compartments and ergonomic straps make it perfect for any activity.,Sports_Outdoors.jpg,5,164
1689,KitchenAid Minimalist Wall Clock,Keep track of time in style with this kitchenaid wall clock. The clean design and reliable mechanism make it both a functional timepiece and attractive decor element.,Home_Kitchen.jpg,3,88
1690,Melissa & Doug Toys & Games Game Set (8),"High-quality melissa (8) designed to meet your needs. Featuring superior craftsmanship and materials, this item offers great value and performance. Add it to your cart today!",Toys_Games.jpg,7,134
1691,Fisher-Price Toys & Games Game Set (15),"High-quality fisher-price (15) designed to meet your needs. Featuring superior craftsmanship and materials, this item offers great value and performance. Add it to your cart today!",Toys_Games.jpg,7,126
1692,CeraVe Skincare Kit (1),"Complete your skincare routine with this comprehensive cerave skincare kit. Each product works together to cleanse, treat, and protect your skin for optimal results.",Beauty_Personal_Care.jpg,4,43
1693,Smart Speaker Lenovo,"Fill your space with rich, room-filling sound from this smart speaker. With clear highs and deep bass, it delivers an immersive audio experience for music, movies, and more.",Electronics.jpg,1,74
1694,Melissa & Doug Classic Toys & Games Toy (3),"High-quality melissa (3) designed to meet your needs. Featuring superior craftsmanship and materials, this item offers great value and performance. Add it to your cart today!",Toys_Games.jpg,7,112
1695,Kay Silk Men's Jewelry (1),"High-quality kay (1) designed to meet your needs. Featuring superior craftsmanship and materials, this item offers great value and performance. Add it to your cart today!",Jewelry.jpg,16,42
1696,Gap Glass Scarf in Black,Add a touch of elegance to any outfit with this beautiful gap scarf. The soft fabric and stylish design make it a versatile accessory for any season.,Clothing.jpg,2,117
1697,Nike Bicycle Helmet,Protect yourself in style with this safety-certified nike bicycle helmet. The adjustable fit and ventilation system ensure comfort during your rides.,Sports_Outdoors.jpg,5,50
1698,Adidas Golf Set,Improve your performance on the course with this premium adidas golf set. Clubs for every situation help you tackle any hole with confidence.,Sports_Outdoors.jpg,5,115
1699,Speedo Basketball (1),Take your game to the court with this quality speedo basketball. The perfect grip and bounce consistency improve your handling and shooting accuracy.,Sports_Outdoors.jpg,5,105
1700,New Balance Modern Skirt in Black,Add versatility to your wardrobe with this stylish new skirt. The flattering cut and quality fabric make it perfect for both casual and dressier occasions.,Clothing.jpg,2,8
1701,NOW Foods Health & Wellness Aid (14),"High-quality now (14) designed to meet your needs. Featuring superior craftsmanship and materials, this item offers great value and performance. Add it to your cart today!",Health_Wellness.jpg,9,191
1702,Garden of Life Health & Wellness Advanced Supplement (2),"High-quality garden (2) designed to meet your needs. Featuring superior craftsmanship and materials, this item offers great value and performance. Add it to your cart today!",Health_Wellness.jpg,9,179
1703,Power Bank Dell 15mAh,"Never run out of battery again with this reliable power power bank. Compact yet powerful, it provides multiple charges for your devices when you're on the go.",Electronics.jpg,1,22
1704,Corelle Elegant Wall Clock,Keep track of time in style with this corelle wall clock. The clean design and reliable mechanism make it both a functional timepiece and attractive decor element.,Home_Kitchen.jpg,3,147
1705,Nordic Naturals Health & Wellness Essential Supplement,"High-quality nordic supplement designed to meet your needs. Featuring superior craftsmanship and materials, this item offers great value and performance. Add it to your cart today!",Health_Wellness.jpg,9,194
1706,New Balance Cap in Orange,Top off your casual look with this stylish new cap. Featuring adjustable sizing for a perfect fit and quality construction for lasting wear.,Clothing.jpg,23,29
1707,Callaway Basketball (2),Take your game to the court with this quality callaway basketball. The perfect grip and bounce consistency improve your handling and shooting accuracy.,Sports_Outdoors.jpg,5,6
1708,West Elm Non-stick Pan 43cm,"Elevate your cooking with this premium west non-stick pan. Designed for even heat distribution and easy food release, it makes preparing your favorite dishes a pleasure.",Home_Kitchen.jpg,3,139
1709,L'Oréal Moisturizing Cream (1),Nourish your skin with this luxurious l'oréal moisturizing cream. Formulated with quality ingredients to hydrate and protect your skin for a radiant complexion.,Beauty_Personal_Care.jpg,4,50
1710,Penguin Advanced Books Book (4),"High-quality penguin (4) designed to meet your needs. Featuring superior craftsmanship and materials, this item offers great value and performance. Add it to your cart today!",Books.jpg,6,59
1711,Olay Nail Polish in Orange,Add a pop of color to your nails with this olay nail polish. The smooth application and chip-resistant formula keep your manicure looking fresh for days.,Beauty_Personal_Care.jpg,4,55
1712,Bluetooth Headphones LG,"Immerse yourself in rich, clear sound with these bluetooth headphones. Featuring comfortable ear cushions and excellent noise isolation. Perfect for music, calls, and entertainment.",Electronics.jpg,1,173
1713,Shell Car Automotive (12),"High-quality shell (12) designed to meet your needs. Featuring superior craftsmanship and materials, this item offers great value and performance. Add it to your cart today!",Automotive.jpg,8,11
1714,KitchenAid Silk Pillow,Rest your head on the perfect blend of support and comfort with this kitchenaid pillow. Designed for a restful night's sleep in any sleeping position.,Home_Kitchen.jpg,3,136
1715,Under Armour Leather Scarf in Green,Add a touch of elegance to any outfit with this beautiful under scarf. The soft fabric and stylish design make it a versatile accessory for any season.,Clothing.jpg,2,116
1716,Cartier Plastic Jewelry (1),"High-quality cartier (1) designed to meet your needs. Featuring superior craftsmanship and materials, this item offers great value and performance. Add it to your cart today!",Jewelry.jpg,10,97
1717,Hasbro Toys & Games Game Set (18),"High-quality hasbro (18) designed to meet your needs. Featuring superior craftsmanship and materials, this item offers great value and performance. Add it to your cart today!",Toys_Games.jpg,7,65
1718,Adidas Casual Pants,"These versatile adidas pants are a wardrobe essential. Combining comfort and style, they transition seamlessly from work to weekend activities.",Clothing.jpg,2,26
1719,Ralph Lauren Athletic Sneakers (1),"Step out in style with these ralph sneakers. Designed for both comfort and fashion, they feature cushioned insoles and durable construction for all-day wear.",Clothing.jpg,23,174
1720,Bosch Automotive Fantastic Accessory,"High-quality bosch accessory designed to meet your needs. Featuring superior craftsmanship and materials, this item offers great value and performance. Add it to your cart today!",Automotive.jpg,8,74
1721,The North Face Bicycle Helmet (1),Protect yourself in style with this safety-certified the bicycle helmet. The adjustable fit and ventilation system ensure comfort during your rides.,Sports_Outdoors.jpg,5,84
1722,Oxford Luxury Books Book (1),"High-quality oxford (1) designed to meet your needs. Featuring superior craftsmanship and materials, this item offers great value and performance. Add it to your cart today!",Books.jpg,6,136
1723,H&M Casual Sneakers,"Step out in style with these h&m sneakers. Designed for both comfort and fashion, they feature cushioned insoles and durable construction for all-day wear.",Clothing.jpg,2,30
1724,LEGO Classic Toys & Games Toy (1),"High-quality lego (1) designed to meet your needs. Featuring superior craftsmanship and materials, this item offers great value and performance. Add it to your cart today!",Toys_Games.jpg,7,25
1725,Hasbro Toys & Games Game Set (19),"High-quality hasbro (19) designed to meet your needs. Featuring superior craftsmanship and materials, this item offers great value and performance. Add it to your cart today!",Toys_Games.jpg,7,18
1726,Harper Classic Books Book (7),"High-quality harper (7) designed to meet your needs. Featuring superior craftsmanship and materials, this item offers great value and performance. Add it to your cart today!",Books.jpg,6,94
1727,Penguin Advanced Books Book (5),"High-quality penguin (5) designed to meet your needs. Featuring superior craftsmanship and materials, this item offers great value and performance. Add it to your cart today!",Books.jpg,6,159
1728,Playmobil Classic Toys & Games Toy (2),"High-quality playmobil (2) designed to meet your needs. Featuring superior craftsmanship and materials, this item offers great value and performance. Add it to your cart today!",Toys_Games.jpg,7,13
1729,Harper Premium Books Book (2),"High-quality harper (2) designed to meet your needs. Featuring superior craftsmanship and materials, this item offers great value and performance. Add it to your cart today!",Books.jpg,6,198
1730,3M Car Automotive (14),"High-quality 3m (14) designed to meet your needs. Featuring superior craftsmanship and materials, this item offers great value and performance. Add it to your cart today!",Automotive.jpg,8,195
1731,Swarovski Casual Men's Jewelry with Wool,"High-quality swarovski wool designed to meet your needs. Featuring superior craftsmanship and materials, this item offers great value and performance. Add it to your cart today!",Jewelry.jpg,16,179
1732,Smartwatch Xiaomi Premium,"Track your fitness goals and stay connected with this feature-packed smartwatch smartwatch. With health monitoring, notifications, and long battery life, it's your perfect daily companion.",Electronics.jpg,1,158
1733,Power Bank Xiaomi XLmAh,"Never run out of battery again with this reliable power power bank. Compact yet powerful, it provides multiple charges for your devices when you're on the go.",Electronics.jpg,1,9
1734,Power Bank Xiaomi LmAh,"Never run out of battery again with this reliable power power bank. Compact yet powerful, it provides multiple charges for your devices when you're on the go.",Electronics.jpg,1,174
1735,Calvin Klein Minimalist Skirt in Blue,Add versatility to your wardrobe with this stylish calvin skirt. The flattering cut and quality fabric make it perfect for both casual and dressier occasions.,Clothing.jpg,23,147
1736,Corelle Silk Planter 65cm,Display your favorite plants in style with this attractive corelle planter. The quality materials and thoughtful design make it a beautiful addition to any space.,Home_Kitchen.jpg,3,147
1737,Callaway Tennis Racket (1),Improve your game with this professional-grade callaway tennis racket. The balanced design and quality strings give you better control and power on every shot.,Sports_Outdoors.jpg,5,118
1738,Kay Glass Jewelry (1),"High-quality kay (1) designed to meet your needs. Featuring superior craftsmanship and materials, this item offers great value and performance. Add it to your cart today!",Jewelry.jpg,10,176
1739,Under Armour Metal Scarf in Blue,Add a touch of elegance to any outfit with this beautiful under scarf. The soft fabric and stylish design make it a versatile accessory for any season.,Clothing.jpg,23,117
1740,Nature's Way Health & Wellness Professional Supplement (2),"High-quality nature's (2) designed to meet your needs. Featuring superior craftsmanship and materials, this item offers great value and performance. Add it to your cart today!",Health_Wellness.jpg,9,87
1741,Ralph Lauren Purple Hoodie,"Stay cozy in this comfortable ralph hoodie. Perfect for relaxed weekends or active days, it's made from soft fabric that keeps you warm without weighing you down.",Clothing.jpg,2,27
1742,Spalding Bicycle Helmet (4),Protect yourself in style with this safety-certified spalding bicycle helmet. The adjustable fit and ventilation system ensure comfort during your rides.,Sports_Outdoors.jpg,5,101
1743,CeraVe Nail Polish in Red,Add a pop of color to your nails with this cerave nail polish. The smooth application and chip-resistant formula keep your manicure looking fresh for days.,Beauty_Personal_Care.jpg,4,38
1744,CeraVe Fresh Deodorant,Stay fresh and confident all day with this effective cerave deodorant. The gentle formula provides long-lasting protection without irritating sensitive skin.,Beauty_Personal_Care.jpg,4,124
1745,Oxford Deluxe Books Book (1),"High-quality oxford (1) designed to meet your needs. Featuring superior craftsmanship and materials, this item offers great value and performance. Add it to your cart today!",Books.jpg,6,38
1746,Maybelline Shampoo for Dry Hair,Revitalize your hair with this specialized maybelline shampoo. Formulated to cleanse gently while addressing your specific hair needs for healthier-looking results.,Beauty_Personal_Care.jpg,4,186
1747,Adidas Yellow Swimming Goggles,Enhance your swimming experience with these comfortable adidas goggles. The watertight seal and anti-fog lenses provide clear vision lap after lap.,Sports_Outdoors.jpg,5,166
1748,Hasbro Toys & Games Game Set (20),"High-quality hasbro (20) designed to meet your needs. Featuring superior craftsmanship and materials, this item offers great value and performance. Add it to your cart today!",Toys_Games.jpg,7,200
1749,Speedo Running Shoes Purple,"Optimize your performance with these specialized speedo running shoes. Designed with support and cushioning in all the right places for comfortable, injury-free training.",Sports_Outdoors.jpg,5,18
1750,Under Armour 25lb Dumbbell Set,Build strength effectively with this quality under dumbbell set. The comfortable grip and durable construction make them perfect for a variety of exercises.,Sports_Outdoors.jpg,5,154
1751,Tefal Cotton Curtains in Orange,Control light and add privacy with these elegant tefal curtains. The quality fabric and careful construction enhance your room's decor while serving a practical purpose.,Home_Kitchen.jpg,3,90
1752,Michelin Car Automotive (11),"High-quality michelin (11) designed to meet your needs. Featuring superior craftsmanship and materials, this item offers great value and performance. Add it to your cart today!",Automotive.jpg,8,168
1753,Nature's Way Health & Wellness Classic Supplement (1),"High-quality nature's (1) designed to meet your needs. Featuring superior craftsmanship and materials, this item offers great value and performance. Add it to your cart today!",Health_Wellness.jpg,9,61
1754,Nature's Way Health & Wellness Advanced Supplement (1),"High-quality nature's (1) designed to meet your needs. Featuring superior craftsmanship and materials, this item offers great value and performance. Add it to your cart today!",Health_Wellness.jpg,9,56
1755,Under Armour Gray T-shirt,"Add a touch of style to your casual wardrobe with this comfortable under t-shirt. Made from soft, breathable fabric that feels great against your skin. Perfect for everyday wear.",Clothing.jpg,33,164
1756,Castrol Automotive Professional Accessory,"High-quality castrol accessory designed to meet your needs. Featuring superior craftsmanship and materials, this item offers great value and performance. Add it to your cart today!",Automotive.jpg,8,123
1757,West Elm Metal Pillow,Rest your head on the perfect blend of support and comfort with this west pillow. Designed for a restful night's sleep in any sleeping position.,Home_Kitchen.jpg,3,81
1758,Nike Minimalist Dress in Blue,Make a statement with this beautiful nike dress. The flattering silhouette and quality fabric ensure you'll look and feel amazing for any special occasion.,Clothing.jpg,2,125
1759,Nivea Matte Lipstick in Gray,Make a statement with this vibrant nivea lipstick. The creamy formula glides on smoothly for comfortable wear and stunning color that lasts.,Beauty_Personal_Care.jpg,4,99
1760,Pandora Elegant Jewelry with Leather,"Elevate your cooking with this premium pandora non-stick pan. Designed for even heat distribution and easy food release, it makes preparing your favorite dishes a pleasure.",Jewelry.jpg,10,7
1761,Fisher-Price Toys & Games Game Set (16),"High-quality fisher-price (16) designed to meet your needs. Featuring superior craftsmanship and materials, this item offers great value and performance. Add it to your cart today!",Toys_Games.jpg,7,118
1762,Cartier Plastic Men's Jewelry (1),"High-quality cartier (1) designed to meet your needs. Featuring superior craftsmanship and materials, this item offers great value and performance. Add it to your cart today!",Jewelry.jpg,16,10
1763,Michelin Car Automotive (12),"High-quality michelin (12) designed to meet your needs. Featuring superior craftsmanship and materials, this item offers great value and performance. Add it to your cart today!",Automotive.jpg,8,87
1764,Random House Advanced Books Book (6),"High-quality random (6) designed to meet your needs. Featuring superior craftsmanship and materials, this item offers great value and performance. Add it to your cart today!",Books.jpg,6,113
1765,CeraVe Moisturizing Cream (3),Nourish your skin with this luxurious cerave moisturizing cream. Formulated with quality ingredients to hydrate and protect your skin for a radiant complexion.,Beauty_Personal_Care.jpg,4,46
1766,Hasbro Toys & Games Game Set (21),"High-quality hasbro (21) designed to meet your needs. Featuring superior craftsmanship and materials, this item offers great value and performance. Add it to your cart today!",Toys_Games.jpg,7,135
1767,"Laptop LG Air 32""","Elevate your productivity with this laptop laptop. Designed for performance with a fast processor, ample storage, and crisp display. Ideal for work, entertainment, and creativity wherever you go.",Electronics.jpg,1,182
1768,Fitbit Bicycle Helmet (2),Protect yourself in style with this safety-certified fitbit bicycle helmet. The adjustable fit and ventilation system ensure comfort during your rides.,Sports_Outdoors.jpg,5,149
1769,Vintage Advanced Books Book (8),"High-quality vintage (8) designed to meet your needs. Featuring superior craftsmanship and materials, this item offers great value and performance. Add it to your cart today!",Books.jpg,6,123
1770,Playmobil Luxury Toys & Games Toy (1),"High-quality playmobil (1) designed to meet your needs. Featuring superior craftsmanship and materials, this item offers great value and performance. Add it to your cart today!",Toys_Games.jpg,7,37
1771,Schwinn Orange Swimming Goggles,Enhance your swimming experience with these comfortable schwinn goggles. The watertight seal and anti-fog lenses provide clear vision lap after lap.,Sports_Outdoors.jpg,5,179
1772,Tiffany Glass Men's Jewelry (2),"High-quality tiffany (2) designed to meet your needs. Featuring superior craftsmanship and materials, this item offers great value and performance. Add it to your cart today!",Jewelry.jpg,16,135
1773,Tablet Sony Max,"Stay productive and entertained with this versatile tablet tablet. Featuring a responsive touchscreen, powerful performance, and long battery life. Perfect for browsing, reading, and media consumption.",Electronics.jpg,1,144
1774,Centrum Health & Wellness Essential Supplement (2),"High-quality centrum (2) designed to meet your needs. Featuring superior craftsmanship and materials, this item offers great value and performance. Add it to your cart today!",Health_Wellness.jpg,9,197
1775,Callaway Exercise Bike (3),Take your fitness to the next level with this callaway exercise bike. The adjustable resistance and comfortable design make it perfect for home workouts of any intensity.,Sports_Outdoors.jpg,5,39
1776,Oxford Fantastic Books Book (3),"High-quality oxford (3) designed to meet your needs. Featuring superior craftsmanship and materials, this item offers great value and performance. Add it to your cart today!",Books.jpg,6,63
1777,Callaway 25lb Dumbbell Set,Build strength effectively with this quality callaway dumbbell set. The comfortable grip and durable construction make them perfect for a variety of exercises.,Sports_Outdoors.jpg,5,94
1778,Under Armour Trekking Poles (2),Navigate any terrain with confidence using these sturdy under trekking poles. Adjustable height and comfortable grips reduce strain on your joints during hikes.,Sports_Outdoors.jpg,5,69
1779,Michelin Car Automotive (13),"High-quality michelin (13) designed to meet your needs. Featuring superior craftsmanship and materials, this item offers great value and performance. Add it to your cart today!",Automotive.jpg,8,37
1780,Levi's Green Hoodie,"Stay cozy in this comfortable levi's hoodie. Perfect for relaxed weekends or active days, it's made from soft fabric that keeps you warm without weighing you down.",Clothing.jpg,33,41
1781,Nike Golf Set,Improve your performance on the course with this premium nike golf set. Clubs for every situation help you tackle any hole with confidence.,Sports_Outdoors.jpg,5,47
1782,Digital Camera LG Plus,"Capture life's precious moments with exceptional clarity using this digital camera. With advanced features and intuitive controls, it's perfect for both beginners and photography enthusiasts.",Electronics.jpg,1,112
1783,Dove Shampoo for Curly Hair,Revitalize your hair with this specialized dove shampoo. Formulated to cleanse gently while addressing your specific hair needs for healthier-looking results.,Beauty_Personal_Care.jpg,4,182
1784,Zara Vintage Skirt in Gray,Add versatility to your wardrobe with this stylish zara skirt. The flattering cut and quality fabric make it perfect for both casual and dressier occasions.,Clothing.jpg,33,157
1785,Wilson Trekking Poles (2),Navigate any terrain with confidence using these sturdy wilson trekking poles. Adjustable height and comfortable grips reduce strain on your joints during hikes.,Sports_Outdoors.jpg,5,114
1786,MAC Matte Lipstick in Yellow,Make a statement with this vibrant mac lipstick. The creamy formula glides on smoothly for comfortable wear and stunning color that lasts.,Beauty_Personal_Care.jpg,4,80
1787,KitchenAid Wool Planter Scm,Display your favorite plants in style with this attractive kitchenaid planter. The quality materials and thoughtful design make it a beautiful addition to any space.,Home_Kitchen.jpg,3,26
1788,West Elm Wood Bed Sheet Set,Experience better sleep with these luxurious west bed sheets. Made from high-quality materials for breathable comfort that lasts wash after wash.,Home_Kitchen.jpg,3,78
1789,Pottery Barn Plastic Curtains in Gray,Control light and add privacy with these elegant pottery curtains. The quality fabric and careful construction enhance your room's decor while serving a practical purpose.,Home_Kitchen.jpg,3,88
1790,Puma Wood Jacket (1),"Stay warm and stylish with this versatile puma jacket. Perfect for layering in changing weather, it combines fashion and function for your everyday outfits.",Clothing.jpg,23,44
1791,Random House Premium Books Book (3),"High-quality random (3) designed to meet your needs. Featuring superior craftsmanship and materials, this item offers great value and performance. Add it to your cart today!",Books.jpg,6,109
1792,Speedo Bicycle Helmet,Protect yourself in style with this safety-certified speedo bicycle helmet. The adjustable fit and ventilation system ensure comfort during your rides.,Sports_Outdoors.jpg,5,39
1793,Pyrex Silk Bohemian Organizer,Bring order to any space with this practical pyrex organizer. Thoughtfully designed compartments help you store and access your items with ease.,Home_Kitchen.jpg,3,184
1794,Hasbro Professional Toys & Games Toy (3),"High-quality hasbro (3) designed to meet your needs. Featuring superior craftsmanship and materials, this item offers great value and performance. Add it to your cart today!",Toys_Games.jpg,7,154
1795,Dove Citrus Deodorant,Stay fresh and confident all day with this effective dove deodorant. The gentle formula provides long-lasting protection without irritating sensitive skin.,Beauty_Personal_Care.jpg,4,90
1796,LEGO Toys & Games Game Set (13),"High-quality lego (13) designed to meet your needs. Featuring superior craftsmanship and materials, this item offers great value and performance. Add it to your cart today!",Toys_Games.jpg,7,128
1797,The North Face Tennis Racket (2),Improve your game with this professional-grade the tennis racket. The balanced design and quality strings give you better control and power on every shot.,Sports_Outdoors.jpg,5,121
1798,Fitbit Black Swimming Goggles,Enhance your swimming experience with these comfortable fitbit goggles. The watertight seal and anti-fog lenses provide clear vision lap after lap.,Sports_Outdoors.jpg,5,70
1799,Alex and Ani Athletic Jewelry with Leather (1),"High-quality alex (1) designed to meet your needs. Featuring superior craftsmanship and materials, this item offers great value and performance. Add it to your cart today!",Jewelry.jpg,10,84
1800,Mattel Essential Toys & Games Toy (1),"High-quality mattel (1) designed to meet your needs. Featuring superior craftsmanship and materials, this item offers great value and performance. Add it to your cart today!",Toys_Games.jpg,7,51
1801,Under Armour Bicycle Helmet,Protect yourself in style with this safety-certified under bicycle helmet. The adjustable fit and ventilation system ensure comfort during your rides.,Sports_Outdoors.jpg,5,3
1802,Harper Premium Books Book (3),"High-quality harper (3) designed to meet your needs. Featuring superior craftsmanship and materials, this item offers great value and performance. Add it to your cart today!",Books.jpg,6,194
1803,Random House Essential Books Book (2),"High-quality random (2) designed to meet your needs. Featuring superior craftsmanship and materials, this item offers great value and performance. Add it to your cart today!",Books.jpg,6,186
1804,Oxford Advanced Books Book (4),"High-quality oxford (4) designed to meet your needs. Featuring superior craftsmanship and materials, this item offers great value and performance. Add it to your cart today!",Books.jpg,6,53
1805,Pandora Metal Jewelry Boxes,"Elevate your cooking with this premium pandora non-stick pan. Designed for even heat distribution and easy food release, it makes preparing your favorite dishes a pleasure.",Jewelry.jpg,40,169
1806,Levi's Silk Jacket (1),"Stay warm and stylish with this versatile levi's jacket. Perfect for layering in changing weather, it combines fashion and function for your everyday outfits.",Clothing.jpg,33,189
1807,Playmobil Toys & Games Game Set (14),"High-quality playmobil (14) designed to meet your needs. Featuring superior craftsmanship and materials, this item offers great value and performance. Add it to your cart today!",Toys_Games.jpg,7,120
1808,CeraVe Foundation (1),Achieve a flawless complexion with this cerave foundation. The buildable coverage blends seamlessly for a natural-looking finish that lasts all day.,Beauty_Personal_Care.jpg,4,199
1809,IKEA Wool Bed Sheet Set,Experience better sleep with these luxurious ikea bed sheets. Made from high-quality materials for breathable comfort that lasts wash after wash.,Home_Kitchen.jpg,3,167
1810,Bed Bath & Beyond Athletic Wall Clock,Keep track of time in style with this bed wall clock. The clean design and reliable mechanism make it both a functional timepiece and attractive decor element.,Home_Kitchen.jpg,3,155
1811,Pandora Minimalist Men's Jewelry with Silk,"Elevate your cooking with this premium pandora non-stick pan. Designed for even heat distribution and easy food release, it makes preparing your favorite dishes a pleasure.",Jewelry.jpg,16,108
1812,West Elm Plastic Blanket in Pink,Stay cozy year-round with this soft west blanket. Perfect for snuggling on the couch or adding an extra layer of warmth to your bed.,Home_Kitchen.jpg,3,49
1813,Swarovski Vintage Men's Jewelry with Silk,"High-quality swarovski silk designed to meet your needs. Featuring superior craftsmanship and materials, this item offers great value and performance. Add it to your cart today!",Jewelry.jpg,16,163
1814,Alex and Ani Metal Jewelry Boxes (2),"High-quality alex (2) designed to meet your needs. Featuring superior craftsmanship and materials, this item offers great value and performance. Add it to your cart today!",Jewelry.jpg,40,52
1815,Bosch Car Automotive (16),"High-quality bosch (16) designed to meet your needs. Featuring superior craftsmanship and materials, this item offers great value and performance. Add it to your cart today!",Automotive.jpg,8,67
1816,Gaming Console JBL Elite,"Dive into immersive gaming experiences with this gaming gaming console. Featuring powerful graphics, fast loading times, and access to an extensive library of games for endless entertainment.",Electronics.jpg,1,11
1817,Kay Athletic Jewelry Boxes with Wool,"High-quality kay wool designed to meet your needs. Featuring superior craftsmanship and materials, this item offers great value and performance. Add it to your cart today!",Jewelry.jpg,40,140
1818,Corelle Leather Blanket in Black,Stay cozy year-round with this soft corelle blanket. Perfect for snuggling on the couch or adding an extra layer of warmth to your bed.,Home_Kitchen.jpg,3,30
1819,Clinique Moisturizing Cream,Nourish your skin with this luxurious clinique moisturizing cream. Formulated with quality ingredients to hydrate and protect your skin for a radiant complexion.,Beauty_Personal_Care.jpg,4,189
1820,Puma Elegant Pants (1),"These versatile puma pants are a wardrobe essential. Combining comfort and style, they transition seamlessly from work to weekend activities.",Clothing.jpg,23,23
1821,Kay Cotton Jewelry,"High-quality kay jewelry designed to meet your needs. Featuring superior craftsmanship and materials, this item offers great value and performance. Add it to your cart today!",Jewelry.jpg,10,5
1822,Simon & Schuster Classic Books Book (4),"High-quality simon (4) designed to meet your needs. Featuring superior craftsmanship and materials, this item offers great value and performance. Add it to your cart today!",Books.jpg,6,192
1823,Nature's Way Health & Wellness Aid (21),"High-quality nature's (21) designed to meet your needs. Featuring superior craftsmanship and materials, this item offers great value and performance. Add it to your cart today!",Health_Wellness.jpg,9,69
1824,Shell Automotive Deluxe Accessory (2),"High-quality shell (2) designed to meet your needs. Featuring superior craftsmanship and materials, this item offers great value and performance. Add it to your cart today!",Automotive.jpg,8,174
1825,Castrol Automotive Luxury Accessory (5),"High-quality castrol (5) designed to meet your needs. Featuring superior craftsmanship and materials, this item offers great value and performance. Add it to your cart today!",Automotive.jpg,8,94
1826,Garden of Life Health & Wellness Premium Supplement (3),"High-quality garden (3) designed to meet your needs. Featuring superior craftsmanship and materials, this item offers great value and performance. Add it to your cart today!",Health_Wellness.jpg,9,61
1827,Oxford Deluxe Books Book (2),"High-quality oxford (2) designed to meet your needs. Featuring superior craftsmanship and materials, this item offers great value and performance. Add it to your cart today!",Books.jpg,6,100
1828,Swarovski Minimalist Jewelry with Wood,"High-quality swarovski wood designed to meet your needs. Featuring superior craftsmanship and materials, this item offers great value and performance. Add it to your cart today!",Jewelry.jpg,10,197
1829,Random House Professional Books Book (8),"High-quality random (8) designed to meet your needs. Featuring superior craftsmanship and materials, this item offers great value and performance. Add it to your cart today!",Books.jpg,6,37
1830,Harper Fantastic Books Book (3),"High-quality harper (3) designed to meet your needs. Featuring superior craftsmanship and materials, this item offers great value and performance. Add it to your cart today!",Books.jpg,6,105
1831,Pandora Classic Jewelry Boxes with Metal,"Elevate your cooking with this premium pandora non-stick pan. Designed for even heat distribution and easy food release, it makes preparing your favorite dishes a pleasure.",Jewelry.jpg,40,12
1832,Harper Professional Books Book (5),"High-quality harper (5) designed to meet your needs. Featuring superior craftsmanship and materials, this item offers great value and performance. Add it to your cart today!",Books.jpg,6,161
1833,Cartier Glass Jewelry,"High-quality cartier jewelry designed to meet your needs. Featuring superior craftsmanship and materials, this item offers great value and performance. Add it to your cart today!",Jewelry.jpg,10,199
1834,The North Face Running Shoes Pink (1),"Optimize your performance with these specialized the running shoes. Designed with support and cushioning in all the right places for comfortable, injury-free training.",Sports_Outdoors.jpg,5,152
1835,Cartier Classic Jewelry with Silk,"High-quality cartier silk designed to meet your needs. Featuring superior craftsmanship and materials, this item offers great value and performance. Add it to your cart today!",Jewelry.jpg,10,135
1836,Adidas Elegant Dress in Red,Make a statement with this beautiful adidas dress. The flattering silhouette and quality fabric ensure you'll look and feel amazing for any special occasion.,Clothing.jpg,2,135
1837,Fisher-Price Deluxe Toys & Games Toy (2),"High-quality fisher-price (2) designed to meet your needs. Featuring superior craftsmanship and materials, this item offers great value and performance. Add it to your cart today!",Toys_Games.jpg,7,137
1838,"Monitor JBL S""","Enhance your viewing experience with this monitor monitor. Featuring crisp visuals, accurate colors, and eye-comfort technology for reduced strain during long usage sessions.",Electronics.jpg,1,84
1839,Kay Ceramic Jewelry Boxes,"High-quality kay boxes designed to meet your needs. Featuring superior craftsmanship and materials, this item offers great value and performance. Add it to your cart today!",Jewelry.jpg,40,85
1840,Playmobil Toys & Games Game Set (15),"High-quality playmobil (15) designed to meet your needs. Featuring superior craftsmanship and materials, this item offers great value and performance. Add it to your cart today!",Toys_Games.jpg,7,159
1841,Columbia Gray Backpack,Carry your gear in comfort with this thoughtfully designed columbia backpack. Multiple compartments and ergonomic straps make it perfect for any activity.,Sports_Outdoors.jpg,5,4
1842,Pandora Classic Men's Jewelry with Wool (1),"Elevate your cooking with this premium pandora non-stick pan. Designed for even heat distribution and easy food release, it makes preparing your favorite dishes a pleasure.",Jewelry.jpg,16,120
1843,Schwinn Orange Yoga Mat (1),Enhance your practice with this premium schwinn yoga mat. The perfect thickness provides cushioning for your joints while maintaining stability for all poses.,Sports_Outdoors.jpg,5,146
1844,Bosch Car Automotive (17),"High-quality bosch (17) designed to meet your needs. Featuring superior craftsmanship and materials, this item offers great value and performance. Add it to your cart today!",Automotive.jpg,8,1
1845,Garnier Shampoo for Oily Hair (1),Revitalize your hair with this specialized garnier shampoo. Formulated to cleanse gently while addressing your specific hair needs for healthier-looking results.,Beauty_Personal_Care.jpg,4,11
1846,GNC Health & Wellness Professional Supplement (3),"High-quality gnc (3) designed to meet your needs. Featuring superior craftsmanship and materials, this item offers great value and performance. Add it to your cart today!",Health_Wellness.jpg,9,27
1847,Bosch Cotton Planter 15cm,Display your favorite plants in style with this attractive bosch planter. The quality materials and thoughtful design make it a beautiful addition to any space.,Home_Kitchen.jpg,3,116
1848,Bed Bath & Beyond Plastic Planter 65cm,Display your favorite plants in style with this attractive bed planter. The quality materials and thoughtful design make it a beautiful addition to any space.,Home_Kitchen.jpg,3,192
1849,Tefal Elegant Wall Clock,Keep track of time in style with this tefal wall clock. The clean design and reliable mechanism make it both a functional timepiece and attractive decor element.,Home_Kitchen.jpg,3,98
1850,KitchenAid Ceramic Blanket in Black,Stay cozy year-round with this soft kitchenaid blanket. Perfect for snuggling on the couch or adding an extra layer of warmth to your bed.,Home_Kitchen.jpg,3,25
1851,KitchenAid Leather Curtains in Orange,Control light and add privacy with these elegant kitchenaid curtains. The quality fabric and careful construction enhance your room's decor while serving a practical purpose.,Home_Kitchen.jpg,3,116
1852,Adidas Green Yoga Mat,Enhance your practice with this premium adidas yoga mat. The perfect thickness provides cushioning for your joints while maintaining stability for all poses.,Sports_Outdoors.jpg,5,13
1853,LEGO Toys & Games Game Set (14),"High-quality lego (14) designed to meet your needs. Featuring superior craftsmanship and materials, this item offers great value and performance. Add it to your cart today!",Toys_Games.jpg,7,16
1854,Cartier Athletic Jewelry Boxes with Cotton,"High-quality cartier cotton designed to meet your needs. Featuring superior craftsmanship and materials, this item offers great value and performance. Add it to your cart today!",Jewelry.jpg,40,76
1855,Mattel Deluxe Toys & Games Toy (2),"High-quality mattel (2) designed to meet your needs. Featuring superior craftsmanship and materials, this item offers great value and performance. Add it to your cart today!",Toys_Games.jpg,7,173
1856,3M Automotive Classic Accessory (4),"High-quality 3m (4) designed to meet your needs. Featuring superior craftsmanship and materials, this item offers great value and performance. Add it to your cart today!",Automotive.jpg,8,125
1857,Garden of Life Health & Wellness Deluxe Supplement,"High-quality garden supplement designed to meet your needs. Featuring superior craftsmanship and materials, this item offers great value and performance. Add it to your cart today!",Health_Wellness.jpg,9,65
1858,Garnier Matte Lipstick in Green (1),Make a statement with this vibrant garnier lipstick. The creamy formula glides on smoothly for comfortable wear and stunning color that lasts.,Beauty_Personal_Care.jpg,4,31
1859,Wayfair Towel Set White,"Wrap yourself in luxury with these premium wayfair towels. Absorbent and soft, they're the perfect addition to your bathroom for everyday comfort.",Home_Kitchen.jpg,3,41
1860,"Monitor LG S""","Enhance your viewing experience with this monitor monitor. Featuring crisp visuals, accurate colors, and eye-comfort technology for reduced strain during long usage sessions.",Electronics.jpg,1,182
1861,3M Car Automotive (15),"High-quality 3m (15) designed to meet your needs. Featuring superior craftsmanship and materials, this item offers great value and performance. Add it to your cart today!",Automotive.jpg,8,60
1862,Under Armour Running Shoes Blue,"Optimize your performance with these specialized under running shoes. Designed with support and cushioning in all the right places for comfortable, injury-free training.",Sports_Outdoors.jpg,5,97
1863,Swarovski Metal Jewelry Boxes (1),"High-quality swarovski (1) designed to meet your needs. Featuring superior craftsmanship and materials, this item offers great value and performance. Add it to your cart today!",Jewelry.jpg,40,45
1864,Tiffany Leather Men's Jewelry (1),"High-quality tiffany (1) designed to meet your needs. Featuring superior craftsmanship and materials, this item offers great value and performance. Add it to your cart today!",Jewelry.jpg,16,169
1865,Revlon Fresh Deodorant,Stay fresh and confident all day with this effective revlon deodorant. The gentle formula provides long-lasting protection without irritating sensitive skin.,Beauty_Personal_Care.jpg,4,21
1866,Spalding Yellow Yoga Mat,Enhance your practice with this premium spalding yoga mat. The perfect thickness provides cushioning for your joints while maintaining stability for all poses.,Sports_Outdoors.jpg,5,160
1867,Centrum Health & Wellness Classic Supplement (3),"High-quality centrum (3) designed to meet your needs. Featuring superior craftsmanship and materials, this item offers great value and performance. Add it to your cart today!",Health_Wellness.jpg,9,168
1868,Calvin Klein Cap in Green,Top off your casual look with this stylish calvin cap. Featuring adjustable sizing for a perfect fit and quality construction for lasting wear.,Clothing.jpg,13,166
1869,Tiffany Glass Jewelry,"High-quality tiffany jewelry designed to meet your needs. Featuring superior craftsmanship and materials, this item offers great value and performance. Add it to your cart today!",Jewelry.jpg,10,68
1870,Levi's Elegant Sneakers (1),"Step out in style with these levi's sneakers. Designed for both comfort and fashion, they feature cushioned insoles and durable construction for all-day wear.",Clothing.jpg,2,50
1871,Oxford Essential Books Book (3),"High-quality oxford (3) designed to meet your needs. Featuring superior craftsmanship and materials, this item offers great value and performance. Add it to your cart today!",Books.jpg,6,163
1872,Michelin Car Automotive (14),"High-quality michelin (14) designed to meet your needs. Featuring superior craftsmanship and materials, this item offers great value and performance. Add it to your cart today!",Automotive.jpg,8,146
1873,Drone Dell Next,Explore the world from above with this drone drone. Capture stunning aerial footage with its high-quality camera and enjoy precise control with its intuitive flight features.,Electronics.jpg,1,168
1874,Kay Minimalist Men's Jewelry with Ceramic,"High-quality kay ceramic designed to meet your needs. Featuring superior craftsmanship and materials, this item offers great value and performance. Add it to your cart today!",Jewelry.jpg,16,67
1875,Harper Advanced Books Book (6),"High-quality harper (6) designed to meet your needs. Featuring superior craftsmanship and materials, this item offers great value and performance. Add it to your cart today!",Books.jpg,6,114
1876,Harper Luxury Books Book,"High-quality harper book designed to meet your needs. Featuring superior craftsmanship and materials, this item offers great value and performance. Add it to your cart today!",Books.jpg,6,150
1877,Olay Facial Serum (2),Transform your skin with this powerful olay facial serum. Concentrated active ingredients target specific concerns for visible improvement in your complexion.,Beauty_Personal_Care.jpg,4,68
1878,"Monitor Dell 20""","Enhance your viewing experience with this monitor monitor. Featuring crisp visuals, accurate colors, and eye-comfort technology for reduced strain during long usage sessions.",Electronics.jpg,1,112
1879,Kay Glass Jewelry (2),"High-quality kay (2) designed to meet your needs. Featuring superior craftsmanship and materials, this item offers great value and performance. Add it to your cart today!",Jewelry.jpg,10,150
1880,Speedo 25lb Dumbbell Set,Build strength effectively with this quality speedo dumbbell set. The comfortable grip and durable construction make them perfect for a variety of exercises.,Sports_Outdoors.jpg,5,42
1881,Centrum Health & Wellness Aid (15),"High-quality centrum (15) designed to meet your needs. Featuring superior craftsmanship and materials, this item offers great value and performance. Add it to your cart today!",Health_Wellness.jpg,9,9
1882,Tommy Hilfiger Cap in Purple,Top off your casual look with this stylish tommy cap. Featuring adjustable sizing for a perfect fit and quality construction for lasting wear.,Clothing.jpg,13,51
1883,NOW Foods Health & Wellness Aid (15),"High-quality now (15) designed to meet your needs. Featuring superior craftsmanship and materials, this item offers great value and performance. Add it to your cart today!",Health_Wellness.jpg,9,76
1884,Vintage Essential Books Book (3),"High-quality vintage (3) designed to meet your needs. Featuring superior craftsmanship and materials, this item offers great value and performance. Add it to your cart today!",Books.jpg,6,143
1885,Nike Tennis Racket,Improve your game with this professional-grade nike tennis racket. The balanced design and quality strings give you better control and power on every shot.,Sports_Outdoors.jpg,5,165
1886,Cartier Glass Men's Jewelry,"High-quality cartier jewelry designed to meet your needs. Featuring superior craftsmanship and materials, this item offers great value and performance. Add it to your cart today!",Jewelry.jpg,16,41
1887,Garnier Perfume Citrus,Discover your signature scent with this exquisite garnier perfume. The carefully crafted fragrance notes evolve throughout the day for a truly personal experience.,Beauty_Personal_Care.jpg,4,72
1888,Bosch Automotive Professional Accessory (1),"High-quality bosch (1) designed to meet your needs. Featuring superior craftsmanship and materials, this item offers great value and performance. Add it to your cart today!",Automotive.jpg,8,6
1889,Playmobil Toys & Games Game Set (16),"High-quality playmobil (16) designed to meet your needs. Featuring superior craftsmanship and materials, this item offers great value and performance. Add it to your cart today!",Toys_Games.jpg,7,160
1890,Alex and Ani Bohemian Jewelry with Glass,"High-quality alex glass designed to meet your needs. Featuring superior craftsmanship and materials, this item offers great value and performance. Add it to your cart today!",Jewelry.jpg,10,151
1891,Mattel Deluxe Toys & Games Toy (3),"High-quality mattel (3) designed to meet your needs. Featuring superior craftsmanship and materials, this item offers great value and performance. Add it to your cart today!",Toys_Games.jpg,7,74
1892,Under Armour Gray Hoodie,"Stay cozy in this comfortable under hoodie. Perfect for relaxed weekends or active days, it's made from soft fabric that keeps you warm without weighing you down.",Clothing.jpg,13,105
1893,Playmobil Luxury Toys & Games Toy (2),"High-quality playmobil (2) designed to meet your needs. Featuring superior craftsmanship and materials, this item offers great value and performance. Add it to your cart today!",Toys_Games.jpg,7,174
1894,Tommy Hilfiger Solid Socks,Keep your feet comfortable all day with these quality tommy socks. Designed with cushioning in all the right places and made from breathable materials.,Clothing.jpg,33,47
1895,Tiffany Plastic Men's Jewelry (1),"High-quality tiffany (1) designed to meet your needs. Featuring superior craftsmanship and materials, this item offers great value and performance. Add it to your cart today!",Jewelry.jpg,16,125
1896,Garden of Life Health & Wellness Premium Supplement (4),"High-quality garden (4) designed to meet your needs. Featuring superior craftsmanship and materials, this item offers great value and performance. Add it to your cart today!",Health_Wellness.jpg,9,113
1897,Swarovski Athletic Jewelry Boxes with Wool (1),"High-quality swarovski (1) designed to meet your needs. Featuring superior craftsmanship and materials, this item offers great value and performance. Add it to your cart today!",Jewelry.jpg,40,97
1898,Columbia Purple Yoga Mat (1),Enhance your practice with this premium columbia yoga mat. The perfect thickness provides cushioning for your joints while maintaining stability for all poses.,Sports_Outdoors.jpg,5,62
1899,OXO Plastic Curtains in White,Control light and add privacy with these elegant oxo curtains. The quality fabric and careful construction enhance your room's decor while serving a practical purpose.,Home_Kitchen.jpg,3,144
1900,Adidas Exercise Bike (2),Take your fitness to the next level with this adidas exercise bike. The adjustable resistance and comfortable design make it perfect for home workouts of any intensity.,Sports_Outdoors.jpg,5,196
1901,Castrol Car Automotive (9),"High-quality castrol (9) designed to meet your needs. Featuring superior craftsmanship and materials, this item offers great value and performance. Add it to your cart today!",Automotive.jpg,8,24
1902,KitchenAid Ceramic Rug Sm,Transform your space with this beautiful kitchenaid rug. The quality materials and expert craftsmanship add comfort underfoot and a touch of style to any room.,Home_Kitchen.jpg,3,109
1903,Crate & Barrel Wood Blanket in Pink,Stay cozy year-round with this soft crate blanket. Perfect for snuggling on the couch or adding an extra layer of warmth to your bed.,Home_Kitchen.jpg,3,117
1904,"Monitor Asus XL""","Enhance your viewing experience with this monitor monitor. Featuring crisp visuals, accurate colors, and eye-comfort technology for reduced strain during long usage sessions.",Electronics.jpg,1,68
1905,Spalding Gray Yoga Mat,Enhance your practice with this premium spalding yoga mat. The perfect thickness provides cushioning for your joints while maintaining stability for all poses.,Sports_Outdoors.jpg,5,101
1906,Bed Bath & Beyond Ceramic Planter 49cm,Display your favorite plants in style with this attractive bed planter. The quality materials and thoughtful design make it a beautiful addition to any space.,Home_Kitchen.jpg,3,83
1907,Nordic Naturals Health & Wellness Aid (10),"High-quality nordic (10) designed to meet your needs. Featuring superior craftsmanship and materials, this item offers great value and performance. Add it to your cart today!",Health_Wellness.jpg,9,39
1908,Levi's Cap in White,Top off your casual look with this stylish levi's cap. Featuring adjustable sizing for a perfect fit and quality construction for lasting wear.,Clothing.jpg,23,55
1909,Shell Car Automotive (13),"High-quality shell (13) designed to meet your needs. Featuring superior craftsmanship and materials, this item offers great value and performance. Add it to your cart today!",Automotive.jpg,8,152
1910,Calvin Klein Cotton Coat,Stay protected from the elements in style with this premium calvin coat. The quality materials and expert tailoring ensure warmth and comfort in cold weather.,Clothing.jpg,13,84
1911,Bosch Automotive Premium Accessory (2),"High-quality bosch (2) designed to meet your needs. Featuring superior craftsmanship and materials, this item offers great value and performance. Add it to your cart today!",Automotive.jpg,8,60
1912,Tiffany Cotton Jewelry Boxes (1),"High-quality tiffany (1) designed to meet your needs. Featuring superior craftsmanship and materials, this item offers great value and performance. Add it to your cart today!",Jewelry.jpg,40,186
1913,Meguiar's Automotive Essential Accessory (1),"High-quality meguiar's (1) designed to meet your needs. Featuring superior craftsmanship and materials, this item offers great value and performance. Add it to your cart today!",Automotive.jpg,8,24
1914,Cartier Bohemian Men's Jewelry with Metal,"High-quality cartier metal designed to meet your needs. Featuring superior craftsmanship and materials, this item offers great value and performance. Add it to your cart today!",Jewelry.jpg,16,198
1915,Smartwatch LG Basic,"Track your fitness goals and stay connected with this feature-packed smartwatch smartwatch. With health monitoring, notifications, and long battery life, it's your perfect daily companion.",Electronics.jpg,1,163
1916,Smart Speaker Bose (1),"Fill your space with rich, room-filling sound from this smart speaker. With clear highs and deep bass, it delivers an immersive audio experience for music, movies, and more.",Electronics.jpg,1,16
1917,Michelin Car Automotive (15),"High-quality michelin (15) designed to meet your needs. Featuring superior craftsmanship and materials, this item offers great value and performance. Add it to your cart today!",Automotive.jpg,8,64
1918,NOW Foods Health & Wellness Classic Supplement (2),"High-quality now (2) designed to meet your needs. Featuring superior craftsmanship and materials, this item offers great value and performance. Add it to your cart today!",Health_Wellness.jpg,9,129
1919,Tiffany Metal Jewelry Boxes,"High-quality tiffany boxes designed to meet your needs. Featuring superior craftsmanship and materials, this item offers great value and performance. Add it to your cart today!",Jewelry.jpg,40,6
1920,Nature's Way Health & Wellness Aid (22),"High-quality nature's (22) designed to meet your needs. Featuring superior craftsmanship and materials, this item offers great value and performance. Add it to your cart today!",Health_Wellness.jpg,9,169
1921,Vintage Advanced Books Book (9),"High-quality vintage (9) designed to meet your needs. Featuring superior craftsmanship and materials, this item offers great value and performance. Add it to your cart today!",Books.jpg,6,51
1922,KitchenAid Metal Curtains in Yellow,Control light and add privacy with these elegant kitchenaid curtains. The quality fabric and careful construction enhance your room's decor while serving a practical purpose.,Home_Kitchen.jpg,3,170
1923,Puma Minimalist Sneakers (1),"Step out in style with these puma sneakers. Designed for both comfort and fashion, they feature cushioned insoles and durable construction for all-day wear.",Clothing.jpg,13,130
1924,Cartier Casual Jewelry Boxes with Cotton,"High-quality cartier cotton designed to meet your needs. Featuring superior craftsmanship and materials, this item offers great value and performance. Add it to your cart today!",Jewelry.jpg,40,144
1925,Nordic Naturals Health & Wellness Aid (11),"High-quality nordic (11) designed to meet your needs. Featuring superior craftsmanship and materials, this item offers great value and performance. Add it to your cart today!",Health_Wellness.jpg,9,177
1926,Corelle Bohemian Table Lamp (1),Add ambient lighting to any room with this stylish corelle table lamp. The elegant design complements your decor while providing perfect illumination for reading and relaxing.,Home_Kitchen.jpg,3,53
1927,Estée Lauder Facial Serum (1),Transform your skin with this powerful estée facial serum. Concentrated active ingredients target specific concerns for visible improvement in your complexion.,Beauty_Personal_Care.jpg,4,177
1928,Alex and Ani Vintage Jewelry with Glass,"High-quality alex glass designed to meet your needs. Featuring superior craftsmanship and materials, this item offers great value and performance. Add it to your cart today!",Jewelry.jpg,10,109
1929,Under Armour 15lb Dumbbell Set,Build strength effectively with this quality under dumbbell set. The comfortable grip and durable construction make them perfect for a variety of exercises.,Sports_Outdoors.jpg,5,125
1930,Fitbit 10lb Dumbbell Set,Build strength effectively with this quality fitbit dumbbell set. The comfortable grip and durable construction make them perfect for a variety of exercises.,Sports_Outdoors.jpg,5,26
1931,Kay Plastic Jewelry (1),"High-quality kay (1) designed to meet your needs. Featuring superior craftsmanship and materials, this item offers great value and performance. Add it to your cart today!",Jewelry.jpg,10,129
1932,Bed Bath & Beyond Athletic Wall Clock (1),Keep track of time in style with this bed wall clock. The clean design and reliable mechanism make it both a functional timepiece and attractive decor element.,Home_Kitchen.jpg,3,52
1933,CeraVe Moisturizing Cream (4),Nourish your skin with this luxurious cerave moisturizing cream. Formulated with quality ingredients to hydrate and protect your skin for a radiant complexion.,Beauty_Personal_Care.jpg,4,29
1934,Smartwatch JBL Ultra,"Track your fitness goals and stay connected with this feature-packed smartwatch smartwatch. With health monitoring, notifications, and long battery life, it's your perfect daily companion.",Electronics.jpg,1,77
1935,Callaway Blue Backpack,Carry your gear in comfort with this thoughtfully designed callaway backpack. Multiple compartments and ergonomic straps make it perfect for any activity.,Sports_Outdoors.jpg,5,123
1936,Calvin Klein Checkered Socks,Keep your feet comfortable all day with these quality calvin socks. Designed with cushioning in all the right places and made from breathable materials.,Clothing.jpg,13,5
1937,Maybelline Perfume Floral,Discover your signature scent with this exquisite maybelline perfume. The carefully crafted fragrance notes evolve throughout the day for a truly personal experience.,Beauty_Personal_Care.jpg,4,184
1938,Dove Spicy Essential Oil,Enhance your wellbeing with this pure dove essential oil. The carefully extracted aroma creates a pleasant environment for relaxation and focus.,Beauty_Personal_Care.jpg,4,159
1939,Ralph Lauren Pink T-shirt (1),"Add a touch of style to your casual wardrobe with this comfortable ralph t-shirt. Made from soft, breathable fabric that feels great against your skin. Perfect for everyday wear.",Clothing.jpg,33,57
1940,Simon & Schuster Premium Books Book (4),"High-quality simon (4) designed to meet your needs. Featuring superior craftsmanship and materials, this item offers great value and performance. Add it to your cart today!",Books.jpg,6,49
1941,Estée Lauder Nail Polish in White (1),Add a pop of color to your nails with this estée nail polish. The smooth application and chip-resistant formula keep your manicure looking fresh for days.,Beauty_Personal_Care.jpg,4,111
1942,Castrol Automotive Essential Accessory (3),"High-quality castrol (3) designed to meet your needs. Featuring superior craftsmanship and materials, this item offers great value and performance. Add it to your cart today!",Automotive.jpg,8,45
1943,Meguiar's Automotive Premium Accessory (4),"High-quality meguiar's (4) designed to meet your needs. Featuring superior craftsmanship and materials, this item offers great value and performance. Add it to your cart today!",Automotive.jpg,8,76
1944,Cartier Glass Jewelry (1),"High-quality cartier (1) designed to meet your needs. Featuring superior craftsmanship and materials, this item offers great value and performance. Add it to your cart today!",Jewelry.jpg,10,174
1945,Alex and Ani Wood Men's Jewelry,"High-quality alex jewelry designed to meet your needs. Featuring superior craftsmanship and materials, this item offers great value and performance. Add it to your cart today!",Jewelry.jpg,16,180
1946,Vintage Classic Books Book (6),"High-quality vintage (6) designed to meet your needs. Featuring superior craftsmanship and materials, this item offers great value and performance. Add it to your cart today!",Books.jpg,6,167
1947,Oxford Luxury Books Book (2),"High-quality oxford (2) designed to meet your needs. Featuring superior craftsmanship and materials, this item offers great value and performance. Add it to your cart today!",Books.jpg,6,94
1948,Bosch Wood Curtains in Red,Control light and add privacy with these elegant bosch curtains. The quality fabric and careful construction enhance your room's decor while serving a practical purpose.,Home_Kitchen.jpg,3,172
1949,Random House Premium Books Book (4),"High-quality random (4) designed to meet your needs. Featuring superior craftsmanship and materials, this item offers great value and performance. Add it to your cart today!",Books.jpg,6,33
1950,Castrol Automotive Fantastic Accessory (2),"High-quality castrol (2) designed to meet your needs. Featuring superior craftsmanship and materials, this item offers great value and performance. Add it to your cart today!",Automotive.jpg,8,10
1951,The North Face 20lb Dumbbell Set,Build strength effectively with this quality the dumbbell set. The comfortable grip and durable construction make them perfect for a variety of exercises.,Sports_Outdoors.jpg,5,136
1952,The North Face Trekking Poles (1),Navigate any terrain with confidence using these sturdy the trekking poles. Adjustable height and comfortable grips reduce strain on your joints during hikes.,Sports_Outdoors.jpg,5,10
1953,Olay Moisturizing Cream (1),Nourish your skin with this luxurious olay moisturizing cream. Formulated with quality ingredients to hydrate and protect your skin for a radiant complexion.,Beauty_Personal_Care.jpg,4,188
1954,Kay Athletic Men's Jewelry with Metal,"High-quality kay metal designed to meet your needs. Featuring superior craftsmanship and materials, this item offers great value and performance. Add it to your cart today!",Jewelry.jpg,16,192
1955,Melissa & Doug Deluxe Toys & Games Toy,"High-quality melissa toy designed to meet your needs. Featuring superior craftsmanship and materials, this item offers great value and performance. Add it to your cart today!",Toys_Games.jpg,7,44
1956,Pandora Athletic Jewelry Boxes with Silk,"Elevate your cooking with this premium pandora non-stick pan. Designed for even heat distribution and easy food release, it makes preparing your favorite dishes a pleasure.",Jewelry.jpg,40,173
1957,L'Oréal Moisturizing Cream (2),Nourish your skin with this luxurious l'oréal moisturizing cream. Formulated with quality ingredients to hydrate and protect your skin for a radiant complexion.,Beauty_Personal_Care.jpg,4,15
1958,Pandora Bohemian Jewelry with Wood,"Elevate your cooking with this premium pandora non-stick pan. Designed for even heat distribution and easy food release, it makes preparing your favorite dishes a pleasure.",Jewelry.jpg,10,107
1959,Nordic Naturals Health & Wellness Essential Supplement (1),"High-quality nordic (1) designed to meet your needs. Featuring superior craftsmanship and materials, this item offers great value and performance. Add it to your cart today!",Health_Wellness.jpg,9,74
1960,Gaming Console Samsung Elite,"Dive into immersive gaming experiences with this gaming gaming console. Featuring powerful graphics, fast loading times, and access to an extensive library of games for endless entertainment.",Electronics.jpg,1,1
1961,Clinique Shampoo for Normal Hair (1),Revitalize your hair with this specialized clinique shampoo. Formulated to cleanse gently while addressing your specific hair needs for healthier-looking results.,Beauty_Personal_Care.jpg,4,164
1962,Melissa & Doug Toys & Games Game Set (9),"High-quality melissa (9) designed to meet your needs. Featuring superior craftsmanship and materials, this item offers great value and performance. Add it to your cart today!",Toys_Games.jpg,7,96
1963,Melissa & Doug Toys & Games Game Set (10),"High-quality melissa (10) designed to meet your needs. Featuring superior craftsmanship and materials, this item offers great value and performance. Add it to your cart today!",Toys_Games.jpg,7,152
1964,MAC Shampoo for Oily Hair,Revitalize your hair with this specialized mac shampoo. Formulated to cleanse gently while addressing your specific hair needs for healthier-looking results.,Beauty_Personal_Care.jpg,4,25
1965,Fitbit Running Shoes Pink (1),"Optimize your performance with these specialized fitbit running shoes. Designed with support and cushioning in all the right places for comfortable, injury-free training.",Sports_Outdoors.jpg,5,157
1966,Schwinn Tennis Racket (1),Improve your game with this professional-grade schwinn tennis racket. The balanced design and quality strings give you better control and power on every shot.,Sports_Outdoors.jpg,5,130
1967,NOW Foods Health & Wellness Aid (16),"High-quality now (16) designed to meet your needs. Featuring superior craftsmanship and materials, this item offers great value and performance. Add it to your cart today!",Health_Wellness.jpg,9,48
1968,Tiffany Metal Men's Jewelry,"High-quality tiffany jewelry designed to meet your needs. Featuring superior craftsmanship and materials, this item offers great value and performance. Add it to your cart today!",Jewelry.jpg,16,125
1969,CeraVe Perfume Citrus,Discover your signature scent with this exquisite cerave perfume. The carefully crafted fragrance notes evolve throughout the day for a truly personal experience.,Beauty_Personal_Care.jpg,4,167
1970,Meguiar's Car Automotive (10),"High-quality meguiar's (10) designed to meet your needs. Featuring superior craftsmanship and materials, this item offers great value and performance. Add it to your cart today!",Automotive.jpg,8,198
1971,Playmobil Luxury Toys & Games Toy (3),"High-quality playmobil (3) designed to meet your needs. Featuring superior craftsmanship and materials, this item offers great value and performance. Add it to your cart today!",Toys_Games.jpg,7,126
1972,3M Automotive Classic Accessory (5),"High-quality 3m (5) designed to meet your needs. Featuring superior craftsmanship and materials, this item offers great value and performance. Add it to your cart today!",Automotive.jpg,8,150
1973,Puma Athletic Pants,"These versatile puma pants are a wardrobe essential. Combining comfort and style, they transition seamlessly from work to weekend activities.",Clothing.jpg,23,58
1974,Columbia Trekking Poles (3),Navigate any terrain with confidence using these sturdy columbia trekking poles. Adjustable height and comfortable grips reduce strain on your joints during hikes.,Sports_Outdoors.jpg,5,152
1975,Hasbro Premium Toys & Games Toy (1),"High-quality hasbro (1) designed to meet your needs. Featuring superior craftsmanship and materials, this item offers great value and performance. Add it to your cart today!",Toys_Games.jpg,7,86
1976,LEGO Toys & Games Game Set (15),"High-quality lego (15) designed to meet your needs. Featuring superior craftsmanship and materials, this item offers great value and performance. Add it to your cart today!",Toys_Games.jpg,7,182
1977,L'Oréal Woody Essential Oil,Enhance your wellbeing with this pure l'oréal essential oil. The carefully extracted aroma creates a pleasant environment for relaxation and focus.,Beauty_Personal_Care.jpg,4,8
1978,Random House Luxury Books Book (5),"High-quality random (5) designed to meet your needs. Featuring superior craftsmanship and materials, this item offers great value and performance. Add it to your cart today!",Books.jpg,6,171
1979,Harper Luxury Books Book (1),"High-quality harper (1) designed to meet your needs. Featuring superior craftsmanship and materials, this item offers great value and performance. Add it to your cart today!",Books.jpg,6,110
1980,Wilson Exercise Bike (2),Take your fitness to the next level with this wilson exercise bike. The adjustable resistance and comfortable design make it perfect for home workouts of any intensity.,Sports_Outdoors.jpg,5,154
1981,Gap Minimalist Pants,"These versatile gap pants are a wardrobe essential. Combining comfort and style, they transition seamlessly from work to weekend activities.",Clothing.jpg,33,125
1982,Hasbro Toys & Games Game Set (22),"High-quality hasbro (22) designed to meet your needs. Featuring superior craftsmanship and materials, this item offers great value and performance. Add it to your cart today!",Toys_Games.jpg,7,26
1983,L'Oréal Shampoo for Dry Hair,Revitalize your hair with this specialized l'oréal shampoo. Formulated to cleanse gently while addressing your specific hair needs for healthier-looking results.,Beauty_Personal_Care.jpg,4,57
1984,Oxford Advanced Books Book (5),"High-quality oxford (5) designed to meet your needs. Featuring superior craftsmanship and materials, this item offers great value and performance. Add it to your cart today!",Books.jpg,6,95
1985,Corelle Towel Set Black,"Wrap yourself in luxury with these premium corelle towels. Absorbent and soft, they're the perfect addition to your bathroom for everyday comfort.",Home_Kitchen.jpg,3,197
1986,GNC Health & Wellness Deluxe Supplement (2),"High-quality gnc (2) designed to meet your needs. Featuring superior craftsmanship and materials, this item offers great value and performance. Add it to your cart today!",Health_Wellness.jpg,9,40
1987,Centrum Health & Wellness Deluxe Supplement (1),"High-quality centrum (1) designed to meet your needs. Featuring superior craftsmanship and materials, this item offers great value and performance. Add it to your cart today!",Health_Wellness.jpg,9,115
1988,IKEA Leather Pillow,Rest your head on the perfect blend of support and comfort with this ikea pillow. Designed for a restful night's sleep in any sleeping position.,Home_Kitchen.jpg,3,125
1989,Vintage Deluxe Books Book (1),"High-quality vintage (1) designed to meet your needs. Featuring superior craftsmanship and materials, this item offers great value and performance. Add it to your cart today!",Books.jpg,6,114
1990,Fisher-Price Toys & Games Game Set (17),"High-quality fisher-price (17) designed to meet your needs. Featuring superior craftsmanship and materials, this item offers great value and performance. Add it to your cart today!",Toys_Games.jpg,7,133
1991,Kay Wool Jewelry Boxes,"High-quality kay boxes designed to meet your needs. Featuring superior craftsmanship and materials, this item offers great value and performance. Add it to your cart today!",Jewelry.jpg,40,65
1992,Tommy Hilfiger Ceramic Coat,Stay protected from the elements in style with this premium tommy coat. The quality materials and expert tailoring ensure warmth and comfort in cold weather.,Clothing.jpg,2,22
1993,3M Car Automotive (16),"High-quality 3m (16) designed to meet your needs. Featuring superior craftsmanship and materials, this item offers great value and performance. Add it to your cart today!",Automotive.jpg,8,175
1994,Vintage Essential Books Book (4),"High-quality vintage (4) designed to meet your needs. Featuring superior craftsmanship and materials, this item offers great value and performance. Add it to your cart today!",Books.jpg,6,78
1995,Adidas Elegant Sneakers,"Step out in style with these adidas sneakers. Designed for both comfort and fashion, they feature cushioned insoles and durable construction for all-day wear.",Clothing.jpg,33,121
1996,Under Armour Trekking Poles (3),Navigate any terrain with confidence using these sturdy under trekking poles. Adjustable height and comfortable grips reduce strain on your joints during hikes.,Sports_Outdoors.jpg,5,16
1997,CeraVe Matte Lipstick in Purple,Make a statement with this vibrant cerave lipstick. The creamy formula glides on smoothly for comfortable wear and stunning color that lasts.,Beauty_Personal_Care.jpg,4,36
1998,L'Oréal Moisturizing Cream (3),Nourish your skin with this luxurious l'oréal moisturizing cream. Formulated with quality ingredients to hydrate and protect your skin for a radiant complexion.,Beauty_Personal_Care.jpg,4,85
1999,Gap Solid Socks,Keep your feet comfortable all day with these quality gap socks. Designed with cushioning in all the right places and made from breathable materials.,Clothing.jpg,2,20
2000,Coleman Camping Tent 65-Person,Make outdoor adventures more comfortable with this reliable coleman camping tent. Quick to set up and designed to withstand the elements for worry-free camping.,Sports_Outdoors.jpg,5,125
