1,862,1603,114,5,148.48,742.40,pending,2024-07-14 05:16:06
2,525,603,81,5,13.46,67.30,shipped,2024-06-10 19:16:22
3,670,1895,121,4,187.91,751.64,shipped,2024-07-08 21:58:24
4,462,1815,67,5,53.35,266.75,shipped,2024-10-23 17:39:26
5,994,641,73,4,145.19,580.76,pending,2025-02-04 10:30:19
6,531,1046,158,3,65.65,196.95,shipped,2025-01-22 18:48:30
7,483,1064,123,2,189.56,379.12,pending,2025-03-26 05:57:48
8,765,1903,117,4,102.40,409.60,processing,2024-05-18 04:13:27
9,423,323,57,5,187.25,936.25,delivered,2024-07-21 08:18:39
10,683,977,76,2,115.17,230.34,pending,2025-02-21 05:27:51
11,474,486,74,2,127.21,254.42,processing,2024-05-23 08:40:22
12,587,1173,16,4,105.09,420.36,pending,2024-11-13 04:12:04
13,524,1207,133,4,89.36,357.44,cancelled,2025-04-29 06:13:08
14,396,1408,121,2,43.19,86.38,pending,2024-09-04 11:02:45
15,534,1835,135,2,144.70,289.40,shipped,2025-03-22 00:47:35
16,270,761,11,2,167.66,335.32,processing,2024-09-15 20:02:39
17,819,1617,69,3,151.03,453.09,shipped,2025-03-23 02:17:45
18,441,1293,178,4,181.12,724.48,pending,2025-01-01 02:38:31
19,753,878,132,3,85.87,257.61,shipped,2024-09-16 18:55:32
20,47,704,190,2,99.23,198.46,processing,2025-04-24 08:03:28
21,545,791,88,1,77.59,77.59,processing,2024-07-03 22:00:06
22,418,950,111,2,21.60,43.20,shipped,2024-06-27 13:35:23
23,358,496,181,2,141.40,282.80,pending,2024-05-29 14:25:44
24,497,1240,178,2,111.09,222.18,cancelled,2025-03-28 04:13:42
25,67,867,169,2,186.39,372.78,pending,2025-01-31 01:56:58
26,597,1675,192,3,89.42,268.26,pending,2024-07-15 17:07:19
27,522,518,110,1,160.92,160.92,cancelled,2025-01-25 21:51:27
28,476,1109,13,3,45.14,135.42,shipped,2024-11-13 06:26:10
29,366,919,79,4,164.91,659.64,cancelled,2025-03-11 23:00:22
30,537,1208,150,3,103.21,309.63,shipped,2025-03-05 20:14:59
31,75,365,145,3,21.40,64.20,processing,2025-04-02 14:38:33
32,522,1274,43,1,70.81,70.81,cancelled,2025-04-27 10:55:25
33,694,229,41,2,11.37,22.74,delivered,2024-06-28 03:45:12
34,621,985,174,4,155.16,620.64,processing,2024-05-15 23:55:44
35,212,755,121,2,181.76,363.52,processing,2024-06-26 08:02:29
36,51,476,164,1,16.40,16.40,shipped,2024-05-11 16:32:11
37,125,1132,34,3,157.00,471.00,pending,2024-08-28 06:08:15
38,413,69,44,5,197.59,987.95,shipped,2024-10-05 11:46:31
39,552,1299,88,2,173.96,347.92,delivered,2025-03-24 14:15:21
40,462,1182,117,5,49.18,245.90,shipped,2025-02-27 13:55:35
41,122,370,36,4,105.64,422.56,cancelled,2024-10-27 01:22:15
42,858,214,128,4,50.08,200.32,pending,2024-12-20 04:55:48
43,284,930,184,1,67.96,67.96,cancelled,2024-12-22 00:50:01
44,303,1638,170,4,127.05,508.20,cancelled,2024-10-05 00:55:54
45,33,923,121,5,119.93,599.65,processing,2025-04-25 17:19:59
46,465,1548,70,2,174.26,348.52,cancelled,2024-09-04 11:54:48
47,784,613,126,4,81.41,325.64,pending,2024-06-02 00:49:00
48,715,767,58,1,180.10,180.10,cancelled,2024-05-28 13:25:22
49,338,1590,170,1,158.31,158.31,pending,2025-03-26 05:37:48
50,671,426,77,1,8.77,8.77,shipped,2024-10-25 19:03:35
51,226,544,56,1,107.37,107.37,pending,2025-02-15 14:43:10
52,30,668,27,4,41.75,167.00,pending,2024-06-13 16:20:45
53,394,1530,87,1,62.96,62.96,delivered,2025-03-26 16:07:58
54,319,582,50,5,52.02,260.10,pending,2024-11-27 09:36:14
55,989,97,95,2,78.34,156.68,pending,2024-07-21 13:01:12
56,22,71,191,2,98.14,196.28,delivered,2025-04-16 04:55:30
57,940,1895,125,5,22.61,113.05,processing,2024-06-18 17:51:52
58,566,663,71,3,146.70,440.10,shipped,2024-09-09 12:23:43
59,889,1638,170,4,46.62,186.48,delivered,2024-07-06 20:44:57
60,99,1322,72,4,110.18,440.72,delivered,2025-03-27 21:24:10
61,483,1789,88,5,22.85,114.25,processing,2024-08-30 09:25:38
62,331,409,30,1,153.98,153.98,pending,2024-09-04 01:12:30
63,848,365,12,2,143.09,286.18,processing,2024-10-08 23:10:11
64,27,1480,160,2,178.64,357.28,shipped,2025-02-13 13:07:22
65,72,1585,62,4,152.72,610.88,cancelled,2024-05-31 22:53:01
66,417,1863,30,1,31.77,31.77,shipped,2024-10-20 08:48:36
67,532,1088,58,2,130.04,260.08,pending,2025-01-22 23:08:27
68,891,1384,91,1,91.07,91.07,cancelled,2024-11-08 23:21:00
69,654,422,106,2,160.94,321.88,delivered,2025-01-11 10:52:35
70,319,1397,76,2,22.67,45.34,shipped,2024-06-14 23:47:45
71,20,1890,171,3,106.11,318.33,delivered,2024-06-23 15:18:06
72,490,1478,30,2,46.60,93.20,pending,2024-10-26 14:38:04
73,921,1080,117,4,44.94,179.76,delivered,2024-10-04 02:40:31
74,392,1882,51,1,126.17,126.17,shipped,2025-03-22 06:01:11
75,185,1468,163,2,180.62,361.24,shipped,2024-07-14 10:48:35
76,695,779,10,2,51.76,103.52,delivered,2025-04-05 15:29:44
77,753,216,18,1,197.46,197.46,pending,2024-08-01 11:38:07
78,951,1772,135,1,76.40,76.40,pending,2024-05-10 15:05:22
79,110,1476,173,1,100.10,100.10,pending,2025-03-12 00:35:23
80,886,1922,44,3,86.30,258.90,pending,2025-04-13 17:40:57
81,16,993,47,1,127.16,127.16,processing,2024-10-31 19:06:26
82,244,527,52,5,85.38,426.90,processing,2025-03-27 07:09:42
83,773,1925,177,3,124.24,372.72,delivered,2024-10-05 00:42:33
84,629,124,97,4,42.10,168.40,processing,2025-01-18 23:57:12
85,999,1858,31,2,22.15,44.30,pending,2024-05-21 20:24:04
86,329,70,147,5,10.28,51.40,processing,2024-08-07 15:49:11
87,659,784,39,3,140.46,421.38,processing,2024-11-09 12:17:52
88,490,1151,193,2,18.98,37.96,processing,2024-12-07 10:32:00
89,5,1272,119,5,163.11,815.55,shipped,2024-10-31 07:50:32
90,751,905,133,5,68.16,340.80,pending,2025-02-08 07:55:30
91,648,1213,18,4,154.10,616.40,delivered,2025-03-07 17:13:48
92,215,1413,194,3,93.68,281.04,pending,2024-09-28 13:01:37
93,980,1928,109,2,66.38,132.76,delivered,2024-07-31 13:36:56
94,614,886,163,3,177.87,533.61,cancelled,2024-05-25 13:53:49
95,856,287,16,1,100.65,100.65,delivered,2025-04-18 00:20:28
96,639,559,89,2,128.60,257.20,processing,2024-07-11 11:48:47
97,80,1669,179,4,116.88,467.52,processing,2024-05-22 09:13:32
98,627,1939,57,2,10.30,20.60,shipped,2025-01-10 19:25:27
99,692,611,67,3,187.54,562.62,pending,2024-09-06 11:01:52
100,524,574,66,1,167.94,167.94,cancelled,2025-02-09 13:19:38
101,205,1727,159,2,166.20,332.40,cancelled,2024-05-08 15:51:55
102,788,153,195,4,52.81,211.24,cancelled,2024-08-31 05:11:48
103,983,1252,59,1,76.50,76.50,delivered,2025-04-09 04:21:20
104,598,754,188,4,147.74,590.96,delivered,2024-09-26 15:58:22
105,113,386,166,5,81.13,405.65,processing,2024-07-24 13:37:42
106,457,1370,94,3,78.68,236.04,processing,2025-04-22 22:05:25
107,168,1659,13,5,158.82,794.10,pending,2024-11-23 04:44:05
108,49,285,80,2,52.20,104.40,processing,2025-02-06 14:38:59
109,325,601,71,5,176.63,883.15,pending,2024-07-31 20:56:32
110,419,373,191,2,182.70,365.40,pending,2024-10-03 22:52:26
111,957,936,139,1,20.18,20.18,processing,2024-05-14 10:09:35
112,390,670,196,4,70.98,283.92,shipped,2024-05-01 22:44:54
113,279,1804,53,4,158.37,633.48,pending,2024-07-16 17:41:41
114,881,1173,16,2,157.79,315.58,cancelled,2024-11-10 14:23:10
115,477,115,9,2,162.03,324.06,shipped,2024-05-31 21:20:03
116,232,1263,38,2,170.06,340.12,delivered,2025-03-03 08:25:38
117,163,591,80,3,119.79,359.37,shipped,2024-11-18 14:04:05
118,167,563,170,4,192.84,771.36,cancelled,2024-11-19 10:09:59
119,643,561,171,1,160.79,160.79,processing,2024-11-06 13:27:03
120,947,774,11,4,69.89,279.56,pending,2024-05-26 02:14:09
121,748,993,89,5,83.81,419.05,shipped,2024-09-05 20:02:37
122,512,450,190,4,121.13,484.52,cancelled,2025-03-30 13:39:28
123,136,1171,121,3,80.09,240.27,shipped,2024-06-30 16:45:16
124,455,1791,199,5,162.87,814.35,delivered,2024-06-26 16:52:09
125,893,640,102,4,155.49,621.96,cancelled,2024-07-27 19:51:34
126,809,1368,167,3,78.32,234.96,shipped,2024-06-26 08:59:45
127,705,969,71,5,89.03,445.15,processing,2024-11-08 15:58:53
128,367,1281,75,3,178.87,536.61,pending,2025-03-10 02:53:26
129,62,1836,135,2,126.93,253.86,shipped,2024-11-23 04:04:59
130,149,1754,56,2,156.11,312.22,cancelled,2024-05-07 01:13:44
131,887,426,77,5,152.76,763.80,cancelled,2024-06-11 16:02:40
132,801,328,88,1,9.54,9.54,cancelled,2025-04-23 08:23:12
133,698,1303,9,3,131.07,393.21,shipped,2025-02-01 20:18:30
134,267,1996,16,4,68.08,272.32,processing,2024-08-19 22:57:34
135,506,126,184,1,59.41,59.41,delivered,2025-02-27 06:47:03
136,512,133,6,2,98.76,197.52,cancelled,2025-03-12 03:17:35
137,58,1027,149,5,72.70,363.50,cancelled,2024-05-07 01:59:09
138,617,1821,5,5,64.78,323.90,shipped,2025-04-11 03:10:06
139,919,1885,165,3,115.68,347.04,delivered,2025-04-11 18:19:41
140,262,1272,119,4,113.46,453.84,shipped,2024-09-13 02:35:05
141,716,793,59,2,79.30,158.60,shipped,2025-04-25 10:20:17
142,590,1303,9,1,23.95,23.95,processing,2024-08-25 00:35:31
143,38,1981,14,3,102.00,306.00,pending,2024-10-29 15:38:53
144,164,1721,84,5,145.40,727.00,delivered,2024-06-14 01:55:25
145,595,1223,183,2,15.07,30.14,processing,2025-02-18 23:02:51
146,175,368,117,2,60.08,120.16,cancelled,2024-09-13 15:11:09
147,165,731,161,2,100.87,201.74,processing,2024-06-15 05:34:22
148,930,1640,82,2,41.56,83.12,processing,2025-04-02 16:17:53
149,121,1969,167,3,28.73,86.19,processing,2025-03-05 19:28:40
150,937,1570,4,5,30.39,151.95,pending,2025-01-22 13:36:41
151,920,1685,23,4,11.74,46.96,processing,2025-01-07 03:49:07
152,256,447,121,3,92.67,278.01,shipped,2024-12-20 09:41:06
153,227,628,113,4,105.26,421.04,pending,2024-12-31 05:12:42
154,631,776,179,1,176.67,176.67,shipped,2025-04-30 15:47:20
155,385,1285,26,4,194.98,779.92,delivered,2025-04-08 13:25:39
156,712,1653,197,5,166.38,831.90,pending,2024-10-14 09:18:02
157,123,9,156,1,150.94,150.94,shipped,2024-07-17 18:25:39
158,436,753,93,1,39.41,39.41,shipped,2024-06-09 16:33:43
159,901,1171,186,2,101.88,203.76,cancelled,2025-01-18 23:59:41
160,632,1907,39,5,179.42,897.10,cancelled,2024-09-26 06:35:57
161,812,1381,185,2,105.52,211.04,processing,2024-09-05 23:07:19
162,271,1104,73,4,96.64,386.56,processing,2024-11-05 09:31:26
163,436,1411,77,4,79.28,317.12,shipped,2024-10-31 13:41:02
164,751,1099,192,4,81.00,324.00,pending,2024-07-05 10:48:17
165,991,670,115,5,144.80,724.00,pending,2025-02-13 05:04:55
166,953,517,171,2,87.52,175.04,shipped,2025-04-23 14:40:59
167,562,1265,182,2,141.28,282.56,shipped,2024-11-08 11:03:51
168,807,869,43,4,152.48,609.92,processing,2024-11-05 14:55:29
169,654,87,130,1,75.55,75.55,delivered,2024-08-23 09:36:18
170,22,150,197,3,155.00,465.00,delivered,2024-05-06 05:16:42
171,543,882,75,4,56.99,227.96,delivered,2025-03-30 13:53:44
172,662,1000,99,3,167.71,503.13,delivered,2024-11-25 06:54:10
173,521,1272,119,4,52.97,211.88,processing,2024-05-25 01:55:12
174,406,828,42,4,136.21,544.84,delivered,2024-06-07 22:34:48
175,579,544,56,4,114.62,458.48,pending,2025-01-06 02:50:53
176,835,1886,41,3,53.43,160.29,delivered,2024-08-19 16:56:35
177,451,436,75,3,14.32,42.96,cancelled,2025-04-05 01:02:16
178,464,1740,87,5,65.69,328.45,processing,2024-08-22 11:56:55
179,63,1390,30,1,32.13,32.13,delivered,2025-04-19 09:29:19
180,530,1684,81,1,168.08,168.08,processing,2024-05-03 17:55:16
181,124,883,131,1,123.70,123.70,cancelled,2024-12-06 03:14:44
182,967,1169,36,2,167.97,335.94,shipped,2024-06-27 04:59:18
183,171,341,63,3,99.24,297.72,processing,2024-09-04 12:20:33
184,900,1229,143,5,86.95,434.75,processing,2024-12-30 17:43:56
185,6,1764,181,4,33.71,134.84,delivered,2024-08-15 00:38:32
186,241,791,74,4,52.26,209.04,processing,2024-09-04 07:34:08
187,882,1373,184,2,150.50,301.00,cancelled,2024-07-02 17:26:08
188,746,1666,99,5,157.69,788.45,cancelled,2024-11-21 21:54:22
189,284,1123,148,3,55.09,165.27,cancelled,2025-01-06 14:16:57
190,849,1729,198,5,126.49,632.45,processing,2024-06-23 18:54:47
191,703,1144,159,4,69.51,278.04,delivered,2024-05-16 05:03:46
192,131,41,129,3,68.17,204.51,cancelled,2025-01-27 15:03:16
193,411,823,110,2,57.55,115.10,pending,2024-12-29 05:50:52
194,822,1564,113,1,136.92,136.92,pending,2025-02-19 19:43:18
195,663,718,52,5,86.09,430.45,processing,2024-06-19 00:58:59
196,503,1056,123,1,80.07,80.07,shipped,2025-04-07 06:20:41
197,993,1373,184,3,136.18,408.54,cancelled,2024-12-29 23:08:06
198,446,158,129,3,90.26,270.78,processing,2024-10-11 12:11:28
199,357,1398,139,1,117.65,117.65,cancelled,2025-04-27 00:01:13
200,579,280,141,2,52.68,105.36,shipped,2024-05-13 03:49:02
201,611,886,163,1,137.47,137.47,delivered,2025-02-14 01:29:07
202,258,13,181,4,144.16,576.64,shipped,2024-07-27 17:50:05
203,56,837,50,2,182.07,364.14,processing,2024-07-29 14:59:25
204,648,1414,84,2,134.57,269.14,delivered,2024-08-26 17:41:14
205,520,1051,8,4,197.91,791.64,delivered,2024-09-08 20:03:15
206,707,941,200,3,140.10,420.30,delivered,2024-10-29 03:32:26
207,57,957,51,3,50.67,152.01,processing,2024-12-19 14:28:09
208,20,1455,159,3,95.48,286.44,delivered,2025-02-20 03:23:18
209,637,971,66,1,28.17,28.17,processing,2025-03-03 06:27:46
210,634,1531,104,4,147.29,589.16,shipped,2024-06-09 06:53:36
211,890,1780,182,2,45.85,91.70,shipped,2024-06-26 05:35:16
212,213,242,32,1,107.32,107.32,delivered,2024-06-30 19:54:18
213,254,439,167,5,91.47,457.35,processing,2024-08-05 04:54:08
214,550,1777,143,2,77.59,155.18,shipped,2025-04-06 19:48:16
215,877,1825,94,2,149.75,299.50,processing,2025-03-19 08:38:43
216,122,649,23,4,73.42,293.68,cancelled,2024-08-26 21:57:57
217,515,1390,162,2,172.79,345.58,pending,2025-02-12 14:03:25
218,24,1795,90,1,140.09,140.09,shipped,2024-06-08 20:03:04
219,884,167,185,5,154.27,771.35,processing,2024-05-20 07:45:52
220,383,504,196,2,102.79,205.58,cancelled,2025-04-16 01:30:01
221,117,974,74,2,194.03,388.06,cancelled,2024-06-01 09:20:40
222,66,1876,150,2,135.97,271.94,shipped,2024-09-22 03:12:45
223,398,459,51,4,170.61,682.44,shipped,2025-04-25 18:07:25
224,630,1643,31,3,163.59,490.77,shipped,2025-04-23 14:49:40
225,396,1466,30,1,53.88,53.88,pending,2024-10-10 12:15:41
226,406,668,100,3,9.58,28.74,delivered,2024-06-04 14:09:22
227,794,1043,15,5,155.82,779.10,delivered,2024-06-05 13:30:10
228,743,1523,9,5,35.82,179.10,cancelled,2025-02-14 19:37:37
229,995,639,131,5,35.88,179.40,pending,2025-03-25 20:56:07
230,660,1846,27,5,121.75,608.75,processing,2024-11-09 06:23:14
231,130,227,196,5,103.98,519.90,cancelled,2025-01-25 14:39:26
232,210,1124,164,5,75.25,376.25,cancelled,2025-04-05 01:57:20
233,202,304,182,1,86.16,86.16,processing,2024-10-23 15:44:28
234,250,512,73,3,194.51,583.53,cancelled,2025-04-07 20:29:22
235,539,1605,108,1,138.78,138.78,pending,2024-06-03 02:23:44
236,670,1114,1,5,174.68,873.40,pending,2024-05-28 19:46:29
237,283,1265,182,2,51.05,102.10,pending,2025-04-13 03:11:16
238,326,279,90,2,45.32,90.64,delivered,2025-01-24 14:53:29
239,638,1339,139,3,45.56,136.68,shipped,2024-11-29 13:42:16
240,232,1912,113,1,185.43,185.43,delivered,2025-04-27 06:35:35
241,38,287,122,1,64.06,64.06,shipped,2024-09-22 13:28:17
242,467,559,89,4,79.74,318.96,processing,2024-12-24 19:30:38
243,248,887,161,1,90.23,90.23,processing,2025-03-31 12:25:18
244,176,1415,11,1,147.13,147.13,shipped,2024-09-18 17:05:48
245,56,825,3,1,101.08,101.08,processing,2025-01-30 05:02:20
246,505,6,196,2,130.45,260.90,processing,2025-03-27 10:19:50
247,339,314,44,3,107.37,322.11,shipped,2024-09-10 13:43:46
248,584,808,146,2,131.00,262.00,delivered,2024-11-05 02:20:06
249,970,1999,20,4,39.15,156.60,processing,2025-01-26 09:47:10
250,424,90,97,3,103.46,310.38,pending,2025-03-09 05:16:25
251,815,1900,196,5,15.65,78.25,cancelled,2025-02-12 08:32:11
252,903,730,189,4,166.22,664.88,shipped,2024-08-14 10:35:14
253,169,1622,193,1,43.01,43.01,pending,2024-07-30 15:36:09
254,564,636,98,5,150.17,750.85,processing,2024-11-04 23:33:25
255,933,1827,100,5,135.22,676.10,cancelled,2025-04-05 12:21:27
256,674,471,106,3,197.64,592.92,cancelled,2024-08-13 23:27:51
257,654,1963,61,5,83.60,418.00,delivered,2025-01-09 17:10:23
258,134,1601,131,1,66.35,66.35,shipped,2024-05-19 10:43:17
259,443,1648,151,3,151.48,454.44,processing,2025-03-19 13:42:14
260,796,1342,194,2,18.21,36.42,pending,2024-12-09 00:41:00
261,84,1574,33,3,101.13,303.39,pending,2024-12-07 00:42:35
262,954,1826,61,5,146.65,733.25,delivered,2025-04-28 13:05:12
263,472,870,66,5,46.01,230.05,cancelled,2025-04-22 13:40:16
264,360,977,76,5,48.76,243.80,delivered,2024-10-30 05:16:14
265,437,1267,200,1,139.09,139.09,cancelled,2024-05-14 00:06:14
266,813,1016,130,3,182.31,546.93,pending,2025-03-07 12:23:59
267,545,367,152,3,62.58,187.74,processing,2024-09-15 03:30:36
268,182,1443,119,5,50.53,252.65,pending,2025-03-16 04:56:02
269,986,1923,130,2,63.16,126.32,cancelled,2025-04-28 19:14:24
270,928,601,71,5,104.16,520.80,delivered,2024-10-28 05:33:58
271,31,1824,174,5,19.12,95.60,pending,2024-07-01 14:14:27
272,103,917,53,4,133.19,532.76,pending,2025-02-09 04:44:54
273,576,1983,14,2,136.39,272.78,cancelled,2024-11-19 16:26:55
274,884,1749,18,1,53.66,53.66,shipped,2024-12-31 01:52:40
275,546,437,120,1,129.46,129.46,shipped,2024-12-16 06:28:43
276,678,1141,71,2,171.04,342.08,delivered,2025-04-14 06:51:11
277,916,325,7,4,17.46,69.84,shipped,2025-03-17 16:52:45
278,194,862,132,4,137.08,548.32,shipped,2024-08-22 15:15:20
279,584,1544,144,2,197.49,394.98,delivered,2024-06-21 11:52:07
280,479,1709,20,2,97.91,195.82,pending,2024-08-19 20:09:00
281,941,952,172,1,94.53,94.53,cancelled,2024-12-15 06:58:11
282,174,1449,79,5,98.59,492.95,shipped,2024-11-13 05:56:50
283,227,365,159,2,188.26,376.52,pending,2025-04-18 12:40:50
284,682,374,71,3,31.89,95.67,processing,2024-09-19 22:50:42
285,521,982,92,1,25.09,25.09,shipped,2024-06-18 17:39:36
286,328,1932,52,4,164.95,659.80,shipped,2024-05-23 21:40:11
287,804,1080,35,4,27.83,111.32,delivered,2025-03-05 07:58:03
288,731,1529,164,2,194.97,389.94,shipped,2024-07-02 15:59:51
289,403,310,23,2,129.40,258.80,processing,2024-06-03 22:13:00
290,799,371,54,1,171.65,171.65,pending,2025-03-14 10:14:01
291,105,203,55,3,21.32,63.96,cancelled,2025-03-24 23:54:13
292,665,434,43,1,78.14,78.14,delivered,2024-11-07 00:40:50
293,334,1823,177,5,119.24,596.20,processing,2024-06-30 17:22:17
294,498,1419,53,1,43.93,43.93,pending,2024-12-09 10:05:20
295,587,1342,194,4,75.05,300.20,shipped,2025-01-28 05:30:04
296,322,799,162,5,35.46,177.30,processing,2024-12-24 13:26:24
297,653,690,101,3,95.65,286.95,delivered,2024-07-23 21:14:54
298,193,1805,125,5,61.38,306.90,pending,2025-03-03 21:42:48
299,742,826,185,5,120.00,600.00,shipped,2024-05-06 07:28:01
300,991,1281,198,1,165.63,165.63,pending,2024-10-05 13:56:08
301,230,1615,15,1,114.21,114.21,shipped,2025-03-17 18:51:52
302,68,1843,146,2,161.50,323.00,cancelled,2025-03-29 09:02:52
303,429,277,155,5,74.77,373.85,processing,2024-12-11 13:51:13
304,933,353,102,2,132.52,265.04,cancelled,2024-07-13 13:29:32
305,7,279,90,5,80.10,400.50,processing,2024-08-03 16:42:28
306,290,310,23,5,116.09,580.45,processing,2024-08-28 08:29:56
307,637,1961,187,5,146.17,730.85,pending,2025-04-13 01:35:07
308,568,1194,150,2,129.33,258.66,processing,2024-06-28 03:09:38
309,903,425,77,2,7.43,14.86,pending,2024-07-30 16:46:33
310,765,1237,95,4,55.21,220.84,pending,2025-03-22 11:37:31
311,31,1390,30,5,119.73,598.65,processing,2024-11-29 12:01:49
312,329,710,185,1,79.95,79.95,shipped,2024-07-01 00:58:43
313,861,1961,187,1,138.68,138.68,cancelled,2024-05-23 17:51:03
314,768,90,139,3,128.31,384.93,processing,2024-07-09 18:54:49
315,990,408,48,5,121.49,607.45,pending,2024-08-19 00:49:07
316,576,1075,192,4,47.62,190.48,cancelled,2025-03-10 12:57:14
317,295,1256,176,2,23.72,47.44,processing,2025-01-13 08:24:14
318,222,766,86,2,174.39,348.78,cancelled,2024-05-13 11:15:20
319,581,1405,77,3,39.99,119.97,delivered,2025-04-29 03:27:07
320,399,1256,163,2,77.08,154.16,pending,2024-12-04 22:41:59
321,614,766,86,5,10.13,50.65,cancelled,2024-12-30 04:04:29
322,317,791,31,3,67.23,201.69,pending,2024-12-15 04:32:29
323,504,1779,65,5,189.34,946.70,cancelled,2025-02-16 09:48:16
324,766,142,68,5,154.08,770.40,cancelled,2024-11-15 15:38:40
325,818,1259,96,2,41.52,83.04,shipped,2024-10-23 18:49:03
326,918,825,117,3,172.62,517.86,delivered,2025-04-02 23:08:10
327,678,1463,147,2,149.99,299.98,delivered,2024-11-17 07:45:21
328,538,1817,158,1,123.32,123.32,cancelled,2025-04-07 14:21:47
329,620,1359,90,5,40.15,200.75,pending,2024-11-24 02:07:52
330,274,528,119,1,189.96,189.96,delivered,2025-02-04 06:51:22
331,400,1759,99,3,144.68,434.04,pending,2025-01-19 11:27:18
332,557,921,165,3,16.44,49.32,processing,2025-01-25 19:26:22
333,719,1993,175,2,108.79,217.58,shipped,2024-10-27 23:50:14
334,512,378,194,4,85.64,342.56,cancelled,2025-04-30 16:50:54
335,647,384,110,2,59.35,118.70,shipped,2024-05-17 09:57:01
336,210,1096,25,4,185.93,743.72,cancelled,2024-06-18 18:24:47
337,969,1502,97,5,184.25,921.25,pending,2024-12-21 01:08:42
338,189,239,161,5,79.53,397.65,shipped,2025-02-18 17:36:23
339,267,517,2,1,86.70,86.70,processing,2025-01-30 02:19:24
340,733,614,159,4,153.84,615.36,shipped,2025-03-29 17:09:47
341,347,1366,89,4,21.43,85.72,pending,2024-12-06 13:35:52
342,512,518,28,3,153.14,459.42,cancelled,2024-11-29 22:57:23
343,574,360,35,5,63.69,318.45,pending,2025-03-31 11:38:32
344,477,1690,41,5,7.97,39.85,pending,2025-01-28 14:41:16
345,78,1265,182,4,75.23,300.92,pending,2024-07-26 05:54:02
346,122,1690,41,3,75.30,225.90,cancelled,2024-05-25 20:29:19
347,943,2,166,1,49.63,49.63,shipped,2025-02-20 06:08:48
348,697,495,42,1,22.01,22.01,processing,2024-11-26 18:07:06
349,72,1596,158,5,60.28,301.40,cancelled,2024-11-03 22:36:00
350,813,500,136,4,107.31,429.24,processing,2025-04-14 21:55:45
351,92,310,23,4,85.56,342.24,shipped,2024-12-06 13:17:10
352,854,1569,42,3,187.05,561.15,processing,2024-05-01 19:36:06
353,822,1390,162,3,135.45,406.35,shipped,2025-02-14 05:53:12
354,871,1697,50,3,79.38,238.14,shipped,2025-02-01 16:48:17
355,749,758,129,2,125.60,251.20,delivered,2024-06-04 03:02:28
356,105,669,100,5,32.49,162.45,cancelled,2024-08-01 18:36:19
357,833,1670,74,3,172.69,518.07,shipped,2025-01-03 00:44:22
358,82,1665,101,2,8.97,17.94,pending,2024-12-03 13:41:27
359,925,844,146,4,95.93,383.72,processing,2024-09-08 01:56:22
360,149,1645,15,2,49.64,99.28,cancelled,2024-09-29 20:04:59
361,54,512,177,5,33.73,168.65,pending,2024-12-22 19:46:06
362,470,630,109,3,29.00,87.00,shipped,2024-06-03 22:23:43
363,412,1502,20,1,41.44,41.44,pending,2025-03-20 17:14:10
364,772,1191,64,5,46.98,234.90,pending,2024-07-06 19:58:57
365,327,478,2,4,52.06,208.24,cancelled,2025-04-02 04:21:58
366,968,634,160,4,49.32,197.28,cancelled,2024-11-06 19:11:11
367,824,565,96,5,11.20,56.00,shipped,2025-01-07 17:40:59
368,992,737,1,1,142.37,142.37,delivered,2024-10-22 12:42:34
369,122,620,46,2,108.40,216.80,cancelled,2024-07-20 22:20:15
370,403,808,188,5,64.20,321.00,shipped,2025-03-21 00:49:21
371,696,996,141,5,181.47,907.35,processing,2024-12-27 22:11:54
372,373,1271,175,5,138.29,691.45,cancelled,2024-12-25 13:37:41
373,16,571,119,1,27.75,27.75,pending,2025-02-28 14:31:47
374,632,1024,47,3,8.55,25.65,cancelled,2024-08-28 07:46:32
375,695,1636,41,5,129.72,648.60,delivered,2024-12-19 13:25:05
376,543,554,107,3,143.74,431.22,delivered,2025-04-08 13:18:59
377,864,1802,47,2,6.31,12.62,shipped,2025-03-27 11:24:35
378,705,740,27,4,199.00,796.00,shipped,2025-03-16 23:49:00
379,951,571,69,4,97.67,390.68,processing,2025-03-17 15:48:26
380,64,1536,154,4,6.41,25.64,pending,2025-03-09 04:37:00
381,937,1171,121,3,5.78,17.34,pending,2024-12-23 18:01:58
382,33,1950,10,4,43.52,174.08,pending,2024-12-27 02:55:19
383,492,1790,44,1,26.67,26.67,delivered,2024-05-07 16:14:45
384,874,301,21,5,107.13,535.65,shipped,2024-08-04 18:02:37
385,758,1285,26,2,38.60,77.20,processing,2024-06-25 08:41:45
386,27,565,129,1,28.66,28.66,processing,2024-08-16 20:01:16
387,556,167,185,5,175.10,875.50,cancelled,2024-05-12 19:00:17
388,803,1499,54,2,118.08,236.16,cancelled,2024-12-14 07:13:42
389,730,1327,75,2,156.20,312.40,pending,2025-04-21 15:38:12
390,869,132,124,5,86.88,434.40,shipped,2024-05-12 19:26:19
391,845,719,110,5,20.72,103.60,cancelled,2024-10-24 09:06:08
392,32,1847,116,5,128.21,641.05,cancelled,2025-02-05 05:53:43
393,929,1199,172,4,182.43,729.72,delivered,2024-06-27 13:37:00
394,2,1312,174,2,183.04,366.08,processing,2025-01-04 12:28:22
395,370,1086,73,1,93.54,93.54,cancelled,2025-04-25 07:25:14
396,663,858,183,3,98.16,294.48,processing,2024-06-02 21:53:31
397,423,828,42,1,14.81,14.81,delivered,2024-07-23 10:53:10
398,885,30,36,5,131.44,657.20,processing,2024-08-21 01:39:57
399,654,685,95,1,133.02,133.02,delivered,2025-01-10 06:55:05
400,264,1467,107,1,24.69,24.69,pending,2024-10-16 13:07:33
401,789,603,81,3,122.98,368.94,processing,2024-05-04 17:04:06
402,228,1786,80,2,38.99,77.98,shipped,2024-10-09 16:56:51
403,30,1225,80,3,162.13,486.39,processing,2024-06-22 23:01:24
404,940,492,38,1,178.52,178.52,processing,2024-09-28 20:57:52
405,528,1171,199,2,180.61,361.22,delivered,2024-05-26 19:31:44
406,969,618,123,1,29.44,29.44,processing,2024-07-31 18:24:14
407,698,1287,47,5,196.64,983.20,shipped,2024-07-24 16:15:36
408,126,159,52,2,17.20,34.40,cancelled,2025-03-25 21:19:53
409,335,123,23,4,33.28,133.12,processing,2025-04-26 15:45:22
410,787,1356,48,5,139.83,699.15,shipped,2024-11-20 23:53:00
411,949,21,147,1,30.35,30.35,processing,2024-05-25 19:09:37
412,99,301,26,3,177.42,532.26,delivered,2024-08-26 23:01:21
413,994,106,131,4,75.61,302.44,pending,2024-11-26 01:19:27
414,444,173,139,3,89.98,269.94,processing,2025-01-04 18:36:33
415,881,1848,192,1,135.62,135.62,cancelled,2024-11-22 08:12:20
416,476,702,115,5,107.31,536.55,pending,2024-07-14 14:46:37
417,915,727,99,5,8.80,44.00,cancelled,2025-02-03 09:58:46
418,734,671,91,2,28.40,56.80,cancelled,2024-10-03 20:28:03
419,547,1808,88,3,104.34,313.02,delivered,2025-04-16 15:41:45
420,484,129,42,3,130.30,390.90,processing,2024-10-20 13:21:15
421,430,166,101,2,140.29,280.58,shipped,2024-09-16 13:54:18
422,881,778,129,2,188.18,376.36,cancelled,2024-05-14 04:53:16
423,71,1536,154,4,65.97,263.88,cancelled,2025-01-06 18:41:48
424,565,365,159,2,171.34,342.68,delivered,2024-09-13 00:26:33
425,410,418,110,2,93.27,186.54,delivered,2025-04-14 03:50:49
426,802,61,116,1,86.66,86.66,delivered,2024-07-23 16:24:14
427,837,1000,99,4,107.41,429.64,shipped,2024-07-17 12:26:27
428,136,150,197,4,36.46,145.84,processing,2024-10-18 22:02:02
429,179,41,129,5,91.56,457.80,delivered,2025-01-30 11:29:16
430,829,30,36,4,14.94,59.76,delivered,2025-02-16 13:09:04
431,934,1267,200,3,77.90,233.70,pending,2025-03-30 00:34:14
432,248,753,4,4,8.38,33.52,shipped,2024-08-22 20:55:21
433,98,278,156,3,16.41,49.23,shipped,2025-04-02 07:52:21
434,815,566,67,5,188.91,944.55,cancelled,2024-06-27 00:34:46
435,911,1085,66,3,46.58,139.74,processing,2024-08-03 05:15:37
436,163,696,14,4,103.48,413.92,pending,2024-07-02 01:59:58
437,392,715,9,2,170.38,340.76,processing,2025-01-28 10:47:04
438,502,1048,116,3,70.25,210.75,delivered,2024-08-06 02:44:18
439,659,180,42,3,35.98,107.94,processing,2025-04-02 00:35:55
440,423,393,174,4,50.58,202.32,delivered,2024-05-27 01:55:18
441,151,382,116,4,35.30,141.20,processing,2024-05-12 11:51:05
442,51,384,110,2,6.27,12.54,pending,2025-01-27 04:45:00
443,773,1163,4,5,73.17,365.85,delivered,2025-04-20 12:16:33
444,895,1399,14,5,97.17,485.85,shipped,2024-08-03 22:49:12
445,75,939,43,2,129.63,259.26,shipped,2024-08-25 08:03:55
446,889,1287,176,5,53.54,267.70,delivered,2024-09-13 16:24:33
447,881,1286,131,1,79.87,79.87,cancelled,2024-08-02 07:38:01
448,717,1061,52,2,137.11,274.22,shipped,2024-07-11 10:00:19
449,595,495,108,4,125.68,502.72,shipped,2024-09-11 05:30:57
450,785,1313,193,2,120.99,241.98,delivered,2025-02-22 20:21:10
451,808,1855,173,2,22.25,44.50,pending,2024-11-22 12:29:42
452,60,437,120,5,39.97,199.85,delivered,2025-02-05 01:23:33
453,996,214,128,3,37.04,111.12,cancelled,2025-01-15 13:11:16
454,691,1845,117,1,131.36,131.36,processing,2024-06-30 16:22:56
455,978,1419,190,4,164.75,659.00,delivered,2024-10-11 00:31:58
456,152,1700,8,5,181.54,907.70,pending,2024-06-09 12:02:30
457,304,32,160,4,162.29,649.16,delivered,2024-09-29 08:34:56
458,39,575,189,4,48.76,195.04,processing,2024-05-16 23:24:46
459,359,269,12,2,197.60,395.20,shipped,2025-03-15 14:01:38
460,514,666,71,1,16.90,16.90,delivered,2024-08-17 14:33:46
461,609,1680,195,4,116.71,466.84,delivered,2024-09-25 22:29:00
462,627,314,44,2,62.62,125.24,pending,2024-12-19 17:50:21
463,701,1817,158,2,42.89,85.78,pending,2025-04-20 07:25:33
464,111,551,6,1,106.41,106.41,pending,2024-06-20 11:35:28
465,148,565,128,4,70.66,282.64,pending,2024-08-09 03:00:04
466,154,1384,111,5,37.21,186.05,cancelled,2025-04-18 13:26:59
467,856,437,189,2,168.03,336.06,delivered,2024-10-14 07:47:54
468,710,514,135,5,104.25,521.25,shipped,2024-09-01 07:54:03
469,292,642,85,5,84.53,422.65,delivered,2024-08-06 06:15:54
470,610,751,56,1,90.90,90.90,cancelled,2024-06-11 17:49:04
471,995,697,151,4,86.60,346.40,processing,2024-12-29 09:03:10
472,554,1603,114,1,81.80,81.80,processing,2024-10-13 08:21:17
473,351,1587,119,2,179.85,359.70,shipped,2024-09-04 10:33:23
474,137,858,86,2,128.46,256.92,cancelled,2024-06-27 02:00:01
475,725,562,44,3,140.72,422.16,processing,2025-04-10 19:52:37
476,842,923,121,1,199.23,199.23,cancelled,2024-10-08 09:10:00
477,413,388,43,2,14.35,28.70,processing,2024-12-15 13:07:18
478,109,1831,110,3,14.60,43.80,processing,2024-12-31 01:56:25
479,682,870,66,4,128.54,514.16,processing,2024-08-02 07:53:37
480,786,1648,143,4,130.17,520.68,shipped,2024-11-18 03:13:58
481,892,1143,134,5,30.27,151.35,pending,2024-05-01 19:32:34
482,855,1939,57,5,66.01,330.05,delivered,2024-05-13 10:41:32
483,732,97,153,3,121.48,364.44,cancelled,2024-09-28 00:49:01
484,101,1680,195,5,121.74,608.70,shipped,2024-11-25 12:25:54
485,768,1518,161,3,139.45,418.35,processing,2024-10-11 15:33:04
486,964,1667,143,3,75.40,226.20,pending,2024-06-12 23:18:47
487,56,1122,76,3,163.66,490.98,processing,2025-01-09 23:27:28
488,666,382,116,4,187.36,749.44,pending,2024-10-06 00:09:59
489,148,1921,51,1,175.59,175.59,pending,2025-04-29 01:39:57
490,342,810,90,1,148.24,148.24,shipped,2024-07-26 03:19:37
491,500,703,180,3,178.05,534.15,delivered,2024-12-18 03:20:20
492,675,472,5,5,172.06,860.30,shipped,2024-10-20 07:48:18
493,155,1902,109,5,179.87,899.35,processing,2024-08-12 00:19:34
494,656,257,137,5,22.80,114.00,delivered,2024-10-14 22:34:55
495,510,1998,85,5,188.16,940.80,shipped,2024-05-01 22:30:52
496,905,1036,113,2,196.93,393.86,cancelled,2024-05-29 16:48:57
497,633,1654,145,1,105.11,105.11,delivered,2025-01-13 01:13:18
498,456,5,105,2,75.88,151.76,delivered,2025-03-03 15:23:50
499,240,1086,73,3,11.82,35.46,delivered,2024-10-01 17:19:18
500,122,316,100,5,136.52,682.60,cancelled,2024-08-05 15:20:01
501,648,1772,53,5,184.65,923.25,delivered,2024-06-09 03:14:25
502,993,1623,18,2,144.78,289.56,cancelled,2024-10-12 07:32:24
503,152,979,41,2,104.16,208.32,pending,2024-11-23 08:45:54
504,146,1569,42,4,171.04,684.16,delivered,2024-08-10 20:52:44
505,80,150,185,1,140.05,140.05,pending,2024-08-20 10:24:04
506,614,527,4,1,127.80,127.80,cancelled,2024-06-10 13:29:04
507,214,1513,183,1,83.48,83.48,delivered,2025-01-09 03:01:37
508,356,409,30,1,172.36,172.36,shipped,2024-09-20 20:47:48
509,240,117,118,5,123.78,618.90,delivered,2025-04-14 05:48:50
510,516,1598,117,4,155.54,622.16,processing,2024-05-27 21:13:08
511,13,1241,135,2,113.96,227.92,shipped,2024-11-16 10:16:24
512,655,197,94,1,39.10,39.10,cancelled,2024-07-18 13:36:44
513,221,819,194,2,71.16,142.32,cancelled,2024-07-18 19:25:00
514,764,432,14,4,29.88,119.52,processing,2024-07-11 03:16:51
515,145,1027,149,3,182.85,548.55,shipped,2024-12-20 18:00:30
516,874,1278,8,2,25.69,51.38,processing,2025-03-10 18:20:30
517,116,1821,5,5,52.55,262.75,processing,2024-07-25 20:17:49
518,672,1235,35,1,117.91,117.91,processing,2025-03-31 20:41:34
519,779,365,12,5,150.07,750.35,processing,2024-07-21 21:43:13
520,469,1066,156,4,196.25,785.00,cancelled,2024-08-17 07:59:13
521,386,889,142,3,135.75,407.25,pending,2025-04-13 08:49:22
522,403,1883,57,4,58.15,232.60,shipped,2024-08-16 13:34:13
523,293,482,16,3,25.14,75.42,pending,2025-04-16 17:49:59
524,107,810,90,3,156.64,469.92,delivered,2024-11-29 08:44:00
525,963,1283,145,2,189.05,378.10,cancelled,2024-10-13 18:39:54
526,432,1611,82,3,84.48,253.44,delivered,2024-09-25 12:48:15
527,629,291,114,3,80.93,242.79,processing,2025-03-09 14:47:54
528,752,1772,53,5,14.87,74.35,pending,2024-05-05 23:01:51
529,640,1061,52,5,126.43,632.15,delivered,2025-02-14 22:44:58
530,33,1391,63,3,195.32,585.96,pending,2025-03-21 10:14:09
531,285,449,136,5,161.98,809.90,processing,2025-01-28 02:56:55
532,848,601,35,5,143.19,715.95,pending,2024-12-29 23:39:02
533,550,588,29,1,124.28,124.28,shipped,2024-11-14 00:39:52
534,512,1264,57,4,166.50,666.00,cancelled,2025-03-04 19:18:51
535,843,463,133,1,190.48,190.48,shipped,2025-04-08 17:33:33
536,852,596,170,1,126.78,126.78,processing,2024-09-11 05:06:06
537,992,926,24,5,166.10,830.50,delivered,2024-06-23 18:21:57
538,446,1038,149,1,33.10,33.10,pending,2024-11-16 01:35:18
539,192,1204,23,5,44.79,223.95,cancelled,2024-07-24 05:17:57
540,534,912,127,2,75.14,150.28,processing,2024-11-27 04:35:53
541,899,1312,174,2,92.44,184.88,cancelled,2024-12-23 00:48:18
542,943,1342,155,2,91.50,183.00,shipped,2024-08-19 13:49:07
543,733,360,35,3,133.36,400.08,shipped,2025-04-21 10:09:47
544,192,1712,173,5,105.73,528.65,cancelled,2024-08-03 07:35:57
545,252,1795,90,5,177.51,887.55,cancelled,2024-07-30 21:17:16
546,134,301,21,2,71.48,142.96,pending,2025-01-06 20:35:55
547,760,38,99,5,70.04,350.20,processing,2024-11-08 14:18:49
548,848,1524,198,2,194.43,388.86,processing,2024-09-15 16:48:45
549,96,325,104,4,29.16,116.64,delivered,2024-12-27 07:33:21
550,561,788,186,2,99.37,198.74,processing,2025-02-22 10:28:07
551,688,41,140,4,156.22,624.88,delivered,2025-04-29 01:32:56
552,650,242,125,4,193.62,774.48,processing,2024-12-09 00:37:21
553,652,18,154,2,191.21,382.42,pending,2024-05-06 02:29:18
554,651,774,11,2,40.88,81.76,pending,2025-01-22 23:02:56
555,997,856,68,2,109.43,218.86,delivered,2025-03-12 07:28:15
556,285,64,94,4,61.09,244.36,pending,2024-07-10 06:59:25
557,986,1056,123,1,198.89,198.89,cancelled,2024-12-14 02:45:09
558,534,1216,131,1,84.09,84.09,shipped,2025-02-20 18:10:58
559,858,1934,77,5,108.36,541.80,processing,2024-09-06 13:55:24
560,991,1869,68,1,6.59,6.59,pending,2024-06-23 11:03:13
561,428,422,106,1,99.69,99.69,delivered,2025-02-09 12:43:41
562,773,234,172,5,11.24,56.20,delivered,2024-12-10 05:06:06
563,277,1996,16,1,110.15,110.15,cancelled,2024-11-15 03:44:00
564,325,328,88,1,190.76,190.76,pending,2024-06-07 03:55:24
565,693,1414,84,1,137.60,137.60,cancelled,2025-03-31 06:08:32
566,854,561,171,4,69.81,279.24,processing,2024-06-02 15:44:51
567,466,1447,74,3,34.82,104.46,shipped,2024-11-21 17:52:21
568,60,981,40,3,32.32,96.96,delivered,2024-05-13 01:06:03
569,602,1589,27,1,189.28,189.28,delivered,2025-04-12 08:02:33
570,663,1796,92,5,36.95,184.75,shipped,2024-05-25 12:41:41
571,529,477,5,2,158.17,316.34,delivered,2024-10-08 18:20:32
572,630,123,120,3,189.21,567.63,shipped,2024-07-21 09:33:51
573,80,1951,136,1,150.40,150.40,shipped,2025-01-28 10:01:00
574,500,1672,158,1,37.49,37.49,delivered,2024-10-30 09:16:36
575,583,1648,76,5,40.02,200.10,shipped,2025-03-08 19:21:28
576,549,260,105,2,7.22,14.44,processing,2024-07-21 04:03:58
577,170,449,136,2,9.75,19.50,pending,2024-11-27 17:48:15
578,247,1743,38,4,179.66,718.64,cancelled,2024-07-07 05:53:47
579,354,1662,27,4,57.28,229.12,cancelled,2024-09-16 06:24:31
580,564,347,120,5,199.22,996.10,pending,2024-06-20 23:35:02
581,64,1148,80,5,67.90,339.50,pending,2025-01-29 08:50:25
582,194,1979,110,4,73.60,294.40,shipped,2024-08-25 23:23:54
583,840,737,1,4,135.03,540.12,processing,2024-08-11 17:02:52
584,742,21,147,5,8.10,40.50,processing,2024-06-07 23:05:03
585,119,1851,116,1,171.66,171.66,processing,2025-02-01 03:53:34
586,327,1374,128,2,183.13,366.26,cancelled,2024-11-12 07:38:02
587,368,1272,119,2,150.85,301.70,processing,2024-08-19 21:14:32
588,602,902,158,5,43.28,216.40,delivered,2024-12-05 12:35:35
589,741,316,100,1,59.36,59.36,pending,2024-06-21 20:44:20
590,161,864,64,5,20.15,100.75,processing,2024-05-03 18:22:27
591,11,1795,90,5,122.39,611.95,pending,2024-06-19 15:22:56
592,161,1393,189,2,27.82,55.64,processing,2025-01-01 10:13:00
593,359,1848,192,4,115.18,460.72,shipped,2024-08-05 18:12:17
594,217,969,184,5,124.51,622.55,pending,2024-11-01 16:43:18
595,921,10,135,5,15.07,75.35,delivered,2024-12-16 13:48:15
596,780,718,52,4,176.86,707.44,shipped,2024-06-10 23:08:35
597,864,1256,163,1,16.98,16.98,processing,2025-01-31 06:36:43
598,815,1169,116,1,122.09,122.09,cancelled,2024-12-28 13:28:29
599,83,421,38,3,132.28,396.84,delivered,2025-04-28 15:39:56
600,416,811,66,5,84.35,421.75,pending,2024-10-23 09:53:24
601,852,1750,36,1,118.84,118.84,processing,2025-01-20 15:51:43
602,538,1671,126,4,112.92,451.68,cancelled,2024-05-25 00:30:55
603,960,1886,41,4,52.40,209.60,processing,2024-05-25 14:01:12
604,624,1349,68,2,169.60,339.20,delivered,2024-07-09 15:00:05
605,421,1909,99,4,136.20,544.80,shipped,2024-07-31 11:01:44
606,814,147,48,3,61.95,185.85,pending,2024-05-06 14:48:27
607,464,1778,71,5,110.68,553.40,pending,2024-11-08 13:05:21
608,705,1486,179,2,81.75,163.50,shipped,2025-01-17 02:00:11
609,860,756,84,1,40.91,40.91,shipped,2025-04-23 22:16:39
610,547,1019,15,3,150.38,451.14,delivered,2024-08-29 10:59:11
611,886,354,146,1,184.29,184.29,shipped,2025-01-20 10:48:26
612,870,513,174,1,120.70,120.70,processing,2024-06-07 09:33:37
613,442,934,100,4,8.80,35.20,processing,2025-03-10 01:35:13
614,198,1470,3,2,10.99,21.98,cancelled,2024-09-01 15:02:14
615,536,393,174,3,6.24,18.72,shipped,2024-06-03 21:25:22
616,564,1570,4,3,67.71,203.13,pending,2025-04-02 14:55:46
617,244,1698,115,2,187.47,374.94,pending,2024-10-28 09:49:05
618,333,776,179,2,196.52,393.04,shipped,2025-03-18 23:36:53
619,721,487,77,3,50.36,151.08,pending,2025-01-07 20:27:57
620,871,793,59,5,10.38,51.90,pending,2025-01-03 12:19:37
621,305,1968,125,4,121.67,486.68,pending,2024-11-20 11:31:21
622,534,1503,159,5,121.00,605.00,processing,2024-06-03 22:13:48
623,81,171,85,3,65.55,196.65,pending,2025-01-31 09:14:25
624,710,1089,189,1,84.53,84.53,shipped,2025-04-18 18:50:21
625,587,1481,21,5,55.32,276.60,shipped,2024-10-03 05:48:21
626,65,984,124,1,13.46,13.46,shipped,2024-11-06 11:07:20
627,249,477,5,5,7.82,39.10,delivered,2025-04-13 16:19:13
628,143,1148,80,1,70.51,70.51,delivered,2025-02-19 05:56:30
629,918,1928,109,2,134.09,268.18,delivered,2024-07-02 20:07:50
630,553,735,63,4,117.70,470.80,cancelled,2025-02-10 17:08:40
631,640,1590,12,5,73.49,367.45,delivered,2025-01-10 18:34:05
632,38,1312,119,4,161.27,645.08,pending,2025-03-24 14:27:05
633,883,654,55,4,29.15,116.60,delivered,2024-12-15 02:04:46
634,165,466,147,1,82.41,82.41,shipped,2024-05-03 11:30:02
635,927,358,37,2,18.31,36.62,cancelled,2024-08-03 13:21:05
636,827,1133,28,4,61.80,247.20,pending,2024-12-05 08:25:12
637,287,993,89,2,118.61,237.22,cancelled,2024-05-14 09:20:31
638,539,1324,88,1,74.57,74.57,pending,2025-03-03 20:49:30
639,446,1845,117,4,35.41,141.64,processing,2024-12-10 17:17:29
640,746,1819,189,2,105.86,211.72,cancelled,2024-09-05 03:49:36
641,154,1172,46,2,63.11,126.22,cancelled,2024-07-02 16:49:23
642,521,169,155,4,189.58,758.32,pending,2024-07-07 21:54:46
643,140,1921,45,5,148.78,743.90,pending,2024-06-19 18:48:26
644,160,1921,51,5,30.58,152.90,cancelled,2024-10-17 17:51:20
645,867,1736,138,4,185.43,741.72,cancelled,2024-06-24 01:53:00
646,485,5,105,2,141.85,283.70,delivered,2024-10-13 03:57:40
647,966,954,70,1,64.45,64.45,processing,2025-02-26 02:27:48
648,623,954,72,1,107.12,107.12,pending,2024-10-08 12:36:06
649,485,641,142,1,139.64,139.64,delivered,2024-05-04 23:29:53
650,66,392,40,1,135.42,135.42,processing,2024-08-08 21:15:58
651,373,97,153,3,28.12,84.36,cancelled,2025-01-26 00:36:46
652,634,1577,10,2,110.10,220.20,pending,2025-03-15 11:25:27
653,642,415,158,2,96.58,193.16,pending,2024-11-19 10:14:39
654,371,886,163,5,19.95,99.75,delivered,2024-08-24 21:50:56
655,622,572,4,3,103.49,310.47,cancelled,2024-12-06 20:28:23
656,752,98,83,4,133.27,533.08,shipped,2024-05-14 18:23:48
657,713,527,4,1,6.06,6.06,delivered,2024-08-03 08:43:42
658,830,676,186,3,83.74,251.22,delivered,2025-04-04 17:08:44
659,498,1030,155,3,188.80,566.40,processing,2024-11-20 02:20:02
660,170,1522,155,2,192.64,385.28,processing,2025-01-06 01:24:26
661,899,1241,29,3,175.15,525.45,cancelled,2025-02-02 06:43:58
662,344,1191,64,3,179.15,537.45,processing,2024-08-17 07:05:08
663,191,1928,109,4,119.62,478.48,delivered,2024-11-13 12:33:23
664,856,263,169,1,67.88,67.88,delivered,2024-08-05 05:28:39
665,510,537,58,3,143.82,431.46,processing,2024-08-31 21:07:30
666,105,791,74,4,91.26,365.04,cancelled,2025-03-29 03:47:08
667,747,158,129,5,141.84,709.20,delivered,2025-04-17 05:08:40
668,164,844,146,5,195.36,976.80,delivered,2025-01-01 18:10:09
669,782,1415,77,4,177.87,711.48,pending,2024-06-29 11:21:05
670,526,1451,121,2,131.77,263.54,processing,2025-03-20 13:51:17
671,619,1698,115,1,67.35,67.35,cancelled,2024-11-30 18:14:54
672,894,204,139,5,66.74,333.70,cancelled,2024-08-18 01:59:02
673,314,645,183,4,117.45,469.80,delivered,2024-08-14 05:00:28
674,865,214,128,5,112.94,564.70,pending,2024-12-25 10:41:36
675,695,1138,153,1,89.15,89.15,delivered,2024-08-26 07:00:19
676,407,964,10,2,165.48,330.96,shipped,2025-01-06 08:08:24
677,52,175,194,1,168.88,168.88,processing,2025-02-27 19:25:59
678,963,1960,152,1,142.97,142.97,cancelled,2024-10-21 01:15:15
679,679,450,190,1,85.49,85.49,cancelled,2024-08-07 06:54:58
680,229,207,10,4,11.61,46.44,delivered,2024-12-02 07:11:22
681,515,1144,197,5,162.17,810.85,pending,2024-06-15 14:29:32
682,331,1445,52,3,86.43,259.29,processing,2025-02-06 20:20:29
683,228,1891,74,5,182.94,914.70,pending,2024-11-12 23:13:50
684,900,1527,124,1,124.56,124.56,shipped,2024-06-20 19:51:00
685,746,502,42,3,145.95,437.85,cancelled,2024-07-07 16:33:16
686,124,714,178,1,119.58,119.58,cancelled,2024-09-29 15:26:38
687,563,834,199,2,33.01,66.02,shipped,2024-08-30 17:54:37
688,115,127,98,3,25.29,75.87,shipped,2024-06-30 02:45:29
689,939,323,57,4,29.83,119.32,processing,2024-09-05 13:00:52
690,148,622,92,5,54.86,274.30,pending,2024-12-26 22:07:40
691,172,748,178,4,117.93,471.72,delivered,2024-12-02 02:35:00
692,483,1699,105,5,152.84,764.20,processing,2025-01-21 06:56:14
693,784,1778,71,1,47.41,47.41,shipped,2025-01-05 11:03:36
694,817,1699,105,5,79.90,399.50,pending,2024-07-11 13:32:52
695,730,1715,200,2,80.83,161.66,shipped,2025-01-28 05:03:14
696,900,581,29,5,158.09,790.45,shipped,2024-05-31 20:46:16
697,293,1375,189,3,154.92,464.76,processing,2024-11-20 08:51:49
698,106,218,103,1,162.92,162.92,shipped,2024-11-20 23:06:50
699,356,1973,66,4,172.66,690.64,processing,2024-09-28 21:07:35
700,605,1959,28,1,5.42,5.42,processing,2024-12-03 20:05:04
701,368,1177,30,5,187.34,936.70,pending,2025-03-04 12:47:07
702,165,858,86,3,135.32,405.96,processing,2024-09-27 10:15:08
703,364,86,120,5,62.64,313.20,shipped,2024-10-11 14:47:56
704,925,449,21,4,104.91,419.64,shipped,2025-01-08 20:08:40
705,207,1004,123,1,116.29,116.29,cancelled,2024-09-28 13:28:01
706,884,1097,184,1,169.30,169.30,pending,2024-12-22 03:28:08
707,21,1097,184,5,157.23,786.15,processing,2025-04-14 10:20:22
708,535,1430,57,4,181.01,724.04,pending,2025-02-07 10:48:24
709,414,1400,170,1,129.94,129.94,cancelled,2024-11-16 02:08:12
710,657,121,112,1,175.15,175.15,shipped,2024-09-05 13:30:21
711,431,99,98,2,150.48,300.96,delivered,2024-10-17 05:51:16
712,212,1186,190,5,199.19,995.95,shipped,2024-08-29 15:41:49
713,358,309,63,1,97.80,97.80,shipped,2024-11-20 15:57:15
714,281,153,5,2,168.60,337.20,pending,2024-10-19 02:20:54
715,475,177,181,5,12.65,63.25,shipped,2024-11-06 17:59:33
716,754,1708,139,1,199.81,199.81,delivered,2025-04-07 16:28:23
717,273,207,10,2,66.08,132.16,pending,2025-03-29 15:51:51
718,61,740,143,5,135.66,678.30,shipped,2025-02-13 04:17:33
719,869,150,197,4,18.98,75.92,shipped,2024-08-10 11:47:42
720,458,1342,155,1,132.44,132.44,processing,2024-09-25 19:32:18
721,191,680,163,5,150.42,752.10,delivered,2024-06-15 11:48:37
722,434,1244,152,5,90.37,451.85,processing,2024-09-18 04:12:20
723,594,301,45,5,108.91,544.55,cancelled,2024-06-04 22:09:04
724,683,339,142,3,66.66,199.98,shipped,2025-03-10 07:50:09
725,597,1342,194,2,63.09,126.18,shipped,2024-07-03 19:59:25
726,55,276,42,3,142.95,428.85,cancelled,2024-09-09 00:20:44
727,636,1388,190,4,109.75,439.00,processing,2024-11-19 10:39:00
728,915,1271,175,4,29.54,118.16,cancelled,2024-10-01 18:25:09
729,654,239,29,5,140.11,700.55,delivered,2024-11-29 05:57:58
730,871,1772,101,5,168.89,844.45,pending,2024-08-18 09:41:06
731,344,1981,178,4,6.46,25.84,pending,2025-02-08 06:13:36
732,250,1643,31,4,156.34,625.36,cancelled,2024-08-22 14:12:41
733,6,764,53,5,81.48,407.40,delivered,2024-07-04 23:04:12
734,183,472,143,4,137.11,548.44,pending,2024-06-08 12:56:25
735,146,239,161,5,90.08,450.40,delivered,2024-07-17 06:07:00
736,991,1631,186,5,36.44,182.20,processing,2025-03-09 00:57:48
737,226,287,122,1,139.87,139.87,pending,2024-06-14 18:09:13
738,374,1016,130,4,125.26,501.04,delivered,2024-10-10 17:11:24
739,204,1855,173,2,130.16,260.32,pending,2024-10-31 14:06:31
740,106,374,71,1,43.95,43.95,shipped,2025-01-13 20:29:36
741,228,1630,151,1,52.00,52.00,processing,2024-09-03 11:15:58
742,790,610,13,1,82.41,82.41,processing,2024-05-26 09:36:42
743,415,1516,148,2,66.83,133.66,pending,2024-11-04 11:14:54
744,857,537,58,4,121.99,487.96,processing,2024-10-07 19:33:31
745,830,1815,67,4,63.36,253.44,delivered,2024-12-21 05:49:42
746,383,1262,145,2,54.11,108.22,cancelled,2024-06-19 01:16:39
747,344,742,76,4,148.40,593.60,shipped,2025-01-17 13:36:37
748,735,564,125,5,64.76,323.80,cancelled,2025-03-26 00:20:13
749,682,1057,83,1,182.03,182.03,processing,2024-11-02 07:28:26
750,132,1665,101,1,181.50,181.50,processing,2024-10-28 11:03:36
751,568,565,129,3,70.51,211.53,pending,2024-10-10 09:05:25
752,144,595,93,2,94.03,188.06,delivered,2024-12-06 08:23:40
753,842,357,192,3,119.31,357.93,cancelled,2024-12-02 19:50:41
754,976,1675,192,2,120.94,241.88,pending,2024-11-19 00:44:50
755,637,1253,95,3,39.90,119.70,shipped,2024-07-18 07:47:53
756,471,401,148,4,119.07,476.28,delivered,2024-06-05 14:49:22
757,890,327,138,1,41.52,41.52,pending,2024-11-30 15:50:22
758,737,118,28,1,127.55,127.55,shipped,2024-06-23 14:39:56
759,398,404,173,2,81.06,162.12,processing,2025-01-25 14:13:12
760,919,1892,105,4,82.88,331.52,delivered,2025-04-03 12:13:19
761,803,842,79,5,81.22,406.10,cancelled,2024-06-07 02:45:57
762,346,1293,178,5,15.47,77.35,delivered,2024-06-22 18:30:14
763,50,974,119,3,81.99,245.97,cancelled,2024-07-24 04:23:50
764,781,1816,11,2,57.40,114.80,cancelled,2025-02-11 07:28:08
765,587,512,73,4,106.29,425.16,processing,2024-08-01 16:15:08
766,613,1648,151,3,157.10,471.30,processing,2024-06-11 12:10:25
767,364,761,40,3,65.21,195.63,shipped,2024-11-13 08:12:44
768,119,1556,191,5,164.84,824.20,pending,2024-07-29 09:37:16
769,358,403,72,4,159.90,639.60,processing,2024-06-06 08:31:19
770,328,1084,155,5,199.76,998.80,processing,2025-01-18 21:12:10
771,939,1566,122,1,157.21,157.21,shipped,2024-08-21 16:44:24
772,187,1582,21,4,69.47,277.88,shipped,2024-09-04 13:03:45
773,973,433,47,4,61.24,244.96,cancelled,2024-12-21 20:07:38
774,620,1219,59,1,123.55,123.55,shipped,2024-08-16 10:49:02
775,348,1054,52,5,174.44,872.20,pending,2025-02-11 23:22:07
776,662,117,118,1,120.83,120.83,delivered,2025-02-26 19:28:04
777,814,827,86,4,190.91,763.64,processing,2024-05-10 06:35:28
778,980,1874,67,1,107.32,107.32,delivered,2024-10-01 12:30:00
779,666,1739,103,2,170.25,340.50,pending,2024-12-23 11:13:15
780,223,297,191,3,132.96,398.88,cancelled,2024-08-08 03:35:01
781,322,773,101,4,165.21,660.84,shipped,2024-07-30 05:30:05
782,232,485,125,5,61.06,305.30,delivered,2024-05-17 20:57:03
783,39,1386,157,2,21.10,42.20,processing,2024-05-04 08:13:19
784,79,1385,37,1,110.03,110.03,shipped,2024-10-09 06:09:33
785,358,1544,144,3,50.04,150.12,processing,2025-02-02 11:33:48
786,553,1749,18,3,66.34,199.02,cancelled,2024-06-15 18:01:34
787,236,1244,152,4,86.64,346.56,cancelled,2024-12-30 07:56:27
788,43,306,152,3,164.01,492.03,shipped,2025-03-31 05:23:49
789,142,1656,132,2,71.84,143.68,shipped,2024-05-26 15:00:08
790,779,641,151,5,19.89,99.45,shipped,2024-10-18 01:20:42
791,630,1878,112,2,58.73,117.46,shipped,2024-12-23 07:43:01
792,135,1140,155,1,179.85,179.85,cancelled,2024-06-08 20:59:32
793,833,637,200,5,142.67,713.35,shipped,2024-09-13 20:30:35
794,816,849,36,1,173.61,173.61,shipped,2024-05-30 22:59:32
795,813,538,96,5,94.22,471.10,shipped,2025-02-15 06:59:28
796,67,1351,154,4,39.47,157.88,pending,2024-08-20 12:35:46
797,492,776,118,4,52.04,208.16,delivered,2024-11-18 21:42:11
798,483,525,98,5,134.28,671.40,shipped,2025-02-28 08:46:29
799,416,317,114,4,138.17,552.68,shipped,2024-10-13 11:16:22
800,460,1163,4,5,80.46,402.30,pending,2024-07-31 21:56:49
801,585,792,158,2,5.46,10.92,processing,2025-03-01 14:15:10
802,750,506,100,5,144.63,723.15,processing,2025-01-04 01:13:48
803,486,512,177,1,133.41,133.41,processing,2024-10-13 11:10:08
804,963,1903,117,1,98.35,98.35,cancelled,2024-10-22 01:23:22
805,703,1983,14,2,99.82,199.64,delivered,2024-08-13 05:14:36
806,40,347,120,1,156.08,156.08,pending,2024-08-17 04:46:30
807,457,1872,146,2,183.56,367.12,processing,2024-07-19 21:20:12
808,618,1785,114,3,69.60,208.80,cancelled,2024-10-16 03:19:13
809,416,372,168,1,177.44,177.44,processing,2024-06-05 05:52:37
810,390,837,32,3,128.38,385.14,processing,2024-05-12 21:47:49
811,224,1808,88,1,59.89,59.89,shipped,2024-07-10 03:59:37
812,679,239,29,5,131.69,658.45,cancelled,2025-02-06 11:20:34
813,54,573,195,4,164.67,658.68,pending,2025-03-10 06:38:26
814,676,1706,177,3,180.02,540.06,delivered,2024-05-04 01:46:13
815,527,1419,53,2,186.57,373.14,processing,2024-11-25 23:11:28
816,760,1456,102,5,163.73,818.65,pending,2024-08-15 00:47:39
817,477,172,200,4,83.24,332.96,pending,2024-11-08 20:31:29
818,343,1124,48,3,17.87,53.61,shipped,2025-01-08 12:22:06
819,34,686,12,2,104.76,209.52,processing,2024-09-17 06:51:43
820,131,325,104,1,99.51,99.51,cancelled,2025-04-03 04:56:45
821,508,512,73,4,110.68,442.72,pending,2024-09-15 16:33:41
822,541,1462,194,4,81.52,326.08,delivered,2024-10-22 02:36:14
823,883,260,75,1,10.76,10.76,delivered,2024-07-21 22:34:28
824,877,1572,121,2,162.68,325.36,shipped,2024-12-23 10:11:16
825,599,637,134,2,186.75,373.50,cancelled,2024-11-22 22:18:15
826,997,1087,181,1,148.73,148.73,delivered,2024-07-19 06:29:22
827,474,844,146,4,76.88,307.52,pending,2024-10-23 09:25:54
828,832,974,119,1,101.62,101.62,pending,2024-11-05 15:35:20
829,243,754,178,1,62.26,62.26,processing,2024-10-17 18:51:36
830,73,364,142,1,114.16,114.16,delivered,2025-01-30 10:23:44
831,753,313,114,5,154.83,774.15,processing,2025-01-30 21:30:03
832,169,1287,47,4,47.51,190.04,pending,2024-08-15 10:29:52
833,885,1991,65,2,123.39,246.78,pending,2025-03-26 07:03:44
834,969,1941,111,4,103.48,413.92,shipped,2025-02-25 01:09:15
835,462,1926,157,2,189.54,379.08,processing,2024-10-25 02:40:26
836,604,366,165,1,8.08,8.08,pending,2024-05-19 17:37:12
837,737,1737,118,2,6.22,12.44,processing,2025-01-22 08:19:32
838,128,1877,57,1,6.63,6.63,shipped,2024-06-01 23:26:06
839,292,404,54,1,125.74,125.74,delivered,2024-10-16 04:54:34
840,488,484,20,1,43.58,43.58,cancelled,2024-08-25 03:29:58
841,475,1734,174,5,156.78,783.90,shipped,2024-07-18 15:39:21
842,118,603,60,3,113.69,341.07,pending,2024-10-21 02:18:10
843,273,1237,95,1,84.46,84.46,processing,2025-03-31 17:50:09
844,107,1325,137,2,117.98,235.96,delivered,2024-12-07 13:17:50
845,941,995,169,4,154.71,618.84,cancelled,2024-09-08 07:03:12
846,709,255,179,3,61.57,184.71,delivered,2025-01-15 19:23:56
847,431,266,130,5,95.87,479.35,delivered,2025-03-28 11:09:40
848,628,953,164,3,187.41,562.23,processing,2024-09-22 02:52:09
849,475,1082,163,2,126.40,252.80,shipped,2024-08-14 03:40:50
850,411,524,42,3,170.99,512.97,pending,2025-02-05 13:38:56
851,825,969,184,3,159.72,479.16,cancelled,2025-01-13 04:24:58
852,54,60,197,3,127.43,382.29,shipped,2024-06-03 23:51:40
853,470,987,7,5,130.88,654.40,pending,2024-05-28 22:59:07
854,738,1409,131,3,50.10,150.30,shipped,2024-06-28 22:22:48
855,411,554,161,4,174.94,699.76,shipped,2024-08-28 20:09:51
856,340,1821,5,3,12.81,38.43,pending,2024-08-22 06:16:59
857,633,401,148,1,190.02,190.02,delivered,2025-01-16 01:27:42
858,209,1494,169,3,91.87,275.61,cancelled,2024-12-15 22:37:54
859,271,779,10,1,198.83,198.83,shipped,2024-10-05 21:22:20
860,803,104,10,1,27.37,27.37,cancelled,2024-05-11 17:20:29
861,491,655,76,3,118.04,354.12,processing,2024-06-03 20:24:44
862,137,819,37,4,92.88,371.52,cancelled,2024-12-23 20:26:35
863,673,791,31,2,61.64,123.28,cancelled,2024-05-17 22:44:08
864,96,1520,164,3,56.07,168.21,delivered,2024-05-14 07:57:11
865,307,1853,16,1,30.03,30.03,delivered,2024-08-11 08:52:01
866,356,942,110,2,7.78,15.56,pending,2024-08-01 03:11:24
867,611,898,129,1,198.25,198.25,delivered,2025-01-11 05:50:06
868,819,216,94,1,61.83,61.83,processing,2024-06-12 12:34:41
869,372,1198,121,3,128.85,386.55,processing,2025-04-29 19:48:00
870,968,413,136,4,109.66,438.64,cancelled,2024-12-20 10:34:28
871,782,467,51,2,155.50,311.00,processing,2024-12-04 04:35:29
872,776,1700,8,3,138.28,414.84,delivered,2025-02-21 09:42:46
873,582,1637,74,5,159.55,797.75,pending,2024-06-10 05:45:02
874,741,95,51,3,167.20,501.60,processing,2024-06-11 22:31:56
875,94,976,19,1,97.75,97.75,cancelled,2025-01-14 05:40:17
876,327,1724,6,5,157.90,789.50,cancelled,2024-07-20 01:18:48
877,351,851,59,2,146.87,293.74,pending,2024-08-29 05:16:56
878,573,1210,70,1,61.62,61.62,cancelled,2024-10-17 19:23:44
879,551,1844,1,5,53.10,265.50,pending,2024-06-17 03:01:42
880,818,674,114,3,116.79,350.37,shipped,2025-03-24 14:56:23
881,882,1118,35,4,136.01,544.04,cancelled,2024-05-27 18:06:42
882,84,1899,144,5,31.08,155.40,pending,2024-05-02 09:01:43
883,615,292,83,4,155.32,621.28,pending,2024-12-04 22:28:32
884,895,472,143,2,116.22,232.44,processing,2024-10-17 22:24:53
885,388,281,96,2,88.72,177.44,shipped,2024-11-02 03:57:21
886,671,720,52,1,187.07,187.07,shipped,2024-12-14 01:10:09
887,6,501,138,5,158.19,790.95,delivered,2024-12-03 17:10:30
888,609,695,130,2,71.88,143.76,delivered,2024-11-25 17:26:29
889,177,1164,169,1,113.97,113.97,shipped,2024-11-30 01:23:52
890,275,1150,14,1,87.86,87.86,delivered,2024-10-13 02:44:18
891,848,1409,131,4,103.97,415.88,shipped,2024-09-22 21:58:21
892,517,849,163,4,182.03,728.12,delivered,2025-01-27 10:20:04
893,722,740,27,2,189.04,378.08,pending,2024-10-15 14:19:10
894,906,1602,10,2,192.11,384.22,shipped,2025-01-22 13:54:29
895,801,733,31,1,125.68,125.68,cancelled,2025-02-20 07:59:10
896,32,727,99,3,185.68,557.04,cancelled,2024-07-12 01:28:39
897,732,772,157,3,114.15,342.45,cancelled,2025-01-17 06:54:03
898,779,1531,104,5,164.42,822.10,shipped,2025-04-11 20:03:58
899,890,1221,113,3,92.14,276.42,processing,2024-06-27 10:54:37
900,154,1581,178,5,53.12,265.60,cancelled,2024-11-02 02:04:48
901,674,909,11,2,65.34,130.68,cancelled,2025-02-13 15:10:19
902,896,215,199,4,199.01,796.04,delivered,2025-02-11 16:28:39
903,697,1007,57,2,81.07,162.14,shipped,2025-04-16 06:49:11
904,532,406,107,4,78.53,314.12,pending,2024-08-09 02:39:07
905,334,378,194,5,176.03,880.15,processing,2024-06-16 17:08:23
906,192,1701,14,1,31.21,31.21,cancelled,2024-11-19 18:06:11
907,204,696,14,4,92.80,371.20,pending,2024-10-23 07:19:28
908,756,51,36,1,124.39,124.39,cancelled,2024-12-21 22:20:09
909,303,1195,36,2,61.10,122.20,cancelled,2024-09-13 16:34:08
910,767,867,178,2,174.47,348.94,pending,2025-03-29 18:08:22
911,747,1561,128,5,42.47,212.35,delivered,2024-06-30 03:03:01
912,956,67,38,4,165.95,663.80,processing,2025-03-27 15:09:44
913,956,939,43,3,54.92,164.76,processing,2025-04-08 20:35:05
914,231,513,6,4,37.33,149.32,delivered,2025-03-14 05:02:27
915,263,1123,148,4,125.72,502.88,shipped,2025-01-15 17:22:49
916,577,1472,191,4,156.05,624.20,delivered,2024-11-20 22:17:06
917,51,1604,150,2,114.53,229.06,processing,2024-06-01 23:48:40
918,483,150,197,4,42.80,171.20,shipped,2024-10-07 20:42:57
919,147,1410,81,5,193.08,965.40,shipped,2024-11-01 20:26:08
920,898,1744,124,5,72.48,362.40,pending,2024-12-06 00:51:11
921,172,1184,89,1,138.23,138.23,delivered,2024-07-01 02:57:57
922,904,1893,200,3,133.38,400.14,delivered,2024-11-21 15:33:07
923,555,1146,25,3,56.48,169.44,cancelled,2024-08-24 20:31:02
924,413,681,150,4,190.94,763.76,processing,2024-09-05 21:44:27
925,880,1187,13,4,161.94,647.76,delivered,2025-02-02 23:28:12
926,448,587,190,4,128.34,513.36,pending,2024-05-22 00:59:58
927,822,1244,152,2,63.41,126.82,shipped,2024-05-25 10:14:37
928,402,147,189,4,188.54,754.16,processing,2025-03-18 02:46:50
929,272,262,132,3,17.60,52.80,cancelled,2024-09-17 04:29:33
930,408,191,60,3,119.78,359.34,shipped,2024-09-24 10:46:43
931,257,1516,148,5,105.23,526.15,pending,2025-04-28 20:38:32
932,549,1585,62,5,150.54,752.70,shipped,2024-07-24 06:32:23
933,578,971,66,3,140.90,422.70,delivered,2024-09-12 18:05:32
934,970,5,105,3,198.73,596.19,shipped,2024-05-25 04:16:30
935,266,1153,64,1,115.43,115.43,shipped,2024-12-13 14:22:54
936,666,1855,173,4,76.37,305.48,processing,2024-06-02 19:51:24
937,943,260,75,1,180.62,180.62,shipped,2024-07-10 15:31:24
938,636,171,3,1,46.73,46.73,shipped,2025-04-15 04:04:43
939,363,1700,8,3,170.71,512.13,pending,2025-04-05 17:25:58
940,246,641,142,1,134.58,134.58,processing,2024-12-06 06:53:02
941,393,1019,15,4,44.51,178.04,processing,2024-10-08 04:22:13
942,841,477,5,3,37.72,113.16,cancelled,2024-07-15 17:12:18
943,399,95,51,3,72.07,216.21,pending,2024-06-30 10:29:07
944,789,909,11,3,82.81,248.43,pending,2025-01-02 05:40:16
945,552,1689,88,4,14.69,58.76,delivered,2024-10-27 11:49:06
946,178,12,84,3,19.09,57.27,shipped,2024-12-07 17:41:29
947,712,1324,91,3,121.71,365.13,pending,2024-07-28 18:29:58
948,872,373,191,1,166.19,166.19,shipped,2024-10-13 12:05:10
949,48,202,91,2,182.43,364.86,cancelled,2025-02-04 05:27:31
950,464,135,6,5,56.18,280.90,pending,2024-09-02 06:58:43
951,74,305,128,3,172.69,518.07,cancelled,2024-06-16 05:14:28
952,108,1598,80,2,182.07,364.14,cancelled,2024-07-21 11:47:45
953,622,385,77,4,100.89,403.56,cancelled,2024-08-11 23:12:35
954,414,1840,8,3,83.47,250.41,cancelled,2024-10-20 22:28:38
955,137,1250,84,2,150.75,301.50,cancelled,2024-07-14 04:44:25
956,361,190,16,4,65.02,260.08,cancelled,2025-01-11 21:01:30
957,911,1509,54,2,123.16,246.32,processing,2024-06-24 15:16:42
958,514,1631,166,1,11.09,11.09,delivered,2025-01-28 18:04:56
959,325,779,10,2,90.60,181.20,processing,2024-09-28 01:20:48
960,211,1892,105,5,78.86,394.30,delivered,2024-09-18 16:17:35
961,877,61,116,2,140.66,281.32,pending,2024-10-23 03:54:10
962,44,646,35,5,158.79,793.95,delivered,2025-01-09 05:51:22
963,98,1975,86,4,196.07,784.28,shipped,2024-05-07 17:29:53
964,683,106,157,5,29.03,145.15,shipped,2025-02-23 20:36:02
965,479,1353,99,5,169.08,845.40,pending,2025-04-05 04:10:01
966,999,1530,189,3,75.49,226.47,pending,2025-01-14 05:03:27
967,59,86,120,2,118.24,236.48,pending,2025-02-03 16:58:16
968,400,1243,101,1,32.40,32.40,pending,2024-09-23 19:46:52
969,315,981,40,2,174.55,349.10,processing,2024-12-27 14:08:16
970,765,1306,91,5,27.59,137.95,processing,2025-04-13 22:29:38
971,127,446,107,4,126.86,507.44,shipped,2024-12-13 13:42:54
972,849,174,68,1,147.43,147.43,processing,2024-12-08 20:29:26
973,699,979,52,3,20.94,62.82,pending,2024-10-27 23:37:22
974,341,823,110,4,39.06,156.24,shipped,2024-08-02 21:59:27
975,423,1754,56,3,154.05,462.15,delivered,2024-10-24 07:54:58
976,728,371,54,5,94.90,474.50,cancelled,2024-08-17 20:29:04
977,559,466,147,1,74.81,74.81,shipped,2024-12-07 10:38:49
978,758,1728,146,5,194.56,972.80,processing,2025-02-08 10:46:18
979,488,1369,13,1,16.74,16.74,cancelled,2024-07-12 16:22:13
980,421,9,156,1,196.48,196.48,pending,2024-08-15 15:16:44
981,812,1854,76,2,30.97,61.94,processing,2024-07-31 10:26:59
982,533,41,129,1,90.43,90.43,shipped,2024-05-08 04:18:48
983,649,469,56,4,71.68,286.72,pending,2024-10-02 02:46:36
984,305,1671,197,1,49.38,49.38,pending,2024-06-24 12:44:35
985,963,425,95,2,130.30,260.60,cancelled,2024-05-27 03:25:17
986,474,808,188,2,133.44,266.88,shipped,2024-10-23 07:33:42
987,650,1301,151,4,194.05,776.20,processing,2025-04-25 08:05:04
988,334,1370,94,2,144.97,289.94,pending,2024-10-15 10:31:55
989,832,942,80,1,28.90,28.90,pending,2025-01-25 00:01:12
990,370,127,174,1,92.37,92.37,cancelled,2024-10-06 19:17:47
991,900,1642,152,4,168.31,673.24,pending,2025-04-22 07:12:28
992,458,900,155,2,44.95,89.90,shipped,2024-06-22 02:57:09
993,445,7,30,3,189.69,569.07,shipped,2024-06-16 23:38:35
994,793,1392,56,4,132.86,531.44,delivered,2024-06-09 07:28:49
995,24,735,63,4,146.63,586.52,processing,2024-06-01 22:30:19
996,255,867,169,4,38.57,154.28,shipped,2024-06-30 01:58:58
997,52,1225,138,5,160.14,800.70,shipped,2024-12-02 09:30:47
998,695,188,185,5,34.22,171.10,delivered,2024-06-13 23:06:20
999,644,432,14,4,13.25,53.00,cancelled,2025-02-13 22:48:13
1000,46,1363,21,1,148.38,148.38,pending,2024-06-30 18:28:51
1001,656,348,64,3,179.50,538.50,delivered,2024-10-17 03:12:14
1002,872,1656,132,4,123.07,492.28,processing,2025-04-29 22:32:52
1003,789,1473,21,2,93.74,187.48,processing,2025-03-18 23:11:18
1004,429,46,126,1,37.78,37.78,shipped,2025-04-25 12:59:19
1005,807,1724,6,2,116.83,233.66,shipped,2024-11-19 20:30:40
1006,540,1947,137,4,55.42,221.68,shipped,2024-11-19 16:25:34
1007,539,1761,46,2,71.92,143.84,shipped,2025-01-13 08:57:59
1008,553,1828,197,4,182.08,728.32,cancelled,2024-11-16 16:59:45
1009,685,412,104,1,60.52,60.52,pending,2024-12-19 01:01:22
1010,917,1120,154,1,5.98,5.98,cancelled,2024-09-12 07:54:02
1011,834,301,26,2,166.19,332.38,shipped,2025-02-16 13:07:01
1012,258,1769,123,2,197.47,394.94,pending,2024-08-15 12:23:00
1013,795,306,186,3,108.56,325.68,shipped,2024-12-17 00:15:24
1014,55,997,115,4,122.22,488.88,cancelled,2025-02-28 01:55:22
1015,870,1202,135,1,73.58,73.58,processing,2024-08-25 21:25:00
1016,812,977,76,1,44.89,44.89,pending,2024-10-11 01:23:31
1017,899,630,109,1,143.00,143.00,cancelled,2024-08-31 11:44:17
1018,34,1359,90,3,57.48,172.44,processing,2024-11-14 22:32:54
1019,518,1016,14,1,42.02,42.02,processing,2025-02-20 11:55:12
1020,712,755,121,4,170.70,682.80,pending,2025-03-16 10:37:47
1021,20,565,176,4,160.87,643.48,delivered,2024-12-27 04:13:43
1022,691,546,51,2,128.40,256.80,pending,2024-11-22 17:52:13
1023,878,1199,172,3,55.55,166.65,cancelled,2024-12-29 03:55:28
1024,221,670,115,2,175.21,350.42,cancelled,2024-10-03 02:59:10
1025,563,1470,122,1,17.31,17.31,shipped,2024-05-02 21:09:35
1026,591,1693,74,5,129.77,648.85,cancelled,2024-11-16 09:11:39
1027,949,505,67,4,30.04,120.16,shipped,2024-10-14 10:20:48
1028,595,1926,157,5,108.97,544.85,pending,2024-11-17 00:50:20
1029,992,57,88,5,111.49,557.45,delivered,2024-07-05 07:40:34
1030,960,1235,125,1,191.74,191.74,pending,2024-05-31 07:50:10
1031,658,942,80,1,67.92,67.92,delivered,2024-11-17 17:05:01
1032,401,449,21,1,78.85,78.85,shipped,2024-11-30 17:20:47
1033,260,858,183,2,128.48,256.96,delivered,2024-12-06 19:08:05
1034,379,180,42,5,188.88,944.40,pending,2024-05-12 10:25:02
1035,76,60,50,1,50.45,50.45,cancelled,2024-07-06 12:18:37
1036,283,1092,161,3,14.13,42.39,processing,2024-08-17 12:21:29
1037,166,649,53,3,142.91,428.73,pending,2024-06-11 21:15:24
1038,615,538,96,3,64.58,193.74,pending,2024-06-04 06:40:15
1039,939,1660,156,3,154.23,462.69,shipped,2025-02-11 09:58:56
1040,131,66,84,1,34.73,34.73,cancelled,2024-05-01 09:06:06
1041,70,834,74,1,161.34,161.34,processing,2024-10-08 23:21:48
1042,898,1932,52,1,73.50,73.50,shipped,2025-03-01 19:10:32
1043,317,440,57,1,108.84,108.84,shipped,2024-09-13 08:28:07
1044,954,1939,57,1,139.33,139.33,delivered,2025-01-24 11:25:16
1045,604,740,143,1,105.20,105.20,pending,2025-03-31 12:33:29
1046,970,1388,190,3,17.26,51.78,pending,2024-09-17 05:04:44
1047,883,1385,37,1,188.12,188.12,delivered,2025-01-10 16:24:48
1048,149,939,43,4,43.41,173.64,cancelled,2024-06-20 18:29:29
1049,201,233,8,5,178.21,891.05,processing,2024-05-30 05:42:51
1050,684,1046,158,4,10.90,43.60,delivered,2024-10-19 14:17:55
1051,367,60,197,1,93.62,93.62,processing,2025-04-20 12:01:56
1052,697,64,60,5,14.79,73.95,processing,2024-06-26 14:37:15
1053,196,1140,155,3,97.98,293.94,pending,2024-08-25 01:11:15
1054,664,99,93,5,161.62,808.10,shipped,2025-04-07 03:15:19
1055,445,1570,4,2,160.99,321.98,pending,2024-06-20 17:35:52
1056,826,1739,62,1,12.88,12.88,delivered,2025-03-22 09:24:06
1057,74,68,190,1,45.92,45.92,cancelled,2025-02-22 02:15:27
1058,666,5,105,3,107.86,323.58,processing,2024-10-26 17:29:14
1059,312,1163,4,5,11.89,59.45,processing,2025-01-02 02:06:28
1060,500,438,150,3,69.10,207.30,delivered,2025-04-05 23:27:31
1061,399,1962,96,1,122.31,122.31,processing,2024-08-17 15:55:12
1062,925,1264,57,4,73.88,295.52,pending,2024-06-22 07:11:41
1063,265,1143,134,5,158.11,790.55,cancelled,2024-09-19 21:52:34
1064,126,1489,2,1,126.56,126.56,cancelled,2024-05-25 06:12:31
1065,798,1061,52,4,95.39,381.56,processing,2025-01-02 03:32:52
1066,729,472,143,4,92.88,371.52,delivered,2024-12-05 02:43:32
1067,800,965,125,1,102.33,102.33,delivered,2024-06-06 20:14:56
1068,405,728,39,3,155.06,465.18,cancelled,2025-01-02 01:04:35
1069,55,1587,139,1,38.35,38.35,cancelled,2024-08-22 04:13:19
1070,901,1728,13,4,186.12,744.48,cancelled,2025-04-18 02:29:21
1071,132,840,146,1,174.43,174.43,processing,2024-07-19 15:37:26
1072,541,1518,161,4,65.81,263.24,delivered,2024-11-17 13:16:17
1073,416,1737,118,2,160.96,321.92,shipped,2024-06-12 23:04:05
1074,157,791,31,3,138.12,414.36,delivered,2024-09-27 05:26:55
1075,368,330,140,3,100.19,300.57,shipped,2024-08-15 17:13:12
1076,94,578,170,1,76.85,76.85,cancelled,2025-04-03 13:54:07
1077,258,1186,190,2,192.13,384.26,shipped,2024-08-02 04:27:35
1078,44,1080,42,4,55.16,220.64,delivered,2024-11-29 07:44:56
1079,4,807,184,4,78.52,314.08,shipped,2024-05-14 18:37:08
1080,871,482,16,4,184.05,736.20,shipped,2024-12-03 09:09:56
1081,319,320,108,1,117.62,117.62,processing,2024-09-15 03:36:21
1082,814,1409,131,3,73.70,221.10,processing,2024-09-19 23:12:04
1083,343,868,54,3,29.87,89.61,processing,2024-11-14 18:08:38
1084,272,1520,164,3,125.33,375.99,cancelled,2025-02-25 05:20:29
1085,887,793,59,5,56.49,282.45,cancelled,2025-03-01 22:24:49
1086,105,742,129,5,106.06,530.30,cancelled,2025-02-10 01:11:54
1087,871,1691,49,3,156.26,468.78,pending,2024-08-02 12:22:45
1088,480,1058,99,4,67.10,268.40,processing,2024-06-19 19:57:17
1089,693,1012,73,2,106.45,212.90,cancelled,2024-12-11 05:11:10
1090,905,1367,23,5,88.62,443.10,cancelled,2025-03-12 22:33:28
1091,120,509,122,5,163.58,817.90,pending,2024-11-23 00:01:33
1092,957,445,38,5,146.28,731.40,shipped,2024-05-23 20:21:20
1093,380,1222,38,2,153.78,307.56,processing,2025-02-11 22:15:39
1094,760,644,167,1,66.00,66.00,processing,2024-09-17 00:37:08
1095,620,126,184,4,194.17,776.68,shipped,2024-07-02 14:07:10
1096,868,332,16,1,181.40,181.40,delivered,2024-06-04 14:30:28
1097,346,765,112,2,146.80,293.60,delivered,2024-11-03 11:30:15
1098,441,21,152,5,189.34,946.70,processing,2024-07-04 16:42:30
1099,443,117,27,2,171.13,342.26,shipped,2024-05-06 13:05:30
1100,718,765,112,5,149.57,747.85,pending,2024-06-06 08:41:56
1101,343,301,45,5,168.92,844.60,shipped,2024-07-10 10:18:15
1102,293,429,78,3,136.08,408.24,pending,2025-03-16 02:47:59
1103,190,1073,120,3,69.05,207.15,processing,2025-03-03 19:59:57
1104,294,766,186,5,88.92,444.60,delivered,2024-06-30 13:43:22
1105,417,1587,119,1,38.82,38.82,pending,2025-03-12 06:31:50
1106,427,1730,36,2,24.81,49.62,pending,2024-08-17 01:20:29
1107,247,1973,66,4,142.34,569.36,cancelled,2024-09-14 04:27:25
1108,489,858,183,4,40.83,163.32,pending,2025-02-06 12:06:03
1109,345,1452,52,2,157.64,315.28,cancelled,2024-07-07 18:49:01
1110,167,1853,16,2,187.92,375.84,cancelled,2025-02-27 07:39:23
1111,743,1235,35,1,90.86,90.86,cancelled,2025-01-24 22:21:20
1112,448,403,63,2,107.67,215.34,processing,2024-08-04 21:23:11
1113,123,301,21,4,62.94,251.76,shipped,2024-07-29 19:02:51
1114,889,564,125,2,57.37,114.74,delivered,2024-11-24 04:17:45
1115,306,851,59,1,97.48,97.48,delivered,2025-02-03 22:11:36
1116,405,197,94,1,8.94,8.94,cancelled,2025-03-15 16:50:13
1117,852,1744,124,1,97.77,97.77,processing,2025-01-01 18:19:17
1118,334,159,52,4,53.76,215.04,shipped,2024-12-13 04:31:12
1119,818,119,116,3,96.18,288.54,pending,2024-10-17 21:02:05
1120,348,993,77,5,177.22,886.10,shipped,2024-10-28 22:38:26
1121,970,467,51,1,189.83,189.83,pending,2025-02-22 12:05:05
1122,25,760,156,1,5.04,5.04,cancelled,2025-04-18 17:29:03
1123,7,1767,182,3,123.54,370.62,processing,2024-10-30 04:06:45
1124,831,1450,79,1,139.24,139.24,cancelled,2025-01-22 18:00:34
1125,569,1712,120,4,168.77,675.08,cancelled,2024-09-14 14:08:08
1126,760,751,56,1,130.92,130.92,pending,2025-04-15 06:31:59
1127,982,339,53,4,196.72,786.88,pending,2025-04-05 07:14:24
1128,766,488,130,5,134.51,672.55,cancelled,2025-02-11 21:42:18
1129,849,1447,76,1,139.44,139.44,pending,2024-07-20 04:59:38
1130,914,887,161,5,198.35,991.75,shipped,2024-10-16 23:48:49
1131,955,370,36,4,136.58,546.32,pending,2024-07-11 22:01:52
1132,178,596,7,5,172.07,860.35,shipped,2024-10-20 11:11:53
1133,389,527,4,4,198.48,793.92,cancelled,2024-11-14 02:41:35
1134,441,1462,194,3,192.20,576.60,pending,2024-09-02 18:02:10
1135,134,1482,24,2,81.06,162.12,shipped,2024-08-13 12:44:52
1136,1000,223,82,2,7.23,14.46,processing,2024-06-24 17:42:12
1137,577,98,83,5,163.89,819.45,delivered,2024-07-05 16:44:53
1138,613,307,147,3,146.89,440.67,processing,2024-06-12 09:30:42
1139,826,1501,174,4,127.87,511.48,delivered,2024-05-13 18:06:52
1140,678,297,127,4,144.91,579.64,delivered,2024-09-22 06:14:42
1141,964,1470,3,1,126.53,126.53,shipped,2024-07-08 14:58:12
1142,619,1381,185,4,11.24,44.96,cancelled,2024-12-26 22:13:20
1143,555,1924,144,4,79.47,317.88,cancelled,2025-04-13 14:19:22
1144,246,1215,128,4,104.24,416.96,pending,2024-09-10 05:06:34
1145,426,422,106,3,57.76,173.28,processing,2024-07-27 18:13:17
1146,418,1739,103,4,79.66,318.64,processing,2025-01-10 00:12:04
1147,975,735,63,2,68.15,136.30,cancelled,2024-10-06 22:26:36
1148,719,1965,120,4,60.35,241.40,shipped,2024-06-05 04:13:11
1149,734,971,66,2,52.72,105.44,cancelled,2025-03-31 13:46:19
1150,405,1484,86,5,166.97,834.85,cancelled,2025-02-26 16:54:02
1151,793,1183,168,3,156.35,469.05,delivered,2024-10-23 23:53:31
1152,340,1518,161,1,190.83,190.83,processing,2025-03-15 03:35:40
1153,352,1536,154,4,150.66,602.64,cancelled,2025-03-08 06:24:07
1154,467,210,79,1,34.99,34.99,pending,2024-07-30 09:30:00
1155,400,1211,62,1,55.05,55.05,processing,2024-05-06 17:08:09
1156,52,1369,13,5,97.42,487.10,pending,2024-10-25 02:30:02
1157,970,562,44,3,7.79,23.37,processing,2024-10-20 12:24:09
1158,611,1668,77,4,69.12,276.48,delivered,2025-02-13 13:42:03
1159,557,1501,174,1,104.71,104.71,processing,2024-09-09 03:32:57
1160,184,788,186,5,140.11,700.55,delivered,2025-01-19 02:05:55
1161,927,1133,28,3,43.33,129.99,cancelled,2024-06-06 13:55:41
1162,798,1228,136,1,196.65,196.65,pending,2024-11-17 20:17:27
1163,639,502,42,1,16.50,16.50,processing,2025-02-28 04:08:34
1164,675,1469,85,2,52.48,104.96,pending,2024-12-05 23:58:16
1165,908,1181,90,4,173.89,695.56,pending,2025-02-04 14:58:35
1166,914,1842,120,1,59.81,59.81,pending,2025-02-20 06:02:22
1167,947,1424,192,2,35.61,71.22,pending,2025-04-17 08:41:37
1168,590,1222,38,1,106.37,106.37,pending,2024-05-08 01:58:34
1169,419,1857,108,1,52.64,52.64,pending,2025-02-21 06:59:11
1170,329,1767,182,2,173.78,347.56,processing,2024-11-30 00:02:29
1171,883,87,130,1,168.47,168.47,delivered,2024-07-13 21:28:17
1172,819,1533,180,2,141.27,282.54,shipped,2025-01-26 14:10:52
1173,55,1639,10,3,158.36,475.08,cancelled,2025-01-19 04:13:37
1174,728,596,110,2,174.98,349.96,cancelled,2024-11-05 15:18:24
1175,203,1153,54,1,8.15,8.15,shipped,2025-03-12 14:21:57
1176,366,1632,72,1,141.80,141.80,cancelled,2024-05-19 09:18:51
1177,422,466,147,1,19.67,19.67,pending,2025-01-09 13:36:02
1178,465,875,179,5,78.87,394.35,cancelled,2024-05-30 18:27:03
1179,184,1044,44,2,8.74,17.48,delivered,2025-04-07 06:36:51
1180,53,377,143,5,118.53,592.65,shipped,2024-05-10 19:07:47
1181,275,517,171,4,24.32,97.28,delivered,2024-08-29 09:18:20
1182,423,277,155,1,55.20,55.20,delivered,2025-04-02 10:11:13
1183,277,1437,189,2,9.30,18.60,cancelled,2025-01-13 12:51:43
1184,898,1602,10,2,156.07,312.14,shipped,2024-08-23 05:25:30
1185,690,309,63,4,13.69,54.76,processing,2024-08-29 17:35:56
1186,156,1007,57,1,69.58,69.58,shipped,2024-11-02 15:54:51
1187,697,1965,157,4,41.73,166.92,processing,2024-10-26 14:21:29
1188,430,517,171,2,190.10,380.20,pending,2025-04-30 07:17:48
1189,63,1883,104,3,117.01,351.03,delivered,2024-11-05 21:45:59
1190,362,715,9,1,62.74,62.74,processing,2025-02-22 18:32:49
1191,471,314,44,5,79.68,398.40,delivered,2025-04-01 08:03:43
1192,749,834,199,3,162.34,487.02,delivered,2024-06-18 16:12:20
1193,160,1464,37,2,128.76,257.52,cancelled,2024-11-22 00:42:50
1194,713,386,166,3,18.47,55.41,delivered,2025-04-09 11:31:18
1195,931,511,172,2,198.96,397.92,shipped,2024-05-12 08:30:47
1196,173,639,131,1,75.98,75.98,cancelled,2024-11-04 02:43:12
1197,500,1241,135,1,20.56,20.56,delivered,2024-07-30 19:21:05
1198,822,1252,151,4,88.22,352.88,processing,2024-09-17 07:49:16
1199,719,147,48,4,160.49,641.96,pending,2024-09-03 12:08:57
1200,41,71,196,4,70.11,280.44,processing,2024-07-04 04:26:26
1201,74,64,94,1,6.21,6.21,cancelled,2024-06-12 12:11:02
1202,919,1273,195,4,34.91,139.64,delivered,2024-08-15 08:08:42
1203,928,210,79,1,195.71,195.71,delivered,2024-08-12 19:13:35
1204,945,1522,155,4,43.38,173.52,pending,2024-12-24 01:14:54
1205,352,449,53,3,95.93,287.79,cancelled,2025-03-27 04:51:03
1206,302,115,9,4,28.71,114.84,shipped,2025-04-25 00:34:38
1207,639,603,170,2,191.04,382.08,processing,2024-12-15 08:53:26
1208,792,123,120,1,52.06,52.06,cancelled,2024-10-24 13:54:20
1209,975,283,85,3,156.21,468.63,cancelled,2024-09-22 07:19:14
1210,703,1467,107,2,133.31,266.62,delivered,2025-02-20 21:15:11
1211,965,828,97,1,67.92,67.92,processing,2024-12-20 14:00:11
1212,46,1880,42,4,143.60,574.40,pending,2025-03-21 23:18:58
1213,198,1349,68,3,29.71,89.13,cancelled,2024-10-03 12:11:43
1214,165,148,60,1,163.67,163.67,pending,2024-05-09 22:13:22
1215,633,1102,157,5,105.95,529.75,delivered,2024-11-16 06:16:10
1216,533,1418,152,4,99.05,396.20,shipped,2025-01-29 11:39:38
1217,355,143,164,5,162.84,814.20,delivered,2024-12-27 20:49:18
1218,92,1597,145,3,178.66,535.98,pending,2025-01-07 06:14:23
1219,995,663,71,5,121.73,608.65,processing,2024-12-15 15:39:44
1220,435,1208,150,5,79.45,397.25,cancelled,2024-11-06 11:04:35
1221,604,142,4,3,79.15,237.45,processing,2025-04-17 10:27:49
1222,88,501,138,1,14.45,14.45,shipped,2025-03-31 00:40:32
1223,293,653,143,5,130.71,653.55,shipped,2025-04-27 01:09:53
1224,810,1671,113,5,67.21,336.05,shipped,2024-09-15 20:03:39
1225,561,609,29,4,89.16,356.64,pending,2024-10-29 10:30:52
1226,488,1443,119,3,71.90,215.70,cancelled,2024-07-01 22:13:50
1227,226,413,136,1,154.06,154.06,pending,2024-12-26 17:49:13
1228,184,1223,183,3,182.38,547.14,delivered,2025-02-14 01:31:21
1229,51,1172,70,3,199.66,598.98,processing,2025-03-12 14:04:10
1230,934,8,27,3,13.94,41.82,processing,2025-01-04 15:36:46
1231,821,206,89,4,141.18,564.72,pending,2024-09-25 23:47:32
1232,36,1325,137,1,28.62,28.62,cancelled,2024-12-31 09:06:43
1233,550,1045,56,1,30.34,30.34,pending,2025-01-08 03:30:33
1234,596,1069,150,4,137.03,548.12,cancelled,2024-08-26 23:52:50
1235,511,834,199,1,22.42,22.42,cancelled,2024-07-29 14:28:52
1236,832,125,32,4,40.16,160.64,shipped,2024-12-02 05:34:47
1237,548,93,25,3,81.03,243.09,delivered,2025-02-01 17:01:04
1238,503,1089,189,1,141.40,141.40,pending,2025-04-10 12:38:40
1239,785,1596,158,2,109.73,219.46,delivered,2024-05-20 07:55:51
1240,698,1559,163,5,67.29,336.45,shipped,2024-05-22 06:49:44
1241,429,762,9,3,166.34,499.02,shipped,2024-12-28 21:23:21
1242,269,1928,109,4,131.76,527.04,pending,2024-10-30 15:34:44
1243,141,465,129,1,167.27,167.27,pending,2024-11-20 11:16:48
1244,679,1384,91,2,56.24,112.48,cancelled,2024-05-02 15:11:03
1245,965,1486,179,1,38.20,38.20,processing,2024-09-17 01:38:52
1246,528,587,165,4,198.43,793.72,delivered,2025-02-24 00:06:51
1247,315,422,34,4,73.56,294.24,processing,2024-10-15 15:49:17
1248,736,511,172,5,99.19,495.95,delivered,2024-05-10 05:14:02
1249,464,695,130,2,197.42,394.84,pending,2025-01-09 04:48:33
1250,375,747,3,2,195.74,391.48,cancelled,2024-11-21 11:03:21
1251,954,1474,126,1,173.51,173.51,delivered,2024-10-20 06:51:06
1252,724,306,152,3,150.36,451.08,cancelled,2024-06-22 14:08:44
1253,322,1299,88,3,134.89,404.67,shipped,2025-04-10 02:35:44
1254,925,3,47,1,108.49,108.49,pending,2024-12-02 00:32:49
1255,577,849,163,2,15.14,30.28,delivered,2025-01-05 20:44:52
1256,746,1692,43,1,86.54,86.54,cancelled,2025-03-19 12:32:30
1257,936,1049,49,3,69.28,207.84,processing,2024-06-15 16:56:03
1258,245,246,138,1,64.21,64.21,cancelled,2024-11-26 00:58:44
1259,40,1610,124,1,41.90,41.90,shipped,2024-09-09 06:52:30
1260,21,1754,127,5,85.46,427.30,shipped,2025-01-12 16:01:47
1261,125,586,106,4,103.49,413.96,shipped,2024-06-26 15:23:50
1262,669,12,84,2,176.12,352.24,cancelled,2024-10-08 06:41:34
1263,981,1685,23,1,138.60,138.60,pending,2024-09-17 20:42:14
1264,151,246,138,2,28.18,56.36,shipped,2024-05-30 06:02:17
1265,951,61,116,5,157.65,788.25,shipped,2025-01-21 12:22:07
1266,112,353,102,3,153.28,459.84,processing,2025-02-16 11:22:06
1267,624,1919,6,2,54.60,109.20,delivered,2025-04-05 14:26:46
1268,997,983,186,1,188.85,188.85,delivered,2025-01-28 14:39:23
1269,976,300,106,5,53.64,268.20,processing,2024-09-12 11:45:38
1270,860,117,118,2,145.16,290.32,shipped,2024-05-07 20:02:12
1271,18,1010,96,1,22.87,22.87,cancelled,2024-10-23 11:51:46
1272,263,1286,163,5,63.49,317.45,processing,2024-12-07 03:56:08
1273,251,256,21,4,110.41,441.64,delivered,2024-12-18 17:47:26
1274,141,1135,45,2,135.07,270.14,pending,2024-09-27 02:02:03
1275,119,618,123,3,163.91,491.73,shipped,2024-09-18 19:55:12
1276,793,389,148,1,116.87,116.87,delivered,2024-12-17 06:55:20
1277,588,1831,174,3,96.86,290.58,cancelled,2024-12-22 12:50:23
1278,816,1718,26,4,160.40,641.60,pending,2024-07-28 04:56:51
1279,473,11,197,1,98.72,98.72,cancelled,2025-02-14 01:42:40
1280,207,1051,8,2,118.95,237.90,cancelled,2024-11-18 12:09:14
1281,76,734,191,4,48.36,193.44,cancelled,2024-10-27 03:59:16
1282,28,32,160,2,121.19,242.38,processing,2025-02-05 06:15:09
1283,539,1645,15,3,104.05,312.15,processing,2025-04-08 17:57:06
1284,31,54,168,3,130.29,390.87,pending,2025-03-02 04:39:16
1285,871,1311,79,2,164.23,328.46,shipped,2024-10-10 22:08:22
1286,930,16,127,5,164.95,824.75,processing,2024-11-30 22:12:30
1287,623,1856,125,1,13.70,13.70,shipped,2025-02-04 19:56:26
1288,907,830,40,3,165.89,497.67,pending,2024-05-25 13:09:54
1289,924,1691,126,1,120.64,120.64,cancelled,2025-02-14 05:49:31
1290,179,121,122,1,68.77,68.77,delivered,2025-02-03 13:44:31
1291,436,983,28,5,163.62,818.10,processing,2025-03-10 13:40:17
1292,415,1720,158,4,113.19,452.76,shipped,2024-05-03 20:09:08
1293,303,1256,189,3,183.35,550.05,cancelled,2025-04-19 11:48:47
1294,525,1466,30,5,137.60,688.00,pending,2024-06-08 01:48:43
1295,108,1634,128,3,177.28,531.84,cancelled,2025-01-27 22:25:00
1296,154,1192,39,4,34.92,139.68,cancelled,2024-09-28 03:02:02
1297,439,97,153,2,119.35,238.70,pending,2025-03-06 12:45:13
1298,938,161,94,5,21.23,106.15,delivered,2024-11-18 16:14:48
1299,155,12,84,4,25.02,100.08,processing,2025-01-16 02:23:54
1300,533,173,71,2,6.83,13.66,pending,2024-12-30 01:56:29
1301,652,867,98,2,153.00,306.00,shipped,2024-10-16 02:33:33
1302,745,1499,54,3,125.40,376.20,pending,2024-11-30 08:27:03
1303,200,984,152,1,106.69,106.69,delivered,2025-04-10 15:08:54
1304,210,1275,6,2,90.83,181.66,cancelled,2025-01-10 07:40:04
1305,394,611,67,3,68.28,204.84,delivered,2025-04-16 07:37:32
1306,991,133,6,3,162.00,486.00,processing,2024-06-06 16:57:59
1307,863,1736,138,4,105.20,420.80,processing,2024-12-08 13:07:33
1308,567,1155,122,3,137.94,413.82,pending,2024-07-15 00:28:23
1309,215,1702,179,3,159.18,477.54,shipped,2025-02-04 09:26:37
1310,348,1470,122,1,102.49,102.49,shipped,2024-08-11 06:41:47
1311,630,459,51,5,99.64,498.20,processing,2024-09-19 14:02:46
1312,84,1911,60,1,191.41,191.41,processing,2025-04-11 20:01:28
1313,463,276,149,4,84.83,339.32,shipped,2024-07-07 04:38:29
1314,778,1301,151,5,163.89,819.45,cancelled,2024-11-06 07:53:17
1315,511,1536,154,2,39.58,79.16,cancelled,2024-08-01 23:15:49
1316,35,1902,109,4,68.42,273.68,delivered,2025-04-23 03:18:40
1317,320,864,139,3,173.81,521.43,pending,2025-03-11 18:33:16
1318,546,1560,54,4,152.29,609.16,processing,2025-01-12 13:10:35
1319,626,631,195,1,155.06,155.06,shipped,2025-01-24 02:46:05
1320,135,1003,180,5,156.87,784.35,cancelled,2024-06-11 10:15:21
1321,647,1999,20,3,111.11,333.33,shipped,2024-11-10 09:26:51
1322,498,717,46,3,181.63,544.89,processing,2024-07-20 08:00:07
1323,572,1281,75,2,70.26,140.52,shipped,2024-09-08 21:27:25
1324,795,5,105,4,44.10,176.40,processing,2025-02-04 04:44:08
1325,849,358,37,2,68.11,136.22,shipped,2024-08-08 10:08:40
1326,12,669,100,1,134.22,134.22,delivered,2025-03-09 06:17:29
1327,614,1053,99,3,178.64,535.92,cancelled,2024-07-27 20:25:08
1328,356,245,93,1,37.13,37.13,processing,2024-08-17 18:27:49
1329,110,950,178,1,108.87,108.87,pending,2024-08-18 15:34:29
1330,561,1058,99,5,46.26,231.30,shipped,2025-01-19 19:54:03
1331,547,1512,182,3,127.67,383.01,delivered,2024-09-28 22:41:08
1332,397,591,80,2,125.67,251.34,processing,2024-07-26 10:17:49
1333,429,1961,187,4,73.16,292.64,pending,2024-06-15 18:39:03
1334,370,1626,22,2,65.88,131.76,cancelled,2024-07-25 15:33:05
1335,288,70,147,4,102.73,410.92,delivered,2024-10-31 00:55:44
1336,909,611,67,4,52.76,211.04,processing,2024-05-01 07:03:45
1337,824,503,31,4,185.35,741.40,pending,2024-12-03 21:18:00
1338,468,440,57,2,162.84,325.68,processing,2024-07-13 14:44:25
1339,114,984,152,1,87.09,87.09,cancelled,2024-05-27 13:04:56
1340,937,1759,99,5,66.88,334.40,shipped,2025-01-13 06:03:04
1341,89,75,126,1,42.29,42.29,shipped,2024-06-03 02:16:15
1342,702,1211,62,4,21.33,85.32,delivered,2024-12-27 12:08:03
1343,982,1035,138,1,190.50,190.50,pending,2024-05-12 01:04:36
1344,436,1340,196,2,14.82,29.64,pending,2024-08-09 07:29:30
1345,918,1435,94,5,152.97,764.85,delivered,2024-09-02 03:48:25
1346,44,70,147,5,21.07,105.35,delivered,2024-12-20 04:01:13
1347,886,1860,182,5,164.04,820.20,shipped,2024-06-02 20:13:28
1348,711,1178,68,1,13.77,13.77,cancelled,2024-09-03 07:39:56
1349,205,979,144,4,133.04,532.16,cancelled,2024-07-11 08:34:45
1350,967,495,108,3,21.26,63.78,pending,2024-11-07 06:29:47
1351,916,310,42,2,126.44,252.88,shipped,2024-06-08 22:20:16
1352,933,849,163,1,138.00,138.00,cancelled,2024-05-14 17:43:29
1353,995,734,101,4,62.03,248.12,pending,2025-03-25 19:18:37
1354,606,1124,48,5,67.45,337.25,cancelled,2025-04-20 10:59:48
1355,859,1913,24,4,159.63,638.52,cancelled,2024-05-23 23:40:29
1356,127,392,15,1,139.12,139.12,processing,2024-09-20 17:52:20
1357,944,1443,119,1,88.52,88.52,delivered,2024-12-03 19:55:15
1358,742,549,28,3,35.48,106.44,shipped,2025-03-07 07:03:21
1359,326,867,98,5,120.91,604.55,delivered,2024-10-25 14:40:35
1360,815,1642,152,2,113.15,226.30,cancelled,2025-02-20 04:06:55
1361,858,393,81,4,160.60,642.40,shipped,2025-03-25 21:03:48
1362,254,680,163,2,90.84,181.68,shipped,2024-09-25 22:21:43
1363,264,517,190,2,122.84,245.68,pending,2025-02-04 09:00:48
1364,822,850,36,2,129.24,258.48,processing,2024-06-09 20:13:54
1365,421,1068,7,3,79.66,238.98,pending,2025-03-22 03:49:11
1366,190,472,5,2,82.88,165.76,processing,2024-10-20 12:44:42
1367,878,270,179,3,90.69,272.07,cancelled,2024-08-08 06:32:09
1368,68,1608,178,2,143.06,286.12,cancelled,2024-08-03 12:07:50
1369,715,1240,173,2,194.40,388.80,cancelled,2024-07-03 02:39:26
1370,791,660,149,3,158.51,475.53,shipped,2024-11-01 15:51:33
1371,214,1576,94,1,42.09,42.09,delivered,2024-07-06 16:53:45
1372,934,1047,38,4,189.18,756.72,shipped,2024-08-23 02:22:02
1373,347,1213,18,5,181.18,905.90,shipped,2024-06-22 08:49:55
1374,34,1182,117,5,54.94,274.70,processing,2024-06-05 18:16:57
1375,875,750,166,1,178.16,178.16,cancelled,2024-07-25 02:13:53
1376,182,822,168,2,53.71,107.42,pending,2024-12-18 19:03:14
1377,463,1311,189,4,99.82,399.28,pending,2025-01-24 06:37:17
1378,889,691,142,2,29.25,58.50,delivered,2024-06-26 22:29:54
1379,926,1539,94,2,32.40,64.80,processing,2024-06-06 13:35:22
1380,524,1024,61,3,130.81,392.43,cancelled,2024-09-25 16:48:35
1381,512,2,166,5,128.56,642.80,cancelled,2025-03-03 18:02:39
1382,851,192,52,3,188.93,566.79,shipped,2024-10-31 09:28:01
1383,167,742,76,2,162.98,325.96,cancelled,2025-03-23 09:53:26
1384,583,1654,56,2,170.94,341.88,pending,2024-07-20 17:59:30
1385,225,1916,149,4,112.68,450.72,processing,2024-11-22 10:05:09
1386,78,1217,79,2,191.02,382.04,processing,2024-08-04 08:37:42
1387,620,1876,150,2,154.03,308.06,processing,2024-10-07 10:39:56
1388,553,482,16,4,121.45,485.80,cancelled,2024-12-01 05:58:08
1389,298,1122,76,2,121.84,243.68,pending,2024-10-05 10:47:26
1390,620,898,63,1,21.77,21.77,processing,2024-06-08 14:41:36
1391,873,1184,89,3,145.18,435.54,shipped,2025-04-23 08:13:49
1392,409,945,29,1,9.78,9.78,cancelled,2025-03-18 04:57:49
1393,458,1559,163,3,94.36,283.08,shipped,2025-01-19 05:05:57
1394,417,1255,107,1,9.94,9.94,shipped,2024-09-07 05:57:26
1395,407,996,141,2,38.78,77.56,pending,2024-10-31 05:36:00
1396,705,1671,41,3,153.86,461.58,shipped,2024-11-11 22:23:11
1397,774,1824,174,5,113.44,567.20,delivered,2024-06-09 13:41:01
1398,463,1993,175,4,45.66,182.64,shipped,2024-05-12 19:19:59
1399,444,392,98,4,23.75,95.00,shipped,2024-10-26 22:01:08
1400,500,390,110,5,98.98,494.90,delivered,2025-04-26 09:24:10
1401,654,85,64,4,170.11,680.44,delivered,2024-07-13 23:55:01
1402,532,619,143,1,184.98,184.98,pending,2024-09-18 02:18:49
1403,158,802,139,5,154.40,772.00,cancelled,2024-10-07 22:29:07
1404,756,465,129,4,143.93,575.72,cancelled,2024-05-27 09:08:49
1405,236,916,87,3,138.92,416.76,cancelled,2024-11-01 04:46:56
1406,779,304,179,3,187.59,562.77,pending,2024-06-22 09:37:43
1407,783,1237,95,2,116.17,232.34,cancelled,2025-01-15 09:58:00
1408,485,543,141,2,20.42,40.84,delivered,2025-03-29 07:45:29
1409,849,1940,121,4,116.74,466.96,processing,2024-10-10 23:13:44
1410,250,1601,131,3,137.98,413.94,cancelled,2025-03-12 19:47:42
1411,509,1872,154,5,87.39,436.95,shipped,2025-03-20 08:24:06
1412,487,177,181,4,40.71,162.84,cancelled,2024-10-27 08:15:39
1413,700,1424,192,2,67.38,134.76,pending,2025-04-09 06:24:11
1414,616,422,22,5,136.50,682.50,processing,2024-07-24 03:52:01
1415,499,987,1,1,25.78,25.78,delivered,2025-02-01 23:55:13
1416,73,611,185,4,167.37,669.48,delivered,2024-11-21 04:01:10
1417,181,1278,8,2,29.43,58.86,cancelled,2024-10-01 00:02:37
1418,84,1014,142,3,37.67,113.01,processing,2025-02-12 21:07:43
1419,750,392,54,1,98.07,98.07,pending,2024-07-14 17:45:12
1420,460,518,147,4,38.62,154.48,processing,2024-06-07 22:20:38
1421,53,772,157,2,157.04,314.08,processing,2024-07-05 21:42:55
1422,7,1202,42,4,39.99,159.96,processing,2024-08-25 21:49:51
1423,69,287,195,5,185.25,926.25,delivered,2024-09-09 00:56:24
1424,848,1353,60,2,100.14,200.28,pending,2025-03-14 02:55:29
1425,848,1004,123,4,193.96,775.84,shipped,2024-10-26 13:46:28
1426,787,1297,8,2,61.92,123.84,processing,2025-01-10 01:50:51
1427,475,858,183,4,74.85,299.40,shipped,2025-04-27 19:08:07
1428,481,1590,12,2,120.49,240.98,pending,2024-07-24 10:51:11
1429,457,2,166,4,86.41,345.64,processing,2024-12-24 23:37:41
1430,136,1417,190,4,165.90,663.60,processing,2025-03-28 03:06:29
1431,939,501,138,5,7.21,36.05,processing,2025-01-27 14:18:08
1432,827,909,11,2,31.00,62.00,processing,2024-10-01 21:55:09
1433,680,571,119,4,14.27,57.08,pending,2024-10-30 10:24:31
1434,544,1430,57,3,170.58,511.74,shipped,2024-05-28 06:53:06
1435,82,1390,30,3,110.88,332.64,processing,2025-04-21 14:51:26
1436,40,287,16,2,87.64,175.28,shipped,2024-12-11 09:59:15
1437,992,755,121,4,198.67,794.68,delivered,2024-08-12 19:16:11
1438,22,1679,69,5,6.91,34.55,delivered,2025-02-08 15:23:48
1439,554,816,163,1,128.80,128.80,pending,2024-11-12 01:39:22
1440,51,1064,123,1,46.15,46.15,processing,2024-12-14 23:15:55
1441,798,1802,47,5,54.91,274.55,pending,2025-04-25 17:56:38
1442,645,1928,109,5,51.02,255.10,delivered,2024-08-26 05:01:59
1443,975,1838,84,3,56.12,168.36,cancelled,2024-10-13 10:52:09
1444,60,1071,64,3,83.39,250.17,delivered,2025-02-28 01:54:41
1445,240,1122,76,5,57.71,288.55,delivered,2024-05-07 04:49:41
1446,58,876,185,2,24.11,48.22,cancelled,2025-01-15 22:05:44
1447,612,1922,16,1,58.44,58.44,processing,2024-09-21 04:20:42
1448,303,1376,139,3,86.46,259.38,cancelled,2024-10-09 20:21:33
1449,454,227,196,3,76.26,228.78,processing,2025-04-19 12:19:11
1450,514,305,128,4,155.89,623.56,delivered,2024-10-02 06:37:27
1451,423,169,155,5,118.28,591.40,delivered,2024-09-30 22:15:57
1452,279,992,100,5,177.62,888.10,processing,2024-11-14 07:04:55
1453,648,1385,37,3,139.79,419.37,delivered,2024-08-31 09:55:27
1454,945,1145,80,5,43.91,219.55,shipped,2025-04-29 03:44:43
1455,511,1965,157,3,170.33,510.99,cancelled,2025-01-06 21:27:30
1456,873,950,111,5,36.91,184.55,shipped,2024-12-24 18:55:44
1457,868,1912,113,4,117.85,471.40,delivered,2024-08-12 22:51:24
1458,834,159,52,3,82.36,247.08,processing,2024-06-20 09:14:36
1459,347,1615,15,4,7.73,30.92,shipped,2024-07-25 15:09:17
1460,909,1895,121,4,124.34,497.36,pending,2024-12-13 11:40:55
1461,442,1089,169,2,105.90,211.80,pending,2024-08-09 11:29:29
1462,849,277,155,1,165.11,165.11,processing,2024-06-15 08:18:44
1463,587,1579,132,5,52.09,260.45,processing,2024-10-31 16:52:28
1464,395,1682,67,2,159.47,318.94,pending,2024-10-23 19:20:14
1465,259,876,185,1,198.70,198.70,shipped,2024-07-19 21:28:15
1466,480,386,58,5,101.30,506.50,shipped,2024-09-15 18:15:37
1467,472,1203,158,1,181.34,181.34,cancelled,2025-02-23 13:43:26
1468,756,930,184,1,53.84,53.84,cancelled,2025-01-26 14:56:58
1469,609,760,129,3,110.56,331.68,delivered,2024-09-21 15:21:06
1470,624,775,130,5,130.76,653.80,delivered,2024-12-17 10:54:53
1471,916,609,29,4,75.90,303.60,processing,2024-05-03 17:44:02
1472,697,141,7,4,193.06,772.24,processing,2024-09-10 21:53:37
1473,971,1494,169,4,87.32,349.28,shipped,2025-02-14 11:10:35
1474,785,1634,118,4,58.47,233.88,delivered,2024-06-07 01:33:46
1475,45,877,34,4,27.99,111.96,pending,2024-10-09 21:18:53
1476,412,900,106,3,112.27,336.81,pending,2024-07-07 05:35:35
1477,674,59,31,3,80.12,240.36,cancelled,2025-04-28 01:36:48
1478,765,195,105,5,93.59,467.95,shipped,2024-12-16 10:24:40
1479,876,1417,190,4,28.88,115.52,delivered,2025-02-18 20:26:59
1480,8,1648,143,4,47.56,190.24,shipped,2024-07-20 17:10:01
1481,427,519,101,5,11.73,58.65,shipped,2024-07-07 09:07:01
1482,795,177,68,5,34.31,171.55,shipped,2024-12-21 20:24:33
1483,860,192,52,2,13.21,26.42,pending,2025-04-08 20:45:02
1484,23,1082,163,2,72.16,144.32,shipped,2024-07-19 00:12:28
1485,351,1671,197,5,145.06,725.30,processing,2024-12-17 03:34:20
1486,447,1794,154,5,13.38,66.90,pending,2024-05-07 07:19:41
1487,433,1207,134,3,9.67,29.01,cancelled,2024-08-23 04:12:44
1488,938,437,120,1,92.26,92.26,delivered,2024-10-11 23:56:26
1489,21,278,156,4,122.39,489.56,processing,2024-11-10 17:41:01
1490,360,1511,69,4,119.36,477.44,delivered,2024-05-08 06:35:52
1491,229,1272,119,1,28.26,28.26,delivered,2024-08-04 02:32:12
1492,575,1556,191,3,85.58,256.74,delivered,2024-05-22 06:33:58
1493,217,785,99,4,88.28,353.12,processing,2025-02-09 03:59:44
1494,7,6,196,1,48.66,48.66,processing,2024-10-07 03:11:50
1495,44,1597,22,2,188.28,376.56,delivered,2024-08-23 07:10:20
1496,509,1607,142,2,165.00,330.00,pending,2024-06-23 15:13:50
1497,466,305,87,2,75.80,151.60,processing,2024-09-04 15:21:43
1498,922,1948,172,5,121.75,608.75,cancelled,2024-09-01 23:31:19
1499,823,950,178,3,39.86,119.58,delivered,2024-11-14 13:53:31
1500,865,517,2,4,65.84,263.36,shipped,2024-09-21 19:45:34
1501,246,1391,63,5,97.64,488.20,processing,2024-07-02 08:17:11
1502,310,1514,45,3,190.36,571.08,processing,2025-02-23 22:27:13
1503,278,1855,173,4,31.34,125.36,pending,2024-06-24 19:55:43
1504,349,1414,52,4,33.24,132.96,delivered,2024-11-03 07:29:15
1505,627,993,89,1,36.20,36.20,shipped,2024-09-23 20:39:35
1506,254,955,125,1,125.80,125.80,shipped,2024-08-13 08:59:52
1507,588,1104,73,3,135.68,407.04,cancelled,2024-07-24 02:43:18
1508,847,197,94,2,155.18,310.36,cancelled,2025-04-11 01:37:37
1509,133,366,165,2,135.82,271.64,pending,2024-05-11 02:07:16
1510,329,1962,96,3,116.58,349.74,shipped,2025-04-26 08:06:38
1511,152,622,92,1,154.65,154.65,shipped,2024-10-28 23:26:40
1512,326,116,19,3,19.34,58.02,delivered,2025-01-01 21:51:48
1513,84,117,27,5,172.54,862.70,pending,2024-10-10 07:39:06
1514,716,1373,184,2,157.18,314.36,shipped,2024-06-07 20:00:51
1515,260,738,168,4,159.83,639.32,delivered,2024-05-10 14:28:24
1516,487,1436,71,4,144.57,578.28,cancelled,2024-10-30 05:31:25
1517,943,157,130,1,194.02,194.02,pending,2024-06-21 07:49:22
1518,760,1249,56,1,184.52,184.52,pending,2024-06-01 23:59:13
1519,852,982,92,4,119.79,479.16,pending,2024-09-11 05:07:55
1520,918,953,164,4,136.22,544.88,delivered,2025-04-02 04:35:50
1521,203,1164,165,3,59.72,179.16,pending,2025-04-11 13:17:29
1522,971,531,31,5,195.67,978.35,pending,2024-10-12 20:42:25
1523,679,1328,126,2,133.83,267.66,cancelled,2024-05-27 23:38:53
1524,505,1144,197,2,151.60,303.20,shipped,2024-12-01 05:01:57
1525,509,1903,117,3,29.38,88.14,processing,2024-11-28 14:30:37
1526,648,766,186,2,192.62,385.24,delivered,2025-03-25 17:29:38
1527,421,13,181,2,129.46,258.92,processing,2024-10-12 13:18:13
1528,941,495,108,3,198.22,594.66,cancelled,2025-02-15 23:25:29
1529,971,1751,75,1,174.90,174.90,pending,2024-06-18 04:16:35
1530,734,1163,131,1,8.10,8.10,cancelled,2024-06-08 15:00:41
1531,550,314,44,5,72.44,362.20,processing,2024-06-03 22:39:51
1532,986,707,136,4,7.59,30.36,cancelled,2024-11-17 16:07:06
1533,175,98,83,1,50.46,50.46,cancelled,2024-10-09 13:27:15
1534,231,567,146,5,190.94,954.70,delivered,2024-11-19 08:56:59
1535,783,1221,113,1,28.31,28.31,cancelled,2024-11-11 11:43:45
1536,862,1990,43,3,74.26,222.78,processing,2025-04-07 20:12:42
1537,134,1438,2,1,46.77,46.77,processing,2025-03-04 10:13:49
1538,327,965,125,1,155.14,155.14,cancelled,2025-03-04 05:46:57
1539,988,1122,96,2,22.27,44.54,pending,2024-12-19 14:35:15
1540,20,1224,4,1,163.28,163.28,delivered,2024-07-12 02:12:49
1541,145,7,30,5,14.40,72.00,pending,2024-05-06 21:40:26
1542,393,1851,116,1,174.45,174.45,processing,2025-01-24 06:52:07
1543,272,1275,6,1,7.00,7.00,cancelled,2024-05-09 18:47:00
1544,963,329,116,1,47.38,47.38,cancelled,2025-01-30 19:11:45
1545,149,1075,192,5,31.09,155.45,cancelled,2025-01-17 08:10:59
1546,523,1749,18,5,130.11,650.55,shipped,2025-04-01 22:02:41
1547,399,622,92,3,136.84,410.52,processing,2024-08-30 13:56:52
1548,636,1766,6,1,107.34,107.34,pending,2024-11-26 06:28:06
1549,780,1857,68,2,96.88,193.76,pending,2025-03-03 06:12:39
1550,446,1597,145,2,37.63,75.26,shipped,2025-01-23 17:45:03
1551,195,235,66,1,131.05,131.05,delivered,2024-08-03 00:27:23
1552,3,1860,182,2,42.15,84.30,processing,2024-10-11 05:21:56
1553,318,1609,30,5,100.84,504.20,cancelled,2024-10-22 21:45:21
1554,612,1267,200,5,108.73,543.65,processing,2024-05-07 09:04:09
1555,206,1091,117,5,49.48,247.40,cancelled,2025-04-21 03:50:26
1556,29,408,48,2,56.08,112.16,delivered,2025-01-18 07:08:53
1557,303,1877,57,5,83.05,415.25,cancelled,2024-08-01 17:41:20
1558,545,316,100,3,190.42,571.26,shipped,2024-09-15 21:34:53
1559,667,1252,151,5,92.41,462.05,cancelled,2025-02-07 12:13:47
1560,369,1109,13,5,62.77,313.85,processing,2024-07-28 09:01:41
1561,231,1467,97,2,70.16,140.32,delivered,2025-01-11 10:06:44
1562,566,191,200,1,38.23,38.23,shipped,2024-12-22 13:53:52
1563,660,75,126,3,169.73,509.19,shipped,2024-09-23 14:26:08
1564,821,758,129,4,10.06,40.24,pending,2024-12-08 13:26:04
1565,477,423,137,3,114.63,343.89,processing,2024-08-09 10:42:54
1566,378,1436,71,5,125.30,626.50,cancelled,2024-12-20 16:50:48
1567,213,1536,156,4,33.27,133.08,delivered,2025-02-26 09:14:57
1568,171,1687,53,4,42.48,169.92,processing,2025-03-16 07:46:22
1569,678,774,42,5,45.46,227.30,delivered,2024-09-12 04:46:04
1570,133,958,29,2,184.72,369.44,shipped,2024-05-27 21:22:12
1571,866,1382,69,4,196.72,786.88,delivered,2025-02-15 10:29:08
1572,327,934,100,1,21.67,21.67,cancelled,2025-03-20 07:50:49
1573,505,1623,182,5,146.70,733.50,pending,2024-12-06 09:33:06
1574,829,1719,174,5,185.25,926.25,delivered,2024-08-26 23:42:37
1575,334,181,175,1,187.40,187.40,shipped,2025-02-05 04:04:33
1576,173,314,39,3,130.09,390.27,cancelled,2025-03-12 09:14:42
1577,62,860,94,1,38.05,38.05,pending,2025-04-08 21:06:59
1578,230,458,97,5,79.79,398.95,pending,2024-09-11 23:57:39
1579,456,1566,122,5,130.58,652.90,delivered,2024-06-20 20:21:46
1580,560,754,188,1,162.14,162.14,pending,2024-09-19 23:00:05
1581,57,1178,68,5,72.66,363.30,pending,2024-09-16 03:30:54
1582,928,1863,45,5,54.81,274.05,delivered,2025-01-24 04:54:01
1583,714,774,42,5,70.39,351.95,shipped,2024-12-05 22:23:33
1584,809,33,158,4,117.46,469.84,pending,2024-11-28 08:03:11
1585,686,320,125,2,74.77,149.54,cancelled,2024-05-17 21:41:50
1586,43,220,163,1,131.05,131.05,pending,2024-07-18 01:49:02
1587,320,1576,94,4,84.28,337.12,processing,2025-01-16 16:42:00
1588,885,840,146,3,69.76,209.28,processing,2025-01-24 09:33:45
1589,611,1872,154,3,77.26,231.78,delivered,2025-01-01 16:12:25
1590,92,666,186,2,188.07,376.14,pending,2025-04-09 14:33:10
1591,850,211,160,5,137.86,689.30,cancelled,2024-10-13 17:41:35
1592,952,1693,74,2,192.69,385.38,shipped,2024-08-27 20:28:17
1593,528,549,28,2,43.12,86.24,delivered,2025-01-18 21:20:56
1594,534,1703,43,4,114.01,456.04,processing,2025-03-18 03:04:27
1595,143,98,83,4,181.92,727.68,delivered,2025-03-28 23:30:20
1596,892,436,75,5,65.06,325.30,pending,2025-03-28 06:31:13
1597,801,1388,190,3,59.54,178.62,cancelled,2024-07-10 09:14:09
1598,748,1972,109,5,165.62,828.10,shipped,2024-06-30 10:02:41
1599,142,1533,180,1,177.01,177.01,processing,2024-10-13 22:00:10
1600,187,1391,63,1,157.75,157.75,processing,2024-05-08 18:21:45
1601,757,450,190,1,125.41,125.41,processing,2025-04-09 03:45:30
1602,164,274,3,4,23.04,92.16,delivered,2024-06-25 02:25:55
1603,674,1064,123,2,80.41,160.82,cancelled,2025-04-24 06:22:25
1604,433,1846,27,1,161.37,161.37,cancelled,2025-02-08 02:44:04
1605,266,436,75,4,169.01,676.04,processing,2024-08-15 17:07:16
1606,862,1730,195,3,7.14,21.42,pending,2024-11-05 16:46:46
1607,341,1514,45,2,37.73,75.46,processing,2024-12-05 11:40:53
1608,517,731,161,1,9.55,9.55,delivered,2024-09-12 18:53:19
1609,220,1201,178,1,171.99,171.99,cancelled,2024-11-09 06:51:34
1610,564,803,59,5,33.17,165.85,processing,2024-08-26 02:32:54
1611,919,256,21,5,156.13,780.65,delivered,2025-03-15 17:36:00
1612,118,1890,171,2,21.30,42.60,shipped,2024-06-22 04:09:59
1613,916,1455,159,3,171.59,514.77,shipped,2024-07-24 11:15:25
1614,673,1909,99,3,145.71,437.13,cancelled,2024-08-17 08:35:34
1615,995,945,13,2,173.10,346.20,pending,2025-02-16 08:50:09
1616,378,834,59,3,102.46,307.38,cancelled,2024-08-31 21:06:31
1617,219,869,43,1,80.90,80.90,processing,2024-11-23 00:24:26
1618,289,1525,23,5,197.86,989.30,processing,2024-07-13 14:59:46
1619,639,381,125,2,173.07,346.14,processing,2024-06-26 03:27:55
1620,102,666,111,3,160.70,482.10,cancelled,2024-11-17 12:04:46
1621,888,603,60,1,128.48,128.48,pending,2024-08-07 20:05:39
1622,490,1983,14,1,61.82,61.82,processing,2024-05-28 22:10:54
1623,80,1956,173,2,105.95,211.90,processing,2024-10-14 10:09:34
1624,43,669,100,2,86.63,173.26,shipped,2024-11-27 07:29:36
1625,839,789,44,2,155.11,310.22,delivered,2024-11-12 09:48:02
1626,431,1975,86,3,151.76,455.28,delivered,2024-10-04 19:44:30
1627,101,666,186,2,189.99,379.98,processing,2024-05-02 07:41:13
1628,896,1899,144,4,10.51,42.04,delivered,2024-11-10 07:21:58
1629,843,1073,120,1,147.68,147.68,shipped,2024-09-21 04:09:58
1630,829,1068,169,1,73.62,73.62,delivered,2025-01-02 21:48:01
1631,854,473,160,4,186.98,747.92,pending,2025-03-08 15:33:32
1632,983,695,130,1,130.22,130.22,delivered,2024-08-28 23:27:24
1633,571,723,134,5,102.14,510.70,pending,2024-07-15 11:33:12
1634,988,1875,114,4,23.25,93.00,processing,2025-02-20 16:49:00
1635,613,466,147,4,183.28,733.12,pending,2024-12-29 23:56:32
1636,608,189,95,2,81.87,163.74,pending,2025-01-25 04:57:09
1637,897,1587,119,5,43.53,217.65,processing,2025-01-03 16:49:07
1638,802,1400,170,2,135.03,270.06,delivered,2025-03-31 16:52:30
1639,567,1385,37,3,123.46,370.38,processing,2025-04-02 18:00:17
1640,710,972,4,3,121.71,365.13,pending,2024-05-26 01:55:04
1641,850,545,37,5,89.91,449.55,cancelled,2024-09-11 09:21:26
1642,709,1536,156,5,7.25,36.25,delivered,2024-11-29 09:06:31
1643,372,1720,74,4,19.47,77.88,shipped,2024-11-15 14:13:56
1644,129,1678,39,1,107.70,107.70,processing,2024-12-20 02:43:41
1645,666,157,130,2,102.81,205.62,pending,2024-09-16 07:04:51
1646,415,379,46,4,145.05,580.20,shipped,2024-11-22 17:18:11
1647,348,42,192,2,146.03,292.06,pending,2024-07-22 23:20:43
1648,200,358,100,4,17.63,70.52,delivered,2025-03-14 22:27:21
1649,87,1042,36,1,153.15,153.15,processing,2024-11-24 17:32:47
1650,104,344,49,1,69.33,69.33,processing,2024-11-01 07:52:16
1651,642,1148,80,5,92.08,460.40,pending,2024-06-23 10:14:17
1652,530,582,14,4,115.84,463.36,shipped,2024-07-29 11:38:33
1653,717,1441,102,4,175.38,701.52,shipped,2024-12-11 21:17:49
1654,529,494,31,2,105.73,211.46,delivered,2025-04-21 01:01:07
1655,947,1415,77,5,93.56,467.80,processing,2024-08-08 11:58:37
1656,722,1671,113,3,164.93,494.79,shipped,2025-03-04 18:42:27
1657,363,727,155,3,129.89,389.67,processing,2024-06-14 20:54:03
1658,853,373,191,5,102.07,510.35,shipped,2025-04-23 12:36:02
1659,19,1203,158,5,75.32,376.60,pending,2024-08-09 12:58:15
1660,364,98,83,1,13.88,13.88,processing,2024-10-25 11:56:11
1661,30,1960,155,3,180.23,540.69,processing,2024-11-17 04:23:09
1662,781,826,185,5,94.53,472.65,cancelled,2024-07-15 16:33:59
1663,192,1032,45,4,90.16,360.64,cancelled,2024-11-28 07:47:00
1664,220,946,82,3,42.65,127.95,cancelled,2024-09-04 20:57:49
1665,498,97,153,5,189.50,947.50,processing,2024-09-24 02:55:13
1666,405,778,170,5,129.34,646.70,cancelled,2024-07-09 05:38:05
1667,305,1660,156,1,139.87,139.87,pending,2025-04-25 23:45:59
1668,186,1748,200,1,198.50,198.50,pending,2024-11-24 22:20:53
1669,27,1374,128,4,6.58,26.32,pending,2024-05-22 13:24:59
1670,492,902,158,2,63.90,127.80,delivered,2025-04-06 17:00:36
1671,196,1856,160,1,113.58,113.58,processing,2024-07-15 15:19:13
1672,877,1439,78,5,89.45,447.25,shipped,2025-01-07 22:12:57
1673,779,1730,36,4,50.98,203.92,shipped,2025-02-03 04:52:24
1674,396,202,91,2,103.07,206.14,pending,2024-11-26 12:25:04
1675,96,1569,42,5,49.25,246.25,delivered,2024-05-17 16:25:31
1676,568,525,77,2,136.42,272.84,pending,2025-01-09 23:39:44
1677,839,173,71,4,133.23,532.92,delivered,2024-07-27 11:11:17
1678,70,1405,77,4,125.49,501.96,pending,2024-07-05 19:33:27
1679,252,215,52,3,131.67,395.01,cancelled,2025-01-20 13:47:40
1680,589,1000,183,5,190.81,954.05,cancelled,2024-07-08 17:57:13
1681,614,1241,29,4,107.23,428.92,cancelled,2024-09-04 09:09:07
1682,766,1754,127,5,175.41,877.05,cancelled,2024-08-19 02:38:04
1683,412,554,11,2,100.74,201.48,pending,2024-06-10 23:16:04
1684,742,1363,189,5,21.31,106.55,processing,2024-07-14 20:03:17
1685,52,1975,86,2,130.55,261.10,shipped,2024-08-23 16:20:28
1686,782,1924,198,3,69.26,207.78,pending,2025-04-09 08:27:55
1687,723,952,172,2,109.28,218.56,delivered,2024-05-06 06:10:10
1688,723,215,80,3,62.00,186.00,delivered,2024-06-28 06:19:08
1689,1000,75,126,2,186.38,372.76,shipped,2024-08-28 10:34:37
1690,653,641,186,3,164.51,493.53,delivered,2024-05-13 15:05:55
1691,933,1084,155,1,74.08,74.08,cancelled,2024-07-08 22:11:14
1692,838,233,149,5,191.66,958.30,processing,2024-11-01 11:41:58
1693,327,695,130,2,180.16,360.32,cancelled,2024-10-12 22:52:08
1694,879,917,53,1,106.86,106.86,shipped,2024-12-08 03:31:19
1695,790,1268,49,5,185.67,928.35,shipped,2024-12-31 18:47:38
1696,177,1447,88,2,7.97,15.94,shipped,2024-07-30 11:22:01
1697,430,143,164,3,42.13,126.39,pending,2024-09-20 08:57:14
1698,463,1602,10,2,85.61,171.22,pending,2025-04-28 22:19:42
1699,924,3,47,1,49.62,49.62,cancelled,2024-07-22 20:26:43
1700,814,1207,134,1,16.39,16.39,pending,2024-10-11 15:25:44
1701,252,1948,172,3,128.03,384.09,cancelled,2024-11-07 18:55:57
1702,334,314,44,4,184.96,739.84,shipped,2024-05-09 12:22:59
1703,76,1978,99,4,21.92,87.68,cancelled,2025-03-10 00:36:58
1704,175,713,184,1,34.91,34.91,cancelled,2025-02-09 05:52:39
1705,880,218,103,2,48.37,96.74,delivered,2024-09-27 14:01:28
1706,198,735,44,2,65.82,131.64,cancelled,2024-09-29 07:38:21
1707,789,1449,79,3,10.94,32.82,pending,2025-03-06 04:01:31
1708,650,1823,177,3,158.19,474.57,pending,2024-07-10 15:29:22
1709,769,919,79,1,66.37,66.37,pending,2024-12-10 13:46:08
1710,646,123,17,5,113.24,566.20,cancelled,2025-03-16 20:07:23
1711,576,758,129,3,80.65,241.95,cancelled,2024-10-16 18:47:39
1712,741,1419,190,1,12.45,12.45,pending,2024-07-24 03:48:39
1713,635,393,174,3,8.64,25.92,delivered,2024-08-02 16:51:42
1714,608,941,200,2,54.55,109.10,shipped,2024-08-09 00:57:50
1715,682,278,156,5,59.33,296.65,pending,2024-09-15 10:02:05
1716,90,62,191,2,31.03,62.06,shipped,2024-12-02 00:00:33
1717,350,1760,7,1,45.44,45.44,pending,2024-06-01 09:45:00
1718,696,420,151,1,155.47,155.47,pending,2024-12-12 05:15:37
1719,796,1208,31,1,121.60,121.60,pending,2025-01-08 23:22:02
1720,98,692,173,3,51.51,154.53,shipped,2024-10-17 21:30:03
1721,881,1637,74,5,87.69,438.45,cancelled,2024-05-15 09:18:58
1722,44,1711,55,4,187.59,750.36,delivered,2024-07-25 11:56:27
1723,869,962,33,2,151.68,303.36,pending,2024-11-11 05:20:48
1724,566,1039,152,2,25.47,50.94,shipped,2024-08-26 03:40:48
1725,485,564,125,5,170.18,850.90,delivered,2024-05-09 06:02:58
1726,320,696,14,5,16.15,80.75,pending,2024-07-02 15:19:09
1727,40,132,124,1,97.99,97.99,shipped,2024-12-18 23:55:58
1728,54,702,114,1,162.46,162.46,shipped,2024-09-23 13:34:15
1729,536,583,166,4,174.90,699.60,pending,2025-01-20 09:08:35
1730,267,1780,182,4,185.93,743.72,pending,2024-12-18 14:55:21
1731,231,437,150,4,123.81,495.24,delivered,2024-10-08 10:35:12
1732,562,1435,94,5,195.68,978.40,pending,2024-11-20 02:53:55
1733,572,1739,62,4,159.63,638.52,processing,2024-11-22 07:41:53
1734,920,620,46,5,103.57,517.85,processing,2025-02-09 05:45:18
1735,762,754,118,1,121.09,121.09,pending,2025-04-15 13:11:22
1736,20,973,71,5,138.34,691.70,delivered,2024-11-12 21:12:26
1737,191,1071,64,1,30.72,30.72,delivered,2025-04-12 21:06:13
1738,461,500,136,2,54.89,109.78,shipped,2024-12-19 22:10:39
1739,727,1367,23,2,45.63,91.26,pending,2024-06-08 09:06:26
1740,13,733,31,5,193.17,965.85,pending,2024-05-03 13:31:33
1741,545,1828,197,5,87.65,438.25,processing,2024-07-01 16:41:25
1742,998,50,151,4,142.34,569.36,cancelled,2025-03-26 11:42:28
1743,343,236,10,1,7.54,7.54,pending,2024-08-17 06:41:14
1744,484,757,25,4,13.48,53.92,processing,2024-11-18 00:11:16
1745,719,1845,117,3,84.72,254.16,pending,2025-01-08 08:06:31
1746,442,407,37,1,126.58,126.58,pending,2024-09-10 02:02:43
1747,906,50,151,3,122.63,367.89,processing,2024-06-17 07:10:20
1748,972,513,174,1,52.17,52.17,cancelled,2024-09-13 08:24:21
1749,681,269,12,5,21.30,106.50,cancelled,2024-12-06 14:40:06
1750,371,979,41,3,35.46,106.38,delivered,2024-07-19 10:50:39
1751,533,586,193,1,140.52,140.52,processing,2024-08-06 22:01:41
1752,28,380,169,5,27.67,138.35,pending,2024-12-11 19:19:19
1753,283,699,62,5,68.93,344.65,shipped,2024-08-12 23:28:34
1754,625,964,10,5,81.09,405.45,cancelled,2024-06-27 12:58:11
1755,31,210,140,2,101.03,202.06,processing,2024-05-07 08:40:55
1756,42,1703,43,2,57.02,114.04,processing,2025-03-14 13:41:30
1757,90,1423,144,5,159.94,799.70,processing,2024-12-10 09:54:33
1758,274,90,139,5,139.52,697.60,delivered,2025-02-21 01:49:02
1759,761,1123,164,2,87.86,175.72,shipped,2024-06-19 14:22:37
1760,58,740,27,2,155.13,310.26,cancelled,2025-01-05 17:21:56
1761,689,1131,140,4,164.69,658.76,processing,2024-09-30 18:07:33
1762,609,1501,51,5,190.39,951.95,delivered,2025-01-16 08:32:41
1763,395,837,50,1,194.06,194.06,shipped,2025-01-09 03:51:31
1764,879,297,191,1,15.50,15.50,pending,2024-11-29 05:46:28
1765,704,1697,50,1,127.73,127.73,delivered,2025-03-21 18:58:23
1766,411,798,110,3,164.38,493.14,pending,2024-09-07 03:58:02
1767,183,1692,19,4,117.35,469.40,processing,2024-12-02 23:35:45
1768,394,588,110,1,86.87,86.87,delivered,2024-06-25 18:37:29
1769,284,871,135,4,180.24,720.96,cancelled,2024-11-16 10:15:30
1770,838,734,101,3,124.01,372.03,processing,2024-07-26 16:53:46
1771,257,160,73,3,178.22,534.66,shipped,2024-06-29 02:28:10
1772,733,761,40,1,7.27,7.27,processing,2024-12-22 09:10:25
1773,543,378,194,4,119.47,477.88,delivered,2025-04-23 07:34:24
1774,374,1241,123,3,117.02,351.06,delivered,2025-03-29 04:21:16
1775,48,1145,135,5,148.17,740.85,cancelled,2024-05-29 23:28:57
1776,52,766,186,2,181.02,362.04,shipped,2024-12-05 22:00:01
1777,982,1150,14,3,104.48,313.44,shipped,2025-01-28 22:57:32
1778,954,1001,143,4,197.97,791.88,delivered,2025-03-05 00:30:10
1779,849,1215,128,4,117.77,471.08,shipped,2024-10-23 06:49:30
1780,423,902,80,5,121.62,608.10,delivered,2024-12-05 15:13:26
1781,264,70,147,2,145.48,290.96,shipped,2024-12-31 08:48:11
1782,128,1691,126,4,34.58,138.32,pending,2025-01-14 19:18:28
1783,112,1791,199,3,147.53,442.59,processing,2025-02-28 09:03:27
1784,135,1957,114,4,187.64,750.56,cancelled,2024-08-01 21:56:29
1785,677,1302,53,3,87.59,262.77,processing,2024-06-11 03:33:33
1786,274,864,64,1,183.36,183.36,delivered,2024-05-25 20:09:45
1787,556,1097,184,2,26.29,52.58,cancelled,2025-03-28 16:04:31
1788,319,1526,112,3,102.83,308.49,shipped,2025-01-12 11:57:18
1789,856,566,67,1,105.66,105.66,delivered,2025-01-22 17:30:39
1790,612,855,147,3,16.70,50.10,processing,2025-03-25 08:49:51
1791,280,1767,182,5,61.90,309.50,delivered,2024-07-19 08:23:11
1792,571,1481,21,4,177.18,708.72,processing,2024-06-16 13:05:51
1793,192,512,177,2,146.89,293.78,cancelled,2024-09-15 21:57:37
1794,307,5,105,1,197.75,197.75,delivered,2024-09-05 16:29:28
1795,916,1264,57,1,10.71,10.71,processing,2024-12-20 22:32:46
1796,256,942,110,1,153.26,153.26,processing,2024-06-05 21:20:40
1797,903,598,71,2,33.06,66.12,pending,2024-08-02 08:34:24
1798,67,565,122,4,161.23,644.92,shipped,2024-09-28 18:52:56
1799,30,1121,128,3,164.97,494.91,shipped,2024-09-16 08:52:01
1800,77,1151,193,1,146.94,146.94,processing,2025-03-07 15:09:56
1801,33,867,169,2,51.06,102.12,pending,2024-07-07 19:31:17
1802,197,162,109,2,101.52,203.04,processing,2024-07-05 07:07:50
1803,227,1737,187,1,120.49,120.49,pending,2024-08-22 13:35:05
1804,374,1503,159,1,115.09,115.09,delivered,2024-05-17 06:15:44
1805,552,1876,150,5,14.43,72.15,delivered,2024-09-12 15:24:03
1806,945,1563,130,5,6.03,30.15,pending,2024-09-15 01:34:13
1807,630,923,121,5,20.25,101.25,processing,2024-12-22 04:52:28
1808,64,1902,109,3,72.89,218.67,pending,2024-08-14 10:12:06
1809,348,1533,180,3,74.13,222.39,shipped,2024-08-05 08:41:30
1810,487,1033,72,5,186.97,934.85,cancelled,2024-08-30 13:34:47
1811,750,1560,68,2,165.22,330.44,shipped,2025-02-03 03:19:39
1812,816,1204,23,5,175.11,875.55,shipped,2024-11-13 14:35:24
1813,77,1422,12,4,11.79,47.16,shipped,2025-01-16 16:31:38
1814,109,762,9,4,140.64,562.56,shipped,2025-01-31 03:38:08
1815,884,1570,4,1,165.02,165.02,processing,2024-07-16 11:56:57
1816,921,1964,24,4,51.66,206.64,delivered,2025-04-13 14:27:38
1817,725,1390,162,3,46.61,139.83,shipped,2024-09-11 19:50:07
1818,425,175,40,5,135.99,679.95,cancelled,2025-03-29 14:42:28
1819,719,776,118,2,171.15,342.30,shipped,2024-12-09 09:07:50
1820,637,1913,24,3,45.77,137.31,shipped,2024-09-01 13:56:57
1821,35,1384,91,1,57.59,57.59,delivered,2024-06-26 12:39:18
1822,746,1834,152,5,55.05,275.25,cancelled,2025-03-28 18:42:38
1823,34,974,119,1,178.25,178.25,shipped,2024-07-05 03:10:55
1824,66,601,35,1,60.36,60.36,processing,2025-01-06 23:29:23
1825,223,1534,44,2,21.53,43.06,cancelled,2025-02-27 02:34:46
1826,424,62,191,2,117.35,234.70,shipped,2025-02-25 02:05:41
1827,928,1423,144,1,103.94,103.94,delivered,2024-10-07 04:17:30
1828,779,493,86,5,129.87,649.35,pending,2024-09-20 14:08:05
1829,621,993,89,2,89.10,178.20,pending,2024-08-03 14:30:32
1830,620,1429,47,5,145.53,727.65,processing,2024-06-20 14:58:36
1831,838,1821,5,5,70.39,351.95,shipped,2024-05-27 18:59:23
1832,810,94,120,1,127.88,127.88,processing,2024-09-23 14:38:31
1833,286,425,95,1,10.53,10.53,cancelled,2024-11-16 06:30:29
1834,925,1085,82,1,125.24,125.24,pending,2024-08-24 14:46:46
1835,681,336,157,3,49.08,147.24,cancelled,2024-07-14 20:49:29
1836,884,1313,193,4,143.26,573.04,processing,2024-06-30 06:37:40
1837,542,1991,65,5,136.37,681.85,delivered,2025-01-19 09:21:24
1838,618,1869,68,4,140.97,563.88,cancelled,2025-01-09 12:41:03
1839,855,1969,167,1,198.83,198.83,delivered,2024-05-12 21:18:31
1840,937,789,44,4,84.07,336.28,processing,2025-04-26 19:05:01
1841,945,1504,53,5,97.14,485.70,pending,2024-08-07 04:06:26
1842,310,1241,29,1,173.70,173.70,shipped,2024-12-19 19:43:53
1843,168,1371,182,1,116.30,116.30,shipped,2024-09-19 14:18:55
1844,807,1718,123,2,172.02,344.04,processing,2024-11-23 07:18:42
1845,219,1685,23,3,128.72,386.16,pending,2024-09-02 17:55:52
1846,382,1488,160,4,135.26,541.04,pending,2024-07-26 09:12:29
1847,225,61,91,2,144.62,289.24,processing,2024-05-30 00:58:32
1848,22,1720,158,4,191.71,766.84,delivered,2024-12-23 01:12:34
1849,38,1844,1,2,196.18,392.36,shipped,2025-02-04 11:36:16
1850,325,221,194,5,59.79,298.95,shipped,2025-01-28 12:28:16
1851,261,209,61,3,87.35,262.05,pending,2025-02-20 09:21:44
1852,733,1632,72,1,174.83,174.83,processing,2024-11-18 19:51:47
1853,45,1950,10,2,146.42,292.84,pending,2024-09-12 02:34:06
1854,462,1691,49,5,151.97,759.85,pending,2025-04-13 09:35:22
1855,262,1187,164,1,40.63,40.63,pending,2025-04-15 06:17:07
1856,562,1172,70,4,112.18,448.72,processing,2024-08-12 03:19:27
1857,618,1913,24,1,114.19,114.19,cancelled,2024-11-21 06:54:02
1858,8,614,159,4,38.25,153.00,processing,2024-12-09 05:20:20
1859,631,1171,199,3,192.68,578.04,processing,2024-11-28 10:51:34
1860,526,1158,49,1,164.72,164.72,pending,2024-09-21 17:28:29
1861,809,1601,138,2,8.80,17.60,processing,2025-04-13 01:54:49
1862,82,791,88,2,25.69,51.38,pending,2024-11-12 00:14:25
1863,583,434,113,1,140.08,140.08,shipped,2025-01-23 02:30:23
1864,149,742,129,5,59.77,298.85,cancelled,2024-07-21 13:40:43
1865,536,1289,171,2,48.23,96.46,shipped,2024-10-28 13:22:38
1866,66,610,13,3,65.27,195.81,shipped,2025-02-19 23:31:33
1867,806,1235,35,4,111.65,446.60,shipped,2024-07-07 23:14:33
1868,752,840,146,3,51.46,154.38,shipped,2025-03-18 22:36:33
1869,217,734,195,1,136.02,136.02,shipped,2024-09-26 04:20:38
1870,90,1761,118,5,35.57,177.85,pending,2024-08-24 23:37:46
1871,966,38,99,5,62.53,312.65,pending,2025-01-17 16:13:37
1872,926,1693,74,1,87.16,87.16,pending,2024-09-23 00:09:49
1873,890,500,136,2,94.93,189.86,processing,2024-08-13 08:24:21
1874,774,177,68,4,140.98,563.92,delivered,2024-11-26 12:44:41
1875,436,1579,132,5,110.82,554.10,pending,2025-01-09 21:20:00
1876,20,1913,24,4,123.70,494.80,delivered,2024-10-11 22:50:51
1877,46,1390,30,1,195.78,195.78,pending,2024-09-07 16:29:53
1878,226,1155,122,3,6.48,19.44,pending,2024-09-19 14:25:53
1879,642,1893,200,2,14.62,29.24,shipped,2024-08-13 15:54:52
1880,329,683,85,1,100.58,100.58,processing,2024-09-11 07:04:35
1881,118,1353,60,4,115.44,461.76,processing,2024-12-27 04:15:17
1882,959,1996,106,1,151.92,151.92,cancelled,2024-11-11 08:05:44
1883,610,727,155,3,47.07,141.21,cancelled,2024-05-25 02:08:10
1884,264,295,95,3,159.35,478.05,shipped,2024-05-16 08:39:22
1885,791,1758,125,3,6.52,19.56,pending,2025-02-03 03:01:10
1886,641,1565,7,1,76.97,76.97,cancelled,2024-05-09 21:55:24
1887,607,1148,80,5,59.52,297.60,delivered,2024-09-30 08:23:38
1888,204,840,146,4,143.40,573.60,shipped,2024-06-26 15:38:05
1889,101,1953,188,1,17.26,17.26,pending,2024-05-09 07:40:51
1890,335,1295,106,5,117.78,588.90,pending,2024-05-01 02:23:18
1891,871,1377,69,1,128.65,128.65,shipped,2024-10-25 10:00:55
1892,791,792,158,3,45.34,136.02,shipped,2024-09-08 16:42:43
1893,861,153,195,3,18.35,55.05,cancelled,2024-12-03 22:49:00
1894,611,1124,164,3,114.82,344.46,delivered,2024-07-18 12:48:23
1895,339,207,10,4,10.26,41.04,shipped,2024-05-13 23:21:12
1896,142,1168,49,2,150.16,300.32,shipped,2024-10-20 10:04:31
1897,148,214,128,3,45.63,136.89,processing,2024-09-19 09:18:52
1898,800,549,28,4,131.91,527.64,delivered,2024-11-04 16:10:14
1899,264,1380,99,2,102.59,205.18,pending,2024-08-21 06:48:46
1900,834,1678,39,5,42.92,214.60,shipped,2024-09-06 13:45:41
1901,299,752,110,1,129.66,129.66,shipped,2024-09-09 09:10:16
1902,423,1853,16,3,186.10,558.30,delivered,2025-04-27 10:24:24
1903,15,715,198,5,190.43,952.15,cancelled,2025-03-07 23:46:47
1904,348,524,42,2,161.45,322.90,shipped,2025-04-29 16:17:23
1905,128,1608,178,2,10.76,21.52,pending,2024-10-27 23:13:53
1906,922,1791,199,4,76.49,305.96,cancelled,2025-02-28 02:18:55
1907,895,386,58,5,107.53,537.65,processing,2024-07-10 21:51:47
1908,452,842,79,5,176.71,883.55,cancelled,2024-07-07 06:04:45
1909,35,287,122,3,185.96,557.88,delivered,2024-09-02 12:25:04
1910,132,1068,169,3,78.73,236.19,shipped,2025-04-12 08:53:34
1911,537,490,163,2,143.14,286.28,shipped,2024-10-19 17:22:27
1912,15,278,156,2,5.76,11.52,cancelled,2024-05-11 07:45:38
1913,711,171,10,3,92.95,278.85,cancelled,2024-08-13 14:28:04
1914,696,335,157,1,79.22,79.22,shipped,2024-09-19 11:58:55
1915,281,1491,102,1,193.82,193.82,shipped,2024-09-09 03:25:48
1916,754,1610,124,2,146.06,292.12,delivered,2024-06-19 10:24:06
1917,537,1374,128,2,137.88,275.76,processing,2024-12-01 09:33:36
1918,145,455,158,3,121.82,365.46,pending,2024-07-16 20:57:18
1919,275,851,188,2,137.52,275.04,delivered,2025-04-24 18:04:13
1920,588,1992,130,5,107.79,538.95,cancelled,2024-06-30 04:29:53
1921,542,1388,190,2,35.65,71.30,delivered,2025-02-24 08:57:49
1922,199,1600,126,3,49.74,149.22,cancelled,2025-01-26 01:22:18
1923,664,982,92,5,199.13,995.65,processing,2024-05-16 22:48:11
1924,334,829,163,3,114.58,343.74,pending,2024-12-27 02:29:54
1925,330,1232,103,1,95.80,95.80,pending,2025-02-07 22:07:56
1926,956,338,95,5,165.68,828.40,pending,2024-08-16 12:55:20
1927,144,1608,181,3,26.21,78.63,delivered,2025-04-01 13:02:31
1928,278,1295,106,2,70.77,141.54,shipped,2025-01-23 22:14:29
1929,504,655,76,3,135.15,405.45,cancelled,2025-02-23 23:40:31
1930,194,513,6,3,85.55,256.65,processing,2025-03-04 14:30:49
1931,225,1985,80,1,85.85,85.85,pending,2025-01-24 19:09:43
1932,343,41,129,5,197.36,986.80,pending,2024-12-25 06:30:18
1933,17,1955,55,4,178.06,712.24,delivered,2024-05-13 22:47:03
1934,640,319,110,3,106.05,318.15,delivered,2025-01-30 06:02:11
1935,155,1701,191,3,85.66,256.98,shipped,2025-01-31 02:35:24
1936,509,1913,24,3,176.06,528.18,shipped,2025-03-24 17:30:55
1937,290,1338,192,1,176.93,176.93,shipped,2025-01-15 10:04:34
1938,147,1430,135,1,96.16,96.16,shipped,2024-12-12 22:50:00
1939,505,1377,69,3,84.65,253.95,shipped,2024-06-07 04:01:58
1940,894,878,60,4,158.19,632.76,cancelled,2024-05-04 07:47:40
1941,878,1953,188,3,35.20,105.60,cancelled,2024-05-06 03:05:20
1942,392,668,27,2,80.24,160.48,shipped,2024-12-29 10:10:10
1943,329,1729,198,1,11.86,11.86,pending,2024-07-12 03:34:59
1944,622,718,189,4,8.15,32.60,cancelled,2025-03-24 18:59:52
1945,413,860,94,4,24.17,96.68,shipped,2024-11-05 04:19:19
1946,870,703,9,5,73.54,367.70,shipped,2024-11-23 10:50:01
1947,98,649,53,3,39.36,118.08,processing,2024-10-10 22:51:46
1948,522,449,53,1,115.19,115.19,cancelled,2024-05-09 01:44:02
1949,481,191,60,5,132.31,661.55,shipped,2024-10-02 16:45:59
1950,463,816,163,5,53.89,269.45,shipped,2024-10-12 03:00:29
1951,8,1442,15,2,64.30,128.60,shipped,2024-06-25 11:02:42
1952,110,566,110,1,69.82,69.82,pending,2025-04-24 01:17:18
1953,514,1166,24,1,184.98,184.98,delivered,2024-08-07 03:23:30
1954,366,1162,68,2,101.98,203.96,cancelled,2025-01-05 07:12:29
1955,947,1491,102,5,86.17,430.85,shipped,2025-03-06 01:21:52
1956,606,310,42,4,174.07,696.28,cancelled,2024-12-25 09:33:03
1957,993,1064,123,1,50.33,50.33,cancelled,2025-02-07 20:17:08
1958,205,669,100,3,113.46,340.38,cancelled,2025-01-25 06:53:38
1959,334,1856,160,1,28.06,28.06,processing,2024-06-16 02:59:18
1960,766,66,155,4,140.79,563.16,cancelled,2025-01-04 20:09:59
1961,466,1370,94,2,180.19,360.38,pending,2024-09-08 20:38:17
1962,590,972,66,2,110.15,220.30,shipped,2024-11-22 15:58:27
1963,5,812,121,3,155.52,466.56,processing,2024-07-30 14:46:06
1964,269,704,17,4,136.74,546.96,pending,2024-07-12 05:19:29
1965,970,1223,183,5,182.20,911.00,shipped,2024-07-12 11:33:53
1966,462,277,155,2,189.75,379.50,pending,2025-04-19 08:54:51
1967,446,1206,90,4,113.19,452.76,processing,2024-05-31 23:32:47
1968,261,810,90,2,64.52,129.04,pending,2024-10-25 15:26:48
1969,587,919,79,5,82.82,414.10,processing,2025-01-05 06:36:14
1970,331,1640,82,3,85.12,255.36,processing,2024-07-05 16:26:13
1971,677,1465,70,1,62.31,62.31,shipped,2024-05-09 19:24:15
1972,948,1397,76,3,39.98,119.94,shipped,2024-05-09 11:50:36
1973,342,221,122,4,194.07,776.28,processing,2025-02-22 11:00:25
1974,26,348,64,5,41.65,208.25,pending,2024-07-06 14:50:14
1975,560,1267,200,3,54.03,162.09,shipped,2024-07-04 17:24:47
1976,570,784,39,5,8.75,43.75,processing,2024-08-31 20:00:43
1977,713,1516,148,4,160.50,642.00,delivered,2024-07-26 17:48:21
1978,624,725,8,3,106.93,320.79,delivered,2024-08-02 07:24:55
1979,123,517,171,4,86.88,347.52,processing,2024-08-28 13:54:21
1980,30,1999,20,4,66.57,266.28,shipped,2024-07-11 06:45:59
1981,13,1198,35,5,173.82,869.10,processing,2024-05-11 09:25:41
1982,319,300,106,1,134.02,134.02,pending,2025-03-24 02:54:42
1983,438,733,100,4,146.73,586.92,shipped,2024-09-10 10:04:12
1984,5,184,179,5,90.95,454.75,shipped,2024-08-31 14:09:56
1985,623,1848,192,4,185.41,741.64,pending,2024-11-10 03:12:30
1986,837,1195,36,1,164.39,164.39,pending,2024-09-12 01:51:09
1987,596,1435,94,4,145.15,580.60,cancelled,2024-10-24 00:04:48
1988,735,755,121,4,72.26,289.04,cancelled,2025-01-15 01:33:51
1989,599,1544,144,2,19.68,39.36,cancelled,2024-09-02 13:52:19
1990,90,210,79,4,173.54,694.16,processing,2024-08-11 07:49:53
1991,135,996,89,2,83.00,166.00,cancelled,2024-08-15 22:27:17
1992,657,117,27,2,91.78,183.56,pending,2025-02-22 09:13:23
1993,509,287,16,5,105.04,525.20,pending,2025-01-18 21:22:44
1994,138,513,6,2,179.73,359.46,shipped,2024-10-19 14:50:01
1995,952,814,162,4,88.95,355.80,pending,2024-06-02 05:23:48
1996,311,1565,7,1,132.54,132.54,shipped,2025-01-06 04:06:02
1997,620,704,17,3,35.18,105.54,shipped,2024-11-15 16:52:53
1998,185,1318,25,1,193.15,193.15,pending,2024-12-29 13:33:34
1999,712,305,128,3,182.79,548.37,shipped,2024-10-25 20:40:12
2000,220,1487,87,2,167.90,335.80,cancelled,2025-03-27 14:24:57
2001,301,1737,187,5,170.75,853.75,shipped,2024-06-12 01:38:58
2002,960,588,158,2,41.06,82.12,shipped,2024-06-03 07:33:30
2003,259,876,185,4,194.14,776.56,processing,2025-02-25 01:43:47
2004,728,1648,143,2,123.40,246.80,cancelled,2024-12-04 16:05:05
2005,593,370,36,1,101.44,101.44,cancelled,2024-08-08 07:39:08
2006,312,1838,105,3,163.73,491.19,shipped,2024-08-08 20:56:29
2007,953,241,49,3,72.36,217.08,pending,2024-05-03 19:52:21
2008,295,442,121,5,198.18,990.90,processing,2025-03-21 08:08:52
2009,841,246,138,2,57.56,115.12,cancelled,2024-07-15 02:27:16
2010,289,1176,76,5,80.45,402.25,shipped,2025-04-12 06:11:39
2011,894,1050,195,1,81.21,81.21,cancelled,2024-09-04 08:34:33
2012,440,291,114,4,144.02,576.08,cancelled,2024-08-30 17:54:34
2013,190,1500,103,4,124.38,497.52,processing,2025-03-31 07:23:12
2014,992,1559,83,4,71.34,285.36,delivered,2024-12-20 03:45:07
2015,820,683,85,1,191.30,191.30,pending,2024-08-01 06:15:54
2016,228,1376,139,1,41.84,41.84,shipped,2024-12-22 17:02:57
2017,938,941,200,4,97.02,388.08,delivered,2024-09-13 16:13:17
2018,725,548,194,5,147.65,738.25,pending,2025-04-01 22:36:20
2019,620,869,130,5,76.97,384.85,shipped,2024-08-31 17:32:29
2020,535,124,97,1,149.10,149.10,shipped,2024-11-07 04:16:20
2021,376,94,120,1,72.77,72.77,cancelled,2024-08-21 17:26:14
2022,44,1124,164,1,164.88,164.88,delivered,2025-03-02 15:49:08
2023,947,1131,140,5,183.04,915.20,processing,2025-01-24 00:09:34
2024,960,493,86,3,144.92,434.76,shipped,2024-10-30 09:09:48
2025,803,1539,193,2,155.14,310.28,cancelled,2024-06-15 11:00:13
2026,888,242,32,3,79.30,237.90,shipped,2024-07-29 16:54:14
2027,506,1913,24,4,95.42,381.68,delivered,2024-05-13 10:41:56
2028,122,1157,17,5,66.99,334.95,cancelled,2024-12-27 10:01:00
2029,493,76,157,2,93.41,186.82,shipped,2024-11-06 09:24:07
2030,514,238,67,3,136.97,410.91,delivered,2024-11-20 03:36:44
2031,973,1981,178,4,183.99,735.96,cancelled,2024-11-01 09:09:36
2032,858,918,68,3,40.01,120.03,pending,2024-09-25 11:24:38
2033,653,649,23,4,100.54,402.16,delivered,2025-03-16 15:27:10
2034,684,1519,103,3,76.33,228.99,delivered,2024-07-22 21:59:13
2035,477,1488,100,1,37.74,37.74,shipped,2024-09-22 23:16:47
2036,265,371,116,2,131.47,262.94,cancelled,2025-02-04 19:42:54
2037,981,1022,86,5,131.38,656.90,pending,2024-12-22 19:29:20
2038,362,447,121,1,48.75,48.75,pending,2024-08-16 01:23:08
2039,392,71,191,3,6.49,19.47,processing,2024-08-18 06:35:21
2040,927,983,66,1,128.73,128.73,cancelled,2024-09-03 00:41:19
2041,331,1953,188,1,56.38,56.38,processing,2025-02-21 00:11:32
2042,434,119,116,4,98.08,392.32,processing,2024-07-14 23:21:44
2043,687,1703,22,5,90.72,453.60,delivered,2024-12-06 10:25:31
2044,502,1350,4,4,197.55,790.20,delivered,2025-02-21 08:52:06
2045,987,641,67,3,34.19,102.57,processing,2024-09-09 06:15:27
2046,27,1911,60,2,138.24,276.48,shipped,2025-04-08 07:54:29
2047,341,834,74,2,142.97,285.94,shipped,2024-07-14 04:18:15
2048,491,168,140,1,36.65,36.65,pending,2025-02-07 10:12:12
2049,710,51,36,4,155.13,620.52,shipped,2025-01-10 09:57:28
2050,328,1014,142,5,43.01,215.05,shipped,2024-10-05 23:27:21
2051,698,221,122,5,54.68,273.40,pending,2025-02-21 04:18:15
2052,914,1447,74,4,145.31,581.24,processing,2025-01-02 19:54:14
2053,934,1917,197,4,120.55,482.20,processing,2024-07-17 05:46:45
2054,185,1130,111,3,53.46,160.38,shipped,2024-08-19 00:09:19
2055,896,660,149,1,104.38,104.38,delivered,2025-02-22 08:06:11
2056,937,636,105,3,34.87,104.61,processing,2024-12-08 10:19:03
2057,115,266,130,4,69.79,279.16,pending,2024-08-30 11:35:01
2058,996,1701,191,3,74.17,222.51,cancelled,2025-03-20 10:56:05
2059,326,611,67,3,166.30,498.90,delivered,2024-08-30 04:03:02
2060,207,1520,164,2,34.03,68.06,cancelled,2024-06-30 04:31:00
2061,168,1874,67,5,191.22,956.10,shipped,2024-11-25 20:27:47
2062,506,690,87,3,110.41,331.23,delivered,2024-10-08 11:11:22
2063,334,1342,194,5,146.40,732.00,processing,2024-07-25 01:33:08
2064,475,1846,27,4,109.30,437.20,pending,2024-12-13 10:56:13
2065,408,286,88,4,127.63,510.52,pending,2025-01-19 14:26:17
2066,625,51,36,1,180.44,180.44,cancelled,2024-12-01 06:33:55
2067,240,347,120,1,92.46,92.46,delivered,2024-08-25 21:59:26
2068,713,1204,23,2,69.90,139.80,delivered,2025-02-05 02:40:34
2069,404,1340,196,2,75.59,151.18,pending,2024-05-19 07:18:12
2070,190,512,177,3,7.31,21.93,shipped,2024-11-04 22:25:05
2071,668,1077,149,3,159.08,477.24,delivered,2024-07-20 17:04:18
2072,147,53,8,4,149.15,596.60,processing,2025-04-03 12:44:07
2073,624,1433,118,5,10.56,52.80,delivered,2024-12-05 02:28:06
2074,683,1430,135,1,116.22,116.22,pending,2024-10-09 02:28:41
2075,190,1960,152,5,154.93,774.65,pending,2025-01-22 01:18:21
2076,502,952,117,5,100.75,503.75,delivered,2024-08-10 07:10:54
2077,619,1761,46,5,105.82,529.10,cancelled,2025-02-12 04:55:39
2078,682,897,173,2,99.27,198.54,shipped,2025-01-02 19:41:38
2079,726,1265,182,2,107.00,214.00,processing,2024-11-14 06:21:32
2080,627,1627,51,1,154.70,154.70,processing,2024-11-01 03:52:15
2081,841,581,29,5,165.52,827.60,cancelled,2024-08-04 21:36:59
2082,140,507,12,5,151.53,757.65,pending,2025-04-28 21:08:42
2083,802,1791,199,5,24.92,124.60,delivered,2024-07-30 03:29:57
2084,664,580,143,1,89.46,89.46,processing,2024-09-17 14:41:50
2085,370,664,133,3,86.49,259.47,cancelled,2024-10-21 21:50:07
2086,317,1654,145,4,153.87,615.48,processing,2025-03-09 23:54:36
2087,108,1026,16,4,70.81,283.24,cancelled,2025-01-02 11:54:52
2088,927,1000,183,3,163.96,491.88,cancelled,2024-12-30 13:57:10
2089,418,273,90,2,123.48,246.96,processing,2024-05-23 21:34:23
2090,803,1861,60,1,145.39,145.39,cancelled,2024-05-31 20:51:36
2091,619,1891,74,2,75.08,150.16,cancelled,2025-04-02 05:25:00
2092,76,171,3,5,55.41,277.05,cancelled,2024-05-07 00:42:24
2093,118,229,41,5,105.43,527.15,shipped,2024-05-02 23:19:27
2094,269,278,156,1,88.58,88.58,processing,2024-08-11 22:11:24
2095,157,898,63,5,132.80,664.00,delivered,2024-10-13 17:18:44
2096,517,28,54,3,28.11,84.33,delivered,2024-08-11 09:43:29
2097,351,425,92,2,25.33,50.66,processing,2024-12-25 09:34:29
2098,775,1242,79,3,141.58,424.74,processing,2024-07-04 21:41:27
2099,957,165,75,4,55.05,220.20,pending,2024-08-02 21:22:01
2100,825,13,181,4,168.61,674.44,cancelled,2024-11-01 23:44:53
2101,833,754,188,5,160.60,803.00,pending,2025-01-05 12:26:39
2102,769,1973,66,2,58.16,116.32,processing,2024-06-25 17:05:34
2103,993,1353,60,5,48.01,240.05,cancelled,2024-10-15 21:39:54
2104,231,1223,183,4,128.35,513.40,delivered,2025-02-06 13:47:07
2105,467,1047,38,3,65.84,197.52,shipped,2025-02-09 13:47:33
2106,925,1893,174,2,146.18,292.36,pending,2024-06-27 04:16:16
2107,765,1872,154,1,132.05,132.05,processing,2024-10-13 15:01:37
2108,132,377,143,5,24.86,124.30,shipped,2024-10-18 23:17:34
2109,665,1130,111,4,77.29,309.16,delivered,2024-06-13 15:14:21
2110,1,1380,99,1,89.42,89.42,cancelled,2024-09-26 01:14:03
2111,564,819,37,3,76.98,230.94,processing,2024-07-14 18:36:23
2112,701,1818,108,4,9.85,39.40,shipped,2024-11-26 23:41:24
2113,306,867,169,2,119.14,238.28,delivered,2024-11-05 17:39:15
2114,687,654,1,5,92.89,464.45,delivered,2024-10-20 03:34:35
2115,419,1533,130,4,39.66,158.64,pending,2024-11-16 01:08:15
2116,958,1890,171,4,64.80,259.20,delivered,2024-08-19 10:33:09
2117,848,336,157,3,8.74,26.22,pending,2024-10-01 07:15:56
2118,702,598,71,3,107.16,321.48,delivered,2024-10-13 14:46:25
2119,149,1122,76,1,19.51,19.51,cancelled,2025-04-08 00:19:06
2120,69,577,64,1,165.64,165.64,delivered,2024-08-09 01:00:40
2121,346,1559,83,4,30.26,121.04,delivered,2025-04-24 03:44:45
2122,620,764,53,4,96.23,384.92,shipped,2024-07-08 02:00:31
2123,715,317,114,3,23.09,69.27,cancelled,2024-11-10 06:08:11
2124,194,1612,192,2,28.55,57.10,processing,2024-09-10 06:43:56
2125,47,18,154,5,85.36,426.80,shipped,2024-11-03 23:19:10
2126,381,1624,89,5,187.70,938.50,pending,2025-04-30 17:04:53
2127,178,1350,4,3,12.04,36.12,processing,2025-01-06 23:02:24
2128,577,849,163,4,138.58,554.32,delivered,2025-04-30 13:21:18
2129,593,1706,29,4,146.53,586.12,cancelled,2024-10-28 17:18:42
2130,643,1680,149,3,46.79,140.37,pending,2024-05-04 20:38:18
2131,42,341,63,2,15.87,31.74,pending,2025-04-20 19:47:01
2132,445,135,186,3,26.92,80.76,pending,2024-11-16 14:19:29
2133,600,1935,123,2,191.13,382.26,delivered,2025-03-18 10:07:57
2134,782,531,183,1,156.08,156.08,processing,2024-09-02 02:37:48
2135,117,1473,21,2,45.11,90.22,cancelled,2024-05-27 13:01:46
2136,967,1390,162,1,176.99,176.99,processing,2025-03-09 19:45:07
2137,371,1928,109,3,154.19,462.57,delivered,2025-04-22 14:21:24
2138,812,886,163,4,88.42,353.68,shipped,2025-01-06 09:33:26
2139,233,422,22,2,181.61,363.22,delivered,2024-08-08 10:15:12
2140,32,143,164,2,39.03,78.06,cancelled,2024-07-13 05:13:53
2141,309,256,21,3,114.54,343.62,processing,2025-01-03 01:01:03
2142,951,7,30,2,106.97,213.94,processing,2024-10-14 21:29:13
2143,912,1734,174,3,21.31,63.93,cancelled,2024-07-10 05:23:51
2144,119,171,3,3,184.54,553.62,processing,2024-09-28 05:10:53
2145,167,429,78,1,110.35,110.35,cancelled,2024-08-06 07:14:00
2146,401,749,104,1,162.48,162.48,shipped,2024-06-07 14:02:46
2147,665,1817,158,5,122.95,614.75,delivered,2024-10-10 03:51:53
2148,701,115,9,2,26.35,52.70,processing,2025-03-15 17:36:23
2149,438,1627,51,2,161.02,322.04,shipped,2025-04-12 16:43:35
2150,275,507,2,4,166.15,664.60,delivered,2024-07-20 11:08:22
2151,466,1390,162,3,49.50,148.50,shipped,2024-06-28 19:08:07
2152,287,1772,53,4,16.17,64.68,cancelled,2024-07-15 10:06:39
2153,948,1413,194,1,179.56,179.56,processing,2024-11-18 17:51:56
2154,290,1468,177,3,78.72,236.16,pending,2024-08-15 17:02:47
2155,668,1080,42,5,60.23,301.15,delivered,2024-11-14 05:00:11
2156,966,1063,63,5,52.77,263.85,processing,2024-06-04 21:59:42
2157,644,1623,182,1,101.95,101.95,cancelled,2025-04-27 07:51:45
2158,906,766,86,5,35.35,176.75,shipped,2025-03-16 12:59:14
2159,218,730,189,5,192.85,964.25,pending,2025-03-23 06:39:20
2160,257,1476,173,3,7.61,22.83,shipped,2024-08-09 17:51:10
2161,427,1403,173,5,90.09,450.45,processing,2024-06-05 03:48:42
2162,782,697,119,3,137.21,411.63,processing,2025-01-09 23:07:04
2163,677,333,1,1,114.22,114.22,shipped,2024-07-31 15:44:48
2164,678,1711,55,4,178.76,715.04,delivered,2025-03-22 22:35:48
2165,742,1687,53,5,18.08,90.40,processing,2024-06-16 05:24:09
2166,869,1743,38,5,67.42,337.10,shipped,2025-04-20 20:05:44
2167,543,1297,8,2,144.43,288.86,delivered,2024-08-12 14:45:59
2168,385,1276,16,3,131.72,395.16,delivered,2025-04-04 22:34:31
2169,557,1855,173,5,56.97,284.85,pending,2024-11-04 22:14:32
2170,901,1003,180,2,5.47,10.94,cancelled,2025-04-17 18:43:14
2171,769,513,174,3,98.41,295.23,shipped,2024-07-11 08:31:17
2172,685,537,58,4,34.86,139.44,shipped,2024-08-13 15:27:25
2173,354,1910,84,1,112.67,112.67,cancelled,2024-10-20 04:41:22
2174,64,1062,169,2,31.41,62.82,shipped,2024-05-27 11:01:54
2175,185,1176,31,3,185.27,555.81,shipped,2024-08-21 00:23:58
2176,646,1041,84,3,147.44,442.32,cancelled,2025-03-14 23:20:24
2177,515,1460,13,4,195.00,780.00,processing,2024-12-23 08:33:07
2178,517,958,29,1,63.54,63.54,delivered,2024-09-12 19:47:54
2179,992,1536,154,2,66.29,132.58,delivered,2024-05-30 09:04:59
2180,386,373,191,3,136.36,409.08,shipped,2025-04-07 10:29:45
2181,889,898,129,2,35.59,71.18,delivered,2024-09-11 07:49:40
2182,137,1702,179,5,111.61,558.05,cancelled,2024-09-14 05:47:04
2183,25,809,32,3,34.57,103.71,cancelled,2025-01-22 08:44:36
2184,271,63,200,3,137.45,412.35,pending,2024-06-27 02:46:19
2185,929,671,91,2,134.22,268.44,delivered,2024-08-28 03:19:05
2186,485,1909,99,4,5.59,22.36,delivered,2024-10-06 02:33:16
2187,192,1890,171,2,90.96,181.92,cancelled,2025-01-29 00:46:56
2188,276,553,195,2,161.88,323.76,shipped,2025-01-18 03:59:42
2189,617,471,106,3,163.75,491.25,shipped,2024-07-10 08:39:25
2190,853,1123,25,1,29.70,29.70,shipped,2024-06-19 08:26:12
2191,97,1998,85,1,35.12,35.12,cancelled,2025-03-08 19:45:08
2192,203,1289,171,3,166.27,498.81,pending,2024-11-23 05:28:57
2193,692,438,150,5,183.47,917.35,processing,2024-07-01 16:21:47
2194,412,1511,69,4,44.07,176.28,pending,2024-08-08 01:11:04
2195,567,553,146,5,77.19,385.95,shipped,2024-06-12 17:54:14
2196,387,747,3,5,113.44,567.20,pending,2025-01-05 02:35:41
2197,428,61,116,5,144.00,720.00,delivered,2024-10-04 06:41:13
2198,463,1544,144,4,103.59,414.36,pending,2024-05-04 02:40:58
2199,890,823,110,3,24.41,73.23,processing,2024-06-10 11:22:11
2200,519,842,106,3,163.61,490.83,shipped,2025-04-20 21:47:23
2201,792,1201,178,2,197.02,394.04,cancelled,2024-09-03 04:01:14
2202,828,912,198,1,189.22,189.22,pending,2025-01-08 08:50:54
2203,6,1581,178,4,50.77,203.08,delivered,2025-01-11 18:40:48
2204,208,997,115,1,151.74,151.74,cancelled,2024-06-01 15:33:12
2205,376,304,182,1,126.92,126.92,cancelled,2024-07-27 05:55:27
2206,304,1930,26,4,191.20,764.80,delivered,2025-01-16 10:38:10
2207,496,236,93,2,167.79,335.58,cancelled,2024-10-31 02:42:03
2208,1000,1476,173,2,18.29,36.58,pending,2024-12-24 00:43:55
2209,947,461,37,5,139.08,695.40,pending,2025-04-14 09:59:01
2210,216,1870,47,5,79.38,396.90,cancelled,2024-06-13 20:17:24
2211,810,1482,24,1,62.67,62.67,pending,2025-03-18 09:27:29
2212,773,723,134,4,102.24,408.96,delivered,2025-02-11 18:13:53
2213,657,1061,52,5,196.83,984.15,processing,2025-02-14 11:56:24
2214,677,1582,21,2,151.64,303.28,processing,2024-11-21 20:00:58
2215,868,1381,185,3,176.08,528.24,delivered,2025-03-07 16:55:43
2216,660,719,110,1,51.15,51.15,processing,2024-10-16 16:55:25
2217,985,251,14,3,11.50,34.50,processing,2024-08-18 10:07:11
2218,613,1241,123,3,71.30,213.90,shipped,2024-12-18 22:59:43
2219,924,1895,121,2,186.64,373.28,cancelled,2025-04-25 11:36:12
2220,146,1879,53,1,13.45,13.45,delivered,2024-12-20 07:04:51
2221,765,255,179,3,105.86,317.58,pending,2024-06-23 00:02:57
2222,987,692,173,4,181.07,724.28,pending,2025-01-21 23:10:16
2223,471,631,195,3,134.92,404.76,delivered,2024-06-23 03:59:26
2224,501,437,120,1,144.13,144.13,shipped,2024-09-07 10:33:38
2225,847,1761,46,2,166.40,332.80,cancelled,2024-05-19 20:35:40
2226,188,1078,18,3,112.24,336.72,processing,2024-07-14 18:12:45
2227,512,39,149,2,189.34,378.68,cancelled,2025-01-09 03:30:00
2228,584,767,58,4,20.18,80.72,delivered,2024-05-25 08:14:54
2229,795,556,178,5,88.43,442.15,pending,2024-09-26 16:57:05
2230,997,572,4,3,47.77,143.31,delivered,2025-01-02 19:13:27
2231,149,1089,140,2,70.94,141.88,cancelled,2024-05-21 01:16:16
2232,632,1873,168,1,39.97,39.97,cancelled,2024-11-08 17:24:28
2233,214,175,40,2,173.78,347.56,delivered,2024-09-23 09:37:35
2234,710,350,197,5,74.81,374.05,shipped,2024-06-24 08:47:38
2235,989,1634,128,3,133.16,399.48,shipped,2024-12-25 02:32:49
2236,542,425,95,2,114.22,228.44,delivered,2024-10-22 09:17:49
2237,837,1473,21,3,80.27,240.81,pending,2024-09-10 04:30:33
2238,790,1409,131,5,108.47,542.35,processing,2024-09-24 04:59:41
2239,454,1703,43,1,79.38,79.38,pending,2024-08-29 03:27:28
2240,800,1216,131,2,113.80,227.60,delivered,2024-06-11 14:56:44
2241,320,605,161,4,164.05,656.20,shipped,2025-03-12 23:40:31
2242,424,832,83,5,197.12,985.60,pending,2025-03-03 10:19:56
2243,877,909,11,1,163.17,163.17,shipped,2024-05-09 07:27:47
2244,202,824,179,5,63.70,318.50,pending,2024-12-13 00:56:38
2245,257,1494,169,5,59.29,296.45,shipped,2025-01-05 06:34:42
2246,639,1648,76,1,51.10,51.10,processing,2024-11-05 14:12:49
2247,379,1794,154,5,55.98,279.90,shipped,2025-02-12 16:47:57
2248,117,677,175,4,130.25,521.00,cancelled,2025-01-21 08:49:32
2249,743,59,31,5,131.63,658.15,cancelled,2024-07-02 01:53:40
2250,650,684,115,3,143.06,429.18,processing,2025-01-02 14:31:18
2251,573,220,163,3,91.17,273.51,cancelled,2024-11-01 22:49:13
2252,50,713,184,3,134.29,402.87,cancelled,2025-02-15 11:27:27
2253,432,1642,152,5,7.86,39.30,delivered,2024-10-12 10:17:49
2254,993,210,79,1,137.52,137.52,cancelled,2024-11-09 18:13:56
2255,280,619,143,3,194.83,584.49,delivered,2024-08-04 08:21:05
2256,929,119,164,1,56.37,56.37,delivered,2024-11-14 14:31:27
2257,100,1253,95,2,158.99,317.98,delivered,2024-07-09 19:02:11
2258,907,160,73,5,71.10,355.50,pending,2024-09-12 03:34:23
2259,158,1463,147,5,40.88,204.40,cancelled,2024-07-04 08:57:43
2260,264,856,68,5,32.13,160.65,processing,2024-07-23 12:56:33
2261,686,1356,48,1,107.58,107.58,cancelled,2024-10-27 09:02:43
2262,771,574,66,5,99.99,499.95,delivered,2024-10-22 06:42:45
2263,616,1162,68,2,77.35,154.70,processing,2024-05-07 23:06:30
2264,113,1960,1,1,43.14,43.14,shipped,2024-10-07 12:42:41
2265,231,1691,126,2,84.07,168.14,delivered,2024-12-06 01:10:28
2266,388,1048,184,3,6.01,18.03,processing,2025-03-29 12:40:35
2267,463,1268,36,1,53.32,53.32,shipped,2024-11-10 01:51:21
2268,336,525,77,1,17.98,17.98,cancelled,2024-08-02 13:56:38
2269,285,1716,97,1,89.37,89.37,shipped,2024-12-12 06:22:11
2270,572,1625,30,4,114.95,459.80,shipped,2024-12-24 15:56:49
2271,673,62,191,2,139.87,279.74,cancelled,2024-12-01 12:05:41
2272,430,169,155,3,93.00,279.00,pending,2024-09-25 01:59:27
2273,338,1730,36,4,184.64,738.56,pending,2025-03-09 10:58:39
2274,756,1449,63,3,106.30,318.90,cancelled,2024-09-04 15:18:12
2275,225,209,61,1,5.56,5.56,shipped,2024-12-02 18:27:27
2276,74,1785,114,5,197.53,987.65,cancelled,2024-07-21 11:34:13
2277,986,1384,91,5,114.16,570.80,cancelled,2024-05-02 04:44:53
2278,384,438,150,3,172.06,516.18,pending,2024-08-25 06:52:52
2279,984,206,89,4,19.27,77.08,delivered,2025-01-26 04:37:10
2280,263,121,112,2,32.04,64.08,processing,2024-09-05 09:34:09
2281,772,1213,18,4,168.31,673.24,processing,2024-11-04 18:23:35
2282,518,1068,7,2,111.74,223.48,shipped,2024-11-26 04:04:43
2283,40,245,93,5,105.11,525.55,shipped,2024-11-12 03:28:10
2284,30,1471,24,4,199.50,798.00,processing,2025-02-21 02:41:03
2285,387,283,85,2,127.98,255.96,processing,2025-03-23 13:03:34
2286,898,125,32,3,81.73,245.19,shipped,2025-04-21 19:23:30
2287,221,1211,62,1,176.05,176.05,cancelled,2024-12-13 09:13:22
2288,649,1736,138,5,119.17,595.85,processing,2025-01-03 20:51:30
2289,956,348,64,4,19.84,79.36,processing,2025-03-24 14:20:24
2290,27,150,197,2,130.03,260.06,processing,2024-07-23 05:34:17
2291,858,1502,20,1,152.00,152.00,shipped,2024-05-31 21:46:00
2292,222,1016,14,5,91.32,456.60,cancelled,2024-10-16 06:13:42
2293,488,517,2,3,84.50,253.50,cancelled,2024-07-06 18:54:12
2294,916,1560,68,1,56.17,56.17,shipped,2024-07-16 08:59:49
2295,472,503,31,2,18.46,36.92,cancelled,2024-10-22 20:34:16
2296,579,1131,140,4,95.75,383.00,processing,2024-11-11 02:17:14
2297,884,1100,14,3,31.92,95.76,shipped,2024-10-08 18:02:31
2298,178,1579,132,2,112.41,224.82,shipped,2025-03-03 09:41:58
2299,788,320,108,1,150.63,150.63,cancelled,2025-01-10 13:41:44
2300,635,1692,43,2,59.99,119.98,delivered,2025-02-12 17:49:08
2301,22,767,58,1,163.83,163.83,delivered,2025-02-15 02:38:16
2302,341,276,42,1,166.57,166.57,processing,2025-04-04 18:09:23
2303,417,214,128,1,16.60,16.60,processing,2024-09-28 17:15:31
2304,914,76,157,3,117.30,351.90,processing,2024-08-07 19:24:56
2305,59,113,198,4,149.92,599.68,pending,2024-12-18 13:21:14
2306,353,1295,106,5,88.42,442.10,shipped,2024-08-16 04:12:46
2307,55,1131,44,4,147.88,591.52,cancelled,2024-07-13 20:19:29
2308,79,1602,10,5,53.76,268.80,pending,2024-05-04 16:46:21
2309,690,1151,193,4,124.59,498.36,pending,2025-04-23 08:51:18
2310,522,1287,47,4,158.19,632.76,cancelled,2025-04-30 11:26:26
2311,595,1281,198,3,113.94,341.82,processing,2025-02-25 05:05:11
2312,971,1478,30,3,169.13,507.39,processing,2024-09-11 17:39:02
2313,446,1168,49,5,19.91,99.55,shipped,2025-02-24 12:53:15
2314,391,1524,17,4,132.95,531.80,shipped,2024-10-31 13:14:44
2315,520,155,66,1,160.46,160.46,delivered,2024-09-06 23:47:06
2316,56,727,99,4,63.90,255.60,pending,2025-04-10 22:56:24
2317,708,685,95,2,23.54,47.08,shipped,2025-04-15 18:23:17
2318,515,436,75,2,17.73,35.46,pending,2025-04-22 05:44:44
2319,38,718,52,5,36.89,184.45,shipped,2025-03-12 10:49:20
2320,458,847,15,2,50.29,100.58,pending,2025-03-12 07:32:48
2321,430,62,191,2,170.13,340.26,pending,2025-01-02 13:16:30
2322,553,1013,106,4,190.55,762.20,cancelled,2024-11-20 15:56:57
2323,376,14,123,3,83.86,251.58,cancelled,2025-01-23 00:46:22
2324,132,567,47,2,59.30,118.60,shipped,2024-11-03 23:15:08
2325,828,778,69,2,118.94,237.88,processing,2024-11-17 20:40:33
2326,467,1800,113,4,85.92,343.68,shipped,2024-07-06 21:06:00
2327,740,1447,74,2,138.44,276.88,pending,2024-07-06 09:47:39
2328,926,575,189,2,64.72,129.44,shipped,2024-11-27 07:14:18
2329,445,758,129,4,123.38,493.52,processing,2024-07-08 23:53:29
2330,312,299,116,1,83.27,83.27,shipped,2024-05-20 01:15:29
2331,217,407,137,1,159.59,159.59,processing,2025-01-06 00:14:55
2332,999,1813,163,4,148.28,593.12,processing,2025-02-23 14:31:36
2333,449,239,161,4,128.60,514.40,delivered,2024-10-01 13:55:29
2334,910,1032,121,4,178.32,713.28,delivered,2025-02-08 13:24:22
2335,445,401,148,3,80.41,241.23,pending,2024-10-29 20:06:45
2336,816,1021,195,2,197.75,395.50,processing,2025-02-19 03:47:00
2337,134,1366,89,2,13.53,27.06,processing,2024-05-20 08:38:51
2338,772,1194,89,3,19.81,59.43,processing,2024-08-30 13:44:42
2339,638,112,96,5,34.09,170.45,shipped,2024-05-01 14:47:37
2340,917,326,13,2,137.40,274.80,cancelled,2024-09-20 15:27:28
2341,298,1512,182,1,176.90,176.90,pending,2024-05-25 04:09:05
2342,413,10,135,4,140.66,562.64,pending,2024-07-16 07:59:32
2343,731,919,79,1,184.02,184.02,pending,2024-10-20 12:21:39
2344,583,263,169,3,111.52,334.56,pending,2024-11-10 11:35:14
2345,216,1577,10,1,143.16,143.16,cancelled,2025-02-06 01:25:51
2346,492,919,79,5,199.04,995.20,delivered,2024-08-16 10:55:51
2347,125,68,65,1,43.83,43.83,pending,2024-05-24 05:45:09
2348,738,636,105,2,163.06,326.12,processing,2024-11-01 20:58:08
2349,112,208,11,4,185.46,741.84,shipped,2024-11-10 02:35:36
2350,833,1204,66,1,16.01,16.01,processing,2024-09-28 01:46:41
2351,657,1137,84,3,139.91,419.73,pending,2025-01-17 21:49:45
2352,757,827,192,2,73.50,147.00,shipped,2024-08-04 10:26:30
2353,343,1204,66,5,151.48,757.40,pending,2024-11-20 19:04:31
2354,660,500,136,4,40.72,162.88,pending,2024-06-24 09:03:20
2355,729,1799,44,5,92.83,464.15,delivered,2024-06-19 03:50:47
2356,323,1603,23,2,198.05,396.10,cancelled,2025-02-24 06:47:15
2357,675,727,155,4,177.47,709.88,shipped,2024-05-27 16:08:33
2358,320,1548,70,1,14.42,14.42,processing,2024-10-27 05:29:13
2359,379,1753,61,3,179.07,537.21,pending,2024-11-22 17:56:34
2360,585,900,106,1,74.66,74.66,processing,2024-06-16 20:08:52
2361,737,1864,169,3,11.79,35.37,processing,2024-10-11 19:40:58
2362,193,304,20,5,82.98,414.90,shipped,2024-06-20 20:36:32
2363,435,1123,164,5,23.30,116.50,cancelled,2025-01-06 14:13:58
2364,256,639,131,4,45.07,180.28,shipped,2025-02-05 22:41:17
2365,336,1585,62,1,73.89,73.89,cancelled,2024-10-29 12:20:49
2366,373,534,12,3,159.40,478.20,cancelled,2024-12-03 14:05:21
2367,763,545,150,2,68.58,137.16,cancelled,2024-11-27 12:53:47
2368,357,458,161,3,96.13,288.39,cancelled,2024-12-17 05:54:31
2369,912,1783,182,3,139.81,419.43,cancelled,2025-01-11 01:18:16
2370,832,683,85,4,10.07,40.28,shipped,2024-09-29 00:11:21
2371,55,972,4,1,100.49,100.49,cancelled,2024-12-15 21:52:27
2372,383,378,194,4,33.42,133.68,cancelled,2024-05-13 17:12:29
2373,115,1715,116,2,73.94,147.88,processing,2025-02-09 12:43:38
2374,121,868,54,2,79.16,158.32,shipped,2025-03-24 01:34:27
2375,496,1924,144,1,149.80,149.80,cancelled,2024-08-30 03:52:27
2376,468,99,93,3,8.71,26.13,shipped,2025-03-30 10:07:09
2377,215,33,158,3,15.21,45.63,processing,2024-09-25 12:07:12
2378,206,372,168,5,193.80,969.00,cancelled,2024-08-17 00:13:39
2379,288,655,76,5,118.37,591.85,delivered,2025-03-03 08:37:59
2380,995,1612,192,4,29.01,116.04,processing,2024-07-05 15:47:12
2381,630,512,177,4,22.66,90.64,processing,2024-10-23 19:21:56
2382,230,984,152,2,152.63,305.26,processing,2025-03-25 10:44:34
2383,725,21,147,4,137.61,550.44,shipped,2024-12-18 09:20:50
2384,955,1371,116,4,25.81,103.24,shipped,2024-09-20 00:14:28
2385,23,1653,197,5,175.69,878.45,pending,2024-05-20 04:46:00
2386,231,1325,137,5,113.70,568.50,delivered,2024-12-22 10:48:02
2387,782,1879,53,3,156.08,468.24,pending,2025-04-27 14:12:08
2388,800,1510,62,1,143.60,143.60,delivered,2024-08-28 07:41:46
2389,241,1003,180,4,11.10,44.40,processing,2024-12-30 00:27:20
2390,588,1045,56,5,92.29,461.45,cancelled,2024-05-05 03:43:46
2391,495,663,71,1,59.00,59.00,processing,2025-01-25 05:31:34
2392,95,461,37,3,44.58,133.74,delivered,2024-10-14 21:36:11
2393,774,1877,57,5,126.40,632.00,delivered,2025-04-06 23:58:57
2394,405,691,194,5,110.00,550.00,cancelled,2025-01-25 21:48:40
2395,720,1637,74,1,168.47,168.47,pending,2025-01-21 22:22:21
2396,320,1656,132,4,33.14,132.56,pending,2025-03-06 20:22:16
2397,322,1899,144,5,116.40,582.00,shipped,2025-04-30 02:49:31
2398,842,307,147,4,110.49,441.96,cancelled,2024-05-22 07:24:17
2399,322,325,7,3,10.14,30.42,processing,2025-01-31 04:38:12
2400,501,772,196,4,93.72,374.88,pending,2024-11-11 01:44:35
2401,236,1487,123,2,11.87,23.74,cancelled,2025-01-13 07:15:25
2402,304,987,1,1,181.38,181.38,delivered,2024-09-20 12:54:48
2403,295,914,5,4,169.97,679.88,processing,2024-05-10 17:26:03
2404,127,993,148,5,193.48,967.40,shipped,2024-09-19 07:28:20
2405,358,1424,192,5,145.14,725.70,pending,2024-12-21 22:16:42
2406,832,1151,193,2,51.87,103.74,processing,2024-12-10 14:45:22
2407,817,342,114,4,42.67,170.68,shipped,2024-09-23 21:49:32
2408,146,734,191,5,194.89,974.45,delivered,2024-05-10 14:57:30
2409,499,1139,34,2,51.73,103.46,delivered,2024-05-24 11:59:40
2410,557,432,14,1,114.88,114.88,pending,2024-09-17 13:28:11
2411,900,1188,127,1,59.07,59.07,processing,2024-05-18 01:48:23
2412,971,393,81,1,179.90,179.90,shipped,2025-03-23 06:25:31
2413,88,341,63,5,49.44,247.20,shipped,2024-07-13 08:49:57
2414,443,1670,74,5,111.89,559.45,shipped,2025-01-29 17:14:55
2415,805,1390,162,4,93.50,374.00,processing,2024-07-11 02:20:47
2416,351,37,187,3,47.64,142.92,shipped,2025-03-14 20:54:01
2417,234,1962,96,3,121.76,365.28,shipped,2025-01-05 08:36:09
2418,194,969,184,3,91.06,273.18,processing,2024-10-21 03:46:24
2419,936,395,119,4,45.17,180.68,pending,2024-08-06 15:54:04
2420,696,1605,108,5,137.25,686.25,processing,2024-11-21 21:35:31
2421,23,278,156,2,59.70,119.40,processing,2024-12-10 12:45:32
2422,644,68,9,1,152.78,152.78,cancelled,2025-02-11 23:56:44
2423,364,1861,60,2,18.18,36.36,processing,2024-06-06 03:34:46
2424,45,583,166,4,185.63,742.52,shipped,2024-05-24 04:08:07
2425,80,614,159,2,187.30,374.60,pending,2025-04-22 11:13:15
2426,752,1955,55,2,95.65,191.30,processing,2024-10-25 23:14:40
2427,106,1533,180,3,163.61,490.83,shipped,2024-06-04 14:40:10
2428,991,710,185,1,72.53,72.53,shipped,2024-06-11 20:12:36
2429,589,1443,119,1,128.70,128.70,cancelled,2025-02-05 06:22:45
2430,512,333,1,2,148.66,297.32,cancelled,2024-07-15 08:29:08
2431,149,1732,190,1,173.43,173.43,cancelled,2024-08-28 04:42:30
2432,783,362,105,1,145.17,145.17,cancelled,2024-07-13 22:45:16
2433,773,333,1,5,157.59,787.95,delivered,2025-03-26 20:32:40
2434,19,1760,7,1,5.23,5.23,pending,2024-06-09 23:23:10
2435,483,728,39,5,196.98,984.90,shipped,2024-08-26 00:12:00
2436,716,1611,82,1,16.42,16.42,processing,2024-05-10 20:16:04
2437,230,1857,108,4,73.64,294.56,processing,2024-05-20 05:56:46
2438,104,1398,139,4,24.87,99.48,pending,2024-09-30 12:36:48
2439,926,1366,89,5,173.86,869.30,pending,2025-03-28 19:55:12
2440,536,1498,156,2,95.13,190.26,shipped,2024-11-14 10:50:31
2441,942,203,55,2,51.36,102.72,cancelled,2024-06-13 08:55:29
2442,189,1557,87,2,126.88,253.76,pending,2024-07-13 13:49:22
2443,423,617,74,1,37.39,37.39,delivered,2024-08-09 04:58:27
2444,583,1439,78,4,82.26,329.04,pending,2024-11-04 04:25:24
2445,243,1802,194,2,38.89,77.78,pending,2025-01-09 05:44:13
2446,675,234,172,3,76.34,229.02,pending,2024-05-27 15:43:50
2447,914,1671,126,5,187.11,935.55,processing,2024-12-16 06:48:49
2448,860,267,51,4,68.68,274.72,processing,2024-08-14 03:46:51
2449,16,1281,75,3,115.14,345.42,pending,2024-10-27 16:32:24
2450,94,60,197,5,136.26,681.30,cancelled,2025-01-17 04:22:14
2451,350,99,98,2,73.33,146.66,processing,2024-06-02 01:13:24
2452,819,1216,131,4,117.94,471.76,pending,2024-10-12 10:36:13
2453,515,1770,87,5,87.20,436.00,pending,2024-05-12 09:27:29
2454,694,1914,198,1,73.96,73.96,delivered,2024-09-03 02:15:17
2455,428,177,68,1,121.15,121.15,delivered,2025-04-24 08:20:56
2456,457,206,89,3,18.15,54.45,shipped,2024-08-07 04:18:07
2457,669,1490,36,5,72.75,363.75,cancelled,2024-10-05 15:34:32
2458,291,403,72,5,178.48,892.40,delivered,2024-06-30 01:54:02
2459,589,161,94,2,184.95,369.90,cancelled,2024-12-31 11:22:03
2460,362,1519,103,3,56.54,169.62,shipped,2024-07-29 12:16:06
2461,987,1403,173,4,87.75,351.00,processing,2024-09-30 02:39:34
2462,102,704,190,3,194.22,582.66,cancelled,2024-12-20 19:45:06
2463,693,22,188,4,83.55,334.20,cancelled,2024-06-17 22:55:46
2464,960,343,115,1,100.69,100.69,processing,2024-06-16 19:42:21
2465,534,1244,6,3,68.20,204.60,pending,2024-10-31 06:44:35
2466,244,701,162,5,132.18,660.90,shipped,2024-10-30 08:03:21
2467,62,1590,12,3,137.45,412.35,pending,2024-10-25 20:52:33
2468,680,1234,50,1,149.92,149.92,shipped,2024-11-22 01:03:28
2469,496,776,179,2,18.14,36.28,cancelled,2024-10-29 17:54:20
2470,639,979,52,1,137.64,137.64,processing,2025-02-02 23:33:03
2471,420,1881,9,1,187.64,187.64,shipped,2025-04-03 00:59:12
2472,306,458,161,4,53.69,214.76,delivered,2024-06-29 03:09:15
2473,390,1241,29,4,125.91,503.64,shipped,2024-05-30 05:37:17
2474,343,1250,84,4,131.69,526.76,processing,2024-11-21 17:55:27
2475,325,1145,110,4,140.46,561.84,pending,2025-04-20 22:24:40
2476,287,1657,173,2,26.57,53.14,cancelled,2024-09-03 14:24:07
2477,440,25,179,1,38.67,38.67,cancelled,2024-08-29 11:52:38
2478,244,1311,189,4,142.31,569.24,processing,2025-02-14 03:16:18
2479,930,750,166,1,102.93,102.93,pending,2025-04-13 10:44:38
2480,492,1920,169,5,32.66,163.30,delivered,2024-08-16 20:23:22
2481,646,912,198,4,47.15,188.60,cancelled,2024-09-25 15:57:33
2482,446,1857,65,3,141.60,424.80,shipped,2024-08-28 19:16:25
2483,344,494,31,3,82.62,247.86,shipped,2024-09-18 12:29:11
2484,45,371,54,4,70.16,280.64,pending,2024-06-10 00:31:22
2485,319,814,162,3,49.49,148.47,processing,2024-12-09 13:27:04
2486,957,1510,152,3,83.32,249.96,processing,2024-12-11 01:25:53
2487,603,1775,117,5,156.79,783.95,pending,2024-07-30 14:25:20
2488,251,1590,170,2,65.11,130.22,delivered,2024-06-28 00:06:49
2489,710,725,8,4,106.77,427.08,shipped,2024-08-11 17:00:55
2490,447,764,165,3,126.69,380.07,shipped,2025-01-09 20:29:58
2491,680,1587,119,5,112.41,562.05,processing,2025-03-07 08:13:07
2492,961,819,194,1,96.68,96.68,cancelled,2025-04-09 11:27:10
2493,394,209,61,5,141.21,706.05,delivered,2025-03-30 21:58:40
2494,716,1931,194,3,185.46,556.38,pending,2024-09-25 02:51:39
2495,79,1211,62,2,31.05,62.10,shipped,2024-05-01 05:01:01
2496,52,39,149,5,58.33,291.65,processing,2025-04-22 11:51:40
2497,85,421,38,3,104.33,312.99,cancelled,2024-08-29 23:41:00
2498,262,1294,158,2,102.33,204.66,shipped,2024-05-21 11:25:36
2499,899,958,29,3,45.34,136.02,cancelled,2024-05-17 11:49:06
2500,866,531,75,2,192.66,385.32,delivered,2024-07-08 14:19:49
2501,816,1734,174,5,85.31,426.55,shipped,2024-05-12 20:08:04
2502,174,246,138,4,140.70,562.80,processing,2024-05-03 17:00:55
2503,969,571,119,3,132.78,398.34,shipped,2025-03-25 05:14:40
2504,289,1582,21,2,164.52,329.04,pending,2025-02-27 12:05:34
2505,303,1680,195,4,78.14,312.56,cancelled,2025-04-11 20:26:35
2506,190,162,109,5,11.21,56.05,processing,2024-08-08 19:07:49
2507,482,1638,71,1,153.26,153.26,cancelled,2025-01-03 06:47:44
2508,436,983,186,1,11.46,11.46,pending,2024-07-25 16:01:45
2509,646,917,53,1,136.29,136.29,cancelled,2025-02-09 07:57:00
2510,813,529,122,4,184.72,738.88,processing,2024-05-22 15:19:30
2511,189,1990,43,3,172.31,516.93,pending,2025-03-25 23:07:47
2512,750,38,196,5,91.37,456.85,processing,2024-07-12 06:09:11
2513,935,666,71,4,20.00,80.00,shipped,2024-07-13 01:01:12
2514,420,195,105,5,170.17,850.85,shipped,2024-05-04 21:04:23
2515,688,1144,197,5,88.00,440.00,delivered,2024-11-13 21:18:44
2516,376,1354,76,3,38.59,115.77,cancelled,2024-09-11 04:17:49
2517,740,756,84,5,20.26,101.30,shipped,2024-10-03 04:20:59
2518,315,727,155,4,70.91,283.64,shipped,2024-10-31 21:38:50
2519,181,1615,15,4,103.09,412.36,cancelled,2024-12-10 18:43:34
2520,563,1590,170,3,119.53,358.59,pending,2024-10-23 15:24:56
2521,499,887,123,1,26.82,26.82,delivered,2024-10-11 17:16:27
2522,128,1853,140,1,194.58,194.58,shipped,2024-08-18 14:55:39
2523,628,1172,60,1,159.22,159.22,shipped,2024-06-04 21:58:47
2524,337,118,28,1,83.66,83.66,processing,2024-09-24 19:57:37
2525,573,1437,189,5,78.71,393.55,cancelled,2025-02-18 13:55:00
2526,813,1322,72,3,108.39,325.17,processing,2025-02-13 14:39:19
2527,785,422,34,1,181.83,181.83,delivered,2024-11-14 23:53:43
2528,661,1463,147,2,36.96,73.92,cancelled,2024-09-17 18:07:32
2529,638,692,173,5,191.60,958.00,shipped,2024-12-01 13:56:55
2530,693,1951,136,4,88.76,355.04,cancelled,2024-08-11 15:03:15
2531,358,314,39,3,35.49,106.47,pending,2024-06-08 00:23:12
2532,949,950,178,4,51.58,206.32,processing,2024-11-29 11:47:15
2533,12,649,53,4,29.65,118.60,delivered,2024-10-17 14:23:25
2534,722,1927,177,3,81.15,243.45,processing,2024-10-01 00:57:38
2535,49,1437,189,1,97.57,97.57,shipped,2025-02-28 20:12:44
2536,787,554,107,2,80.77,161.54,shipped,2024-09-14 10:46:24
2537,820,165,75,4,127.66,510.64,processing,2025-03-16 00:46:28
2538,786,1481,21,2,70.45,140.90,processing,2025-01-23 04:18:20
2539,504,1949,196,1,5.10,5.10,cancelled,2024-12-17 06:21:42
2540,867,1173,70,2,16.79,33.58,cancelled,2025-02-08 06:38:15
2541,761,1024,61,5,16.80,84.00,pending,2024-06-16 20:48:43
2542,717,424,166,1,170.92,170.92,pending,2024-10-18 15:48:53
2543,866,930,184,1,151.08,151.08,delivered,2025-03-11 10:07:28
2544,630,1530,189,1,50.10,50.10,processing,2024-07-03 09:45:53
2545,799,1981,57,5,196.05,980.25,processing,2024-06-13 04:20:17
2546,889,1673,186,4,49.85,199.40,delivered,2025-02-10 07:13:40
2547,905,1761,130,1,95.74,95.74,cancelled,2025-01-07 20:08:26
2548,100,1132,34,4,158.50,634.00,delivered,2024-10-08 00:00:50
2549,524,773,101,4,195.66,782.64,cancelled,2025-03-08 21:21:27
2550,854,365,145,1,16.23,16.23,shipped,2024-12-16 20:40:01
2551,718,755,106,2,176.60,353.20,pending,2025-01-01 21:16:18
2552,313,378,194,3,85.72,257.16,processing,2025-02-12 17:12:57
2553,441,250,154,2,10.25,20.50,processing,2025-02-16 18:42:32
2554,401,979,41,2,43.93,87.86,shipped,2024-05-17 05:46:50
2555,370,1883,104,4,171.68,686.72,cancelled,2025-03-09 23:50:22
2556,567,1518,33,4,44.09,176.36,shipped,2024-12-11 18:34:00
2557,783,371,54,5,169.61,848.05,cancelled,2024-09-23 02:46:24
2558,236,412,104,3,89.81,269.43,cancelled,2024-10-10 09:51:06
2559,660,300,106,5,35.08,175.40,processing,2024-05-07 18:22:19
2560,6,327,53,4,152.40,609.60,delivered,2024-10-28 09:50:46
2561,520,1012,105,2,73.56,147.12,delivered,2025-01-30 10:29:37
2562,26,1362,27,4,199.40,797.60,processing,2025-01-08 20:52:55
2563,939,1747,161,3,143.94,431.82,shipped,2025-04-25 15:34:36
2564,694,691,142,4,167.96,671.84,delivered,2024-12-10 09:10:35
2565,114,981,40,4,120.52,482.08,cancelled,2024-09-16 22:18:35
2566,487,876,185,5,116.32,581.60,cancelled,2025-02-03 10:18:28
2567,968,1805,125,4,9.23,36.92,cancelled,2025-02-03 04:02:04
2568,797,1360,76,2,193.98,387.96,pending,2025-03-09 23:52:39
2569,349,1684,81,3,153.28,459.84,delivered,2024-07-06 11:04:13
2570,20,1186,190,3,20.48,61.44,delivered,2025-04-12 19:20:22
2571,315,1831,110,4,27.90,111.60,processing,2024-08-15 18:49:25
2572,182,1187,164,3,161.86,485.58,processing,2025-01-28 07:43:20
2573,901,922,136,4,116.02,464.08,cancelled,2024-12-26 06:13:12
2574,733,1650,83,4,35.86,143.44,shipped,2025-03-24 16:29:23
2575,560,447,121,2,55.57,111.14,pending,2024-07-05 03:59:47
2576,925,1631,186,4,89.49,357.96,shipped,2024-09-20 21:53:25
2577,954,1605,158,3,9.21,27.63,delivered,2024-11-06 20:09:51
2578,662,1627,51,4,128.45,513.80,delivered,2024-11-08 22:58:02
2579,694,1351,154,3,114.49,343.47,delivered,2024-09-27 15:12:12
2580,645,1628,197,2,80.96,161.92,delivered,2024-07-10 23:50:16
2581,657,519,185,4,76.75,307.00,shipped,2024-11-07 10:07:01
2582,190,1846,54,1,85.95,85.95,shipped,2024-11-22 16:00:23
2583,249,503,31,4,24.82,99.28,delivered,2024-10-12 13:19:00
2584,800,358,100,3,81.40,244.20,delivered,2024-07-22 23:00:16
2585,208,1895,121,3,74.62,223.86,cancelled,2024-05-25 22:03:45
2586,433,1326,23,5,90.52,452.60,cancelled,2024-10-26 10:08:39
2587,606,1793,184,1,187.73,187.73,cancelled,2024-07-03 22:58:02
2588,18,38,99,3,182.04,546.12,cancelled,2024-10-09 14:45:05
2589,581,1164,169,2,32.85,65.70,delivered,2024-09-22 09:36:34
2590,444,947,134,2,156.19,312.38,processing,2024-05-23 16:53:27
2591,794,1627,51,5,170.61,853.05,delivered,2024-07-23 08:50:39
2592,994,1489,125,1,103.87,103.87,processing,2025-01-29 09:15:48
2593,452,276,149,4,134.86,539.44,cancelled,2025-04-05 02:58:47
2594,120,935,41,5,27.26,136.30,pending,2025-02-17 20:35:57
2595,849,690,101,5,41.22,206.10,pending,2025-01-03 23:16:14
2596,437,1981,57,4,26.55,106.20,cancelled,2024-08-30 07:22:23
2597,5,1499,54,1,60.78,60.78,pending,2025-03-01 12:49:59
2598,130,1139,34,4,47.15,188.60,cancelled,2024-08-16 01:57:56
2599,411,1205,139,1,103.00,103.00,pending,2024-11-17 18:43:06
2600,935,1998,85,5,168.82,844.10,pending,2025-01-03 19:54:08
2601,754,366,184,2,15.93,31.86,delivered,2024-06-22 14:32:04
2602,714,75,126,5,174.06,870.30,shipped,2024-09-09 10:11:04
2603,48,1623,18,5,180.05,900.25,cancelled,2024-12-23 13:20:00
2604,903,283,85,2,123.79,247.58,pending,2025-02-03 21:52:40
2605,26,761,40,2,11.26,22.52,shipped,2024-05-18 20:07:28
2606,701,416,152,3,140.47,421.41,pending,2024-05-26 00:32:33
2607,989,1192,39,4,161.12,644.48,processing,2025-02-28 02:45:53
2608,435,377,143,4,122.08,488.32,cancelled,2024-10-08 04:31:26
2609,647,825,3,1,84.83,84.83,processing,2024-05-04 03:38:50
2610,866,1175,17,3,126.47,379.41,delivered,2024-07-14 18:01:03
2611,180,1655,79,1,25.39,25.39,shipped,2024-07-01 22:10:12
2612,987,1400,123,5,60.75,303.75,processing,2025-03-19 23:30:05
2613,365,969,9,4,178.47,713.88,pending,2024-05-21 06:03:55
2614,734,152,115,5,74.74,373.70,cancelled,2024-10-04 12:54:28
2615,590,1659,13,4,36.86,147.44,pending,2025-02-10 06:58:20
2616,76,1202,135,5,30.51,152.55,cancelled,2024-05-14 21:37:45
2617,576,1489,125,1,43.12,43.12,cancelled,2024-07-15 08:39:53
2618,292,1956,173,3,24.27,72.81,delivered,2025-04-26 17:37:27
2619,969,1163,4,2,6.82,13.64,pending,2025-01-17 01:16:21
2620,788,308,146,5,20.78,103.90,cancelled,2024-11-23 01:31:30
2621,779,313,114,3,154.57,463.71,processing,2024-12-10 15:01:43
2622,859,192,52,2,115.40,230.80,cancelled,2025-04-13 01:53:31
2623,699,675,1,1,116.62,116.62,pending,2024-05-01 10:21:24
2624,918,1520,164,4,111.81,447.24,delivered,2025-03-27 08:06:52
2625,804,942,80,2,68.88,137.76,delivered,2024-07-30 21:29:43
2626,128,393,81,5,137.28,686.40,pending,2024-10-26 11:24:57
2627,642,774,11,2,46.29,92.58,processing,2025-03-16 21:02:05
2628,888,711,23,4,137.93,551.72,processing,2024-10-30 02:55:52
2629,330,212,82,3,120.70,362.10,shipped,2024-09-11 06:48:18
2630,279,553,195,3,100.72,302.16,pending,2024-11-02 08:51:56
2631,576,467,51,1,109.84,109.84,cancelled,2025-01-26 20:24:17
2632,868,1531,104,4,188.50,754.00,delivered,2025-04-13 08:38:35
2633,512,730,189,5,143.41,717.05,cancelled,2024-11-18 02:26:13
2634,643,1269,194,4,101.45,405.80,shipped,2024-12-30 09:28:39
2635,635,1487,123,5,103.57,517.85,delivered,2024-07-27 15:04:35
2636,206,1153,64,2,71.40,142.80,cancelled,2024-05-18 06:23:56
2637,968,1005,6,5,18.93,94.65,cancelled,2024-06-07 09:59:57
2638,861,177,181,1,144.67,144.67,cancelled,2025-01-26 23:09:00
2639,354,1857,65,5,73.23,366.15,cancelled,2025-01-02 18:01:24
2640,836,445,38,4,191.37,765.48,shipped,2025-02-16 19:01:47
2641,517,1764,181,2,166.81,333.62,delivered,2024-06-22 07:48:14
2642,445,33,158,3,133.98,401.94,processing,2024-05-20 01:21:40
2643,86,1990,133,3,114.67,344.01,processing,2025-04-07 05:51:27
2644,87,372,168,4,177.79,711.16,processing,2025-02-28 20:09:07
2645,172,625,144,5,183.46,917.30,delivered,2025-01-08 11:38:18
2646,66,973,71,2,175.39,350.78,pending,2024-05-21 14:22:45
2647,244,1882,51,5,134.60,673.00,shipped,2024-09-01 09:33:44
2648,230,1286,131,4,94.00,376.00,shipped,2025-03-09 17:32:33
2649,821,1057,68,4,92.21,368.84,shipped,2024-08-30 10:11:50
2650,761,476,181,2,11.03,22.06,pending,2024-06-22 07:18:33
2651,257,1869,68,4,112.65,450.60,processing,2025-03-21 03:12:17
2652,334,181,175,1,80.16,80.16,pending,2024-08-17 00:18:05
2653,904,1951,136,5,130.52,652.60,delivered,2025-03-28 21:27:57
2654,97,1412,155,3,197.57,592.71,cancelled,2024-05-08 10:08:19
2655,567,865,123,3,7.07,21.21,pending,2025-04-06 15:06:37
2656,652,1263,25,3,125.05,375.15,shipped,2024-08-23 15:45:32
2657,949,468,89,3,61.82,185.46,pending,2024-11-26 22:43:00
2658,273,1287,56,2,58.44,116.88,shipped,2024-06-09 00:09:24
2659,39,1436,71,3,32.74,98.22,shipped,2025-02-20 03:47:28
2660,573,868,54,2,9.99,19.98,cancelled,2025-04-25 18:29:48
2661,428,902,158,3,9.31,27.93,delivered,2024-08-13 12:07:18
2662,913,1927,177,1,42.14,42.14,delivered,2024-08-04 02:36:12
2663,103,1808,88,4,94.26,377.04,shipped,2024-07-25 00:02:41
2664,623,964,10,2,111.32,222.64,processing,2025-01-16 19:23:53
2665,674,307,147,5,170.15,850.75,cancelled,2024-10-28 00:25:09
2666,111,242,32,3,112.73,338.19,pending,2024-08-06 17:42:29
2667,923,567,146,1,101.53,101.53,cancelled,2024-09-21 19:34:05
2668,890,1437,176,4,155.43,621.72,processing,2025-04-26 20:03:27
2669,827,983,186,1,95.83,95.83,pending,2025-03-26 04:59:49
2670,502,3,47,1,149.17,149.17,delivered,2024-05-31 05:57:40
2671,140,775,130,5,19.29,96.45,processing,2024-09-16 07:22:50
2672,355,990,167,3,152.90,458.70,delivered,2024-09-23 03:02:50
2673,576,1080,35,1,101.84,101.84,cancelled,2024-10-09 14:18:36
2674,720,1256,189,4,150.74,602.96,shipped,2024-08-05 00:16:05
2675,58,1827,100,2,51.86,103.72,cancelled,2024-09-30 19:35:45
2676,998,905,133,3,54.65,163.95,cancelled,2024-09-22 05:20:50
2677,135,739,24,3,50.06,150.18,cancelled,2024-12-29 09:00:17
2678,294,1085,66,4,41.46,165.84,delivered,2024-08-22 14:32:30
2679,849,1913,16,3,36.34,109.02,processing,2025-03-28 11:00:48
2680,298,1772,135,2,37.51,75.02,pending,2025-02-03 11:01:18
2681,481,496,181,4,182.33,729.32,shipped,2024-06-07 13:45:38
2682,82,1598,27,3,80.41,241.23,processing,2024-08-27 07:02:31
2683,37,1099,192,1,51.63,51.63,processing,2024-05-07 14:44:01
2684,349,1673,186,3,104.01,312.03,delivered,2024-06-04 05:37:54
2685,120,141,7,5,75.56,377.80,shipped,2025-02-13 20:54:21
2686,599,1572,121,5,74.16,370.80,cancelled,2024-06-02 03:33:06
2687,343,1207,134,1,173.95,173.95,pending,2024-10-30 05:58:57
2688,490,687,64,4,38.56,154.24,processing,2024-11-14 07:35:34
2689,858,1981,125,3,117.87,353.61,pending,2024-09-24 13:33:53
2690,176,306,186,3,103.16,309.48,shipped,2025-02-19 17:06:37
2691,140,1509,54,4,19.44,77.76,pending,2025-03-06 22:16:23
2692,515,287,16,5,140.94,704.70,processing,2025-04-10 03:18:22
2693,290,757,25,3,23.93,71.79,processing,2024-07-12 01:34:23
2694,463,1503,159,1,157.16,157.16,processing,2024-11-26 11:00:13
2695,138,979,52,2,188.44,376.88,shipped,2025-01-13 01:38:22
2696,693,1004,123,5,178.16,890.80,cancelled,2025-01-05 13:02:57
2697,640,1046,158,1,117.21,117.21,delivered,2024-10-12 10:23:51
2698,243,1087,58,2,190.99,381.98,pending,2025-03-31 07:30:50
2699,87,577,64,5,188.37,941.85,shipped,2024-06-17 11:39:55
2700,244,1854,76,4,145.13,580.52,processing,2024-06-01 23:00:45
2701,128,1718,123,4,172.76,691.04,processing,2025-03-13 11:15:08
2702,914,1447,88,1,48.04,48.04,pending,2024-08-26 23:28:07
2703,79,713,184,5,26.90,134.50,pending,2025-02-17 12:17:28
2704,659,799,162,3,79.20,237.60,pending,2025-01-17 16:34:34
2705,123,553,171,3,66.24,198.72,processing,2024-07-25 08:22:40
2706,779,1177,30,4,199.62,798.48,pending,2024-12-31 16:36:53
2707,736,513,174,5,151.45,757.25,delivered,2024-12-29 05:36:58
2708,860,23,59,3,106.12,318.36,processing,2024-12-09 13:31:30
2709,344,784,36,4,88.44,353.76,pending,2025-02-15 00:29:48
2710,310,1285,38,5,166.61,833.05,processing,2024-07-23 19:44:12
2711,813,313,114,5,90.44,452.20,shipped,2024-11-13 21:40:33
2712,657,670,196,2,57.04,114.08,processing,2024-12-27 00:34:46
2713,500,548,194,2,62.72,125.44,delivered,2024-11-15 01:28:55
2714,614,583,166,3,138.27,414.81,cancelled,2025-02-03 06:15:29
2715,765,549,28,5,9.15,45.75,processing,2024-12-30 23:28:29
2716,153,172,200,2,113.68,227.36,pending,2024-08-03 01:13:48
2717,610,1171,121,5,21.13,105.65,cancelled,2024-12-30 14:42:16
2718,163,1929,125,3,146.49,439.47,pending,2024-09-26 07:20:46
2719,69,662,111,1,193.93,193.93,delivered,2024-09-17 15:30:52
2720,245,1928,109,4,199.30,797.20,cancelled,2024-09-25 17:50:35
2721,567,1465,70,5,171.24,856.20,shipped,2025-03-25 23:07:46
2722,352,1413,47,3,106.37,319.11,cancelled,2025-01-27 21:10:45
2723,681,1363,21,2,22.18,44.36,cancelled,2024-12-28 08:26:10
2724,468,230,190,5,35.81,179.05,shipped,2025-01-23 19:50:18
2725,815,1733,148,1,153.98,153.98,cancelled,2024-07-01 12:23:44
2726,494,666,71,2,127.26,254.52,cancelled,2024-10-22 10:40:51
2727,818,1038,149,3,69.70,209.10,pending,2024-11-22 02:05:52
2728,777,278,156,5,136.71,683.55,processing,2025-02-03 18:19:24
2729,590,14,37,5,153.61,768.05,shipped,2025-03-18 10:16:26
2730,313,175,40,4,14.84,59.36,pending,2024-06-19 14:47:14
2731,736,1413,47,4,99.46,397.84,delivered,2025-03-22 10:19:16
2732,578,298,187,5,134.52,672.60,delivered,2024-06-30 18:13:10
2733,135,1049,49,4,112.75,451.00,cancelled,2025-02-06 05:57:13
2734,483,286,88,3,142.10,426.30,processing,2025-03-12 15:15:10
2735,783,1564,113,4,181.37,725.48,cancelled,2024-05-14 02:40:05
2736,166,436,75,5,47.45,237.25,shipped,2025-02-05 00:30:50
2737,363,1760,7,1,136.58,136.58,shipped,2024-10-11 07:41:59
2738,827,1659,13,2,11.28,22.56,pending,2024-08-21 08:51:39
2739,670,1376,139,5,165.33,826.65,processing,2024-12-21 20:51:57
2740,502,484,143,4,67.24,268.96,delivered,2024-08-22 21:18:12
2741,887,214,128,1,95.04,95.04,cancelled,2025-04-12 16:15:17
2742,834,1521,81,2,78.64,157.28,pending,2025-02-07 20:32:12
2743,812,1824,174,2,77.99,155.98,shipped,2024-09-12 00:55:59
2744,699,1653,197,3,15.79,47.37,pending,2025-04-13 18:40:42
2745,790,1478,30,5,163.01,815.05,processing,2024-12-08 04:11:59
2746,58,425,92,2,38.39,76.78,cancelled,2025-02-17 09:14:04
2747,956,373,191,4,124.49,497.96,processing,2025-02-23 16:00:04
2748,54,1923,130,2,154.39,308.78,processing,2025-01-21 19:59:02
2749,744,1051,8,2,25.05,50.10,pending,2025-02-16 18:10:14
2750,210,68,190,3,21.49,64.47,cancelled,2024-07-20 15:16:13
2751,877,1256,189,3,163.42,490.26,pending,2025-04-20 07:05:51
2752,248,299,116,1,22.02,22.02,processing,2024-11-11 12:12:04
2753,630,513,6,4,176.04,704.16,shipped,2025-02-08 12:30:38
2754,54,952,172,2,182.00,364.00,shipped,2024-09-04 12:31:33
2755,481,1922,44,1,121.60,121.60,shipped,2025-04-14 10:22:29
2756,168,234,172,5,88.64,443.20,pending,2024-12-31 20:34:25
2757,226,1791,109,1,186.75,186.75,processing,2024-07-14 16:51:15
2758,17,482,16,3,116.40,349.20,delivered,2024-05-08 01:04:05
2759,37,1293,178,1,35.65,35.65,processing,2024-05-22 01:42:58
2760,621,530,137,4,87.08,348.32,pending,2024-10-01 08:45:33
2761,439,1856,125,2,183.80,367.60,processing,2024-06-22 10:11:54
2762,671,1132,34,4,91.75,367.00,pending,2024-05-02 03:49:58
2763,332,218,103,1,162.52,162.52,shipped,2025-04-21 17:34:54
2764,15,478,2,3,28.34,85.02,cancelled,2024-10-26 07:08:58
2765,939,549,79,3,48.92,146.76,shipped,2024-12-13 01:05:03
2766,238,805,96,4,112.52,450.08,delivered,2024-08-25 04:33:09
2767,47,300,36,1,60.76,60.76,processing,2024-12-17 18:19:40
2768,900,368,117,4,101.28,405.12,pending,2025-02-13 00:31:50
2769,735,1706,29,1,160.79,160.79,cancelled,2025-04-30 15:03:09
2770,119,1948,172,2,45.43,90.86,processing,2024-11-08 21:38:08
2771,638,1489,125,5,50.41,252.05,pending,2024-10-11 22:29:12
2772,206,1028,106,1,90.39,90.39,cancelled,2025-03-10 14:38:22
2773,543,1381,185,5,158.71,793.55,delivered,2024-09-11 09:17:33
2774,70,1760,7,4,73.45,293.80,shipped,2024-10-04 14:44:42
2775,621,1893,200,1,125.97,125.97,shipped,2025-04-28 00:29:32
2776,618,619,143,5,43.82,219.10,cancelled,2024-06-03 23:32:56
2777,612,1724,6,2,110.64,221.28,processing,2025-03-30 02:06:49
2778,82,816,165,1,61.06,61.06,processing,2025-03-30 19:21:06
2779,607,987,7,5,131.77,658.85,delivered,2025-02-20 09:09:15
2780,597,1697,50,4,18.18,72.72,shipped,2025-03-24 23:39:46
2781,244,250,43,5,46.78,233.90,shipped,2024-07-05 09:02:55
2782,221,748,178,1,83.41,83.41,cancelled,2024-08-31 04:13:19
2783,955,168,140,1,154.11,154.11,processing,2025-01-10 07:05:15
2784,110,1519,103,1,98.60,98.60,shipped,2025-01-25 12:12:05
2785,342,524,42,4,55.97,223.88,shipped,2025-01-21 03:41:53
2786,662,1589,27,2,137.23,274.46,delivered,2024-06-12 21:52:58
2787,582,350,197,1,17.82,17.82,processing,2024-09-11 13:42:26
2788,415,565,128,1,145.28,145.28,processing,2024-07-15 16:34:15
2789,69,318,134,4,30.25,121.00,delivered,2025-02-02 14:15:41
2790,44,1702,2,3,182.89,548.67,delivered,2025-01-09 22:33:58
2791,303,1235,125,1,68.15,68.15,cancelled,2024-05-11 07:27:36
2792,518,1981,178,5,199.35,996.75,pending,2024-05-25 23:42:29
2793,738,64,94,3,26.25,78.75,processing,2025-03-21 20:54:30
2794,295,120,180,5,161.66,808.30,pending,2024-07-03 19:22:12
2795,253,619,143,3,92.13,276.39,cancelled,2024-06-16 23:22:30
2796,933,1490,36,5,45.84,229.20,cancelled,2025-01-15 23:01:35
2797,601,613,126,4,120.38,481.52,processing,2024-07-20 18:26:28
2798,76,1088,58,3,120.87,362.61,cancelled,2024-09-25 03:00:17
2799,124,1809,167,4,142.00,568.00,cancelled,2025-02-19 02:48:16
2800,520,834,59,5,11.78,58.90,delivered,2024-07-15 19:13:25
2801,894,578,170,2,190.43,380.86,cancelled,2024-09-16 12:12:54
2802,535,545,37,5,24.47,122.35,shipped,2025-04-27 09:03:26
2803,727,456,181,1,94.82,94.82,shipped,2024-08-08 21:25:04
2804,39,524,42,2,44.65,89.30,processing,2025-04-11 13:32:13
2805,837,1746,186,1,192.29,192.29,shipped,2024-05-16 21:24:27
2806,533,1598,117,3,168.43,505.29,pending,2024-11-12 09:50:51
2807,856,365,12,1,16.89,16.89,delivered,2025-03-23 23:19:19
2808,384,1720,74,5,151.50,757.50,shipped,2024-10-04 04:43:28
2809,348,1603,114,1,82.82,82.82,processing,2024-07-24 04:04:31
2810,70,1440,81,5,61.35,306.75,shipped,2025-01-27 18:06:05
2811,788,117,27,1,6.73,6.73,cancelled,2024-10-10 15:26:56
2812,45,575,189,5,53.09,265.45,pending,2024-09-19 11:31:49
2813,351,977,76,3,193.27,579.81,pending,2024-05-08 18:16:15
2814,745,1085,82,5,97.71,488.55,processing,2024-12-18 07:50:52
2815,241,517,171,2,39.77,79.54,processing,2024-07-09 04:06:43
2816,94,208,118,2,46.20,92.40,cancelled,2024-09-23 16:09:02
2817,760,1087,58,4,35.83,143.32,pending,2024-09-09 18:52:16
2818,181,617,74,3,138.26,414.78,cancelled,2025-04-12 13:41:01
2819,185,1163,4,2,116.10,232.20,processing,2024-10-23 05:26:23
2820,446,104,10,3,179.28,537.84,pending,2024-06-21 19:36:04
2821,35,930,132,2,39.38,78.76,delivered,2025-03-15 04:19:39
2822,304,738,168,1,75.60,75.60,delivered,2024-05-03 03:22:24
2823,579,993,89,3,159.36,478.08,processing,2024-09-04 07:05:12
2824,882,574,120,5,32.42,162.10,cancelled,2024-09-26 17:22:34
2825,635,254,78,5,134.44,672.20,delivered,2024-09-02 10:23:20
2826,306,603,60,4,104.29,417.16,delivered,2024-07-14 10:09:05
2827,715,900,106,3,110.57,331.71,cancelled,2024-05-06 08:01:04
2828,264,478,2,3,140.06,420.18,pending,2024-12-29 12:17:51
2829,655,613,126,1,109.09,109.09,cancelled,2025-02-13 02:04:16
2830,15,546,51,3,118.95,356.85,cancelled,2024-06-14 06:14:06
2831,835,1567,69,4,71.79,287.16,delivered,2025-03-18 03:33:04
2832,111,392,15,4,47.67,190.68,shipped,2024-07-16 11:58:24
2833,569,1718,26,5,164.40,822.00,cancelled,2025-04-27 18:30:46
2834,323,1570,4,1,129.39,129.39,cancelled,2024-07-20 08:44:15
2835,693,461,35,4,155.35,621.40,cancelled,2025-03-20 03:10:32
2836,736,1311,79,2,198.01,396.02,delivered,2024-11-29 11:44:57
2837,618,270,179,5,92.36,461.80,cancelled,2024-09-14 09:21:16
2838,251,124,111,5,7.00,35.00,delivered,2025-04-25 13:18:44
2839,262,557,47,3,148.81,446.43,processing,2025-02-12 12:52:18
2840,201,1900,196,2,67.64,135.28,pending,2024-05-02 23:15:00
2841,978,2,166,3,42.92,128.76,delivered,2024-06-07 02:40:12
2842,70,1625,30,2,154.66,309.32,pending,2024-12-04 18:52:42
2843,486,1138,153,2,96.36,192.72,shipped,2025-04-28 08:19:31
2844,40,677,175,1,149.07,149.07,shipped,2024-05-04 14:26:45
2845,136,269,12,4,152.86,611.44,processing,2024-08-16 21:16:02
2846,517,705,178,4,32.09,128.36,delivered,2024-11-25 20:13:12
2847,24,1098,132,4,123.81,495.24,processing,2024-11-11 19:10:14
2848,848,123,120,5,103.81,519.05,shipped,2024-05-25 21:46:42
2849,259,202,91,5,142.86,714.30,processing,2024-08-26 15:04:48
2850,170,619,143,4,150.64,602.56,pending,2024-08-23 15:36:07
2851,9,422,106,2,69.61,139.22,pending,2025-02-21 22:00:25
2852,454,1488,160,5,93.50,467.50,shipped,2024-06-26 06:31:22
2853,550,1783,182,4,155.61,622.44,processing,2024-11-24 12:52:05
2854,910,502,42,5,92.40,462.00,delivered,2025-01-15 04:30:17
2855,212,1464,159,2,67.54,135.08,processing,2024-09-05 13:30:14
2856,209,202,91,4,171.49,685.96,cancelled,2024-08-09 20:52:49
2857,609,332,16,2,131.70,263.40,delivered,2024-05-14 06:17:03
2858,668,153,195,4,130.28,521.12,delivered,2024-07-16 01:52:38
2859,603,203,55,4,41.01,164.04,processing,2024-10-20 17:19:37
2860,562,1546,53,4,122.53,490.12,pending,2024-09-10 05:43:02
2861,322,976,19,4,34.71,138.84,pending,2024-12-29 22:40:37
2862,235,167,185,4,176.06,704.24,shipped,2024-08-10 21:04:54
2863,200,76,157,1,171.10,171.10,delivered,2024-06-18 03:35:53
2864,390,1323,20,1,157.12,157.12,pending,2025-01-26 12:02:27
2865,817,734,195,4,121.43,485.72,pending,2025-01-14 22:38:52
2866,487,386,142,2,157.48,314.96,cancelled,2024-05-24 21:47:43
2867,476,1733,9,3,76.10,228.30,pending,2024-07-17 02:46:50
2868,757,1443,119,1,56.73,56.73,shipped,2024-07-12 13:35:03
2869,842,758,129,2,148.34,296.68,cancelled,2024-11-27 07:45:05
2870,367,334,177,4,196.92,787.68,shipped,2025-02-03 17:51:13
2871,20,1960,152,5,114.28,571.40,delivered,2024-07-22 02:47:49
2872,871,1654,145,3,154.15,462.45,processing,2024-12-01 05:39:40
2873,804,12,84,3,151.34,454.02,delivered,2024-06-08 08:46:55
2874,408,702,115,3,8.34,25.02,shipped,2024-11-06 09:12:39
2875,451,344,49,2,18.49,36.98,cancelled,2024-05-23 09:03:11
2876,358,766,86,2,129.50,259.00,shipped,2025-02-13 01:15:50
2877,724,649,23,5,163.11,815.55,cancelled,2024-12-24 18:13:46
2878,687,1932,197,4,122.39,489.56,delivered,2024-05-02 17:24:10
2879,802,1679,3,1,163.38,163.38,delivered,2024-10-22 08:41:16
2880,835,1427,99,3,192.95,578.85,delivered,2025-02-15 06:03:19
2881,728,336,87,3,136.89,410.67,cancelled,2024-07-12 12:01:55
2882,168,10,135,5,134.34,671.70,pending,2025-01-21 10:53:25
2883,415,1985,91,1,133.64,133.64,pending,2025-03-18 03:16:04
2884,690,863,28,5,145.16,725.80,processing,2024-06-25 01:16:16
2885,162,177,181,1,20.33,20.33,shipped,2024-11-12 10:24:07
2886,852,421,38,1,132.08,132.08,shipped,2024-10-30 17:47:42
2887,864,677,175,3,167.40,502.20,processing,2024-11-05 07:03:51
2888,718,1913,24,3,87.59,262.77,shipped,2025-02-25 00:48:00
2889,764,1730,36,3,84.60,253.80,pending,2025-01-09 00:15:16
2890,964,954,72,3,114.70,344.10,shipped,2025-04-22 23:50:03
2891,703,1263,25,4,146.03,584.12,delivered,2024-12-29 21:10:22
2892,407,1060,99,2,39.71,79.42,pending,2024-11-13 02:38:04
2893,505,649,23,5,40.45,202.25,pending,2024-06-03 18:27:43
2894,187,1994,78,4,115.79,463.16,processing,2024-07-24 08:31:31
2895,951,363,188,2,145.35,290.70,pending,2024-10-19 12:04:20
2896,450,250,154,1,190.01,190.01,cancelled,2025-03-15 11:17:44
2897,739,948,188,3,47.33,141.99,shipped,2024-12-19 06:22:24
2898,748,1244,6,5,186.32,931.60,shipped,2024-05-12 18:25:59
2899,129,764,165,2,22.82,45.64,shipped,2025-02-23 13:46:53
2900,779,1511,172,2,27.22,54.44,shipped,2024-10-10 11:01:28
2901,104,1468,163,1,86.28,86.28,processing,2024-09-09 10:16:33
2902,917,69,44,1,20.35,20.35,cancelled,2024-08-22 17:39:57
2903,520,156,196,3,13.05,39.15,delivered,2025-04-10 20:40:10
2904,969,348,111,4,47.73,190.92,processing,2025-02-20 00:39:42
2905,568,1849,192,1,103.59,103.59,processing,2024-12-24 01:54:49
2906,703,211,160,3,185.00,555.00,delivered,2024-05-30 18:21:53
2907,272,1895,125,2,92.49,184.98,cancelled,2024-10-01 00:52:07
2908,378,1487,87,1,125.50,125.50,cancelled,2025-01-30 10:21:48
2909,517,1802,47,1,155.16,155.16,delivered,2025-03-03 19:57:10
2910,167,169,155,5,54.31,271.55,cancelled,2024-11-24 06:18:19
2911,979,655,76,2,67.26,134.52,delivered,2025-02-20 18:55:36
2912,419,153,195,2,63.66,127.32,pending,2024-12-19 06:19:59
2913,548,297,191,3,46.71,140.13,delivered,2024-12-12 10:33:20
2914,939,643,105,3,180.10,540.30,pending,2025-03-16 06:23:30
2915,545,734,191,4,104.73,418.92,processing,2025-04-11 08:13:06
2916,294,1478,30,3,44.93,134.79,delivered,2025-02-24 13:09:54
2917,593,1137,129,1,88.50,88.50,cancelled,2025-03-07 15:40:29
2918,775,554,11,1,100.96,100.96,processing,2025-03-11 00:19:18
2919,910,608,22,2,134.74,269.48,delivered,2024-10-24 17:50:38
2920,944,1975,86,2,121.88,243.76,delivered,2024-07-15 09:36:39
2921,562,134,59,4,108.22,432.88,shipped,2024-11-23 14:16:32
2922,997,188,185,5,158.20,791.00,delivered,2024-06-16 16:57:48
2923,35,62,191,5,63.30,316.50,delivered,2024-10-22 09:18:32
2924,97,184,179,3,97.45,292.35,cancelled,2024-09-25 15:44:59
2925,505,1879,53,2,31.07,62.14,shipped,2024-11-02 09:45:56
2926,815,1189,33,5,158.26,791.30,cancelled,2024-05-03 23:56:51
2927,92,1268,49,5,146.58,732.90,shipped,2025-04-07 19:37:56
2928,342,338,95,4,7.76,31.04,pending,2025-01-27 01:24:13
2929,208,1648,151,5,127.70,638.50,cancelled,2024-12-31 16:40:09
2930,445,382,116,5,169.68,848.40,processing,2024-06-10 00:32:02
2931,489,1608,178,2,181.60,363.20,processing,2025-03-12 15:10:41
2932,391,1363,189,2,166.91,333.82,shipped,2024-07-21 03:44:04
2933,821,1043,15,4,27.04,108.16,pending,2025-01-07 03:39:31
2934,692,370,36,4,160.45,641.80,shipped,2024-06-27 22:33:45
2935,507,293,125,4,177.29,709.16,pending,2024-08-31 02:00:40
2936,309,376,41,1,164.34,164.34,processing,2025-01-19 05:32:28
2937,121,1659,13,2,39.52,79.04,pending,2025-04-06 23:27:27
2938,188,1313,137,5,59.72,298.60,shipped,2024-07-05 15:10:03
2939,395,1716,97,4,72.67,290.68,shipped,2024-05-04 05:56:06
2940,374,922,136,1,5.72,5.72,delivered,2024-07-06 21:17:03
2941,719,1849,192,5,43.11,215.55,shipped,2025-02-23 23:54:39
2942,868,1098,132,3,100.19,300.57,delivered,2025-01-06 14:37:53
2943,294,1447,88,3,173.31,519.93,delivered,2024-08-26 10:41:06
2944,752,355,34,5,21.96,109.80,pending,2025-02-19 17:00:25
2945,10,1553,57,2,60.57,121.14,delivered,2024-10-09 10:13:14
2946,515,1482,24,3,123.88,371.64,pending,2025-03-18 06:23:20
2947,409,1602,10,5,44.50,222.50,cancelled,2024-12-09 17:55:52
2948,427,225,101,4,77.11,308.44,pending,2025-04-08 21:21:51
2949,432,1949,33,2,136.89,273.78,delivered,2024-09-06 19:38:39
2950,342,728,39,2,73.86,147.72,shipped,2024-09-11 21:35:12
2951,166,827,192,5,182.86,914.30,shipped,2024-10-17 18:35:01
2952,446,437,150,3,27.53,82.59,pending,2024-10-29 07:16:39
2953,564,1468,163,2,5.68,11.36,pending,2024-11-20 12:28:00
2954,807,1996,191,1,25.85,25.85,processing,2024-11-11 23:55:25
2955,745,1294,18,4,18.35,73.40,pending,2024-10-01 19:59:19
2956,633,563,107,5,147.71,738.55,delivered,2024-08-28 12:03:38
2957,402,125,32,2,146.45,292.90,pending,2025-04-03 13:33:43
2958,904,1772,53,4,81.49,325.96,delivered,2025-01-02 09:35:08
2959,856,10,135,1,122.22,122.22,delivered,2025-01-03 02:21:57
2960,493,823,110,2,186.36,372.72,processing,2025-01-22 05:11:03
2961,989,227,196,5,160.16,800.80,pending,2025-04-12 22:45:37
2962,97,1983,57,1,116.88,116.88,cancelled,2024-08-25 02:45:17
2963,272,703,9,4,69.17,276.68,cancelled,2025-04-16 04:31:32
2964,440,286,182,2,180.02,360.04,cancelled,2024-09-23 05:29:22
2965,13,208,11,5,141.76,708.80,shipped,2024-12-10 03:53:07
2966,802,1518,33,3,46.64,139.92,delivered,2024-10-15 18:16:22
2967,452,1087,58,4,51.96,207.84,cancelled,2025-01-12 19:51:14
2968,947,1152,115,4,188.07,752.28,shipped,2024-09-25 02:58:44
2969,394,876,185,5,146.14,730.70,delivered,2024-12-12 13:20:53
2970,783,838,50,1,104.42,104.42,cancelled,2025-03-07 06:15:40
2971,877,1516,148,5,108.95,544.75,processing,2024-12-08 02:34:13
2972,493,903,145,4,69.84,279.36,processing,2025-04-05 01:14:38
2973,309,353,102,1,28.92,28.92,pending,2024-09-20 01:48:38
2974,989,1746,186,1,95.25,95.25,processing,2024-05-04 23:28:19
2975,70,479,51,2,199.35,398.70,shipped,2024-09-12 12:54:50
2976,972,1513,183,1,53.00,53.00,cancelled,2024-12-01 02:33:51
2977,818,468,89,2,30.30,60.60,pending,2024-10-21 09:46:48
2978,858,1553,57,2,101.37,202.74,pending,2025-03-22 08:51:32
2979,532,1590,170,4,58.79,235.16,pending,2024-08-14 11:09:40
2980,403,946,82,3,116.30,348.90,processing,2024-09-24 03:24:47
2981,930,1096,25,5,195.52,977.60,pending,2024-11-05 19:03:47
2982,289,1028,106,4,27.18,108.72,processing,2025-02-09 00:32:16
2983,341,1301,151,3,183.41,550.23,pending,2025-01-24 03:22:07
2984,42,1859,112,1,48.11,48.11,shipped,2025-04-21 23:32:44
2985,693,1181,90,2,196.42,392.84,cancelled,2025-01-18 11:18:52
2986,598,1724,4,4,59.98,239.92,delivered,2024-09-29 04:15:49
2987,937,1315,48,3,30.24,90.72,shipped,2024-08-22 10:44:32
2988,288,944,144,2,106.53,213.06,delivered,2024-12-28 07:30:08
2989,231,895,148,2,127.42,254.84,delivered,2024-10-07 16:37:35
2990,113,1640,82,2,190.69,381.38,pending,2024-12-08 00:32:23
2991,883,1173,16,4,190.34,761.36,delivered,2024-06-02 09:18:14
2992,937,1684,121,1,71.72,71.72,pending,2024-06-28 15:31:48
2993,426,652,131,5,28.95,144.75,shipped,2025-01-25 17:38:28
2994,724,230,190,3,84.37,253.11,cancelled,2025-03-03 04:00:31
2995,643,1828,4,5,183.02,915.10,shipped,2024-11-02 04:44:31
2996,121,176,52,4,134.18,536.72,pending,2024-05-03 11:51:28
2997,114,1992,130,1,111.34,111.34,cancelled,2024-06-03 03:20:11
2998,133,588,158,5,85.14,425.70,pending,2024-08-23 06:54:41
2999,41,620,46,1,117.17,117.17,pending,2024-10-14 07:17:06
3000,119,1631,140,5,190.34,951.70,shipped,2024-11-28 07:59:37
