1,981,493,2,54.26,108.52,delivered,2025-04-26 05:39:30
2,1327,435,1,65.51,65.51,cancelled,2024-10-21 07:41:19
3,166,315,2,107.73,215.46,cancelled,2025-03-07 18:00:19
4,1001,1724,5,38.40,192.00,cancelled,2025-01-03 05:09:40
5,684,866,5,21.13,105.65,processing,2024-09-02 22:45:23
6,271,414,5,199.91,999.55,delivered,2024-08-23 16:39:46
7,1258,352,3,180.02,540.06,shipped,2024-11-09 21:40:14
8,930,1347,3,78.73,236.19,processing,2024-10-06 23:10:00
9,1236,128,1,101.11,101.11,delivered,2025-03-13 18:17:06
10,321,121,3,10.13,30.39,cancelled,2024-09-06 00:51:37
11,665,151,5,90.65,453.25,delivered,2024-12-04 08:45:53
12,982,1132,1,112.76,112.76,delivered,2024-10-07 15:31:43
13,557,516,4,121.77,487.08,cancelled,2024-11-10 16:12:43
14,1160,424,5,154.26,771.30,delivered,2024-09-08 03:00:38
15,1323,411,4,60.74,242.96,delivered,2024-12-06 20:03:54
16,88,650,5,170.26,851.30,cancelled,2024-11-06 02:07:25
17,78,1956,3,92.36,277.08,pending,2025-01-08 18:45:10
18,808,102,5,27.90,139.50,processing,2024-10-03 15:05:25
19,1472,1757,1,158.66,158.66,pending,2025-03-13 16:06:53
20,758,1231,5,14.40,72.00,delivered,2024-09-08 10:41:54
21,522,607,5,153.42,767.10,cancelled,2024-09-18 16:40:32
22,859,1262,3,160.06,480.18,processing,2024-06-18 02:07:17
23,1258,589,2,114.43,228.86,delivered,2024-12-06 08:15:50
24,163,1281,3,144.08,432.24,pending,2024-05-28 19:03:33
25,1220,960,4,98.91,395.64,processing,2025-01-01 14:41:32
26,819,1155,1,197.30,197.30,cancelled,2024-07-22 00:33:48
27,182,1549,1,32.75,32.75,shipped,2025-04-25 13:41:41
28,8,1342,1,58.36,58.36,delivered,2024-10-01 10:50:39
29,1023,1017,3,35.76,107.28,processing,2024-11-05 21:52:21
30,1083,1692,4,44.76,179.04,cancelled,2024-09-28 20:43:25
31,1058,1372,4,191.55,766.20,processing,2024-05-04 15:09:15
32,815,498,4,73.03,292.12,shipped,2024-11-24 08:18:18
33,1257,1283,5,180.88,904.40,shipped,2024-10-14 06:31:44
34,1070,88,4,142.63,570.52,cancelled,2024-05-07 15:53:13
35,972,858,4,170.62,682.48,cancelled,2025-01-20 18:23:47
36,97,1168,5,146.15,730.75,pending,2025-02-24 14:22:50
37,823,439,1,38.76,38.76,shipped,2024-06-14 05:11:31
38,1281,1402,2,84.46,168.92,pending,2024-10-13 15:17:09
39,128,170,3,130.25,390.75,delivered,2024-08-04 02:26:47
40,1107,795,4,17.28,69.12,delivered,2025-02-26 17:39:14
41,970,1274,2,46.27,92.54,cancelled,2024-12-13 04:03:20
42,1226,98,5,154.60,773.00,cancelled,2025-02-14 16:34:15
43,1357,1708,1,50.13,50.13,processing,2024-08-08 04:07:12
44,1180,1144,4,29.13,116.52,shipped,2024-09-25 22:21:11
45,667,843,3,81.92,245.76,processing,2024-06-08 23:26:25
46,419,54,3,182.03,546.09,cancelled,2025-02-21 19:20:20
47,1133,1953,5,35.34,176.70,delivered,2025-04-24 16:01:28
48,879,211,5,15.68,78.40,shipped,2025-01-20 23:17:19
49,316,1767,3,154.33,462.99,delivered,2024-05-23 15:52:42
50,676,317,1,124.94,124.94,cancelled,2025-04-29 06:26:32
51,1351,864,3,160.72,482.16,delivered,2025-04-26 02:29:09
52,871,162,4,169.08,676.32,shipped,2024-06-23 10:13:05
53,15,457,4,121.06,484.24,shipped,2025-04-14 22:30:40
54,619,1502,1,25.56,25.56,delivered,2024-12-03 09:11:18
55,1242,866,1,67.13,67.13,cancelled,2024-11-08 13:29:14
56,767,340,3,198.41,595.23,cancelled,2025-04-20 12:32:18
57,394,1406,3,158.40,475.20,cancelled,2024-11-16 06:15:00
58,974,1221,3,63.14,189.42,processing,2024-08-01 15:23:36
59,80,1938,3,46.41,139.23,shipped,2024-09-17 07:37:28
60,959,1028,3,138.11,414.33,cancelled,2024-10-28 06:25:58
61,203,1733,3,195.18,585.54,delivered,2024-05-29 18:37:08
62,289,648,2,60.02,120.04,cancelled,2024-12-27 09:52:28
63,318,1496,3,15.71,47.13,processing,2024-12-31 08:50:09
64,1234,934,4,20.47,81.88,processing,2025-03-02 07:12:00
65,1090,1773,3,7.45,22.35,processing,2024-11-21 11:11:19
66,1461,259,1,15.94,15.94,cancelled,2025-01-01 01:19:25
67,1071,278,2,33.65,67.30,cancelled,2024-06-05 05:49:26
68,80,1840,5,122.38,611.90,processing,2024-11-13 19:56:25
69,119,1050,1,82.52,82.52,processing,2024-11-29 20:36:26
70,69,9,4,144.11,576.44,delivered,2024-06-12 10:48:04
71,869,789,3,163.29,489.87,pending,2025-04-08 14:46:42
72,1062,1239,4,172.07,688.28,shipped,2025-01-02 01:49:42
73,388,101,5,19.26,96.30,shipped,2024-10-06 17:59:10
74,333,485,3,178.92,536.76,shipped,2024-11-02 23:17:27
75,477,1765,4,38.26,153.04,cancelled,2024-12-20 06:13:53
76,979,1665,2,158.62,317.24,pending,2025-01-19 14:43:50
77,415,781,2,110.37,220.74,cancelled,2024-10-07 04:33:16
78,1409,1155,4,189.87,759.48,pending,2025-03-25 13:28:58
79,636,164,5,142.83,714.15,pending,2024-09-11 14:34:19
80,182,1783,1,167.98,167.98,delivered,2024-06-07 17:30:41
81,1034,1667,2,181.88,363.76,pending,2024-06-09 04:13:05
82,1266,1399,4,136.69,546.76,processing,2025-03-10 02:33:44
83,395,664,2,158.92,317.84,cancelled,2025-01-23 15:34:15
84,857,1657,2,32.08,64.16,processing,2025-04-01 10:40:08
85,1202,1152,2,22.70,45.40,delivered,2024-10-02 16:17:01
86,1051,658,4,165.51,662.04,cancelled,2024-10-19 10:09:04
87,1333,1644,3,172.98,518.94,delivered,2024-09-14 20:28:17
88,140,819,4,43.13,172.52,cancelled,2025-01-25 21:13:15
89,1443,1442,2,83.62,167.24,cancelled,2024-07-26 13:14:32
90,1106,1608,3,192.32,576.96,delivered,2024-05-20 19:55:06
91,187,365,1,20.47,20.47,delivered,2024-11-13 18:47:22
92,538,947,5,6.41,32.05,processing,2024-09-13 08:57:41
93,207,1389,4,154.92,619.68,cancelled,2024-07-14 14:12:34
94,695,530,5,107.85,539.25,cancelled,2024-08-14 03:34:33
95,623,383,3,151.94,455.82,pending,2024-07-14 23:45:11
96,477,1506,4,97.41,389.64,delivered,2025-02-12 02:49:21
97,491,216,1,95.11,95.11,shipped,2025-01-25 13:44:35
98,1368,296,2,46.40,92.80,delivered,2024-08-13 15:48:00
99,104,1014,2,195.09,390.18,pending,2024-06-27 09:10:44
100,1198,816,1,132.38,132.38,pending,2025-04-04 20:26:56
101,537,1000,3,9.73,29.19,pending,2024-09-24 05:56:07
102,277,1351,2,7.07,14.14,shipped,2024-07-21 17:02:07
103,370,1590,3,26.04,78.12,pending,2024-07-04 21:31:58
104,1135,1736,5,176.64,883.20,processing,2024-08-22 09:36:47
105,1036,234,2,176.30,352.60,shipped,2024-07-01 04:21:50
106,536,277,3,94.56,283.68,cancelled,2025-04-25 03:39:22
107,1284,1019,3,11.89,35.67,processing,2024-08-26 08:57:34
108,246,907,2,120.80,241.60,pending,2024-07-15 17:03:51
109,132,830,2,35.36,70.72,delivered,2024-05-01 14:01:46
110,1295,1844,4,14.84,59.36,cancelled,2024-07-07 12:40:05
111,1320,497,1,144.05,144.05,processing,2025-02-03 22:44:16
112,1073,1870,4,90.29,361.16,processing,2025-02-13 08:57:33
113,820,1327,1,26.66,26.66,processing,2024-11-17 17:03:32
114,1105,858,4,141.44,565.76,processing,2024-11-08 07:00:05
115,173,1698,4,64.73,258.92,delivered,2024-11-24 23:57:07
116,314,807,2,161.21,322.42,processing,2024-10-24 12:29:15
117,533,1830,4,22.84,91.36,delivered,2024-11-08 23:17:52
118,432,1458,2,79.06,158.12,cancelled,2024-12-22 04:29:38
119,1422,155,1,8.02,8.02,pending,2024-05-08 19:00:24
120,599,1779,5,34.11,170.55,shipped,2025-03-11 05:58:46
121,958,1816,5,7.50,37.50,cancelled,2025-03-14 23:23:33
122,537,721,5,123.61,618.05,shipped,2025-02-17 14:05:53
123,989,1516,3,124.79,374.37,shipped,2024-08-25 21:57:41
124,113,807,5,197.29,986.45,shipped,2024-06-02 08:41:28
125,165,707,2,180.46,360.92,delivered,2024-05-10 22:49:06
126,168,1235,1,146.72,146.72,shipped,2025-02-14 02:18:29
127,790,614,1,115.46,115.46,delivered,2024-05-09 17:20:35
128,18,595,2,67.76,135.52,processing,2025-01-24 04:11:32
129,1125,943,4,74.97,299.88,pending,2024-06-28 14:11:32
130,323,35,4,98.35,393.40,pending,2024-12-28 04:45:46
131,1032,595,4,23.38,93.52,shipped,2024-09-23 22:05:31
132,1183,1782,2,167.27,334.54,shipped,2024-10-29 14:30:44
133,948,782,3,102.60,307.80,cancelled,2024-05-06 17:30:05
134,731,299,3,105.18,315.54,shipped,2025-03-29 04:36:05
135,593,285,4,50.52,202.08,processing,2024-06-05 09:50:43
136,836,1130,1,72.02,72.02,shipped,2024-11-09 11:16:52
137,1055,721,2,147.25,294.50,pending,2025-03-25 20:34:17
138,507,152,3,190.77,572.31,processing,2024-07-05 22:19:08
139,1409,509,3,146.72,440.16,cancelled,2025-03-20 06:18:29
140,1010,1405,1,82.07,82.07,processing,2025-03-06 20:46:32
141,1320,837,5,10.63,53.15,shipped,2024-12-17 04:48:11
142,866,874,3,42.29,126.87,processing,2025-02-11 19:12:38
143,789,341,4,84.79,339.16,pending,2025-03-04 23:05:02
144,117,354,5,85.41,427.05,processing,2025-02-24 01:43:45
145,952,581,5,184.44,922.20,processing,2025-02-23 09:10:50
146,570,284,5,63.91,319.55,shipped,2024-05-16 00:01:37
147,292,592,3,60.46,181.38,cancelled,2025-01-17 23:06:47
148,950,129,2,160.07,320.14,processing,2025-01-10 19:16:40
149,565,132,3,169.27,507.81,cancelled,2025-02-05 12:34:56
150,1315,643,1,184.51,184.51,delivered,2024-10-03 21:13:30
151,205,1155,2,7.12,14.24,cancelled,2025-04-23 01:37:50
152,86,1266,5,13.56,67.80,shipped,2024-06-23 06:38:15
153,977,1269,4,92.72,370.88,shipped,2024-07-04 17:21:12
154,1300,917,5,99.25,496.25,pending,2024-12-13 09:52:58
155,256,187,4,135.74,542.96,processing,2025-04-20 17:44:17
156,187,826,2,21.73,43.46,cancelled,2024-06-15 00:50:33
157,1121,449,2,122.63,245.26,cancelled,2025-03-29 02:44:45
158,628,489,5,120.92,604.60,shipped,2024-09-18 19:25:14
159,950,129,4,121.23,484.92,pending,2025-02-25 23:16:29
160,1014,1309,5,189.88,949.40,delivered,2025-01-21 07:01:34
161,79,328,2,194.51,389.02,processing,2024-11-27 19:29:52
162,393,1703,1,56.16,56.16,processing,2025-02-06 14:22:53
163,362,1860,5,22.28,111.40,pending,2024-09-29 18:25:46
164,909,918,2,188.45,376.90,shipped,2025-01-10 12:42:57
165,517,1927,2,182.88,365.76,cancelled,2024-06-18 17:13:32
166,1393,255,5,181.36,906.80,cancelled,2024-11-21 07:07:37
167,941,771,5,26.08,130.40,delivered,2025-04-15 09:34:43
168,1004,444,1,64.52,64.52,processing,2025-01-05 03:25:26
169,125,51,1,95.74,95.74,shipped,2024-08-14 19:20:34
170,486,978,5,171.13,855.65,cancelled,2024-10-23 02:11:47
171,434,25,3,124.52,373.56,processing,2024-10-29 08:19:55
172,799,762,1,189.74,189.74,delivered,2024-11-22 18:34:16
173,1412,716,1,151.26,151.26,pending,2025-04-08 10:09:56
174,1288,895,5,47.83,239.15,processing,2024-07-02 20:51:29
175,1117,1765,2,197.63,395.26,cancelled,2024-06-25 05:26:29
176,709,496,2,156.97,313.94,delivered,2025-02-02 06:25:41
177,1050,333,5,166.46,832.30,shipped,2024-05-12 13:16:55
178,428,1658,1,43.82,43.82,pending,2024-12-07 16:50:13
179,1377,1152,2,175.19,350.38,processing,2025-01-17 06:47:48
180,1046,1462,1,199.10,199.10,processing,2024-09-22 19:05:01
181,833,1704,3,45.71,137.13,pending,2024-12-14 23:20:41
182,836,1941,2,69.77,139.54,delivered,2025-02-27 06:13:33
183,94,501,5,35.75,178.75,pending,2024-10-22 10:00:37
184,812,1209,1,190.39,190.39,pending,2025-01-26 03:16:31
185,1056,348,4,88.36,353.44,delivered,2024-10-21 09:05:50
186,632,1215,4,57.22,228.88,pending,2024-10-15 10:17:02
187,43,617,4,60.17,240.68,cancelled,2025-02-07 20:57:12
188,1389,701,5,53.53,267.65,processing,2025-01-21 11:28:24
189,1318,193,5,127.58,637.90,delivered,2024-10-13 20:27:54
190,59,1128,3,135.35,406.05,processing,2024-12-13 12:10:22
191,471,1123,3,19.90,59.70,shipped,2024-12-07 01:08:32
192,1330,175,3,171.92,515.76,shipped,2024-10-22 11:22:31
193,1476,7,1,128.25,128.25,cancelled,2025-01-14 15:16:55
194,37,1498,2,76.78,153.56,delivered,2024-07-10 20:08:01
195,569,1588,1,14.96,14.96,processing,2024-11-22 09:44:15
196,1232,1226,4,52.09,208.36,processing,2024-10-16 14:44:55
197,1291,1765,5,44.86,224.30,shipped,2025-04-20 04:48:55
198,801,1981,4,44.72,178.88,shipped,2025-03-25 18:23:07
199,767,898,2,197.49,394.98,shipped,2024-07-04 19:42:10
200,872,1125,4,50.91,203.64,pending,2025-04-26 10:20:21
201,1028,838,1,103.89,103.89,processing,2024-12-10 04:03:32
202,749,323,2,74.89,149.78,pending,2024-05-18 19:56:06
203,156,1635,4,180.78,723.12,processing,2025-02-12 23:04:59
204,1275,625,5,77.01,385.05,processing,2025-03-11 16:57:08
205,764,402,2,95.46,190.92,delivered,2024-05-12 04:18:28
206,247,1246,5,119.54,597.70,shipped,2024-10-31 05:37:52
207,177,1390,1,192.59,192.59,processing,2024-11-27 19:59:10
208,432,1153,3,110.79,332.37,processing,2024-11-15 04:00:59
209,430,112,2,178.52,357.04,processing,2024-08-11 13:25:41
210,334,1120,3,179.64,538.92,delivered,2025-01-21 21:17:27
211,1341,1801,1,191.97,191.97,processing,2025-03-20 20:46:35
212,1411,434,2,124.26,248.52,shipped,2025-02-09 22:19:39
213,246,661,4,129.95,519.80,processing,2024-11-13 15:05:10
214,1458,400,4,87.41,349.64,pending,2024-10-01 03:29:48
215,107,62,5,70.10,350.50,delivered,2024-10-23 10:03:34
216,234,561,5,61.29,306.45,cancelled,2025-03-09 09:09:48
217,278,148,1,197.18,197.18,shipped,2024-05-13 10:24:02
218,1500,551,5,186.50,932.50,pending,2025-04-29 14:08:18
219,1168,941,3,35.60,106.80,shipped,2025-02-12 03:07:08
220,309,1109,4,117.30,469.20,pending,2024-08-06 21:51:33
221,44,258,2,156.28,312.56,pending,2024-09-27 02:52:24
222,485,630,5,8.35,41.75,shipped,2024-11-27 12:26:20
223,950,828,3,51.93,155.79,shipped,2024-07-01 00:39:42
224,1334,6,3,171.79,515.37,processing,2025-02-25 20:00:56
225,494,1615,2,152.61,305.22,cancelled,2024-09-26 07:53:50
226,443,1477,2,106.65,213.30,pending,2025-02-10 23:27:19
227,522,1532,3,143.93,431.79,delivered,2024-08-10 07:19:25
228,1400,1187,1,86.43,86.43,delivered,2025-04-27 08:38:26
229,1325,216,4,23.32,93.28,shipped,2024-09-26 18:07:12
230,379,715,3,166.03,498.09,shipped,2024-09-29 20:06:29
231,199,1707,5,190.56,952.80,pending,2024-08-24 06:10:41
232,1320,1507,4,58.64,234.56,cancelled,2025-03-05 08:39:04
233,736,136,3,41.91,125.73,shipped,2024-10-24 09:56:20
234,820,1200,3,54.11,162.33,processing,2024-12-11 03:00:56
235,664,1214,3,30.57,91.71,processing,2025-02-13 18:28:49
236,259,928,2,164.97,329.94,processing,2024-05-17 04:52:35
237,1476,959,4,165.06,660.24,shipped,2024-10-14 06:09:32
238,229,1010,4,121.51,486.04,processing,2025-04-22 07:04:33
239,1086,667,3,23.18,69.54,processing,2024-11-11 08:59:51
240,1162,234,4,97.60,390.40,shipped,2025-02-13 05:35:06
241,251,1271,1,145.65,145.65,processing,2024-07-05 19:51:29
242,491,1825,1,179.97,179.97,delivered,2024-11-02 04:24:30
243,634,639,3,123.65,370.95,pending,2024-10-04 21:12:55
244,889,1158,1,51.81,51.81,delivered,2024-08-05 17:15:00
245,195,1566,4,17.86,71.44,shipped,2025-01-12 05:18:49
246,962,1807,3,88.79,266.37,processing,2024-11-19 08:14:01
247,570,1130,5,106.22,531.10,cancelled,2025-01-04 06:49:45
248,470,96,5,48.97,244.85,cancelled,2024-12-09 05:08:17
249,1050,504,5,133.03,665.15,processing,2025-04-02 14:41:40
250,874,1493,5,139.34,696.70,processing,2025-02-03 23:09:13
251,917,1340,4,26.72,106.88,processing,2024-05-30 16:28:23
252,851,745,3,99.54,298.62,delivered,2024-06-10 21:18:45
253,104,1152,1,43.06,43.06,delivered,2024-10-07 05:48:49
254,807,1022,2,163.03,326.06,processing,2025-01-23 19:25:10
255,1115,976,4,79.34,317.36,delivered,2025-01-04 23:09:42
256,340,1379,3,53.92,161.76,shipped,2024-11-07 20:18:25
257,1297,1924,1,26.96,26.96,cancelled,2024-07-05 09:38:02
258,1100,1321,5,170.61,853.05,shipped,2024-05-19 16:14:44
259,790,18,3,69.31,207.93,processing,2024-09-07 07:14:16
260,301,1445,2,141.18,282.36,processing,2025-03-10 00:29:00
261,756,521,4,51.82,207.28,delivered,2024-09-25 02:41:22
262,83,440,3,161.53,484.59,processing,2025-04-11 00:39:50
263,204,31,1,24.65,24.65,processing,2024-08-07 15:55:23
264,850,1763,1,46.25,46.25,shipped,2024-08-17 12:13:23
265,292,51,4,174.62,698.48,processing,2024-05-31 18:05:02
266,157,458,1,196.60,196.60,cancelled,2024-10-26 07:31:21
267,393,857,2,35.33,70.66,pending,2024-10-01 07:31:54
268,1163,1783,4,54.91,219.64,processing,2024-07-27 16:24:47
269,1245,1911,5,110.76,553.80,cancelled,2024-10-27 08:11:17
270,1461,428,5,41.00,205.00,shipped,2024-07-05 01:13:01
271,816,968,4,148.91,595.64,delivered,2025-02-13 01:08:45
272,736,1088,3,94.20,282.60,delivered,2024-07-07 08:07:22
273,1198,1915,1,102.23,102.23,processing,2025-03-30 08:26:57
274,1048,473,3,103.23,309.69,pending,2025-02-12 23:05:14
275,845,767,2,25.82,51.64,pending,2024-09-18 22:06:15
276,1405,1570,1,38.86,38.86,pending,2025-04-27 06:37:53
277,1410,571,3,13.11,39.33,pending,2024-06-06 14:30:31
278,613,966,1,71.29,71.29,shipped,2024-07-26 06:45:59
279,1006,967,1,116.53,116.53,pending,2025-03-01 13:06:37
280,1489,1735,1,110.06,110.06,shipped,2025-01-06 01:51:56
281,1297,938,3,181.44,544.32,cancelled,2024-10-30 20:27:58
282,1481,1807,1,175.07,175.07,processing,2024-05-06 16:39:46
283,704,647,1,60.58,60.58,processing,2024-08-30 15:14:21
284,974,463,4,80.63,322.52,shipped,2025-01-19 17:41:41
285,1224,815,4,110.53,442.12,pending,2024-11-21 13:58:40
286,789,712,4,74.47,297.88,delivered,2025-02-26 06:48:31
287,1192,187,2,170.43,340.86,delivered,2024-05-24 11:46:01
288,704,517,5,49.06,245.30,cancelled,2024-06-03 04:00:27
289,496,1983,1,191.42,191.42,processing,2024-06-22 05:02:02
290,368,1201,2,175.90,351.80,processing,2024-12-26 00:39:30
291,919,1394,5,140.96,704.80,processing,2024-05-18 15:07:27
292,146,49,2,17.83,35.66,shipped,2024-11-23 09:38:02
293,427,885,1,118.92,118.92,pending,2024-12-21 07:12:58
294,74,1106,5,117.49,587.45,shipped,2024-05-10 01:19:58
295,795,1403,3,59.89,179.67,delivered,2025-01-22 18:48:00
296,708,1014,2,91.15,182.30,processing,2025-01-03 23:46:15
297,990,650,3,132.82,398.46,delivered,2024-09-04 02:31:37
298,136,1014,1,94.00,94.00,delivered,2025-01-21 21:50:51
299,979,773,2,164.03,328.06,processing,2025-02-26 16:42:48
300,1132,941,2,198.89,397.78,shipped,2024-10-03 15:47:31
301,1137,1144,4,6.35,25.40,processing,2024-12-11 17:51:40
302,1123,504,5,174.38,871.90,cancelled,2024-10-21 17:41:22
303,1012,963,1,141.94,141.94,pending,2025-04-12 15:06:43
304,479,1329,4,93.93,375.72,pending,2025-02-08 17:34:38
305,1490,649,3,154.43,463.29,shipped,2024-10-08 19:36:19
306,972,1022,5,33.09,165.45,pending,2025-02-26 15:52:01
307,1103,205,4,150.47,601.88,processing,2024-12-30 04:07:49
308,1218,73,2,46.43,92.86,processing,2024-08-29 05:38:23
309,516,1152,5,159.05,795.25,cancelled,2025-02-07 11:40:24
310,221,1737,3,192.37,577.11,cancelled,2024-05-26 14:16:10
311,554,1457,1,109.53,109.53,pending,2024-11-20 13:02:29
312,1015,297,1,24.63,24.63,pending,2024-08-03 23:16:04
313,692,1382,4,177.06,708.24,processing,2024-05-11 22:37:41
314,579,699,2,86.62,173.24,processing,2025-03-03 19:38:27
315,183,1269,4,72.36,289.44,cancelled,2024-12-24 17:59:59
316,1076,260,3,83.21,249.63,delivered,2024-06-07 22:30:23
317,455,891,5,156.44,782.20,cancelled,2025-01-27 11:00:07
318,671,165,1,158.56,158.56,processing,2024-12-07 14:17:09
319,640,595,4,185.81,743.24,processing,2024-12-21 05:06:32
320,75,1051,4,156.10,624.40,processing,2024-11-06 08:43:01
321,1068,608,5,133.46,667.30,shipped,2024-05-11 18:27:59
322,745,21,1,78.82,78.82,shipped,2024-08-30 01:35:40
323,240,767,3,137.67,413.01,delivered,2025-03-01 21:02:38
324,738,133,3,164.74,494.22,cancelled,2024-09-25 07:42:43
325,1187,1629,3,168.70,506.10,shipped,2024-06-26 14:21:05
326,404,366,1,154.56,154.56,pending,2024-09-04 03:58:02
327,1340,465,5,119.87,599.35,shipped,2025-01-14 02:13:07
328,865,1605,3,109.61,328.83,processing,2024-05-22 06:34:37
329,135,1141,5,8.94,44.70,delivered,2024-10-24 15:32:52
330,1288,1516,1,15.20,15.20,shipped,2024-06-14 02:43:29
331,887,1784,3,101.10,303.30,pending,2024-05-27 12:37:54
332,1402,682,4,15.75,63.00,shipped,2024-07-22 13:26:07
333,780,187,5,103.48,517.40,delivered,2024-10-11 09:09:47
334,1203,712,4,82.97,331.88,delivered,2024-12-08 01:41:08
335,835,1503,3,44.81,134.43,processing,2024-08-12 03:53:52
336,216,1083,1,188.90,188.90,delivered,2025-04-20 12:00:52
337,886,1291,1,156.38,156.38,pending,2024-08-08 00:11:37
338,733,1062,3,64.27,192.81,cancelled,2024-12-02 13:21:13
339,672,1003,4,193.29,773.16,shipped,2024-12-14 04:57:46
340,429,1336,1,117.94,117.94,processing,2024-08-24 07:31:30
341,104,1014,5,136.38,681.90,pending,2024-12-21 22:18:50
342,1183,121,3,53.55,160.65,delivered,2024-12-23 13:50:15
343,1372,1790,4,20.15,80.60,pending,2024-07-19 10:49:41
344,761,1818,1,40.19,40.19,pending,2024-10-12 01:57:41
345,135,894,1,8.94,8.94,delivered,2025-01-11 00:37:45
346,71,1672,2,167.56,335.12,shipped,2024-08-25 16:10:18
347,1381,559,5,124.28,621.40,delivered,2024-09-07 22:27:37
348,1153,1739,5,116.52,582.60,cancelled,2025-04-15 09:14:52
349,451,863,4,74.30,297.20,shipped,2024-09-29 09:53:42
350,1198,816,1,54.21,54.21,cancelled,2024-10-21 13:51:11
351,613,1063,1,164.24,164.24,pending,2024-12-05 15:28:26
352,636,164,5,61.74,308.70,pending,2024-05-16 22:38:20
353,251,181,4,44.51,178.04,pending,2024-10-04 07:19:18
354,523,1143,3,129.19,387.57,processing,2025-03-23 06:40:51
355,1207,1567,1,5.56,5.56,cancelled,2024-06-04 18:21:51
356,1184,1972,3,119.89,359.67,processing,2024-09-13 22:57:32
357,822,481,1,28.50,28.50,delivered,2024-08-21 02:38:00
358,27,1393,4,57.28,229.12,shipped,2024-12-17 23:10:39
359,316,1549,5,185.37,926.85,cancelled,2024-12-10 14:44:58
360,931,699,2,151.24,302.48,processing,2025-04-25 00:20:09
361,961,1029,3,167.06,501.18,processing,2025-03-19 19:01:33
362,163,138,4,192.45,769.80,delivered,2024-11-12 23:48:17
363,1377,1014,5,47.28,236.40,pending,2024-05-26 13:23:12
364,291,1740,4,51.80,207.20,delivered,2025-03-13 08:18:23
365,968,360,2,19.04,38.08,pending,2024-12-26 14:22:21
366,529,1831,3,104.33,312.99,delivered,2024-09-22 18:00:35
367,1364,1643,3,46.86,140.58,pending,2024-06-24 11:38:18
368,427,1458,2,40.11,80.22,pending,2024-10-04 15:01:57
369,799,355,5,161.24,806.20,processing,2025-01-02 02:16:39
370,598,1978,2,62.02,124.04,cancelled,2024-10-17 09:53:05
371,144,1531,3,17.41,52.23,shipped,2024-12-14 23:10:26
372,116,561,3,174.92,524.76,cancelled,2025-02-01 02:09:56
373,427,262,1,131.19,131.19,cancelled,2024-09-23 00:49:23
374,1460,299,1,34.17,34.17,shipped,2025-03-28 03:57:28
375,1464,465,4,98.34,393.36,shipped,2024-12-07 06:01:00
376,1164,937,3,158.15,474.45,pending,2024-10-06 15:03:24
377,246,661,5,99.56,497.80,delivered,2024-05-31 11:06:08
378,68,1882,5,80.48,402.40,pending,2025-03-03 18:08:21
379,243,1502,1,78.48,78.48,pending,2025-01-01 20:35:43
380,499,1623,5,124.51,622.55,shipped,2025-04-29 17:48:23
381,134,1096,1,58.21,58.21,cancelled,2024-10-26 09:45:01
382,483,162,4,67.55,270.20,processing,2024-12-23 18:35:50
383,1020,823,5,41.76,208.80,processing,2024-08-24 23:52:56
384,1034,312,3,134.07,402.21,processing,2024-08-28 17:11:57
385,349,1406,3,39.86,119.58,cancelled,2025-01-28 00:27:25
386,995,1718,2,8.83,17.66,delivered,2024-06-12 04:07:32
387,365,1684,4,151.87,607.48,processing,2024-12-09 00:31:21
388,911,1457,1,55.91,55.91,delivered,2025-01-05 19:22:05
389,406,1728,1,18.12,18.12,processing,2025-02-08 12:47:49
390,479,1329,1,69.35,69.35,shipped,2025-02-09 10:43:06
391,460,207,1,68.47,68.47,pending,2025-02-09 20:03:53
392,1488,1961,2,43.64,87.28,shipped,2025-02-11 14:51:06
393,558,1150,5,98.38,491.90,delivered,2024-07-15 02:54:25
394,651,1557,3,44.54,133.62,shipped,2024-11-07 04:47:04
395,874,1688,4,90.33,361.32,cancelled,2024-05-16 04:53:12
396,1312,1553,3,132.34,397.02,pending,2024-05-31 06:38:30
397,744,1301,3,176.60,529.80,pending,2025-04-09 05:13:41
398,883,1376,3,57.94,173.82,delivered,2024-11-10 04:35:22
399,129,581,2,184.11,368.22,pending,2024-05-15 21:40:25
400,980,1098,4,186.64,746.56,delivered,2024-09-09 15:47:11
401,246,1337,3,130.39,391.17,shipped,2024-10-01 14:23:07
402,814,1261,2,125.93,251.86,processing,2025-04-04 15:34:49
403,149,1622,4,199.03,796.12,cancelled,2024-05-17 11:21:33
404,968,747,2,187.49,374.98,cancelled,2024-09-10 17:48:49
405,1321,1010,4,128.03,512.12,cancelled,2024-06-29 19:41:48
406,688,1992,4,153.93,615.72,shipped,2024-09-17 17:56:28
407,918,1163,5,164.81,824.05,processing,2025-03-29 14:55:37
408,771,11,5,155.15,775.75,processing,2024-11-29 10:59:52
409,621,839,1,177.17,177.17,shipped,2024-12-20 06:25:58
410,328,750,3,132.78,398.34,delivered,2024-09-05 16:33:48
411,1248,1640,5,22.76,113.80,pending,2024-05-27 02:49:01
412,874,1529,3,188.30,564.90,cancelled,2025-01-31 15:46:06
413,1206,288,2,26.77,53.54,cancelled,2024-05-11 17:57:45
414,1108,1877,5,62.24,311.20,cancelled,2024-07-25 13:09:35
415,354,1570,3,146.33,438.99,processing,2024-08-09 17:51:43
416,225,998,5,107.69,538.45,processing,2024-08-02 18:27:01
417,1416,1992,4,129.92,519.68,shipped,2025-02-24 14:53:01
418,1466,1843,3,5.23,15.69,cancelled,2024-06-07 16:33:28
419,446,1351,1,198.22,198.22,delivered,2025-01-20 00:57:03
420,27,1819,2,71.24,142.48,cancelled,2025-01-21 00:25:50
421,1023,753,2,63.48,126.96,delivered,2024-05-16 04:36:22
422,924,211,2,9.14,18.28,processing,2025-02-09 05:19:08
423,1024,506,4,128.73,514.92,delivered,2024-10-16 21:50:52
424,1450,259,5,182.50,912.50,pending,2025-01-03 23:00:04
425,1225,921,5,75.16,375.80,pending,2024-08-17 17:36:38
426,39,628,2,108.22,216.44,shipped,2025-02-02 17:31:35
427,681,1855,1,98.46,98.46,shipped,2024-10-26 23:09:16
428,777,1970,3,194.95,584.85,pending,2024-09-10 09:24:13
429,588,1799,4,61.50,246.00,shipped,2024-05-09 03:57:37
430,1293,115,5,66.38,331.90,cancelled,2024-06-26 18:53:33
431,1172,371,1,169.88,169.88,cancelled,2024-08-13 00:19:05
432,313,140,5,167.82,839.10,shipped,2024-11-26 13:17:46
433,28,1712,1,174.66,174.66,cancelled,2025-02-15 11:19:15
434,1102,1575,5,87.83,439.15,cancelled,2024-06-05 13:07:11
435,140,819,3,180.09,540.27,delivered,2025-04-20 01:42:59
436,1421,1543,1,120.44,120.44,delivered,2024-11-11 21:09:43
437,151,1136,4,127.11,508.44,processing,2025-01-13 04:51:18
438,1159,1806,2,179.48,358.96,delivered,2024-09-23 06:30:57
439,1309,346,3,44.24,132.72,cancelled,2024-08-16 14:21:27
440,499,1127,3,160.03,480.09,delivered,2024-06-12 00:08:30
441,151,414,1,84.40,84.40,cancelled,2025-03-12 19:55:55
442,487,909,2,173.06,346.12,cancelled,2024-10-21 00:04:26
443,1097,1907,1,8.58,8.58,delivered,2025-03-15 08:09:09
444,956,1152,5,42.56,212.80,shipped,2025-04-16 10:16:16
445,1099,1785,3,180.12,540.36,shipped,2024-08-09 06:27:21
446,1310,1641,5,28.25,141.25,pending,2025-02-04 13:33:12
447,1325,1255,1,50.58,50.58,delivered,2025-02-22 22:33:13
448,894,352,1,194.52,194.52,cancelled,2025-04-28 09:50:43
449,635,1254,1,69.90,69.90,cancelled,2024-09-30 18:48:03
450,1181,594,3,93.65,280.95,delivered,2024-08-31 22:31:15
451,1480,279,2,115.43,230.86,processing,2024-07-02 10:47:59
452,757,1783,3,133.37,400.11,delivered,2024-09-30 01:23:50
453,943,1035,1,108.92,108.92,pending,2024-08-27 09:58:04
454,1489,70,5,159.73,798.65,pending,2024-11-26 20:24:58
455,377,149,2,9.51,19.02,pending,2024-07-27 02:36:39
456,1297,1773,1,106.77,106.77,delivered,2024-12-26 12:16:14
457,454,905,1,9.75,9.75,pending,2024-11-27 08:57:50
458,1016,673,5,70.78,353.90,processing,2024-09-11 09:58:32
459,1215,1535,5,26.23,131.15,pending,2025-04-20 17:57:07
460,185,555,5,33.73,168.65,delivered,2024-05-23 15:18:34
461,1352,586,1,148.98,148.98,pending,2024-09-20 09:16:12
462,1051,777,5,58.06,290.30,delivered,2024-12-16 03:14:26
463,1186,500,4,195.79,783.16,delivered,2024-06-24 06:56:30
464,1496,1567,4,44.52,178.08,delivered,2024-09-10 09:41:18
465,432,1458,1,25.98,25.98,processing,2025-03-12 20:51:33
466,1423,690,1,72.84,72.84,pending,2024-07-20 04:39:01
467,873,1721,5,152.88,764.40,pending,2024-11-19 23:04:54
468,1310,600,3,147.89,443.67,pending,2025-03-12 15:20:36
469,881,1661,4,33.36,133.44,cancelled,2024-06-08 21:36:45
470,606,1668,1,37.95,37.95,cancelled,2024-10-29 03:41:28
471,1173,957,4,104.36,417.44,delivered,2025-01-18 01:19:53
472,102,862,4,177.23,708.92,processing,2025-04-25 09:37:34
473,1406,1842,1,190.60,190.60,processing,2024-09-14 23:32:40
474,1301,1030,2,175.02,350.04,cancelled,2024-05-23 17:34:45
475,696,1701,4,152.64,610.56,delivered,2024-08-27 18:50:45
476,499,1749,2,133.18,266.36,cancelled,2024-07-01 11:03:12
477,549,1586,5,26.84,134.20,shipped,2024-12-21 10:55:43
478,1184,1194,2,56.53,113.06,cancelled,2024-08-04 07:33:11
479,610,537,3,149.18,447.54,delivered,2024-10-27 14:57:02
480,509,447,2,142.38,284.76,pending,2024-11-10 15:22:45
481,1445,836,1,28.33,28.33,cancelled,2025-04-25 01:15:50
482,138,497,1,25.26,25.26,pending,2024-10-20 00:54:24
483,1227,541,1,77.96,77.96,shipped,2024-12-17 14:46:59
484,89,1120,4,88.03,352.12,processing,2024-09-20 19:08:14
485,1320,1507,2,175.52,351.04,delivered,2025-04-20 11:52:16
486,779,939,1,141.29,141.29,processing,2024-08-21 19:21:38
487,472,816,3,31.64,94.92,cancelled,2024-07-08 01:40:14
488,830,1762,5,62.23,311.15,processing,2024-09-19 20:18:26
489,820,158,1,125.74,125.74,pending,2025-01-08 23:44:15
490,379,113,3,198.77,596.31,delivered,2024-09-11 13:47:08
491,579,1682,5,56.27,281.35,pending,2024-05-26 05:49:03
492,1407,1054,4,113.46,453.84,processing,2024-06-01 23:36:33
493,14,988,1,156.83,156.83,delivered,2025-04-18 21:30:57
494,1292,762,4,138.99,555.96,delivered,2024-06-06 01:11:47
495,1069,1823,4,33.81,135.24,processing,2024-09-22 12:09:05
496,651,1763,4,151.06,604.24,delivered,2024-12-17 06:50:46
497,1417,1561,5,181.33,906.65,processing,2025-03-28 05:44:12
498,560,933,3,186.43,559.29,shipped,2025-03-16 05:32:57
499,1400,1109,4,21.67,86.68,shipped,2024-09-30 14:35:07
500,109,1531,5,48.00,240.00,pending,2025-03-14 22:09:39
501,833,1463,3,37.09,111.27,cancelled,2024-12-29 11:25:11
502,969,109,5,38.05,190.25,shipped,2025-03-10 09:25:17
503,36,1336,1,105.12,105.12,pending,2024-10-08 21:59:34
504,1449,436,2,10.29,20.58,shipped,2025-03-22 03:16:10
505,926,690,1,38.05,38.05,pending,2025-02-04 09:02:21
506,1148,395,5,31.10,155.50,delivered,2025-03-19 14:11:14
507,912,1920,1,23.31,23.31,shipped,2025-02-15 09:37:04
508,906,422,2,125.48,250.96,pending,2024-10-13 08:22:54
509,526,374,1,46.84,46.84,shipped,2024-09-10 06:18:07
510,573,137,4,166.18,664.72,delivered,2025-04-14 03:46:49
511,990,1062,2,68.83,137.66,shipped,2024-10-27 06:11:28
512,244,1984,4,171.40,685.60,pending,2024-06-19 14:43:02
513,1034,982,4,186.87,747.48,delivered,2024-12-05 21:28:06
514,183,1269,1,120.77,120.77,delivered,2024-10-27 17:31:41
515,819,942,4,108.48,433.92,pending,2024-12-07 16:44:13
516,460,1256,4,94.27,377.08,pending,2024-09-07 16:08:47
517,697,715,1,196.69,196.69,shipped,2024-11-17 07:30:13
518,310,772,1,193.12,193.12,shipped,2025-01-09 10:01:24
519,563,462,4,6.06,24.24,cancelled,2025-02-13 05:26:50
520,240,1416,1,110.63,110.63,shipped,2024-05-23 13:47:43
521,680,1035,4,80.85,323.40,processing,2024-10-26 21:31:56
522,626,1431,5,16.34,81.70,pending,2024-10-28 07:05:49
523,1149,1730,3,113.31,339.93,pending,2024-06-02 05:02:02
524,50,1927,2,111.58,223.16,pending,2025-01-05 11:24:57
525,506,210,3,54.38,163.14,shipped,2024-11-19 10:36:12
526,660,54,1,196.46,196.46,cancelled,2024-07-11 09:12:12
527,349,1362,2,148.10,296.20,shipped,2024-08-03 13:41:09
528,270,1065,4,174.96,699.84,pending,2024-09-19 10:36:17
529,1131,1646,4,114.11,456.44,pending,2025-01-10 17:43:21
530,1013,937,2,125.69,251.38,cancelled,2025-03-05 14:42:30
531,1500,133,2,132.96,265.92,processing,2024-05-30 22:44:45
532,340,1962,4,41.68,166.72,processing,2025-01-03 03:52:46
533,168,1616,5,80.95,404.75,delivered,2024-11-02 10:24:21
534,449,1627,4,185.30,741.20,pending,2024-10-05 17:25:56
535,1252,1853,3,114.47,343.41,shipped,2024-07-11 07:09:47
536,630,802,3,14.47,43.41,processing,2024-05-06 11:57:17
537,80,1938,1,70.35,70.35,shipped,2024-09-20 14:51:19
538,627,1170,4,62.50,250.00,delivered,2024-05-10 23:57:05
539,292,1997,1,106.07,106.07,shipped,2024-06-13 04:05:44
540,924,1621,3,115.14,345.42,shipped,2025-04-23 05:19:35
541,731,934,1,163.38,163.38,processing,2025-01-29 21:33:47
542,555,311,5,158.01,790.05,shipped,2024-09-11 14:32:16
543,1322,1527,3,62.10,186.30,cancelled,2024-06-25 06:00:05
544,10,399,5,48.35,241.75,processing,2025-03-20 22:57:11
545,508,904,4,25.95,103.80,processing,2025-01-28 18:22:15
546,1008,1744,1,73.17,73.17,pending,2024-09-06 02:22:38
547,369,919,5,71.04,355.20,cancelled,2024-09-16 04:59:08
548,26,1291,4,182.84,731.36,cancelled,2024-12-23 21:50:30
549,127,533,1,194.80,194.80,cancelled,2025-02-24 19:36:58
550,458,851,2,93.41,186.82,processing,2025-03-28 23:52:24
551,1042,1894,3,111.74,335.22,cancelled,2025-01-16 16:08:56
552,995,1982,4,156.31,625.24,cancelled,2025-03-01 18:09:21
553,1387,1788,2,141.95,283.90,delivered,2025-01-05 01:05:50
554,760,673,4,8.10,32.40,processing,2024-11-01 02:19:15
555,604,1373,2,56.48,112.96,pending,2024-07-11 04:16:59
556,1183,765,5,5.64,28.20,processing,2025-04-24 16:13:45
557,902,268,5,93.54,467.70,processing,2024-05-30 17:14:54
558,1304,1862,4,89.02,356.08,cancelled,2024-06-09 01:32:36
559,728,1252,1,41.38,41.38,delivered,2024-07-09 17:43:06
560,14,1512,3,76.67,230.01,pending,2025-03-21 11:09:43
561,448,635,3,41.01,123.03,delivered,2025-03-01 03:33:43
562,469,275,5,119.62,598.10,processing,2024-10-09 18:38:11
563,717,1454,5,155.59,777.95,pending,2025-02-18 01:02:05
564,1341,1090,1,89.88,89.88,shipped,2024-06-08 10:34:49
565,735,1889,2,9.54,19.08,pending,2024-10-23 01:59:42
566,1393,1643,3,135.81,407.43,cancelled,2024-10-31 07:04:07
567,1102,973,2,121.06,242.12,processing,2025-02-19 20:24:42
568,1218,1639,3,143.00,429.00,shipped,2024-10-09 11:22:59
569,1283,438,3,147.53,442.59,shipped,2024-05-17 08:25:45
570,520,1466,2,33.20,66.40,shipped,2024-05-03 09:45:51
571,591,260,5,172.40,862.00,processing,2024-12-20 18:31:25
572,238,1711,2,77.64,155.28,pending,2024-06-23 16:37:48
573,674,255,1,123.39,123.39,delivered,2024-07-03 19:28:55
574,597,1611,4,157.89,631.56,pending,2024-09-15 06:53:50
575,64,951,5,189.12,945.60,delivered,2024-10-29 17:51:27
576,1176,1396,3,132.66,397.98,cancelled,2024-05-15 15:44:03
577,1122,102,2,123.54,247.08,pending,2024-07-14 07:14:18
578,488,822,1,30.06,30.06,shipped,2024-07-02 04:17:22
579,265,1347,1,112.10,112.10,delivered,2024-10-05 23:22:11
580,1278,1009,1,193.55,193.55,delivered,2024-08-31 22:28:31
581,720,1978,1,166.27,166.27,delivered,2024-12-09 07:36:44
582,510,537,5,27.31,136.55,processing,2024-05-01 22:18:36
583,792,1225,1,101.03,101.03,pending,2024-08-15 15:12:38
584,1009,1787,5,176.16,880.80,shipped,2024-07-13 04:38:49
585,1231,71,5,170.15,850.75,shipped,2024-09-21 08:58:09
586,1030,162,3,132.34,397.02,shipped,2024-10-05 00:18:43
587,712,674,5,134.20,671.00,processing,2024-07-27 03:36:32
588,916,402,4,115.27,461.08,pending,2024-07-19 09:41:39
589,352,1551,2,7.76,15.52,cancelled,2025-01-02 22:56:15
590,750,1734,5,59.24,296.20,pending,2025-02-13 05:43:51
591,811,664,3,52.36,157.08,cancelled,2025-03-08 23:51:28
592,1022,366,5,42.72,213.60,processing,2025-04-23 16:30:35
593,702,500,1,136.43,136.43,shipped,2024-12-06 09:37:26
594,678,857,4,74.63,298.52,processing,2025-04-29 06:01:12
595,1254,1126,1,10.15,10.15,shipped,2025-01-03 16:21:15
596,216,689,2,170.63,341.26,processing,2024-08-18 19:47:32
597,649,999,4,12.73,50.92,cancelled,2024-09-26 15:31:26
598,728,1342,3,177.32,531.96,shipped,2024-06-19 20:32:53
599,541,1622,5,196.82,984.10,pending,2024-08-31 17:40:13
600,939,701,4,17.68,70.72,shipped,2024-05-03 02:33:52
601,899,685,1,147.56,147.56,shipped,2025-01-15 17:01:27
602,64,410,1,16.04,16.04,pending,2024-09-21 20:46:37
603,96,1607,4,100.44,401.76,pending,2025-01-04 22:38:26
604,1190,989,1,130.90,130.90,processing,2024-08-07 08:33:31
605,354,1224,2,170.46,340.92,shipped,2025-04-27 02:30:30
606,986,1696,5,123.34,616.70,pending,2024-08-31 01:29:37
607,677,1248,1,154.61,154.61,processing,2024-10-25 22:54:26
608,1491,1846,2,157.50,315.00,processing,2024-09-13 12:41:43
609,264,458,3,156.76,470.28,delivered,2024-11-24 22:36:20
610,200,1551,4,75.62,302.48,pending,2025-03-22 18:42:55
611,964,1530,1,185.20,185.20,delivered,2024-11-05 05:24:20
612,190,549,2,155.85,311.70,pending,2024-09-04 05:22:53
613,1347,388,1,188.38,188.38,processing,2024-11-21 07:13:03
614,1355,440,1,54.32,54.32,pending,2024-10-20 02:27:54
615,613,966,2,27.44,54.88,cancelled,2025-03-25 18:27:24
616,1407,1573,4,136.84,547.36,shipped,2024-05-28 08:35:26
617,49,1928,1,94.93,94.93,shipped,2024-05-13 14:44:43
618,522,1586,4,60.37,241.48,processing,2024-08-26 17:24:18
619,906,821,5,55.98,279.90,shipped,2025-03-24 08:13:50
620,1415,488,5,135.90,679.50,processing,2024-12-17 02:05:17
621,54,1335,2,84.16,168.32,delivered,2025-02-09 00:39:04
622,1469,811,2,117.22,234.44,cancelled,2025-01-27 08:59:59
623,794,1500,2,88.57,177.14,shipped,2024-12-03 01:49:48
624,225,1150,4,10.04,40.16,delivered,2024-10-22 11:56:40
625,1470,93,2,170.64,341.28,cancelled,2025-04-20 17:36:58
626,58,1014,3,57.02,171.06,shipped,2025-01-02 10:14:16
627,383,1742,5,91.03,455.15,shipped,2025-03-27 16:02:43
628,812,1018,3,58.25,174.75,pending,2024-11-17 01:47:36
629,781,960,5,40.34,201.70,processing,2024-12-11 13:15:25
630,1257,680,5,26.03,130.15,pending,2025-04-22 02:38:35
631,53,945,5,153.92,769.60,processing,2025-02-18 23:15:15
632,530,571,3,74.99,224.97,shipped,2024-05-23 10:16:07
633,254,482,4,20.89,83.56,processing,2024-10-02 20:17:42
634,963,458,2,110.93,221.86,pending,2025-04-13 07:56:21
635,661,1234,5,182.51,912.55,delivered,2025-02-05 18:30:25
636,309,924,3,120.44,361.32,cancelled,2024-12-16 17:36:05
637,18,753,1,178.10,178.10,delivered,2024-06-05 16:46:31
638,748,991,2,195.96,391.92,pending,2025-02-24 07:57:49
639,753,1651,4,60.64,242.56,cancelled,2024-06-04 19:24:04
640,794,1294,5,180.39,901.95,pending,2025-01-21 13:09:51
641,727,367,2,39.88,79.76,processing,2024-07-27 14:42:24
642,1318,1614,2,87.43,174.86,pending,2025-02-23 01:29:26
643,1135,1606,1,48.87,48.87,pending,2024-10-12 12:06:51
644,1246,9,3,8.73,26.19,pending,2024-09-28 03:20:48
645,605,1174,2,14.72,29.44,cancelled,2024-07-11 14:33:37
646,587,1576,3,37.61,112.83,processing,2024-11-10 03:55:21
647,1114,716,4,71.23,284.92,cancelled,2024-12-18 10:32:59
648,713,475,2,117.58,235.16,pending,2024-08-30 22:52:34
649,316,1767,1,106.37,106.37,shipped,2024-11-04 23:57:00
650,121,174,5,81.60,408.00,delivered,2024-06-15 22:31:04
651,1013,1796,2,21.97,43.94,pending,2024-08-10 04:33:48
652,563,54,1,95.51,95.51,pending,2024-06-26 00:58:46
653,530,170,2,109.08,218.16,cancelled,2024-08-05 09:06:20
654,927,767,5,140.17,700.85,processing,2025-02-18 10:25:48
655,62,1164,4,77.09,308.36,delivered,2025-01-30 06:53:21
656,509,1032,2,32.28,64.56,cancelled,2025-03-26 09:22:26
657,67,853,3,176.24,528.72,cancelled,2024-11-09 13:13:18
658,477,560,1,88.41,88.41,cancelled,2024-05-30 15:05:58
659,1117,11,5,167.80,839.00,shipped,2024-10-07 22:40:43
660,605,988,4,182.53,730.12,pending,2024-11-10 15:59:26
661,221,27,2,88.94,177.88,processing,2024-12-30 07:36:39
662,917,6,4,13.00,52.00,delivered,2024-07-10 18:33:01
663,769,36,3,23.93,71.79,shipped,2024-06-24 22:14:19
664,241,1681,4,23.01,92.04,processing,2024-11-01 10:32:40
665,1003,1235,5,14.72,73.60,delivered,2024-09-12 16:13:45
666,782,449,3,114.39,343.17,delivered,2024-11-08 17:12:32
667,286,619,4,97.42,389.68,pending,2025-04-11 16:45:03
668,282,1482,1,6.11,6.11,delivered,2024-10-09 19:29:23
669,7,162,5,190.51,952.55,shipped,2024-09-25 13:19:10
670,465,1517,4,71.24,284.96,processing,2024-09-25 07:59:42
671,856,1642,5,196.45,982.25,shipped,2024-12-10 18:54:32
672,485,1343,1,53.53,53.53,shipped,2024-11-15 06:16:11
673,1246,1498,2,169.10,338.20,processing,2024-09-13 11:49:53
674,1399,727,1,174.79,174.79,shipped,2024-06-14 04:17:56
675,445,571,4,31.21,124.84,delivered,2024-12-14 07:05:36
676,1118,1439,4,157.75,631.00,pending,2024-12-11 20:43:01
677,725,908,1,139.13,139.13,cancelled,2024-07-22 00:46:37
678,1110,726,4,36.95,147.80,processing,2024-10-29 21:26:27
679,816,479,5,104.09,520.45,pending,2024-10-26 17:25:40
680,736,136,4,97.59,390.36,cancelled,2024-05-31 13:15:34
681,1026,1685,3,86.52,259.56,cancelled,2024-05-10 04:40:13
682,1241,420,1,181.30,181.30,shipped,2025-04-25 12:08:39
683,879,858,1,88.51,88.51,shipped,2024-09-27 07:30:42
684,107,1701,1,135.94,135.94,processing,2025-03-31 10:10:30
685,678,857,2,149.56,299.12,cancelled,2024-08-19 20:20:57
686,222,663,5,165.36,826.80,cancelled,2024-08-26 18:03:10
687,55,1572,1,186.97,186.97,shipped,2025-04-29 14:55:09
688,578,1625,5,100.63,503.15,pending,2025-01-29 13:58:10
689,350,1688,5,80.24,401.20,shipped,2025-04-29 17:06:25
690,1399,1644,1,52.12,52.12,shipped,2024-09-20 06:30:07
691,680,501,4,117.56,470.24,shipped,2024-11-10 16:37:34
692,312,683,4,181.37,725.48,pending,2024-08-15 06:53:26
693,569,562,2,144.31,288.62,shipped,2025-03-05 18:22:21
694,1261,739,1,171.70,171.70,shipped,2024-12-21 13:46:25
695,1176,330,5,89.83,449.15,pending,2025-02-26 23:20:26
696,828,1349,4,38.78,155.12,cancelled,2025-04-24 00:24:46
697,892,87,4,122.52,490.08,pending,2025-02-04 02:03:49
698,1441,1100,4,67.75,271.00,shipped,2024-12-27 06:50:44
699,1258,786,5,172.34,861.70,shipped,2024-11-27 15:51:11
700,1083,1692,2,24.40,48.80,delivered,2024-09-02 13:10:54
701,353,1329,4,162.30,649.20,pending,2024-08-22 20:13:55
702,163,1914,1,33.36,33.36,pending,2025-01-16 01:06:39
703,813,353,5,184.05,920.25,delivered,2025-01-17 23:47:48
704,655,1552,5,123.51,617.55,cancelled,2024-05-23 21:18:36
705,495,949,5,57.73,288.65,pending,2024-05-28 00:28:59
706,393,1626,3,137.20,411.60,delivered,2024-06-13 05:36:56
707,153,616,5,179.67,898.35,shipped,2024-10-27 21:19:10
708,916,1661,2,181.48,362.96,shipped,2024-07-16 11:28:13
709,896,1936,1,155.32,155.32,pending,2025-04-24 10:35:53
710,814,1927,5,65.50,327.50,cancelled,2025-03-17 14:44:52
711,178,1234,3,146.51,439.53,delivered,2024-10-24 20:33:40
712,795,1578,4,170.05,680.20,pending,2025-01-24 17:28:12
713,1380,1497,3,32.20,96.60,cancelled,2024-08-30 02:10:14
714,1142,729,2,42.65,85.30,shipped,2024-06-01 22:14:55
715,890,1173,5,75.48,377.40,delivered,2025-04-18 08:36:49
716,672,1945,3,64.29,192.87,delivered,2024-08-23 07:23:11
717,758,1462,2,138.12,276.24,delivered,2024-12-01 02:06:25
718,293,1088,1,186.82,186.82,pending,2024-11-01 14:52:58
719,566,1880,3,94.33,282.99,pending,2025-01-28 03:48:26
720,173,1226,4,49.09,196.36,pending,2025-04-29 21:44:23
721,959,1295,5,124.90,624.50,pending,2024-08-04 21:28:49
722,300,249,4,187.11,748.44,delivered,2024-05-27 11:58:42
723,697,1281,2,112.34,224.68,delivered,2025-02-08 11:30:44
724,981,495,4,48.68,194.72,delivered,2024-09-27 18:57:42
725,1008,1304,3,92.49,277.47,cancelled,2024-07-02 07:46:39
726,562,1312,5,55.15,275.75,pending,2024-11-03 20:41:51
727,1351,635,4,43.50,174.00,delivered,2024-07-11 03:18:27
728,961,842,2,60.24,120.48,delivered,2024-10-29 00:17:47
729,226,148,5,10.93,54.65,delivered,2024-11-10 02:56:53
730,1488,1233,4,137.97,551.88,cancelled,2025-04-06 21:09:16
731,551,1029,4,161.88,647.52,processing,2024-07-08 23:37:11
732,622,572,5,159.20,796.00,shipped,2024-06-14 15:10:57
733,993,593,3,144.68,434.04,pending,2024-05-07 03:06:07
734,932,1278,4,192.81,771.24,shipped,2024-10-12 11:13:40
735,216,689,5,148.25,741.25,delivered,2024-05-12 08:14:21
736,489,1898,4,89.65,358.60,cancelled,2024-08-16 19:04:04
737,187,365,2,183.67,367.34,delivered,2024-09-05 13:53:53
738,426,566,3,118.98,356.94,cancelled,2024-07-06 13:49:44
739,853,282,3,177.79,533.37,pending,2024-12-16 02:18:03
740,559,763,4,10.74,42.96,pending,2024-12-09 19:25:56
741,981,232,2,72.09,144.18,delivered,2024-10-25 15:36:11
742,719,1500,5,134.97,674.85,shipped,2024-09-16 22:39:07
743,372,947,4,169.40,677.60,delivered,2025-03-20 23:03:28
744,398,1160,1,156.55,156.55,delivered,2025-01-25 04:00:15
745,472,1459,5,70.21,351.05,processing,2024-05-08 08:37:37
746,31,1386,5,124.18,620.90,processing,2025-01-28 21:24:36
747,559,283,5,131.93,659.65,delivered,2024-07-22 20:07:00
748,741,956,3,27.33,81.99,pending,2024-12-22 04:38:55
749,255,1496,2,105.57,211.14,shipped,2024-07-05 16:06:33
750,328,1631,3,108.92,326.76,shipped,2024-07-21 17:06:50
751,808,555,3,156.99,470.97,cancelled,2025-03-30 23:54:51
752,1178,434,2,140.26,280.52,processing,2025-04-13 10:37:48
753,1241,1890,3,169.30,507.90,shipped,2024-11-21 14:35:13
754,1194,467,3,27.10,81.30,cancelled,2025-02-16 00:30:34
755,610,537,1,195.46,195.46,shipped,2024-05-20 03:15:00
756,1235,753,2,24.41,48.82,pending,2025-03-14 07:10:41
757,960,1063,3,158.75,476.25,delivered,2024-11-07 05:41:23
758,863,1182,1,155.85,155.85,shipped,2024-08-03 08:16:34
759,1133,597,5,127.78,638.90,cancelled,2024-10-13 18:54:55
760,1030,1902,2,126.61,253.22,shipped,2024-10-01 11:52:06
761,1183,1782,1,196.02,196.02,pending,2024-11-09 04:56:42
762,579,1682,3,27.54,82.62,shipped,2025-01-05 14:05:10
763,1008,984,3,51.00,153.00,processing,2025-02-12 14:39:28
764,582,1287,5,142.55,712.75,shipped,2025-02-10 14:35:59
765,861,1160,3,109.34,328.02,shipped,2024-07-30 16:47:16
766,566,1880,1,12.52,12.52,processing,2024-06-03 10:34:50
767,863,741,4,40.75,163.00,cancelled,2024-08-02 03:39:14
768,466,206,1,8.11,8.11,cancelled,2025-03-05 04:06:46
769,1003,1348,2,130.31,260.62,processing,2024-06-05 20:25:45
770,145,443,4,151.48,605.92,delivered,2025-02-26 18:12:28
771,1140,1535,1,89.15,89.15,delivered,2024-05-24 01:27:17
772,527,1507,3,73.31,219.93,delivered,2024-12-10 08:34:41
773,394,1406,4,143.79,575.16,processing,2024-12-06 16:11:32
774,1101,299,5,189.60,948.00,delivered,2025-04-15 11:20:14
775,432,1560,3,139.86,419.58,pending,2024-06-09 17:04:39
776,994,1282,2,184.12,368.24,processing,2024-10-17 17:11:16
777,291,100,4,112.75,451.00,pending,2024-08-25 02:15:34
778,673,1175,1,129.88,129.88,cancelled,2024-11-28 07:42:44
779,649,999,1,142.43,142.43,delivered,2024-11-04 06:28:07
780,772,273,4,88.73,354.92,delivered,2025-04-26 22:18:25
781,551,1639,2,174.83,349.66,cancelled,2024-08-25 22:38:52
782,654,1088,4,44.96,179.84,delivered,2025-01-15 19:57:15
783,1431,1081,4,100.18,400.72,shipped,2024-08-03 00:58:29
784,131,778,4,87.45,349.80,delivered,2024-07-27 00:21:03
785,676,342,2,98.49,196.98,delivered,2024-07-31 03:32:23
786,909,1877,1,97.77,97.77,delivered,2024-06-06 06:04:09
787,718,513,3,25.99,77.97,shipped,2024-08-06 08:35:40
788,1268,1374,4,45.50,182.00,delivered,2025-04-12 09:09:44
789,1332,1668,4,62.39,249.56,cancelled,2024-10-16 05:14:48
790,1149,1358,2,46.91,93.82,delivered,2025-04-11 06:49:42
791,281,1984,5,55.51,277.55,cancelled,2025-02-25 02:04:36
792,1124,931,3,141.11,423.33,cancelled,2025-04-24 05:31:31
793,727,21,1,178.54,178.54,delivered,2025-02-26 17:30:53
794,686,1293,5,66.75,333.75,shipped,2025-03-11 08:50:59
795,1473,662,4,16.21,64.84,delivered,2024-05-27 03:54:52
796,114,1018,3,147.29,441.87,pending,2025-04-13 20:18:15
797,312,456,5,152.43,762.15,delivered,2025-02-23 13:54:16
798,486,1579,4,19.60,78.40,processing,2024-09-23 04:54:38
799,1261,1166,3,60.85,182.55,delivered,2024-12-31 01:19:46
800,1189,431,3,53.29,159.87,processing,2024-06-19 13:53:52
801,1052,243,1,43.17,43.17,pending,2024-09-01 00:25:49
802,819,942,1,185.36,185.36,pending,2024-07-04 20:52:56
803,668,351,2,18.49,36.98,processing,2024-11-05 20:40:23
804,541,939,3,150.55,451.65,shipped,2024-05-21 21:10:22
805,1377,1014,4,35.30,141.20,cancelled,2024-12-29 06:11:21
806,1077,63,2,129.48,258.96,shipped,2025-03-23 16:23:45
807,302,1790,3,77.21,231.63,processing,2024-09-15 16:44:14
808,1205,447,5,192.95,964.75,shipped,2024-06-11 05:25:33
809,890,1103,5,168.91,844.55,delivered,2025-04-12 22:47:11
810,503,1940,5,109.42,547.10,shipped,2024-10-07 11:32:27
811,1111,1711,5,34.45,172.25,delivered,2024-12-30 12:30:33
812,287,1032,5,156.35,781.75,processing,2024-11-21 18:09:51
813,1015,1081,5,157.24,786.20,shipped,2024-11-04 22:56:40
814,212,371,3,55.49,166.47,processing,2024-08-11 12:52:45
815,156,398,3,199.34,598.02,cancelled,2025-02-26 15:58:26
816,505,332,3,197.61,592.83,cancelled,2024-05-15 23:21:36
817,982,615,4,188.91,755.64,processing,2024-09-14 03:58:47
818,933,1638,4,170.50,682.00,delivered,2024-12-05 17:48:25
819,1391,1902,3,48.69,146.07,pending,2024-09-20 00:48:02
820,984,1256,4,177.74,710.96,delivered,2024-07-29 02:41:50
821,889,1158,1,24.82,24.82,cancelled,2025-02-17 05:20:15
822,524,1179,4,33.85,135.40,pending,2024-10-14 02:34:53
823,610,1973,2,157.85,315.70,shipped,2024-11-19 14:27:25
824,84,1723,5,92.88,464.40,pending,2024-12-12 11:56:38
825,861,1689,4,157.18,628.72,cancelled,2024-06-12 14:21:44
826,530,771,3,8.40,25.20,delivered,2024-06-23 11:26:19
827,509,1032,4,125.62,502.48,cancelled,2025-02-18 18:06:54
828,522,328,5,115.37,576.85,processing,2024-07-22 20:28:11
829,308,1799,2,132.53,265.06,pending,2024-07-07 18:05:29
830,310,989,2,42.66,85.32,processing,2024-06-13 15:54:23
831,936,502,5,122.16,610.80,shipped,2024-10-06 18:37:47
832,1361,586,1,172.34,172.34,shipped,2024-05-09 05:05:46
833,1229,1429,4,31.22,124.88,shipped,2024-06-24 06:25:54
834,1114,1605,5,16.94,84.70,pending,2024-09-27 08:43:29
835,517,334,5,174.65,873.25,pending,2024-05-02 16:11:44
836,936,828,1,21.18,21.18,pending,2025-01-17 14:20:02
837,1411,1692,1,112.42,112.42,processing,2025-04-26 16:26:09
838,710,755,1,15.70,15.70,delivered,2024-12-24 01:17:18
839,33,139,1,73.98,73.98,shipped,2024-05-18 21:52:13
840,1339,182,1,168.39,168.39,pending,2024-12-03 23:26:46
841,1136,1239,1,77.66,77.66,delivered,2025-03-21 05:12:44
842,866,1131,3,128.53,385.59,cancelled,2024-11-28 07:10:11
843,217,1165,3,143.37,430.11,cancelled,2024-07-16 23:24:53
844,1082,1568,5,166.72,833.60,shipped,2024-06-24 07:48:54
845,1466,1872,5,194.40,972.00,processing,2025-04-18 17:23:59
846,1105,858,5,92.34,461.70,pending,2024-10-14 14:24:17
847,38,766,5,177.89,889.45,delivered,2024-07-21 19:27:18
848,1103,98,2,135.79,271.58,cancelled,2025-03-05 19:41:00
849,750,1719,2,144.37,288.74,delivered,2024-08-09 23:16:00
850,135,374,5,18.20,91.00,shipped,2024-10-13 01:39:44
851,162,711,4,113.30,453.20,processing,2024-06-13 20:16:59
852,938,1848,1,11.38,11.38,shipped,2025-02-14 09:55:11
853,543,1377,2,108.18,216.36,delivered,2025-02-03 15:04:02
854,532,903,1,142.22,142.22,delivered,2025-01-31 21:59:45
855,44,704,1,6.97,6.97,shipped,2024-11-22 12:56:57
856,1045,1172,4,136.70,546.80,cancelled,2024-06-01 01:46:20
857,647,1620,1,156.44,156.44,shipped,2025-02-09 02:57:55
858,240,1227,2,66.10,132.20,shipped,2024-11-15 04:54:45
859,34,1265,2,10.85,21.70,processing,2024-10-03 07:05:39
860,149,1614,3,193.72,581.16,shipped,2024-12-11 15:19:45
861,389,1488,1,89.87,89.87,processing,2025-03-20 00:13:20
862,4,1014,2,126.07,252.14,processing,2024-05-15 07:33:12
863,783,1536,5,181.47,907.35,pending,2024-07-10 20:04:32
864,515,118,4,153.21,612.84,pending,2024-08-22 17:28:18
865,168,381,4,141.58,566.32,pending,2025-01-18 21:33:28
866,822,303,3,140.29,420.87,cancelled,2024-11-26 00:22:55
867,1353,1495,2,116.58,233.16,pending,2024-09-22 03:49:21
868,427,1560,5,142.78,713.90,pending,2024-11-25 04:16:45
869,658,1617,5,81.32,406.60,processing,2025-01-18 14:37:32
870,1394,243,5,144.60,723.00,pending,2024-05-03 04:23:21
871,1209,760,5,95.35,476.75,shipped,2024-05-08 01:59:54
872,847,1040,2,16.50,33.00,cancelled,2024-11-20 18:45:13
873,927,1304,2,168.93,337.86,pending,2024-05-22 21:21:00
874,10,637,2,64.23,128.46,pending,2025-04-25 05:30:46
875,876,807,2,52.95,105.90,delivered,2024-11-22 20:14:18
876,807,1022,4,88.04,352.16,delivered,2024-12-20 01:18:22
877,1264,219,4,141.21,564.84,delivered,2024-06-15 20:00:04
878,744,420,2,91.13,182.26,processing,2024-09-10 05:40:32
879,642,86,3,175.44,526.32,processing,2024-09-21 23:10:30
880,713,1774,5,177.42,887.10,shipped,2024-12-23 11:09:52
881,1346,1500,2,130.97,261.94,cancelled,2025-03-18 10:00:00
882,902,1489,1,135.94,135.94,cancelled,2025-04-05 19:55:47
883,467,1685,5,37.11,185.55,processing,2024-10-08 16:43:14
884,1268,1374,4,121.91,487.64,pending,2024-11-24 02:14:57
885,141,1097,2,28.51,57.02,pending,2025-04-06 16:13:11
886,89,18,2,111.53,223.06,shipped,2024-11-12 13:11:02
887,69,1660,5,32.95,164.75,processing,2025-04-05 20:52:04
888,904,831,3,97.73,293.19,cancelled,2024-05-23 14:33:19
889,1076,1012,4,154.53,618.12,cancelled,2024-06-18 19:13:53
890,506,1663,4,192.91,771.64,cancelled,2025-02-22 13:27:02
891,463,1066,5,68.81,344.05,delivered,2024-08-24 19:13:12
892,372,1690,4,146.49,585.96,delivered,2024-05-14 07:14:40
893,133,33,2,128.63,257.26,processing,2025-04-25 00:24:51
894,1042,3,1,96.95,96.95,delivered,2024-07-03 07:02:00
895,1411,1274,5,60.53,302.65,cancelled,2024-06-26 18:21:27
896,1383,1859,4,143.47,573.88,cancelled,2025-04-13 09:47:46
897,1234,212,3,26.71,80.13,shipped,2024-09-10 13:58:43
898,466,1479,2,193.86,387.72,pending,2024-05-02 02:20:22
899,261,1301,5,98.57,492.85,processing,2024-09-24 07:57:35
900,1070,844,1,123.77,123.77,cancelled,2024-12-27 16:13:15
901,598,1168,2,196.48,392.96,cancelled,2025-01-28 16:02:00
902,1073,503,4,35.97,143.88,pending,2025-03-17 21:20:45
903,1229,88,3,141.93,425.79,cancelled,2024-10-11 04:12:38
904,1167,533,3,65.36,196.08,shipped,2024-06-07 02:56:46
905,909,1904,2,151.56,303.12,pending,2024-05-20 19:16:18
906,1195,753,1,7.52,7.52,cancelled,2024-07-09 07:33:49
907,744,980,1,34.60,34.60,delivered,2024-07-15 13:54:32
908,676,313,4,199.46,797.84,shipped,2024-09-15 10:26:11
909,1304,532,4,151.58,606.32,pending,2024-12-24 16:01:31
910,752,1534,3,58.84,176.52,pending,2024-10-09 11:19:43
911,1259,926,5,152.80,764.00,cancelled,2025-04-17 13:39:31
912,289,648,4,115.48,461.92,processing,2024-09-09 15:38:03
913,721,1501,3,167.25,501.75,delivered,2025-02-12 03:23:27
914,282,739,2,155.39,310.78,shipped,2025-04-28 00:21:32
915,445,771,1,9.42,9.42,delivered,2024-12-26 15:54:46
916,1095,1925,4,131.90,527.60,processing,2025-02-07 00:56:13
917,1312,1034,2,119.68,239.36,shipped,2024-12-27 18:18:08
918,272,621,2,92.38,184.76,cancelled,2024-09-14 22:20:36
919,1137,1840,2,42.90,85.80,pending,2025-01-25 04:44:30
920,1014,1309,2,187.87,375.74,shipped,2025-04-27 19:01:40
921,969,1557,4,95.30,381.20,cancelled,2024-08-01 02:55:53
922,1344,1567,2,30.51,61.02,processing,2024-08-01 08:28:47
923,1125,520,1,120.30,120.30,processing,2024-10-12 12:05:44
924,1333,1474,5,32.15,160.75,pending,2024-11-20 18:54:36
925,1460,1298,4,193.39,773.56,cancelled,2025-04-07 07:52:22
926,1129,1385,1,22.43,22.43,pending,2024-07-07 05:15:35
927,91,1701,2,87.21,174.42,shipped,2025-01-29 23:45:35
928,388,1908,2,118.75,237.50,pending,2024-10-31 18:40:19
929,638,1816,3,44.98,134.94,pending,2024-07-06 01:47:43
930,724,707,4,63.91,255.64,pending,2024-08-10 18:20:11
931,595,1565,2,158.61,317.22,processing,2024-10-19 14:08:04
932,604,1583,3,97.12,291.36,shipped,2025-04-06 23:30:09
933,1007,366,4,175.03,700.12,processing,2025-02-01 14:07:14
934,1302,1375,3,188.27,564.81,processing,2025-04-24 14:35:53
935,1229,308,3,86.56,259.68,delivered,2024-08-05 12:47:08
936,556,391,4,197.33,789.32,delivered,2024-11-18 00:15:25
937,753,1651,4,132.90,531.60,cancelled,2024-10-30 05:52:39
938,58,1152,5,24.29,121.45,pending,2025-02-17 16:19:25
939,956,1014,3,26.74,80.22,delivered,2025-02-02 01:02:43
940,54,1967,2,6.42,12.84,pending,2025-02-01 12:04:09
941,1201,689,1,10.45,10.45,processing,2025-04-22 19:50:16
942,445,771,1,43.73,43.73,delivered,2025-03-07 09:48:15
943,718,1734,1,110.67,110.67,pending,2025-01-15 11:30:24
944,707,1239,5,134.05,670.25,pending,2024-05-04 15:09:37
945,1387,429,4,11.70,46.80,processing,2024-07-30 12:38:26
946,1201,1359,2,83.77,167.54,shipped,2024-12-14 05:16:32
947,932,963,2,92.98,185.96,cancelled,2024-08-04 04:08:53
948,973,1587,4,58.29,233.16,cancelled,2024-11-19 03:32:20
949,1407,1054,4,168.49,673.96,pending,2025-01-29 04:58:48
950,346,1723,3,119.12,357.36,cancelled,2024-08-28 04:09:10
951,975,474,1,74.16,74.16,pending,2025-01-06 22:12:37
952,603,1492,2,163.22,326.44,cancelled,2024-09-19 08:52:36
953,636,344,5,34.97,174.85,shipped,2024-12-22 21:28:05
954,876,213,4,50.95,203.80,shipped,2024-06-14 15:54:29
955,1264,1885,1,89.41,89.41,pending,2025-02-07 03:58:50
956,679,14,4,141.03,564.12,processing,2025-02-18 08:28:42
957,430,1536,1,159.51,159.51,cancelled,2025-03-20 20:23:11
958,719,610,5,5.48,27.40,delivered,2025-01-02 06:37:30
959,690,1630,4,154.24,616.96,cancelled,2024-05-19 10:19:19
960,844,1339,2,79.39,158.78,processing,2025-02-28 07:47:19
961,508,674,3,119.29,357.87,cancelled,2025-04-02 06:59:02
962,846,1960,4,106.15,424.60,pending,2025-02-12 22:34:49
963,1371,905,3,58.54,175.62,cancelled,2024-11-04 07:24:59
964,425,891,4,121.35,485.40,shipped,2024-05-24 05:51:23
965,562,170,3,94.92,284.76,shipped,2024-07-26 01:32:35
966,1363,282,2,39.98,79.96,cancelled,2025-01-22 22:28:49
967,241,1927,5,190.95,954.75,processing,2024-12-10 15:11:00
968,1449,436,3,28.45,85.35,shipped,2025-01-24 08:05:40
969,628,1204,5,199.54,997.70,shipped,2024-08-10 19:31:40
970,797,700,3,99.05,297.15,delivered,2024-11-02 00:23:05
971,480,1884,3,18.84,56.52,pending,2025-04-08 09:27:23
972,1098,1520,1,129.81,129.81,shipped,2024-10-05 19:49:48
973,1284,1442,1,36.52,36.52,delivered,2025-04-15 00:34:05
974,362,1629,3,156.99,470.97,shipped,2024-11-23 03:19:29
975,1007,366,4,12.63,50.52,cancelled,2024-06-15 03:53:34
976,410,1466,5,61.07,305.35,cancelled,2024-06-17 02:45:41
977,525,1425,1,169.20,169.20,pending,2024-06-30 04:30:51
978,6,1298,5,127.93,639.65,cancelled,2024-07-23 21:19:50
979,31,350,3,92.16,276.48,shipped,2025-03-29 15:53:06
980,929,1397,3,85.37,256.11,pending,2024-12-27 14:47:34
981,632,214,4,55.88,223.52,shipped,2025-02-06 13:43:52
982,256,1982,5,79.23,396.15,shipped,2024-06-06 22:54:17
983,1043,624,2,175.31,350.62,shipped,2024-12-14 16:05:45
984,848,1419,3,29.87,89.61,delivered,2025-03-31 19:47:37
985,715,1838,4,47.49,189.96,pending,2025-03-15 18:30:56
986,1092,1367,3,63.75,191.25,pending,2025-02-27 17:40:35
987,1326,517,4,157.86,631.44,cancelled,2025-01-01 11:14:53
988,307,1854,5,82.50,412.50,processing,2025-02-03 01:08:02
989,788,1164,5,109.16,545.80,processing,2024-12-28 07:12:56
990,1443,1043,5,40.50,202.50,cancelled,2024-07-29 05:24:36
991,893,756,1,78.05,78.05,processing,2024-07-18 13:26:11
992,1168,172,3,52.21,156.63,cancelled,2024-11-09 07:29:28
993,1313,480,2,63.87,127.74,shipped,2024-07-30 12:51:26
994,1026,1685,3,77.32,231.96,pending,2025-04-02 05:19:04
995,370,686,2,145.90,291.80,pending,2024-11-07 00:20:34
996,693,1682,1,111.90,111.90,processing,2024-07-06 22:30:18
997,1319,192,2,127.05,254.10,pending,2024-09-24 16:06:43
998,397,696,4,13.85,55.40,processing,2025-04-20 19:40:43
999,1459,530,5,36.27,181.35,cancelled,2024-11-07 05:12:00
1000,414,1189,3,159.28,477.84,processing,2025-02-06 19:24:39
1001,1112,1440,4,88.11,352.44,delivered,2025-02-21 00:48:58
1002,1381,562,4,44.43,177.72,delivered,2024-10-29 10:04:48
1003,1409,509,3,169.03,507.09,cancelled,2024-08-25 06:24:12
1004,159,1019,3,92.50,277.50,cancelled,2025-04-23 00:09:01
1005,51,258,4,59.17,236.68,processing,2024-12-11 09:02:45
1006,888,1765,1,72.12,72.12,cancelled,2024-11-09 10:20:30
1007,633,1246,2,144.81,289.62,delivered,2024-06-06 18:33:24
1008,483,1902,4,123.33,493.32,pending,2025-01-07 19:13:12
1009,1335,38,1,120.47,120.47,delivered,2024-06-03 03:38:50
1010,885,1562,2,160.53,321.06,pending,2024-05-24 04:23:35
1011,354,972,2,129.10,258.20,shipped,2025-02-27 10:29:53
1012,1251,1927,3,64.87,194.61,cancelled,2025-02-07 00:30:38
1013,685,399,3,118.60,355.80,processing,2024-07-12 03:04:12
1014,1047,1267,2,145.07,290.14,pending,2025-04-01 05:39:21
1015,1044,668,4,58.05,232.20,processing,2025-04-23 03:15:52
1016,439,291,4,195.00,780.00,processing,2024-07-08 08:06:24
1017,658,1757,4,32.62,130.48,delivered,2024-12-12 08:03:46
1018,1322,683,2,81.82,163.64,shipped,2025-02-18 17:54:35
1019,168,1554,1,91.53,91.53,cancelled,2025-04-11 22:55:58
1020,1015,950,1,130.85,130.85,processing,2024-08-21 01:17:07
1021,876,126,5,152.53,762.65,pending,2024-10-23 01:50:01
1022,247,336,1,87.10,87.10,processing,2024-05-18 16:11:53
1023,258,478,4,80.02,320.08,pending,2025-04-20 17:31:17
1024,213,676,2,110.67,221.34,pending,2024-11-01 21:04:43
1025,273,776,3,91.68,275.04,delivered,2024-08-18 16:59:07
1026,1138,1282,3,92.29,276.87,pending,2024-07-04 16:02:35
1027,1129,1659,4,161.21,644.84,shipped,2024-10-04 07:47:18
1028,729,249,1,79.39,79.39,delivered,2025-04-05 15:54:07
1029,1019,583,5,176.82,884.10,shipped,2025-01-10 17:34:11
1030,992,1788,3,47.03,141.09,delivered,2025-04-09 00:38:50
1031,290,234,3,50.27,150.81,pending,2024-06-16 02:48:02
1032,136,1014,4,147.10,588.40,pending,2024-10-13 23:28:56
1033,593,285,5,149.49,747.45,processing,2024-12-26 01:22:53
1034,1199,630,3,145.47,436.41,processing,2024-08-15 05:46:41
1035,1399,1759,2,180.16,360.32,processing,2024-10-08 06:10:21
1036,434,304,5,154.30,771.50,pending,2025-01-28 21:36:33
1037,1442,1306,3,172.45,517.35,processing,2024-07-03 22:11:32
1038,1452,1993,3,121.39,364.17,pending,2024-11-15 05:51:11
1039,816,270,4,93.08,372.32,shipped,2024-11-02 13:01:59
1040,1065,282,2,130.64,261.28,pending,2024-09-27 21:06:33
1041,255,333,3,197.48,592.44,shipped,2025-03-24 05:48:07
1042,602,421,4,153.18,612.72,cancelled,2024-11-22 23:31:15
1043,1468,1246,4,104.49,417.96,processing,2024-07-20 21:28:05
1044,1050,675,3,37.89,113.67,cancelled,2025-01-07 07:17:08
1045,78,1578,5,34.12,170.60,processing,2025-05-01 00:29:43
1046,1473,1130,1,150.12,150.12,shipped,2024-11-06 18:03:01
1047,1256,93,1,28.97,28.97,shipped,2025-04-29 03:33:00
1048,437,1671,4,147.62,590.48,processing,2024-09-01 22:17:26
1049,730,606,5,134.52,672.60,shipped,2024-06-06 22:08:22
1050,427,1560,1,66.00,66.00,shipped,2025-03-05 18:44:15
1051,1233,200,4,10.70,42.80,delivered,2024-12-12 21:08:10
1052,1414,1389,4,151.50,606.00,delivered,2025-02-16 18:58:39
1053,790,678,1,71.91,71.91,delivered,2024-09-22 05:01:33
1054,1314,1433,1,28.15,28.15,cancelled,2024-09-30 02:43:00
1055,1106,530,5,157.62,788.10,delivered,2024-11-28 03:15:17
1056,936,524,2,122.89,245.78,pending,2024-05-07 04:51:30
1057,76,1655,1,133.98,133.98,processing,2024-05-26 01:29:37
1058,1223,436,4,20.60,82.40,delivered,2024-11-07 06:43:24
1059,190,1449,2,153.76,307.52,shipped,2024-08-18 15:15:01
1060,1421,1543,4,128.23,512.92,cancelled,2025-03-12 11:00:06
1061,342,553,1,140.51,140.51,delivered,2024-08-12 16:04:19
1062,795,1403,2,104.02,208.04,processing,2024-05-30 11:54:42
1063,1177,349,2,120.01,240.02,cancelled,2024-09-04 00:02:19
1064,933,1922,4,39.63,158.52,pending,2024-12-17 02:31:05
1065,800,520,5,29.96,149.80,shipped,2024-09-17 18:09:04
1066,1312,1034,3,43.58,130.74,processing,2025-02-13 01:58:35
1067,401,952,4,66.67,266.68,cancelled,2024-05-02 04:23:53
1068,1261,677,2,89.29,178.58,pending,2024-07-10 23:56:33
1069,282,1620,5,24.63,123.15,pending,2025-03-20 19:14:03
1070,853,1442,2,175.96,351.92,pending,2024-05-27 16:32:02
1071,138,1507,4,30.33,121.32,delivered,2025-03-24 18:38:01
1072,156,633,2,170.73,341.46,pending,2024-06-13 13:09:12
1073,866,1561,2,12.56,25.12,processing,2024-06-15 20:39:20
1074,282,1166,5,120.62,603.10,pending,2024-12-09 10:13:00
1075,760,673,3,41.21,123.63,delivered,2025-04-12 01:29:15
1076,239,537,5,65.44,327.20,delivered,2025-02-10 14:54:51
1077,561,1090,2,74.91,149.82,delivered,2025-04-24 11:49:37
1078,125,163,3,78.78,236.34,delivered,2025-04-27 13:55:17
1079,1113,985,1,155.91,155.91,pending,2025-01-04 15:12:23
1080,395,664,4,47.26,189.04,processing,2024-09-14 22:02:35
1081,924,858,3,100.03,300.09,delivered,2025-02-09 19:10:52
1082,737,967,4,60.55,242.20,delivered,2025-01-14 01:15:12
1083,202,639,4,103.60,414.40,cancelled,2024-06-28 23:31:42
1084,424,913,4,77.00,308.00,delivered,2024-11-30 17:12:14
1085,127,782,2,21.99,43.98,processing,2024-10-18 09:06:57
1086,180,1451,1,151.89,151.89,cancelled,2024-08-12 18:24:20
1087,694,1516,1,190.65,190.65,cancelled,2024-05-22 11:10:26
1088,70,408,4,111.24,444.96,shipped,2025-01-16 17:53:49
1089,870,1589,5,20.31,101.55,cancelled,2025-02-26 01:26:13
1090,1079,554,5,54.89,274.45,cancelled,2024-12-23 07:56:04
1091,1084,1548,5,138.70,693.50,cancelled,2025-04-16 03:15:50
1092,2,772,2,131.28,262.56,cancelled,2025-01-20 16:06:12
1093,296,672,3,62.74,188.22,shipped,2024-05-08 13:30:38
1094,1024,34,5,187.83,939.15,delivered,2024-11-23 08:05:44
1095,1298,201,4,24.66,98.64,delivered,2024-07-02 09:48:46
1096,1075,1793,1,173.11,173.11,processing,2024-06-04 00:18:09
1097,281,338,2,115.35,230.70,pending,2024-06-09 17:13:03
1098,1481,347,5,28.28,141.40,pending,2024-09-16 23:51:28
1099,1216,43,3,148.46,445.38,cancelled,2024-05-15 07:03:25
1100,1065,1957,3,152.63,457.89,cancelled,2025-03-02 14:24:37
1101,1126,1944,5,117.66,588.30,cancelled,2024-08-04 13:12:53
1102,1006,1019,2,101.16,202.32,processing,2025-04-28 19:02:28
1103,1471,568,3,63.28,189.84,processing,2024-12-17 17:41:51
1104,93,934,5,169.86,849.30,pending,2024-12-13 15:38:01
1105,87,550,4,99.96,399.84,shipped,2025-03-11 18:48:55
1106,518,1250,4,23.97,95.88,delivered,2025-03-31 10:10:58
1107,544,287,5,44.35,221.75,pending,2025-02-21 14:42:32
1108,780,1073,3,190.62,571.86,delivered,2024-12-23 14:34:34
1109,933,854,4,23.96,95.84,cancelled,2024-12-02 05:49:21
1110,1251,512,3,48.72,146.16,shipped,2024-10-13 14:08:02
1111,341,657,2,134.47,268.94,delivered,2025-04-08 20:31:04
1112,104,1014,2,163.64,327.28,delivered,2024-12-14 16:39:20
1113,1144,1660,4,10.60,42.40,cancelled,2025-03-16 15:02:21
1114,1421,913,5,139.55,697.75,delivered,2024-11-08 18:24:54
1115,159,967,4,83.26,333.04,shipped,2024-07-26 10:31:58
1116,480,670,1,156.27,156.27,processing,2025-03-16 23:12:36
1117,93,212,2,180.94,361.88,cancelled,2025-01-31 01:38:33
1118,1081,944,3,173.22,519.66,pending,2024-07-07 17:11:27
1119,1379,373,2,88.71,177.42,processing,2024-11-08 18:43:51
1120,299,779,1,167.28,167.28,shipped,2025-02-11 00:00:57
1121,1329,535,1,194.53,194.53,cancelled,2025-03-29 05:41:31
1122,284,1800,3,149.05,447.15,shipped,2025-04-27 02:59:24
1123,1152,1702,2,190.65,381.30,processing,2024-09-20 08:28:09
1124,783,1379,3,65.61,196.83,cancelled,2025-03-03 20:14:29
1125,555,1689,2,109.15,218.30,shipped,2024-11-15 00:51:16
1126,136,1014,5,150.73,753.65,processing,2024-10-12 02:58:24
1127,1344,1377,2,126.14,252.28,cancelled,2025-02-06 00:08:50
1128,1111,248,5,78.52,392.60,pending,2024-07-08 03:45:24
1129,700,1984,3,149.22,447.66,delivered,2025-01-23 08:55:54
1130,1157,11,4,20.98,83.92,cancelled,2024-07-20 16:39:05
1131,1483,682,1,107.09,107.09,processing,2025-03-27 14:42:50
1132,1327,1409,1,128.03,128.03,shipped,2024-06-17 09:30:52
1133,958,1289,4,103.77,415.08,cancelled,2024-12-12 12:45:47
1134,1182,1210,1,93.87,93.87,delivered,2024-05-17 16:50:50
1135,48,96,3,90.20,270.60,shipped,2025-01-13 04:37:18
1136,1011,204,1,85.57,85.57,pending,2024-07-03 11:33:42
1137,991,1814,1,137.69,137.69,cancelled,2024-05-19 23:14:10
1138,1348,399,5,86.83,434.15,delivered,2024-05-27 04:24:03
1139,1484,1167,5,131.58,657.90,pending,2024-09-01 21:56:42
1140,1066,1990,3,119.39,358.17,processing,2025-01-06 09:56:42
1141,268,293,4,158.78,635.12,delivered,2024-12-14 20:22:54
1142,801,1895,4,57.19,228.76,shipped,2024-11-07 23:06:41
1143,285,868,1,10.70,10.70,processing,2024-08-21 00:38:06
1144,1083,434,3,160.15,480.45,shipped,2025-01-03 23:33:28
1145,1027,1741,5,34.92,174.60,delivered,2024-08-20 09:20:21
1146,1038,914,5,135.54,677.70,shipped,2025-04-05 02:33:21
1147,235,381,4,22.00,88.00,cancelled,2024-06-05 04:12:53
1148,935,1551,2,59.36,118.72,processing,2024-06-14 22:09:39
1149,257,1270,2,88.50,177.00,shipped,2025-04-23 00:44:36
1150,1403,1981,1,95.62,95.62,cancelled,2024-09-09 10:55:01
1151,1269,347,4,86.35,345.40,processing,2024-11-22 01:31:16
1152,1127,154,1,132.51,132.51,pending,2024-09-12 13:45:13
1153,343,967,4,61.89,247.56,delivered,2025-02-20 16:22:07
1154,665,738,1,154.74,154.74,processing,2025-03-21 07:42:48
1155,1345,351,4,94.73,378.92,shipped,2025-02-09 07:18:15
1156,421,126,2,129.03,258.06,processing,2024-05-28 03:10:09
1157,545,1055,4,163.58,654.32,pending,2025-03-23 04:49:17
1158,384,181,5,182.85,914.25,processing,2024-12-04 12:20:43
1159,1301,1030,1,152.28,152.28,cancelled,2024-08-15 19:33:47
1160,1052,912,1,172.33,172.33,shipped,2025-01-11 15:32:03
1161,719,114,4,116.13,464.52,delivered,2024-07-23 21:25:21
1162,782,1611,5,84.70,423.50,processing,2024-09-20 11:31:32
1163,795,897,1,82.49,82.49,processing,2024-07-25 04:30:11
1164,985,1347,2,173.06,346.12,shipped,2024-06-18 23:48:46
1165,232,1880,2,136.90,273.80,processing,2024-05-15 06:52:26
1166,865,1605,3,17.93,53.79,processing,2025-03-17 04:04:52
1167,459,985,5,148.39,741.95,cancelled,2024-10-16 18:10:59
1168,302,1790,5,68.31,341.55,processing,2024-12-05 19:44:54
1169,813,353,1,91.13,91.13,shipped,2024-08-24 18:46:36
1170,528,1042,5,50.85,254.25,delivered,2025-04-07 00:01:05
1171,39,1564,2,29.51,59.02,pending,2025-04-18 06:17:16
1172,483,1269,5,35.46,177.30,processing,2024-12-21 08:32:52
1173,1083,1274,2,6.66,13.32,shipped,2024-09-25 08:30:49
1174,947,1549,2,30.08,60.16,shipped,2025-01-06 20:05:09
1175,147,472,2,32.24,64.48,shipped,2024-11-28 13:33:58
1176,1336,9,4,125.57,502.28,pending,2024-06-18 00:18:23
1177,137,1081,5,54.08,270.40,pending,2025-01-26 23:16:01
1178,850,1740,1,109.77,109.77,delivered,2025-03-01 01:49:33
1179,1486,1810,2,148.40,296.80,shipped,2024-10-10 12:26:07
1180,899,700,1,83.02,83.02,pending,2025-03-15 04:29:20
1181,293,1088,3,92.81,278.43,cancelled,2024-10-23 02:15:42
1182,527,1507,1,34.80,34.80,cancelled,2024-06-01 23:45:13
1183,650,1655,4,95.65,382.60,cancelled,2024-11-16 04:01:11
1184,1144,760,5,17.43,87.15,delivered,2025-01-11 08:51:09
1185,1266,1394,3,123.61,370.83,pending,2024-10-12 06:55:02
1186,475,905,2,161.18,322.36,cancelled,2024-05-17 08:10:03
1187,1142,1722,1,15.72,15.72,shipped,2024-07-22 14:02:18
1188,492,1246,1,7.32,7.32,cancelled,2024-09-10 12:46:34
1189,1457,147,5,181.25,906.25,pending,2024-10-11 22:46:07
1190,916,1738,2,122.45,244.90,delivered,2025-04-29 13:56:38
1191,201,247,3,161.71,485.13,delivered,2025-01-04 11:47:46
1192,285,262,5,55.23,276.15,shipped,2025-04-08 00:09:35
1193,421,126,5,8.06,40.30,delivered,2025-03-12 22:16:50
1194,898,1909,4,124.59,498.36,cancelled,2024-08-02 14:27:01
1195,1142,1611,3,69.22,207.66,shipped,2024-12-19 02:49:34
1196,371,1907,3,72.64,217.92,shipped,2025-01-26 12:53:31
1197,158,1358,4,20.56,82.24,cancelled,2024-05-01 00:46:50
1198,92,1469,2,162.01,324.02,shipped,2024-10-04 23:27:19
1199,435,792,3,63.86,191.58,delivered,2024-11-11 21:54:52
1200,1144,1660,2,140.98,281.96,delivered,2024-06-29 01:47:03
1201,459,1734,3,93.29,279.87,pending,2024-12-02 08:23:34
1202,1039,1382,1,133.23,133.23,shipped,2024-06-19 14:15:18
1203,1099,317,5,64.61,323.05,pending,2024-08-24 22:26:04
1204,99,703,5,160.03,800.15,cancelled,2025-02-06 01:45:23
1205,1008,1304,2,35.32,70.64,processing,2024-06-15 04:54:09
1206,783,1379,5,109.33,546.65,shipped,2025-01-29 23:24:46
1207,1306,1123,5,122.52,612.60,cancelled,2024-09-26 04:39:55
1208,1297,1773,2,5.88,11.76,cancelled,2025-01-30 13:36:50
1209,202,1019,3,71.66,214.98,pending,2024-12-04 15:43:50
1210,950,1880,1,120.92,120.92,processing,2024-11-19 01:49:55
1211,30,869,3,8.99,26.97,pending,2024-05-25 07:54:02
1212,793,299,2,128.47,256.94,processing,2024-10-03 16:30:37
1213,621,1748,4,119.39,477.56,pending,2024-09-18 07:32:43
1214,586,515,3,17.24,51.72,shipped,2024-12-29 02:26:37
1215,1255,711,5,116.72,583.60,cancelled,2024-12-10 02:15:42
1216,1472,1684,2,55.62,111.24,shipped,2025-01-27 23:23:44
1217,141,1793,1,9.85,9.85,pending,2024-09-26 20:11:55
1218,74,1106,1,187.55,187.55,delivered,2024-11-18 23:22:26
1219,157,1467,4,11.31,45.24,processing,2025-02-16 13:50:36
1220,372,947,1,30.71,30.71,pending,2025-02-02 05:24:42
1221,432,868,3,176.43,529.29,delivered,2025-01-08 05:24:32
1222,474,1891,1,110.08,110.08,shipped,2025-01-29 21:04:54
1223,749,440,2,14.01,28.02,processing,2024-10-03 18:36:12
1224,1484,1456,4,175.62,702.48,delivered,2024-06-12 13:19:40
1225,1085,142,1,182.43,182.43,shipped,2024-05-23 23:18:29
1226,733,263,3,105.34,316.02,pending,2024-09-15 07:20:41
1227,1212,1115,4,43.41,173.64,delivered,2024-10-03 23:28:43
1228,669,802,3,160.88,482.64,delivered,2024-08-13 18:15:23
1229,1264,921,1,61.53,61.53,shipped,2024-07-16 00:49:24
1230,200,1551,3,167.52,502.56,delivered,2024-07-29 03:46:51
1231,684,1773,2,131.57,263.14,processing,2024-11-24 08:56:51
1232,1310,1239,1,77.38,77.38,shipped,2024-12-05 11:29:43
1233,1398,1803,1,164.95,164.95,delivered,2025-02-26 11:23:37
1234,1295,737,4,62.66,250.64,pending,2024-07-27 17:30:43
1235,1358,159,2,68.13,136.26,pending,2025-03-20 16:27:58
1236,381,854,4,184.35,737.40,processing,2024-10-03 15:41:54
1237,643,556,3,47.85,143.55,delivered,2025-03-31 00:47:57
1238,540,847,1,101.58,101.58,delivered,2025-02-01 21:33:17
1239,985,855,3,95.38,286.14,pending,2025-04-24 03:45:11
1240,1472,35,5,189.79,948.95,pending,2024-11-10 19:11:21
1241,88,1133,3,162.70,488.10,pending,2024-11-23 13:08:34
1242,263,639,1,153.99,153.99,cancelled,2024-08-24 16:26:52
1243,866,168,1,104.47,104.47,cancelled,2024-11-09 10:41:51
1244,308,1677,2,139.40,278.80,shipped,2025-02-14 03:50:06
1245,1355,323,1,50.95,50.95,processing,2024-10-29 19:29:53
1246,1410,771,2,82.52,165.04,shipped,2025-04-17 00:28:00
1247,944,1875,2,131.53,263.06,cancelled,2024-05-27 13:03:18
1248,1228,297,4,139.83,559.32,processing,2025-04-24 10:39:49
1249,535,938,4,77.27,309.08,shipped,2024-05-18 05:54:42
1250,416,678,5,162.62,813.10,processing,2024-07-13 10:51:39
1251,756,861,1,19.99,19.99,shipped,2024-07-20 09:44:22
1252,1478,1964,1,32.00,32.00,cancelled,2024-09-16 11:40:57
1253,1020,255,5,95.81,479.05,pending,2024-08-07 12:38:08
1254,558,768,5,96.78,483.90,delivered,2025-03-14 04:32:05
1255,587,1435,1,169.98,169.98,delivered,2025-04-14 06:38:17
1256,361,912,1,170.87,170.87,pending,2025-02-26 22:52:16
1257,1000,1309,4,64.14,256.56,shipped,2025-03-24 19:13:47
1258,257,1753,2,170.08,340.16,shipped,2024-11-01 07:21:33
1259,37,9,2,143.61,287.22,shipped,2025-02-23 03:51:29
1260,258,1671,2,59.17,118.34,shipped,2025-01-13 19:55:10
1261,1266,160,5,25.33,126.65,delivered,2025-02-08 06:11:39
1262,1280,1269,1,137.62,137.62,shipped,2024-09-14 05:36:12
1263,842,9,3,158.54,475.62,pending,2024-12-20 19:24:07
1264,1234,299,2,89.49,178.98,shipped,2025-03-28 17:13:47
1265,525,1880,5,197.53,987.65,pending,2024-08-07 18:33:25
1266,1262,1343,5,109.16,545.80,pending,2024-07-17 05:34:40
1267,423,1627,5,11.35,56.75,cancelled,2025-01-24 18:54:40
1268,300,600,2,161.14,322.28,cancelled,2024-08-01 03:15:57
1269,709,496,3,120.64,361.92,pending,2025-02-14 09:39:54
1270,324,1717,2,42.12,84.24,processing,2024-10-01 13:15:11
1271,640,438,1,61.65,61.65,cancelled,2024-06-16 09:31:39
1272,267,1765,3,90.24,270.72,processing,2025-03-18 22:33:29
1273,1084,1798,1,95.55,95.55,pending,2025-02-23 14:28:41
1274,183,253,4,158.72,634.88,shipped,2024-07-11 06:18:49
1275,637,250,2,161.53,323.06,pending,2024-07-13 18:32:41
1276,1282,947,4,177.99,711.96,shipped,2025-01-04 05:24:02
1277,617,257,2,11.10,22.20,delivered,2025-02-13 11:11:52
1278,1114,406,3,80.69,242.07,cancelled,2024-09-06 21:12:03
1279,782,729,5,110.66,553.30,pending,2024-05-25 03:07:29
1280,1180,36,2,157.76,315.52,shipped,2024-12-01 11:52:28
1281,1425,732,2,155.81,311.62,pending,2024-05-20 18:30:01
1282,1220,1824,4,116.78,467.12,shipped,2024-07-04 22:15:45
1283,876,485,3,104.24,312.72,delivered,2025-01-11 02:33:34
1284,605,584,2,92.16,184.32,delivered,2024-11-11 02:46:35
1285,1075,1793,4,112.08,448.32,shipped,2024-08-20 10:53:33
1286,51,587,4,104.27,417.08,shipped,2024-12-02 09:34:10
1287,1439,1289,1,110.68,110.68,delivered,2025-01-07 05:12:49
1288,1352,586,2,102.47,204.94,processing,2024-11-13 12:05:10
1289,800,520,3,102.42,307.26,processing,2025-04-23 00:24:49
1290,36,1987,2,5.85,11.70,cancelled,2024-12-27 01:11:04
1291,669,836,1,198.71,198.71,cancelled,2025-03-12 16:12:41
1292,1076,1034,4,56.58,226.32,processing,2024-12-10 13:59:27
1293,393,857,5,77.82,389.10,delivered,2025-02-07 13:49:54
1294,1391,1269,3,122.15,366.45,cancelled,2025-01-27 11:39:19
1295,370,507,2,165.19,330.38,shipped,2025-02-28 21:59:10
1296,922,615,4,122.25,489.00,delivered,2024-12-04 18:44:59
1297,1160,386,3,13.66,40.98,processing,2024-12-05 15:22:53
1298,1398,1021,1,174.31,174.31,delivered,2025-03-18 04:08:51
1299,1034,425,3,97.49,292.47,delivered,2024-09-16 08:13:29
1300,1218,820,2,189.35,378.70,pending,2025-03-15 00:38:43
1301,708,1014,5,30.26,151.30,shipped,2024-07-20 12:31:40
1302,1310,1239,3,76.99,230.97,cancelled,2024-08-02 06:56:01
1303,75,963,5,76.23,381.15,processing,2025-01-01 12:25:49
1304,1285,257,1,94.03,94.03,cancelled,2025-02-12 12:25:13
1305,197,119,4,194.10,776.40,delivered,2024-08-28 09:02:22
1306,1093,410,1,70.93,70.93,processing,2024-11-03 22:45:25
1307,1092,929,5,48.11,240.55,pending,2025-04-08 10:06:08
1308,224,431,3,188.00,564.00,processing,2025-03-11 20:21:50
1309,666,211,4,94.86,379.44,processing,2024-10-16 08:15:48
1310,1221,343,1,47.88,47.88,shipped,2024-08-09 12:18:36
1311,675,895,3,78.65,235.95,cancelled,2024-09-11 08:35:13
1312,971,1590,1,113.24,113.24,processing,2024-05-07 14:14:46
1313,589,1420,1,134.33,134.33,cancelled,2024-05-30 01:54:24
1314,309,1109,1,13.91,13.91,shipped,2024-08-06 00:18:15
1315,279,540,4,198.40,793.60,cancelled,2025-02-04 20:49:00
1316,995,530,2,96.68,193.36,delivered,2024-09-30 13:36:31
1317,675,389,5,153.26,766.30,cancelled,2025-02-27 08:47:08
1318,1065,282,5,86.97,434.85,delivered,2024-07-14 18:15:12
1319,88,735,1,109.00,109.00,processing,2024-09-27 03:52:16
1320,427,371,1,83.36,83.36,delivered,2025-02-20 11:57:12
1321,1039,1823,2,39.09,78.18,cancelled,2025-03-25 02:05:28
1322,1118,1439,5,112.66,563.30,cancelled,2024-10-14 23:43:34
1323,715,1250,4,97.95,391.80,pending,2024-05-30 16:25:36
1324,1428,1810,1,65.82,65.82,cancelled,2024-09-25 15:20:00
1325,1325,859,1,28.42,28.42,delivered,2024-10-12 15:37:21
1326,585,1746,2,103.91,207.82,shipped,2024-11-13 19:14:47
1327,1408,642,2,110.03,220.06,cancelled,2024-05-17 23:21:56
1328,301,478,4,165.26,661.04,processing,2024-06-06 13:04:07
1329,1237,41,5,6.34,31.70,pending,2025-03-27 00:54:50
1330,1364,791,1,51.29,51.29,cancelled,2024-10-03 01:43:23
1331,1094,1065,3,174.90,524.70,cancelled,2024-05-04 00:38:11
1332,1499,1548,5,86.48,432.40,pending,2024-09-26 04:09:06
1333,1208,1481,1,107.85,107.85,shipped,2025-04-04 09:19:17
1334,1184,545,5,172.45,862.25,cancelled,2024-12-15 07:19:41
1335,1395,1532,5,100.82,504.10,shipped,2024-10-12 19:25:07
1336,826,858,3,150.75,452.25,delivered,2025-03-02 07:34:37
1337,1188,948,2,172.85,345.70,pending,2025-01-15 05:05:49
1338,1223,809,5,24.29,121.45,processing,2024-07-15 15:07:30
1339,1425,1177,3,182.37,547.11,delivered,2024-05-26 12:38:11
1340,382,680,4,23.20,92.80,pending,2024-11-25 23:56:41
1341,624,1373,2,46.70,93.40,pending,2025-02-17 14:57:37
1342,845,1048,1,5.46,5.46,cancelled,2024-12-29 04:06:19
1343,991,1414,1,123.36,123.36,shipped,2025-04-18 11:00:11
1344,88,1920,2,123.86,247.72,shipped,2025-02-25 23:56:09
1345,195,688,4,87.42,349.68,pending,2024-09-03 09:05:03
1346,575,1330,1,119.34,119.34,shipped,2025-02-11 01:05:54
1347,1226,1650,4,181.26,725.04,delivered,2025-04-03 09:46:31
1348,502,893,3,158.08,474.24,processing,2024-08-06 13:06:07
1349,6,299,1,40.97,40.97,cancelled,2025-01-25 12:35:02
1350,972,211,4,60.82,243.28,cancelled,2024-09-12 08:11:52
1351,1026,587,4,189.17,756.68,shipped,2025-01-31 22:25:22
1352,1118,1994,5,112.25,561.25,pending,2024-12-12 17:29:13
1353,250,543,4,198.51,794.04,cancelled,2024-08-31 01:58:42
1354,585,1673,1,94.82,94.82,processing,2024-08-31 22:21:24
1355,866,1561,2,118.29,236.58,processing,2024-05-13 12:47:17
1356,666,1484,5,19.71,98.55,shipped,2025-03-12 08:07:14
1357,774,716,4,170.94,683.76,shipped,2024-05-19 09:28:31
1358,1336,9,5,64.03,320.15,delivered,2024-06-30 01:10:58
1359,149,1313,5,81.61,408.05,delivered,2024-12-27 00:39:46
1360,1014,1659,4,45.89,183.56,pending,2024-11-21 06:17:48
1361,66,1879,4,169.46,677.84,cancelled,2025-04-06 16:26:07
1362,823,43,2,158.19,316.38,processing,2025-04-02 12:40:51
1363,342,631,5,31.94,159.70,pending,2024-09-25 14:36:23
1364,290,1355,5,45.69,228.45,pending,2024-10-29 17:13:45
1365,728,134,5,184.40,922.00,delivered,2024-06-27 08:40:26
1366,1053,1123,2,186.05,372.10,pending,2024-09-26 01:23:48
1367,181,349,1,114.72,114.72,processing,2025-04-06 09:47:57
1368,330,760,2,86.47,172.94,processing,2024-12-18 20:54:34
1369,1401,1157,2,63.41,126.82,pending,2024-07-31 16:45:14
1370,28,1508,3,104.84,314.52,delivered,2025-02-05 22:16:26
1371,1015,1188,3,144.35,433.05,processing,2024-12-21 18:14:03
1372,1336,1123,5,16.26,81.30,cancelled,2024-11-12 19:15:55
1373,22,1236,5,41.20,206.00,pending,2024-09-25 14:54:25
1374,215,536,5,92.26,461.30,delivered,2025-03-12 14:14:02
1375,104,1014,5,101.64,508.20,cancelled,2024-11-27 06:51:03
1376,190,1055,3,98.73,296.19,delivered,2025-01-16 11:25:31
1377,694,895,2,139.01,278.02,cancelled,2025-02-09 05:47:12
1378,1119,42,5,199.35,996.75,pending,2024-08-03 15:28:47
1379,1341,1290,1,167.65,167.65,pending,2024-11-13 19:10:25
1380,44,1002,3,146.30,438.90,cancelled,2024-11-05 14:02:09
1381,376,1304,2,145.21,290.42,pending,2025-02-21 15:22:24
1382,1053,1498,3,47.91,143.73,cancelled,2024-05-11 16:01:08
1383,1296,986,3,89.91,269.73,shipped,2024-11-04 04:32:56
1384,217,91,5,41.80,209.00,processing,2024-09-25 02:58:16
1385,973,275,5,187.49,937.45,delivered,2024-12-07 20:02:49
1386,481,1412,1,74.30,74.30,pending,2025-02-16 14:01:43
1387,195,999,3,59.68,179.04,pending,2024-11-03 05:54:50
1388,453,741,3,103.13,309.39,cancelled,2025-04-09 18:15:55
1389,1177,1342,2,117.74,235.48,pending,2024-12-30 04:45:24
1390,603,539,2,124.28,248.56,shipped,2025-02-05 04:54:21
1391,697,780,4,26.06,104.24,pending,2024-10-28 11:56:22
1392,481,1810,2,167.19,334.38,cancelled,2024-12-18 23:42:38
1393,1170,1505,3,23.48,70.44,cancelled,2025-04-06 22:37:53
1394,1458,1739,1,156.37,156.37,shipped,2024-12-31 05:26:38
1395,338,1601,1,159.90,159.90,pending,2024-09-20 23:49:13
1396,911,1326,2,25.29,50.58,pending,2025-03-08 10:35:56
1397,320,1614,5,119.75,598.75,pending,2024-11-20 00:36:26
1398,1106,1073,3,133.89,401.67,processing,2024-12-04 17:10:55
1399,393,857,2,180.37,360.74,delivered,2024-07-16 18:00:25
1400,391,1294,2,21.57,43.14,cancelled,2025-02-10 15:50:31
1401,201,446,5,140.71,703.55,cancelled,2024-10-14 09:54:06
1402,951,1937,3,193.87,581.61,delivered,2024-10-03 18:38:00
1403,1439,1289,4,70.19,280.76,pending,2024-06-27 22:37:29
1404,385,665,1,91.07,91.07,processing,2024-12-06 10:40:47
1405,981,1811,2,84.25,168.50,delivered,2025-02-02 10:53:25
1406,562,395,2,72.78,145.56,shipped,2024-07-09 18:06:15
1407,492,76,5,63.54,317.70,cancelled,2024-09-17 07:13:32
1408,758,691,4,92.27,369.08,delivered,2024-09-24 00:30:32
1409,1281,1733,3,172.89,518.67,shipped,2025-04-15 20:50:09
1410,223,1623,5,140.45,702.25,shipped,2024-08-05 02:19:21
1411,77,175,2,48.08,96.16,shipped,2024-11-10 18:02:29
1412,913,696,2,122.38,244.76,cancelled,2025-04-12 14:08:11
1413,602,188,3,113.37,340.11,processing,2024-11-19 13:46:21
1414,1465,1271,4,76.02,304.08,processing,2025-04-26 22:37:21
1415,1234,299,5,123.60,618.00,delivered,2024-06-20 21:01:04
1416,974,1221,4,60.93,243.72,cancelled,2025-03-24 05:52:03
1417,692,1567,1,171.92,171.92,cancelled,2025-03-09 22:39:33
1418,116,315,4,85.39,341.56,delivered,2024-07-14 13:08:10
1419,642,1842,1,52.07,52.07,shipped,2024-10-10 09:06:21
1420,725,1656,2,60.91,121.82,pending,2024-08-07 07:15:15
1421,270,674,2,168.37,336.74,pending,2025-01-29 01:45:05
1422,728,803,3,92.62,277.86,processing,2024-11-17 04:30:55
1423,398,883,5,88.45,442.25,processing,2025-03-31 02:48:44
1424,1052,912,5,92.56,462.80,cancelled,2024-08-26 21:53:30
1425,356,1691,4,100.67,402.68,shipped,2024-05-26 00:34:27
1426,1411,434,4,76.49,305.96,delivered,2024-06-30 06:01:58
1427,340,1962,4,49.71,198.84,shipped,2024-10-30 10:53:04
1428,298,1703,4,54.41,217.64,shipped,2025-04-21 05:09:21
1429,1223,497,1,44.14,44.14,processing,2025-02-03 23:49:58
1430,365,1440,3,52.35,157.05,pending,2025-02-01 08:24:26
1431,1291,1765,2,135.24,270.48,processing,2024-11-21 06:11:11
1432,524,1364,1,59.01,59.01,pending,2025-02-09 17:41:39
1433,793,1298,3,153.66,460.98,shipped,2025-02-14 03:12:36
1434,1471,759,1,20.53,20.53,processing,2025-01-30 04:31:08
1435,316,1265,2,103.40,206.80,shipped,2024-05-13 03:09:08
1436,1261,1389,5,89.43,447.15,delivered,2024-12-20 07:31:37
1437,884,265,2,197.87,395.74,pending,2025-01-15 06:30:49
1438,315,586,1,7.24,7.24,cancelled,2025-01-28 12:11:08
1439,479,344,3,156.28,468.84,processing,2025-03-25 23:42:51
1440,594,1970,2,129.79,259.58,shipped,2024-07-21 21:34:44
1441,932,1051,3,196.75,590.25,shipped,2025-04-26 04:46:03
1442,1170,1955,3,81.58,244.74,cancelled,2024-10-30 03:43:05
1443,783,538,5,132.60,663.00,shipped,2024-06-23 04:37:28
1444,1312,5,2,150.90,301.80,cancelled,2024-11-26 17:42:48
1445,1156,626,3,12.93,38.79,delivered,2024-11-20 02:55:52
1446,388,1550,2,136.71,273.42,delivered,2024-09-28 20:35:02
1447,137,1081,4,180.30,721.20,cancelled,2025-04-22 08:36:12
1448,915,1842,5,139.09,695.45,shipped,2024-09-16 22:15:24
1449,93,934,3,137.87,413.61,delivered,2024-11-15 11:02:02
1450,1158,1589,1,36.31,36.31,shipped,2024-11-04 05:31:02
1451,91,881,4,30.29,121.16,shipped,2024-10-25 20:05:31
1452,896,182,5,38.70,193.50,shipped,2024-08-02 22:55:41
1453,83,1337,3,65.48,196.44,delivered,2024-12-10 17:21:28
1454,36,684,2,12.16,24.32,delivered,2024-05-27 12:26:32
1455,713,60,5,111.93,559.65,cancelled,2024-09-11 17:10:37
1456,210,1960,2,149.73,299.46,shipped,2025-04-28 06:32:07
1457,782,413,5,92.24,461.20,pending,2024-10-22 20:25:50
1458,1120,1401,2,80.68,161.36,pending,2025-03-13 14:12:11
1459,972,1222,3,123.09,369.27,cancelled,2024-12-27 08:50:45
1460,533,1830,2,91.60,183.20,shipped,2024-12-25 02:31:41
1461,327,924,1,17.36,17.36,processing,2024-11-17 22:38:31
1462,711,1671,1,32.99,32.99,delivered,2024-05-05 03:24:16
1463,1066,265,3,103.26,309.78,delivered,2024-05-19 15:15:56
1464,1137,1503,3,28.81,86.43,cancelled,2024-09-14 00:01:00
1465,837,895,4,59.13,236.52,delivered,2024-05-03 10:09:46
1466,838,1832,2,49.54,99.08,pending,2025-03-12 08:59:44
1467,520,882,3,15.29,45.87,delivered,2024-05-31 20:22:16
1468,364,1985,2,48.20,96.40,delivered,2024-10-20 23:01:08
1469,778,1966,3,142.94,428.82,delivered,2024-06-05 09:33:59
1470,1454,821,4,57.55,230.20,delivered,2024-12-28 16:21:28
1471,684,1773,5,134.25,671.25,shipped,2025-03-09 01:12:09
1472,1274,308,5,115.80,579.00,cancelled,2024-11-13 19:21:16
1473,696,1701,1,88.88,88.88,delivered,2025-02-20 21:21:24
1474,1408,642,1,123.40,123.40,pending,2024-10-21 02:12:59
1475,1203,712,4,78.11,312.44,delivered,2025-03-06 01:15:08
1476,459,985,5,21.63,108.15,pending,2024-08-01 04:11:59
1477,141,1097,1,35.99,35.99,processing,2025-03-31 21:19:36
1478,1184,1069,2,196.70,393.40,delivered,2024-12-31 03:55:01
1479,184,259,1,115.77,115.77,cancelled,2024-11-29 16:30:43
1480,1070,88,1,56.20,56.20,delivered,2024-11-13 13:45:12
1481,137,297,3,112.70,338.10,pending,2025-03-18 00:27:38
1482,11,1612,3,56.44,169.32,delivered,2024-07-13 18:52:32
1483,1192,1930,4,81.82,327.28,cancelled,2024-05-15 17:37:02
1484,1499,954,4,184.56,738.24,pending,2025-04-07 03:44:41
1485,7,1343,5,170.25,851.25,delivered,2024-07-01 08:12:46
1486,1222,853,3,125.90,377.70,processing,2025-02-26 20:04:23
1487,876,1793,3,133.73,401.19,pending,2024-09-06 19:16:56
1488,770,186,3,188.22,564.66,cancelled,2025-03-04 21:43:29
1489,315,586,5,152.77,763.85,cancelled,2025-03-05 03:23:53
1490,368,1240,3,182.73,548.19,delivered,2024-10-15 14:30:32
1491,272,1628,2,5.27,10.54,delivered,2024-08-21 16:43:55
1492,1284,1019,1,69.08,69.08,delivered,2024-10-22 05:00:19
1493,1249,982,1,53.31,53.31,delivered,2024-08-28 16:05:51
1494,1200,1073,3,57.72,173.16,cancelled,2024-11-19 13:46:31
1495,102,862,1,148.42,148.42,delivered,2024-08-18 12:01:35
1496,832,334,2,87.87,175.74,cancelled,2024-06-27 07:19:05
1497,432,1560,2,46.41,92.82,shipped,2025-02-13 20:44:52
1498,406,724,1,144.84,144.84,pending,2024-06-26 09:22:42
1499,1059,1160,2,72.17,144.34,delivered,2024-07-15 21:33:41
1500,1024,786,1,63.37,63.37,cancelled,2025-03-30 17:35:19
1501,895,203,5,17.45,87.25,pending,2024-08-02 22:16:16
1502,260,433,5,122.44,612.20,delivered,2024-08-16 15:47:25
1503,780,187,2,132.53,265.06,shipped,2024-05-07 05:21:13
1504,1343,1857,4,173.00,692.00,pending,2025-03-24 08:32:31
1505,1145,1018,2,27.22,54.44,shipped,2025-04-16 18:02:14
1506,1087,1152,5,10.33,51.65,cancelled,2024-05-23 21:56:49
1507,200,1334,2,167.60,335.20,cancelled,2024-12-25 22:21:55
1508,848,1685,1,36.47,36.47,cancelled,2024-11-03 13:44:00
1509,1069,1382,4,166.93,667.72,processing,2024-11-04 05:06:47
1510,371,470,4,85.73,342.92,delivered,2024-07-21 11:07:43
1511,1428,1412,3,59.74,179.22,pending,2024-12-19 00:14:59
1512,275,1480,2,31.93,63.86,processing,2024-12-28 14:28:47
1513,670,601,3,170.45,511.35,processing,2025-03-03 03:20:24
1514,950,1880,3,57.95,173.85,cancelled,2024-09-23 09:59:41
1515,1388,1770,3,115.64,346.92,shipped,2024-06-09 01:11:51
1516,1025,1149,2,142.73,285.46,shipped,2025-02-07 08:16:13
1517,225,696,5,154.56,772.80,shipped,2024-12-10 17:56:39
1518,701,721,4,18.88,75.52,pending,2024-09-13 11:54:55
1519,821,1036,1,28.77,28.77,shipped,2025-04-15 06:35:10
1520,1203,1106,1,150.44,150.44,cancelled,2024-05-20 20:16:20
1521,587,1576,3,25.42,76.26,processing,2024-06-26 01:58:12
1522,966,1549,4,95.19,380.76,cancelled,2024-07-02 05:16:22
1523,769,252,2,162.85,325.70,cancelled,2024-10-01 03:39:30
1524,1046,378,3,147.25,441.75,processing,2024-06-24 08:44:00
1525,330,1498,5,61.75,308.75,cancelled,2024-05-26 05:45:41
1526,744,563,3,75.63,226.89,pending,2025-03-09 12:42:01
1527,638,1713,1,65.37,65.37,processing,2025-03-22 17:10:21
1528,978,1500,2,66.88,133.76,pending,2024-11-05 21:23:33
1529,700,189,2,118.15,236.30,processing,2024-06-26 06:57:28
1530,372,723,2,109.99,219.98,shipped,2025-03-05 21:49:32
1531,1050,504,3,34.71,104.13,shipped,2024-08-06 04:33:46
1532,1147,1821,4,46.79,187.16,delivered,2024-05-22 02:31:02
1533,316,1976,5,5.87,29.35,pending,2024-12-31 13:13:30
1534,657,462,1,97.29,97.29,cancelled,2025-01-28 11:58:21
1535,1037,1227,4,86.25,345.00,shipped,2025-04-09 07:41:03
1536,1396,588,2,136.14,272.28,shipped,2025-03-28 14:29:34
1537,502,931,4,127.39,509.56,pending,2024-08-29 14:42:52
1538,1132,1748,1,76.27,76.27,delivered,2024-06-10 03:05:19
1539,1480,1007,3,173.51,520.53,shipped,2024-10-26 09:51:26
1540,1372,314,5,47.70,238.50,delivered,2024-05-15 15:39:24
1541,688,1703,1,36.38,36.38,cancelled,2024-08-05 01:00:34
1542,1309,609,2,69.51,139.02,shipped,2024-08-19 23:11:23
1543,1043,356,1,129.98,129.98,delivered,2024-06-14 19:00:07
1544,142,1782,2,192.68,385.36,delivered,2025-01-16 02:54:35
1545,527,436,2,29.69,59.38,processing,2025-03-16 00:25:30
1546,296,82,5,144.14,720.70,cancelled,2025-01-31 11:00:15
1547,947,1767,1,79.65,79.65,cancelled,2024-07-27 01:01:11
1548,917,989,4,28.33,113.32,cancelled,2025-02-18 07:30:05
1549,1420,1658,2,68.14,136.28,pending,2025-04-26 08:00:54
1550,1413,525,3,108.21,324.63,pending,2024-07-26 03:45:49
1551,623,1064,1,161.42,161.42,delivered,2024-08-27 22:15:31
1552,1033,1872,5,194.52,972.60,delivered,2025-02-10 16:44:51
1553,917,1340,1,30.05,30.05,cancelled,2024-07-23 08:29:07
1554,1425,243,4,96.44,385.76,delivered,2024-08-18 00:59:33
1555,894,352,2,84.05,168.10,shipped,2024-10-18 02:48:31
1556,584,833,5,9.90,49.50,pending,2024-07-31 05:05:45
1557,793,946,2,85.75,171.50,delivered,2024-08-11 10:45:54
1558,75,963,4,97.72,390.88,shipped,2025-04-11 10:02:15
1559,24,879,3,26.12,78.36,processing,2024-11-14 00:12:19
1560,938,1036,4,63.32,253.28,pending,2024-12-27 21:46:55
1561,1478,1850,1,124.48,124.48,delivered,2025-04-23 15:58:20
1562,631,1696,5,36.55,182.75,pending,2024-07-15 10:21:30
1563,1213,1898,2,46.79,93.58,processing,2025-04-15 14:00:45
1564,922,422,3,125.75,377.25,processing,2024-11-08 21:31:29
1565,170,670,1,149.45,149.45,cancelled,2025-02-10 18:58:35
1566,627,356,5,119.22,596.10,delivered,2025-02-11 01:10:34
1567,461,1912,4,47.10,188.40,pending,2025-04-14 03:44:50
1568,385,19,4,112.02,448.08,cancelled,2024-09-20 14:49:51
1569,757,1629,1,73.43,73.43,cancelled,2024-06-30 20:22:21
1570,1058,219,5,46.38,231.90,pending,2025-04-15 02:19:47
1571,679,1487,2,94.34,188.68,shipped,2025-03-14 11:59:06
1572,1094,705,3,156.28,468.84,shipped,2024-05-21 21:34:42
1573,53,1706,3,160.55,481.65,cancelled,2024-06-12 09:59:20
1574,275,1033,3,38.16,114.48,cancelled,2024-06-06 12:00:53
1575,230,1476,4,27.22,108.88,delivered,2025-03-12 08:25:54
1576,563,1761,3,197.57,592.71,processing,2025-01-09 09:49:01
1577,1416,1626,5,16.02,80.10,cancelled,2024-07-24 22:08:52
1578,603,312,3,187.54,562.62,shipped,2024-08-07 02:35:16
1579,1337,892,5,12.40,62.00,shipped,2025-03-20 11:45:12
1580,873,1721,3,17.46,52.38,processing,2025-04-13 22:07:03
1581,598,1168,1,165.85,165.85,shipped,2024-12-29 09:25:46
1582,29,81,2,63.43,126.86,processing,2024-10-08 05:24:12
1583,1061,644,2,58.50,117.00,shipped,2025-03-04 04:42:06
1584,778,1345,3,41.75,125.25,pending,2024-08-30 14:35:40
1585,1141,1976,1,142.35,142.35,cancelled,2024-06-23 13:16:21
1586,789,1849,4,175.65,702.60,processing,2025-03-31 21:59:28
1587,812,1209,4,42.43,169.72,processing,2024-07-01 02:37:14
1588,1144,9,5,74.70,373.50,shipped,2024-07-25 00:36:29
1589,136,1152,5,67.91,339.55,processing,2024-06-15 01:12:17
1590,390,596,2,39.95,79.90,delivered,2025-02-11 05:17:15
1591,182,1767,3,116.53,349.59,shipped,2024-06-11 08:07:05
1592,1364,791,5,29.53,147.65,shipped,2024-10-30 15:58:26
1593,1147,1504,3,199.07,597.21,shipped,2024-11-01 13:29:29
1594,3,409,4,93.29,373.16,cancelled,2025-03-15 07:32:36
1595,924,1022,1,83.84,83.84,processing,2024-05-19 04:21:30
1596,495,1268,3,193.93,581.79,processing,2024-06-06 04:22:56
1597,718,1944,5,6.75,33.75,cancelled,2025-04-14 15:43:05
1598,1307,1951,2,148.28,296.56,cancelled,2025-01-14 17:17:04
1599,577,1174,5,82.80,414.00,pending,2024-06-01 00:34:47
1600,379,612,4,56.13,224.52,delivered,2024-05-13 22:04:44
1601,219,1530,4,72.29,289.16,shipped,2024-05-12 04:09:04
1602,763,505,1,33.02,33.02,pending,2024-12-20 17:35:35
1603,266,74,4,182.96,731.84,shipped,2025-04-04 01:40:07
1604,1440,846,3,16.74,50.22,shipped,2024-09-14 18:22:22
1605,472,1468,5,59.87,299.35,pending,2024-10-30 07:33:12
1606,285,371,4,47.66,190.64,pending,2025-01-20 13:09:52
1607,362,1629,1,7.98,7.98,processing,2024-11-28 12:38:13
1608,1227,1977,5,121.76,608.80,shipped,2024-07-11 01:43:13
1609,1083,388,5,135.85,679.25,processing,2024-09-16 20:06:36
1610,418,1382,2,173.74,347.48,delivered,2024-09-09 17:57:08
1611,721,1800,2,75.07,150.14,delivered,2024-08-30 23:58:14
1612,686,455,1,158.04,158.04,shipped,2024-11-25 02:23:30
1613,1208,1452,3,61.87,185.61,shipped,2024-11-12 12:49:13
1614,18,1017,2,114.93,229.86,delivered,2024-07-03 00:39:50
1615,1364,255,3,46.05,138.15,delivered,2024-07-24 12:09:19
1616,1058,1885,4,84.57,338.28,shipped,2025-03-17 06:08:00
1617,690,50,3,70.18,210.54,pending,2025-04-11 22:43:21
1618,230,1508,1,102.32,102.32,cancelled,2025-01-02 19:20:48
1619,1019,1868,4,40.99,163.96,delivered,2025-03-25 03:20:13
1620,249,1205,2,152.24,304.48,shipped,2024-07-29 12:25:35
1621,345,456,5,26.46,132.30,processing,2024-05-28 22:06:58
1622,1262,278,3,47.73,143.19,processing,2025-01-26 16:37:19
1623,1437,696,1,41.92,41.92,pending,2024-08-06 04:14:41
1624,761,1723,4,187.03,748.12,shipped,2024-10-01 19:46:03
1625,391,610,4,22.77,91.08,processing,2025-01-25 06:38:14
1626,460,1052,3,157.88,473.64,processing,2025-04-23 14:45:04
1627,648,1778,4,115.13,460.52,cancelled,2024-11-13 12:34:11
1628,182,1767,5,188.79,943.95,processing,2024-12-08 22:12:40
1629,1298,690,2,119.29,238.58,delivered,2024-12-01 12:28:19
1630,724,707,2,63.55,127.10,delivered,2024-08-11 21:08:33
1631,14,1454,4,12.03,48.12,cancelled,2025-01-01 22:59:31
1632,1247,467,4,60.94,243.76,cancelled,2024-10-14 02:53:44
1633,1165,1769,5,66.57,332.85,cancelled,2024-10-31 21:02:55
1634,740,1078,1,173.54,173.54,pending,2025-04-05 07:33:44
1635,55,447,3,119.22,357.66,cancelled,2024-11-18 16:14:10
1636,419,1737,2,37.59,75.18,pending,2025-01-17 03:19:00
1637,1420,1668,5,144.07,720.35,cancelled,2024-10-24 22:05:16
1638,63,937,1,179.79,179.79,shipped,2024-05-14 15:17:26
1639,1167,1967,4,65.84,263.36,processing,2024-07-06 23:53:08
1640,486,1854,5,142.77,713.85,pending,2025-02-12 17:09:17
1641,200,1334,5,30.49,152.45,delivered,2024-11-13 05:04:00
1642,775,1848,5,135.26,676.30,processing,2025-01-16 03:28:05
1643,149,1332,2,153.98,307.96,processing,2024-12-14 06:28:34
1644,1199,1928,5,153.69,768.45,pending,2024-09-19 21:20:41
1645,196,1551,2,83.50,167.00,processing,2024-07-06 01:59:20
1646,1238,715,4,192.20,768.80,delivered,2024-05-27 13:21:29
1647,689,1102,1,120.06,120.06,shipped,2024-09-03 15:03:07
1648,608,343,4,21.03,84.12,cancelled,2025-01-20 15:21:52
1649,811,1990,4,9.66,38.64,cancelled,2025-03-01 03:09:08
1650,938,827,1,199.65,199.65,cancelled,2024-10-22 01:03:19
1651,460,325,1,16.87,16.87,shipped,2025-01-17 04:12:24
1652,640,1017,4,91.03,364.12,delivered,2025-04-05 22:25:42
1653,1467,537,5,88.28,441.40,shipped,2024-11-19 08:12:21
1654,264,90,1,23.93,23.93,pending,2025-01-20 00:16:14
1655,1065,1019,4,174.60,698.40,cancelled,2024-09-23 11:29:14
1656,1015,1188,1,6.42,6.42,shipped,2024-08-14 11:45:44
1657,1180,252,1,134.78,134.78,delivered,2024-08-30 13:50:17
1658,556,718,2,134.97,269.94,cancelled,2024-10-19 08:53:20
1659,621,1748,1,108.17,108.17,delivered,2024-11-07 02:58:54
1660,847,93,5,196.04,980.20,delivered,2024-06-22 19:36:41
1661,242,654,5,133.58,667.90,cancelled,2024-08-14 09:28:16
1662,1367,1299,5,177.73,888.65,processing,2024-11-23 14:43:01
1663,206,1115,4,177.92,711.68,cancelled,2024-12-19 10:30:09
1664,829,1192,5,116.47,582.35,pending,2024-09-25 11:18:21
1665,1004,1150,5,45.42,227.10,processing,2024-05-31 22:38:18
1666,503,241,4,14.32,57.28,pending,2024-08-12 16:26:31
1667,795,1578,3,35.48,106.44,cancelled,2024-12-26 12:10:44
1668,1026,647,5,10.71,53.55,processing,2025-04-20 16:47:37
1669,1429,1773,4,173.00,692.00,pending,2024-12-23 20:02:08
1670,331,697,3,88.64,265.92,pending,2024-07-21 04:47:23
1671,1212,1710,3,15.57,46.71,shipped,2025-04-05 19:37:45
1672,183,1269,4,59.43,237.72,shipped,2024-06-22 16:41:31
1673,1395,1488,4,20.00,80.00,cancelled,2024-12-03 05:09:18
1674,975,1757,1,135.47,135.47,processing,2024-09-13 13:25:11
1675,1073,1870,3,104.62,313.86,delivered,2024-11-02 16:49:59
1676,168,31,5,69.67,348.35,pending,2024-12-20 21:01:45
1677,1345,520,1,98.90,98.90,processing,2024-06-19 23:52:09
1678,1418,111,5,51.41,257.05,shipped,2024-08-24 03:20:49
1679,476,1401,5,151.65,758.25,shipped,2024-05-31 07:33:43
1680,1065,1019,2,190.29,380.58,pending,2024-07-26 00:51:02
1681,49,1902,1,198.94,198.94,cancelled,2024-10-25 02:18:14
1682,1279,1281,3,171.06,513.18,cancelled,2025-04-22 19:10:31
1683,827,1201,3,198.01,594.03,shipped,2024-11-05 17:03:59
1684,1222,1502,2,50.17,100.34,shipped,2024-09-27 21:34:33
1685,874,1493,2,172.57,345.14,processing,2024-10-30 20:37:34
1686,147,280,3,21.62,64.86,processing,2024-08-05 15:48:48
1687,1462,725,3,116.28,348.84,shipped,2025-03-16 09:56:34
1688,545,549,5,85.49,427.45,cancelled,2024-09-23 23:49:41
1689,1406,555,2,121.08,242.16,delivered,2025-01-09 23:20:43
1690,357,135,4,195.88,783.52,processing,2024-08-15 13:34:10
1691,1436,1647,2,72.53,145.06,pending,2025-04-13 03:45:30
1692,1445,372,4,48.02,192.08,cancelled,2025-01-24 11:16:06
1693,909,918,5,162.59,812.95,pending,2025-04-21 17:11:07
1694,1179,212,3,148.61,445.83,pending,2024-05-25 21:13:14
1695,1013,1215,5,6.19,30.95,cancelled,2024-06-17 09:08:25
1696,1479,518,3,114.23,342.69,delivered,2025-04-09 04:26:43
1697,1337,1925,2,21.13,42.26,cancelled,2025-03-20 15:14:54
1698,358,528,3,35.05,105.15,pending,2024-10-24 05:10:41
1699,1066,1266,2,114.16,228.32,processing,2024-08-06 17:58:40
1700,478,712,5,103.59,517.95,processing,2024-08-24 00:14:31
1701,1269,102,3,186.58,559.74,processing,2024-05-31 04:55:45
1702,1432,60,2,142.89,285.78,delivered,2024-05-24 07:58:43
1703,129,1126,2,195.98,391.96,cancelled,2024-09-30 16:48:59
1704,58,1152,1,173.75,173.75,processing,2024-07-01 03:00:54
1705,515,475,4,47.81,191.24,processing,2024-12-06 06:58:28
1706,1088,231,2,90.58,181.16,delivered,2024-10-17 15:31:09
1707,850,109,1,120.23,120.23,pending,2024-12-23 22:59:07
1708,802,1751,1,188.93,188.93,processing,2024-10-20 03:04:16
1709,1103,205,2,11.67,23.34,processing,2025-02-01 03:38:53
1710,453,368,4,193.36,773.44,delivered,2025-04-30 10:13:47
1711,773,1406,2,137.57,275.14,processing,2024-11-10 11:59:28
1712,1045,1683,1,127.57,127.57,shipped,2024-11-24 20:11:32
1713,836,1165,1,119.94,119.94,pending,2024-08-14 16:55:24
1714,49,253,5,77.81,389.05,shipped,2024-12-02 19:52:37
1715,529,686,1,172.82,172.82,pending,2024-12-14 07:17:57
1716,614,903,4,123.52,494.08,delivered,2025-01-13 15:22:14
1717,1440,1100,5,83.70,418.50,processing,2024-06-24 00:00:18
1718,474,1891,1,63.48,63.48,cancelled,2024-07-18 15:00:02
1719,1459,1073,4,101.29,405.16,delivered,2025-02-26 16:00:57
1720,33,878,5,20.47,102.35,processing,2025-04-20 16:21:37
1721,574,630,1,130.09,130.09,shipped,2024-09-30 13:25:46
1722,286,1151,4,58.61,234.44,cancelled,2024-07-22 00:08:38
1723,1065,1442,5,53.00,265.00,delivered,2025-02-20 00:51:25
1724,686,792,5,186.92,934.60,delivered,2024-11-04 20:13:04
1725,137,297,2,188.11,376.22,processing,2024-08-22 01:58:29
1726,1279,1281,1,84.06,84.06,delivered,2025-03-05 05:49:13
1727,1356,625,3,81.14,243.42,cancelled,2024-11-05 04:22:31
1728,312,13,2,197.85,395.70,shipped,2024-05-17 18:13:13
1729,1348,947,5,50.20,251.00,pending,2024-06-30 20:07:03
1730,861,883,5,75.41,377.05,processing,2024-11-19 00:00:51
1731,1338,1211,3,23.97,71.91,processing,2024-12-31 23:55:42
1732,592,426,4,19.45,77.80,delivered,2025-03-30 12:46:29
1733,1425,732,5,84.56,422.80,cancelled,2024-09-16 05:30:48
1734,810,326,2,190.69,381.38,processing,2024-07-04 03:37:45
1735,616,1484,5,103.45,517.25,cancelled,2024-06-06 11:35:50
1736,902,1445,1,116.04,116.04,processing,2025-02-23 00:24:22
1737,764,402,1,111.71,111.71,cancelled,2024-05-21 06:08:57
1738,85,56,2,136.49,272.98,delivered,2024-07-31 09:51:44
1739,231,1536,2,187.40,374.80,processing,2024-10-09 19:45:53
1740,1026,1002,3,186.67,560.01,processing,2025-01-15 06:14:44
1741,157,281,1,144.41,144.41,shipped,2024-08-07 16:01:10
1742,198,1043,4,37.53,150.12,delivered,2024-05-22 05:02:34
1743,1286,3,1,63.74,63.74,shipped,2024-07-12 09:50:18
1744,863,1696,1,14.78,14.78,cancelled,2025-01-16 11:16:13
1745,832,1925,5,120.29,601.45,delivered,2025-03-21 03:01:29
1746,845,1227,1,133.55,133.55,shipped,2024-12-24 01:32:14
1747,368,904,5,83.62,418.10,pending,2024-12-04 09:56:09
1748,407,788,4,43.33,173.32,processing,2024-09-27 14:41:00
1749,250,454,1,103.38,103.38,shipped,2025-02-15 01:52:41
1750,840,1620,3,40.62,121.86,pending,2024-05-11 08:55:45
1751,416,1794,1,134.43,134.43,delivered,2024-12-09 17:59:01
1752,776,614,5,28.52,142.60,shipped,2024-10-19 03:07:19
1753,920,1620,5,132.06,660.30,pending,2025-02-19 11:29:02
1754,1032,753,5,163.71,818.55,cancelled,2024-12-14 23:53:13
1755,518,1041,5,129.09,645.45,cancelled,2024-12-27 18:17:37
1756,1201,279,1,32.82,32.82,shipped,2024-07-21 07:39:44
1757,512,1619,3,33.90,101.70,cancelled,2024-11-13 22:31:59
1758,982,762,4,80.85,323.40,cancelled,2025-01-02 23:40:29
1759,147,914,4,65.30,261.20,shipped,2024-10-17 20:30:38
1760,1386,1134,1,96.52,96.52,processing,2024-09-10 12:09:22
1761,419,462,5,13.60,68.00,delivered,2024-12-08 03:48:04
1762,1250,580,4,20.63,82.52,pending,2025-01-22 09:42:58
1763,581,530,4,70.65,282.60,delivered,2025-03-13 01:08:25
1764,1125,520,2,143.82,287.64,processing,2025-01-23 11:08:12
1765,406,986,1,130.35,130.35,shipped,2025-01-09 21:47:24
1766,437,268,5,178.14,890.70,cancelled,2024-06-30 12:43:14
1767,1191,1186,1,180.55,180.55,pending,2025-03-13 15:15:54
1768,1194,847,5,159.36,796.80,delivered,2024-09-12 11:05:10
1769,1246,1498,2,59.27,118.54,pending,2024-08-10 08:05:33
1770,755,1815,1,182.65,182.65,cancelled,2025-01-04 23:49:58
1771,368,240,5,54.77,273.85,processing,2024-05-14 13:39:19
1772,966,1265,2,34.88,69.76,delivered,2025-03-24 22:08:35
1773,1165,887,5,72.39,361.95,delivered,2024-08-22 02:51:51
1774,1245,1172,2,31.87,63.74,pending,2025-04-02 12:51:24
1775,3,1609,4,148.29,593.16,delivered,2025-01-18 07:35:26
1776,982,762,3,39.38,118.14,pending,2025-02-11 16:45:57
1777,915,555,4,123.64,494.56,cancelled,2024-05-31 20:30:07
1778,588,1041,1,198.55,198.55,cancelled,2024-06-16 13:43:05
1779,333,1793,5,8.41,42.05,cancelled,2025-02-10 16:04:39
1780,656,1987,2,42.63,85.26,cancelled,2024-07-01 08:25:46
1781,38,1673,1,195.37,195.37,shipped,2024-09-28 05:51:14
1782,564,1727,2,73.05,146.10,pending,2024-06-30 08:29:36
1783,676,342,3,148.93,446.79,delivered,2024-09-12 21:19:25
1784,1332,542,3,164.98,494.94,delivered,2024-08-20 01:33:21
1785,822,171,1,11.02,11.02,delivered,2025-01-03 01:03:55
1786,1399,1053,4,24.44,97.76,cancelled,2024-12-18 06:00:28
1787,1096,537,2,178.01,356.02,delivered,2025-02-04 11:58:25
1788,906,1074,5,81.43,407.15,processing,2025-03-11 16:03:15
1789,585,1673,2,84.87,169.74,shipped,2025-01-16 23:48:13
1790,162,1541,3,104.08,312.24,cancelled,2024-08-29 20:41:56
1791,202,1442,1,149.20,149.20,cancelled,2024-05-08 16:03:09
1792,772,1359,3,57.82,173.46,cancelled,2024-09-10 18:22:15
1793,759,449,2,104.29,208.58,cancelled,2024-05-24 21:59:40
1794,535,1423,5,45.37,226.85,delivered,2025-01-15 19:02:03
1795,662,1269,3,21.12,63.36,delivered,2024-08-11 18:55:58
1796,67,1128,3,125.47,376.41,cancelled,2024-11-14 12:57:28
1797,817,922,2,186.06,372.12,cancelled,2025-03-11 16:06:20
1798,333,485,4,188.38,753.52,delivered,2024-12-18 06:10:07
1799,909,1112,4,186.60,746.40,pending,2024-06-05 05:12:16
1800,38,1247,5,195.76,978.80,processing,2024-07-11 04:51:52
1801,740,1623,2,135.12,270.24,delivered,2025-02-17 22:25:20
1802,1076,1034,2,11.04,22.08,delivered,2024-08-18 11:03:14
1803,240,132,1,138.41,138.41,shipped,2024-12-08 15:02:58
1804,365,1617,5,113.95,569.75,delivered,2024-10-13 00:00:49
1805,38,1105,4,182.84,731.36,shipped,2024-06-28 22:48:52
1806,281,338,5,177.95,889.75,cancelled,2025-02-23 17:26:12
1807,1017,1404,4,127.65,510.60,processing,2024-07-10 00:57:11
1808,12,1065,3,168.20,504.60,processing,2024-12-04 02:35:04
1809,429,343,2,147.90,295.80,delivered,2024-09-03 02:58:30
1810,1127,154,2,149.61,299.22,shipped,2025-04-26 00:17:46
1811,73,431,1,102.99,102.99,pending,2025-02-02 20:47:12
1812,1285,1485,2,17.04,34.08,processing,2024-10-14 16:37:59
1813,1131,87,5,72.13,360.65,cancelled,2024-12-09 08:23:25
1814,41,741,2,92.57,185.14,shipped,2024-09-19 07:45:07
1815,938,1848,2,78.65,157.30,pending,2024-05-28 01:22:21
1816,921,1276,3,27.46,82.38,cancelled,2024-09-28 05:26:05
1817,115,1030,2,96.57,193.14,processing,2025-01-08 23:54:04
1818,808,555,4,72.79,291.16,pending,2024-06-07 11:58:00
1819,1208,256,4,141.51,566.04,delivered,2024-11-12 06:40:46
1820,1051,1372,2,55.81,111.62,processing,2024-06-25 23:48:21
1821,1470,1964,1,166.82,166.82,processing,2024-09-03 05:00:26
1822,693,632,5,107.49,537.45,processing,2025-02-18 09:29:30
1823,650,919,3,92.84,278.52,shipped,2024-07-10 22:56:03
1824,1034,622,2,35.80,71.60,shipped,2024-10-16 01:02:11
1825,224,590,5,147.53,737.65,shipped,2024-12-13 17:49:41
1826,518,1041,2,180.36,360.72,processing,2024-06-15 09:50:03
1827,1454,877,2,139.54,279.08,delivered,2024-09-18 09:19:13
1828,1303,379,5,145.93,729.65,pending,2024-08-20 12:11:55
1829,1137,1503,1,80.21,80.21,pending,2025-03-21 20:40:07
1830,522,4,1,116.99,116.99,cancelled,2024-06-03 10:47:39
1831,85,715,5,92.65,463.25,cancelled,2024-05-27 21:08:23
1832,449,546,5,96.70,483.50,cancelled,2024-05-12 03:09:51
1833,141,807,1,57.39,57.39,processing,2024-06-21 12:19:43
1834,329,897,5,27.03,135.15,shipped,2024-10-01 15:48:56
1835,548,1172,3,124.82,374.46,pending,2025-01-28 14:28:52
1836,475,1015,4,154.76,619.04,processing,2025-04-22 06:35:37
1837,1255,49,5,51.92,259.60,shipped,2024-12-23 01:32:25
1838,607,839,2,171.75,343.50,processing,2024-11-01 18:44:14
1839,1189,1118,5,24.91,124.55,delivered,2024-12-19 06:18:55
1840,1345,1788,4,118.08,472.32,cancelled,2024-12-01 03:18:12
1841,1149,631,1,109.67,109.67,shipped,2024-07-01 07:25:27
1842,834,1672,3,53.96,161.88,pending,2024-10-04 05:40:27
1843,890,1365,3,61.79,185.37,processing,2024-06-05 07:10:25
1844,210,1114,2,100.15,200.30,cancelled,2025-03-01 05:20:19
1845,1438,63,3,174.91,524.73,processing,2025-03-26 15:26:36
1846,1270,1626,4,151.04,604.16,shipped,2024-06-29 18:57:13
1847,1322,1527,3,146.90,440.70,cancelled,2024-08-18 12:58:26
1848,529,269,1,99.79,99.79,pending,2024-05-16 05:03:40
1849,766,1706,1,59.24,59.24,pending,2025-02-20 22:52:33
1850,282,1482,1,112.35,112.35,cancelled,2024-08-17 03:03:56
1851,69,1660,2,128.37,256.74,shipped,2024-05-29 09:04:32
1852,910,1626,2,93.01,186.02,delivered,2024-08-20 12:43:07
1853,1097,245,2,70.12,140.24,shipped,2025-04-10 13:02:22
1854,614,1448,5,54.91,274.55,shipped,2025-02-23 16:03:49
1855,270,1201,2,89.19,178.38,delivered,2025-01-05 23:49:10
1856,1253,1128,3,157.94,473.82,cancelled,2024-07-03 14:10:25
1857,1246,1123,4,49.58,198.32,shipped,2025-04-18 13:28:51
1858,1452,1271,2,184.09,368.18,cancelled,2024-08-21 14:27:52
1859,683,1937,2,49.45,98.90,delivered,2025-02-02 16:06:42
1860,25,707,5,186.35,931.75,processing,2025-03-29 01:21:59
1861,161,491,4,185.57,742.28,shipped,2024-05-26 12:28:01
1862,161,1360,3,61.83,185.49,shipped,2024-11-29 00:59:41
1863,181,134,3,179.11,537.33,processing,2025-01-18 19:45:36
1864,421,485,3,183.55,550.65,processing,2025-01-23 12:45:25
1865,1373,282,5,26.22,131.10,pending,2024-07-19 17:25:37
1866,556,1414,2,51.88,103.76,cancelled,2024-11-28 03:33:44
1867,1404,608,2,48.64,97.28,delivered,2025-03-16 21:37:16
1868,552,884,1,39.10,39.10,processing,2025-01-13 13:24:59
1869,230,1537,2,112.83,225.66,cancelled,2024-10-21 22:34:31
1870,712,904,4,161.82,647.28,processing,2024-10-17 05:58:34
1871,987,281,3,116.22,348.66,delivered,2024-12-08 19:26:24
1872,504,1829,5,173.18,865.90,cancelled,2024-08-03 20:49:49
1873,344,1463,3,41.93,125.79,cancelled,2024-06-04 14:31:11
1874,364,1305,3,169.54,508.62,delivered,2024-07-17 11:10:05
1875,892,1461,1,52.19,52.19,pending,2025-04-11 02:08:03
1876,1481,347,3,74.75,224.25,delivered,2024-06-15 13:21:38
1877,1233,45,1,179.80,179.80,pending,2025-02-18 05:07:47
1878,1071,1928,1,173.96,173.96,processing,2024-11-28 08:35:28
1879,931,893,4,191.38,765.52,processing,2024-12-10 18:58:41
1880,688,1626,2,12.06,24.12,pending,2024-07-29 09:30:34
1881,812,331,2,99.56,199.12,pending,2024-07-30 21:13:54
1882,339,1695,5,198.49,992.45,delivered,2024-05-29 18:30:09
1883,775,357,2,55.00,110.00,delivered,2024-11-04 08:30:59
1884,907,1528,3,126.93,380.79,cancelled,2024-11-14 23:09:45
1885,1034,312,2,113.86,227.72,processing,2024-12-10 10:22:06
1886,1362,1899,2,158.73,317.46,pending,2024-07-15 03:21:16
1887,544,195,1,21.70,21.70,cancelled,2024-11-30 09:39:12
1888,1044,316,2,50.97,101.94,pending,2024-09-19 08:19:34
1889,869,1534,5,57.01,285.05,processing,2024-10-09 22:24:20
1890,1385,251,2,80.50,161.00,cancelled,2024-05-07 14:17:41
1891,1163,427,3,86.12,258.36,cancelled,2025-03-30 06:25:41
1892,1126,985,4,89.46,357.84,pending,2025-04-11 13:05:30
1893,1197,1584,4,199.28,797.12,shipped,2024-09-19 00:20:07
1894,1448,758,4,55.02,220.08,cancelled,2024-09-14 06:21:25
1895,94,83,3,107.23,321.69,cancelled,2025-01-22 00:22:43
1896,752,831,5,147.13,735.65,delivered,2024-05-10 03:06:28
1897,1290,837,2,69.81,139.62,pending,2025-03-23 05:04:47
1898,763,1328,5,138.65,693.25,pending,2024-10-19 06:18:38
1899,178,1234,5,173.15,865.75,delivered,2024-05-16 02:43:11
1900,1396,588,1,14.78,14.78,pending,2024-12-06 09:35:16
1901,136,1014,3,87.92,263.76,pending,2024-07-20 22:56:12
1902,476,1536,5,114.97,574.85,cancelled,2024-05-28 15:34:20
1903,1154,1622,1,169.60,169.60,delivered,2025-04-21 05:26:47
1904,507,753,3,154.66,463.98,pending,2024-08-18 20:46:19
1905,866,874,1,72.22,72.22,shipped,2024-12-09 02:20:05
1906,844,1339,5,148.19,740.95,shipped,2024-07-09 19:42:54
1907,475,1221,5,105.79,528.95,processing,2024-10-28 04:24:43
1908,1310,30,3,85.12,255.36,delivered,2025-04-12 23:22:38
1909,909,1869,5,166.19,830.95,cancelled,2024-09-15 20:54:04
1910,714,819,2,108.55,217.10,pending,2024-07-04 09:52:31
1911,527,837,2,84.89,169.78,delivered,2024-12-26 04:36:11
1912,1363,1043,3,57.29,171.87,pending,2025-01-01 16:04:07
1913,1293,1733,4,15.88,63.52,shipped,2024-09-11 01:40:13
1914,424,913,2,75.74,151.48,delivered,2024-12-25 05:16:07
1915,157,1716,5,23.42,117.10,pending,2024-12-10 19:02:53
1916,1013,214,2,169.46,338.92,shipped,2024-08-26 22:08:39
1917,42,512,4,124.14,496.56,shipped,2025-01-31 02:54:19
1918,693,931,2,128.49,256.98,shipped,2024-07-07 01:51:03
1919,1132,63,2,171.51,343.02,processing,2024-05-11 05:19:42
1920,9,665,3,130.83,392.49,delivered,2024-08-08 08:45:02
1921,894,506,2,49.81,99.62,processing,2025-04-29 22:25:50
1922,375,275,4,92.61,370.44,delivered,2025-01-31 04:58:55
1923,694,448,1,172.65,172.65,pending,2025-01-10 08:55:53
1924,1179,934,5,125.32,626.60,processing,2025-02-19 17:19:20
1925,976,703,1,108.70,108.70,processing,2024-11-24 04:26:39
1926,571,1703,2,174.94,349.88,processing,2024-07-02 10:13:56
1927,889,1389,4,194.28,777.12,cancelled,2025-04-26 21:52:50
1928,1085,1300,3,64.71,194.13,shipped,2024-10-03 08:18:48
1929,283,369,1,172.20,172.20,delivered,2024-08-21 19:58:35
1930,498,222,4,55.36,221.44,shipped,2025-03-15 05:43:02
1931,554,1197,2,64.14,128.28,pending,2024-09-16 17:57:44
1932,1223,497,5,74.00,370.00,pending,2024-07-22 05:43:43
1933,304,1943,5,85.86,429.30,cancelled,2024-10-31 12:00:22
1934,1255,3,2,129.96,259.92,pending,2024-12-27 23:09:30
1935,568,1610,2,29.82,59.64,delivered,2024-12-16 01:21:10
1936,568,1523,5,107.48,537.40,delivered,2024-11-05 06:46:08
1937,771,379,3,181.62,544.86,pending,2025-04-26 20:32:05
1938,12,904,5,24.57,122.85,cancelled,2024-11-30 23:29:44
1939,915,1807,4,169.97,679.88,cancelled,2025-01-21 20:57:22
1940,1313,1571,3,28.87,86.61,processing,2024-07-13 15:02:55
1941,950,1425,5,99.06,495.30,cancelled,2024-08-22 01:53:26
1942,270,674,1,143.76,143.76,processing,2025-04-02 13:52:27
1943,1330,1986,3,185.82,557.46,cancelled,2025-02-17 15:31:17
1944,1291,620,1,176.23,176.23,shipped,2024-07-20 16:56:11
1945,1394,7,4,191.11,764.44,delivered,2024-05-08 18:44:02
1946,533,1553,5,9.71,48.55,processing,2024-08-14 19:03:13
1947,1184,875,2,173.12,346.24,shipped,2024-05-27 12:48:06
1948,1439,1289,1,185.61,185.61,shipped,2024-06-03 06:36:02
1949,1203,1106,2,182.31,364.62,processing,2024-10-14 16:11:09
1950,661,838,3,162.95,488.85,delivered,2024-11-30 12:31:51
1951,629,1480,1,65.48,65.48,cancelled,2024-05-17 15:39:56
1952,1039,1567,2,148.72,297.44,delivered,2024-08-09 10:39:16
1953,823,1089,4,111.94,447.76,processing,2025-03-27 01:05:47
1954,823,1133,3,56.10,168.30,shipped,2024-11-14 11:51:34
1955,329,137,5,125.20,626.00,processing,2024-09-26 06:43:38
1956,1451,1869,4,76.85,307.40,delivered,2025-03-09 17:46:14
1957,1242,625,5,57.49,287.45,pending,2025-03-23 15:55:23
1958,565,984,4,149.19,596.76,delivered,2025-01-10 10:57:42
1959,900,1874,4,127.19,508.76,cancelled,2024-09-08 12:47:49
1960,1338,577,1,102.13,102.13,cancelled,2025-01-15 18:54:26
1961,935,360,5,23.88,119.40,processing,2024-12-22 16:07:17
1962,668,351,4,167.43,669.72,shipped,2024-09-26 04:24:10
1963,520,1327,2,22.09,44.18,cancelled,2025-03-05 01:26:44
1964,300,249,4,146.19,584.76,pending,2024-07-10 19:17:46
1965,386,1157,2,10.08,20.16,delivered,2024-10-09 06:17:59
1966,260,1781,1,45.76,45.76,shipped,2024-12-22 14:39:21
1967,1415,80,4,192.07,768.28,delivered,2024-09-02 02:04:59
1968,653,1187,3,96.14,288.42,shipped,2025-01-23 07:10:14
1969,376,1416,2,13.34,26.68,cancelled,2024-05-26 06:26:15
1970,1414,1482,4,133.40,533.60,shipped,2024-06-06 13:06:48
1971,817,1713,3,131.57,394.71,shipped,2025-02-28 11:06:27
1972,968,1334,1,154.54,154.54,shipped,2024-10-05 13:24:51
1973,226,1911,4,10.03,40.12,shipped,2024-06-19 15:09:39
1974,990,995,3,55.41,166.23,pending,2025-02-23 18:39:42
1975,67,1434,2,109.57,219.14,shipped,2024-09-21 20:26:27
1976,248,126,1,164.09,164.09,shipped,2024-08-13 18:21:15
1977,88,1062,2,118.92,237.84,pending,2025-02-02 12:44:06
1978,450,1883,1,166.11,166.11,delivered,2024-07-16 15:39:07
1979,645,1990,5,191.81,959.05,pending,2025-02-27 19:10:13
1980,1360,1102,5,151.10,755.50,delivered,2025-04-03 23:54:04
1981,891,266,5,47.68,238.40,pending,2024-08-10 18:13:27
1982,1423,1742,5,33.28,166.40,shipped,2025-03-29 08:21:13
1983,75,1297,1,123.15,123.15,shipped,2024-11-16 13:48:29
1984,1219,1617,1,115.86,115.86,pending,2025-01-15 20:51:12
1985,1057,977,1,94.46,94.46,processing,2024-10-05 05:55:20
1986,781,513,2,62.67,125.34,delivered,2024-12-22 01:17:38
1987,129,945,5,6.36,31.80,cancelled,2025-03-12 13:32:53
1988,1380,964,1,43.87,43.87,pending,2025-01-30 02:54:38
1989,210,1844,3,76.18,228.54,cancelled,2025-01-26 17:15:45
1990,1449,837,1,120.74,120.74,cancelled,2024-05-29 04:13:01
1991,601,1512,5,46.61,233.05,processing,2025-03-05 17:46:13
1992,887,28,2,56.67,113.34,shipped,2024-11-05 13:44:53
1993,1264,1121,5,133.43,667.15,cancelled,2024-11-12 04:41:48
1994,1182,757,5,21.97,109.85,delivered,2025-02-11 10:50:33
1995,553,1609,2,58.48,116.96,pending,2024-06-04 15:05:41
1996,655,1305,5,33.42,167.10,shipped,2024-08-27 04:40:32
1997,697,1524,3,176.93,530.79,pending,2025-02-04 14:14:47
1998,1176,1873,3,7.59,22.77,pending,2025-04-04 04:01:58
1999,743,992,3,137.05,411.15,processing,2024-08-30 02:16:18
2000,1439,384,5,185.23,926.15,cancelled,2024-05-19 13:29:54
2001,1452,896,1,51.42,51.42,cancelled,2024-07-28 23:43:28
2002,1289,75,5,133.22,666.10,cancelled,2024-09-11 20:56:32
2003,1038,1504,1,99.67,99.67,shipped,2025-03-01 22:35:36
2004,185,1842,1,198.75,198.75,delivered,2025-01-13 22:09:12
2005,399,311,5,77.85,389.25,shipped,2025-01-04 00:43:24
2006,983,717,3,142.90,428.70,delivered,2024-05-17 10:05:04
2007,287,447,2,48.34,96.68,cancelled,2024-09-28 06:15:02
2008,70,123,2,79.91,159.82,shipped,2024-11-09 19:10:14
2009,1340,1931,1,196.79,196.79,cancelled,2025-01-05 13:33:24
2010,1355,1318,2,125.24,250.48,shipped,2024-08-25 06:15:07
2011,553,1625,2,138.89,277.78,processing,2024-06-11 05:31:46
2012,9,665,4,179.99,719.96,pending,2025-04-22 23:50:24
2013,1082,323,3,122.84,368.52,shipped,2025-02-19 14:57:10
2014,762,1734,5,36.45,182.25,pending,2024-11-24 04:42:56
2015,268,293,3,151.42,454.26,processing,2024-12-15 13:55:34
2016,1023,152,5,74.27,371.35,cancelled,2024-12-20 05:45:01
2017,101,1786,3,158.85,476.55,pending,2024-05-14 12:22:16
2018,973,204,4,157.82,631.28,delivered,2024-08-27 13:06:08
2019,1295,1844,1,35.61,35.61,shipped,2025-04-01 05:33:58
2020,509,1797,2,73.90,147.80,shipped,2025-03-03 22:09:51
2021,1321,1317,5,31.74,158.70,delivered,2024-09-22 05:47:39
2022,923,1850,1,141.91,141.91,processing,2025-02-19 20:24:43
2023,11,1675,2,121.21,242.42,processing,2025-04-29 05:16:32
2024,884,463,1,71.43,71.43,cancelled,2024-06-23 01:28:12
2025,955,1922,2,153.11,306.22,cancelled,2024-10-15 06:22:09
2026,13,409,2,83.72,167.44,pending,2024-05-20 02:23:23
2027,1345,1788,3,12.31,36.93,shipped,2024-06-03 12:26:55
2028,1356,979,1,136.89,136.89,pending,2024-12-16 13:16:06
2029,999,496,2,135.96,271.92,delivered,2025-01-15 04:40:52
2030,1374,1150,2,196.07,392.14,cancelled,2024-10-13 02:05:12
2031,722,200,2,178.94,357.88,pending,2024-12-04 06:13:33
2032,680,83,2,26.43,52.86,delivered,2024-07-02 18:10:00
2033,90,578,1,130.65,130.65,cancelled,2025-02-28 01:04:29
2034,509,812,1,179.79,179.79,processing,2025-01-11 10:51:59
2035,1402,1093,2,181.47,362.94,processing,2025-04-08 16:32:41
2036,53,945,1,134.15,134.15,cancelled,2025-02-21 01:00:34
2037,1347,388,3,80.76,242.28,pending,2024-06-21 15:35:33
2038,210,675,5,90.77,453.85,cancelled,2024-05-14 13:24:59
2039,684,1544,3,147.00,441.00,delivered,2024-08-20 04:32:56
2040,496,1983,5,132.15,660.75,cancelled,2024-06-30 14:10:56
2041,7,1902,4,79.49,317.96,shipped,2024-11-29 22:03:52
2042,1074,1908,5,129.98,649.90,pending,2024-08-26 08:53:06
2043,945,803,1,140.38,140.38,shipped,2025-01-03 02:48:34
2044,598,1420,4,114.69,458.76,shipped,2024-08-24 04:25:45
2045,536,900,2,179.09,358.18,delivered,2024-05-24 19:36:20
2046,649,1285,1,67.59,67.59,processing,2025-02-26 18:05:31
2047,876,807,1,78.25,78.25,pending,2024-09-20 08:21:21
2048,583,979,1,117.38,117.38,delivered,2024-09-06 03:25:07
2049,498,75,1,41.58,41.58,delivered,2025-03-24 01:35:12
2050,858,1786,2,56.00,112.00,delivered,2024-05-26 09:17:08
2051,1106,1718,3,6.77,20.31,delivered,2024-12-07 09:39:55
2052,1246,1123,2,79.88,159.76,delivered,2024-05-16 11:33:16
2053,651,1740,3,75.07,225.21,pending,2024-11-30 11:02:45
2054,204,31,1,66.58,66.58,processing,2025-01-09 19:25:21
2055,608,997,2,86.04,172.08,delivered,2025-01-02 10:57:49
2056,755,47,5,197.54,987.70,shipped,2024-07-16 18:36:22
2057,558,998,4,34.91,139.64,pending,2024-06-01 11:11:07
2058,167,781,1,87.75,87.75,processing,2025-01-14 11:38:25
2059,219,100,2,8.87,17.74,processing,2024-05-03 13:18:17
2060,241,1927,3,17.10,51.30,pending,2025-01-16 10:38:11
2061,60,297,1,186.19,186.19,delivered,2024-05-18 11:33:01
2062,209,1418,2,59.14,118.28,shipped,2024-08-21 17:03:03
2063,1456,283,5,117.78,588.90,processing,2024-09-12 07:43:12
2064,1273,505,3,128.68,386.04,processing,2024-07-12 09:37:10
2065,63,183,2,101.02,202.04,pending,2025-04-09 05:15:11
2066,1474,638,2,23.20,46.40,pending,2024-08-20 13:34:12
2067,1237,41,3,163.41,490.23,shipped,2025-03-12 15:36:56
2068,1126,1824,5,99.91,499.55,cancelled,2025-02-20 10:29:28
2069,621,1267,5,74.80,374.00,delivered,2024-09-12 22:11:41
2070,1444,694,4,175.26,701.04,delivered,2024-05-09 14:06:51
2071,534,1892,4,180.63,722.52,delivered,2024-05-11 01:37:12
2072,28,1070,2,133.74,267.48,shipped,2024-08-02 22:08:18
2073,142,1782,1,98.00,98.00,delivered,2024-11-19 01:06:48
2074,1149,58,3,195.69,587.07,processing,2024-05-19 10:24:47
2075,31,621,1,77.93,77.93,shipped,2024-09-30 04:05:04
2076,1351,1191,3,143.28,429.84,shipped,2024-05-29 12:12:41
2077,23,646,1,44.05,44.05,delivered,2025-03-20 09:51:28
2078,805,1018,3,50.34,151.02,shipped,2024-10-16 00:39:16
2079,123,874,2,197.06,394.12,cancelled,2025-01-14 20:36:20
2080,1280,630,5,183.93,919.65,cancelled,2024-12-09 10:14:28
2081,462,1511,4,106.34,425.36,delivered,2025-01-21 04:31:24
2082,598,561,4,24.24,96.96,shipped,2024-06-10 15:30:46
2083,793,299,1,171.37,171.37,delivered,2025-01-30 04:22:15
2084,632,1215,1,37.81,37.81,delivered,2024-07-25 21:21:47
2085,1345,943,4,141.64,566.56,delivered,2024-06-20 20:32:45
2086,117,1872,2,158.77,317.54,delivered,2024-11-10 00:09:38
2087,1260,1409,2,152.63,305.26,pending,2024-07-01 07:54:43
2088,461,1803,3,144.04,432.12,processing,2024-11-05 04:37:20
2089,512,720,4,179.82,719.28,processing,2025-02-16 08:31:40
2090,1412,406,1,15.41,15.41,pending,2025-03-12 09:31:03
2091,204,242,3,142.33,426.99,cancelled,2025-04-19 14:54:32
2092,361,1609,2,132.21,264.42,cancelled,2024-12-05 18:29:39
2093,306,311,3,29.77,89.31,processing,2024-09-30 12:08:14
2094,765,436,4,38.88,155.52,processing,2025-03-18 10:43:11
2095,1186,1204,4,109.56,438.24,shipped,2024-05-31 16:21:07
2096,760,913,5,149.92,749.60,cancelled,2025-04-25 02:25:04
2097,1387,1994,2,54.65,109.30,processing,2025-01-25 06:49:53
2098,1353,428,2,166.21,332.42,delivered,2024-06-02 23:11:14
2099,454,1266,5,193.84,969.20,shipped,2024-10-29 11:47:41
2100,320,1332,2,104.54,209.08,pending,2024-07-19 23:00:09
2101,405,759,3,151.60,454.80,delivered,2025-02-21 18:52:14
2102,125,51,5,7.41,37.05,pending,2025-03-08 15:22:21
2103,1477,714,5,158.12,790.60,cancelled,2024-12-29 17:10:53
2104,855,1827,5,90.74,453.70,pending,2025-04-29 09:21:23
2105,923,1850,3,141.85,425.55,cancelled,2024-12-04 10:47:02
2106,1051,1372,1,44.98,44.98,pending,2024-12-24 10:37:02
2107,41,1739,3,189.87,569.61,processing,2024-07-17 13:48:18
2108,706,1052,1,56.45,56.45,pending,2024-08-05 23:30:06
2109,1141,1265,2,79.23,158.46,delivered,2024-09-09 09:46:40
2110,1500,551,1,131.31,131.31,cancelled,2024-05-26 22:17:39
2111,1089,1258,2,27.89,55.78,pending,2024-10-31 15:25:45
2112,618,1152,3,57.70,173.10,processing,2025-02-13 21:32:00
2113,1382,336,4,52.66,210.64,pending,2024-09-12 17:07:47
2114,576,402,3,124.38,373.14,delivered,2024-08-15 10:36:55
2115,308,1799,1,6.52,6.52,processing,2025-04-24 12:54:55
2116,1279,1524,3,26.54,79.62,cancelled,2025-04-19 02:14:58
2117,438,932,1,157.65,157.65,cancelled,2024-07-03 18:48:30
2118,441,130,2,53.06,106.12,cancelled,2025-03-15 01:44:12
2119,409,905,3,37.40,112.20,pending,2024-11-24 18:34:15
2120,740,1725,5,110.61,553.05,cancelled,2024-05-08 05:47:00
2121,1237,1817,3,69.93,209.79,cancelled,2025-04-20 20:06:02
2122,78,1855,3,9.75,29.25,processing,2025-03-08 13:41:58
2123,372,1207,2,8.77,17.54,shipped,2024-06-19 03:34:14
2124,453,1903,5,153.70,768.50,shipped,2025-02-21 08:13:04
2125,235,1235,2,143.73,287.46,processing,2024-08-14 13:47:12
2126,410,1327,3,184.97,554.91,cancelled,2024-06-09 15:38:21
2127,607,941,2,76.86,153.72,processing,2024-11-18 10:26:19
2128,256,187,2,188.84,377.68,shipped,2024-07-07 15:36:12
2129,1299,1482,2,159.59,319.18,delivered,2024-12-14 10:45:57
2130,68,270,2,102.22,204.44,cancelled,2024-05-18 04:26:41
2131,1215,695,4,186.19,744.76,shipped,2024-09-18 10:26:14
2132,1258,506,3,70.28,210.84,cancelled,2025-01-19 16:09:44
2133,306,1789,1,112.51,112.51,cancelled,2025-01-20 05:15:31
2134,541,1614,3,148.18,444.54,shipped,2025-03-24 17:17:36
2135,626,1764,3,53.01,159.03,pending,2024-09-27 21:26:19
2136,1477,566,5,9.10,45.50,cancelled,2024-09-26 11:03:59
2137,1173,529,3,68.47,205.41,delivered,2024-05-15 13:20:04
2138,90,1922,4,191.84,767.36,cancelled,2025-04-01 13:53:04
2139,722,45,3,41.52,124.56,pending,2024-08-01 05:13:22
2140,64,504,1,163.42,163.42,delivered,2024-12-23 01:50:26
2141,831,728,5,57.78,288.90,pending,2024-10-13 22:02:33
2142,604,670,3,188.78,566.34,delivered,2024-08-26 21:28:26
2143,1156,626,5,160.39,801.95,delivered,2024-10-16 20:48:22
2144,399,1432,1,87.18,87.18,delivered,2024-07-16 09:02:18
2145,173,1336,5,12.27,61.35,cancelled,2025-01-13 16:21:41
2146,696,62,1,175.29,175.29,delivered,2024-05-20 23:07:57
2147,51,1388,1,139.57,139.57,pending,2024-09-23 14:39:39
2148,1194,1637,2,199.30,398.60,cancelled,2024-10-02 04:50:15
2149,745,367,3,166.90,500.70,processing,2025-03-06 17:06:29
2150,1398,1594,2,170.59,341.18,cancelled,2024-06-25 14:52:04
2151,761,409,2,185.43,370.86,shipped,2024-07-06 15:40:24
2152,1267,819,3,46.73,140.19,pending,2025-03-24 03:08:11
2153,1423,690,5,176.84,884.20,pending,2024-10-19 06:03:25
2154,280,896,1,180.03,180.03,processing,2025-04-08 03:50:25
2155,1491,1741,4,174.51,698.04,processing,2024-09-15 15:31:23
2156,990,263,3,30.61,91.83,shipped,2024-08-24 03:25:17
2157,1401,1054,3,98.43,295.29,cancelled,2025-01-16 10:49:11
2158,508,674,2,197.57,395.14,processing,2024-05-29 10:41:12
2159,1057,1943,4,166.38,665.52,pending,2024-08-19 17:01:19
2160,1132,941,2,143.27,286.54,delivered,2024-12-13 18:05:26
2161,221,1737,4,62.77,251.08,processing,2024-07-06 17:47:12
2162,435,1672,2,30.39,60.78,pending,2025-02-14 03:46:13
2163,1030,630,1,168.32,168.32,delivered,2024-06-08 11:54:16
2164,1104,1899,5,196.60,983.00,pending,2024-09-10 00:53:56
2165,1150,1456,1,177.01,177.01,cancelled,2024-08-29 14:25:48
2166,191,661,2,47.88,95.76,pending,2024-07-10 02:52:42
2167,1153,400,2,193.58,387.16,shipped,2024-07-30 19:41:31
2168,1282,637,1,192.24,192.24,pending,2024-12-20 04:38:53
2169,228,769,1,143.26,143.26,processing,2025-02-21 14:54:02
2170,330,1660,5,96.48,482.40,pending,2025-01-14 09:35:35
2171,113,1793,2,111.68,223.36,cancelled,2025-04-03 22:04:01
2172,295,1189,1,155.78,155.78,cancelled,2025-01-27 20:50:54
2173,1332,1411,1,37.93,37.93,processing,2025-01-07 11:25:01
2174,1357,970,4,177.00,708.00,cancelled,2025-02-23 11:39:35
2175,218,109,2,176.94,353.88,shipped,2024-07-08 07:45:35
2176,59,1491,5,101.71,508.55,processing,2024-07-28 13:31:42
2177,201,446,2,60.85,121.70,delivered,2024-05-06 00:44:33
2178,323,1617,3,140.47,421.41,shipped,2024-08-16 09:27:25
2179,451,983,2,192.27,384.54,pending,2024-11-28 03:50:48
2180,1095,1925,2,50.45,100.90,cancelled,2025-01-28 17:42:54
2181,90,1922,1,5.27,5.27,pending,2025-01-05 20:42:05
2182,642,102,4,9.49,37.96,shipped,2024-10-02 09:11:14
2183,519,1678,2,31.41,62.82,pending,2024-06-16 19:34:03
2184,1120,1010,2,116.55,233.10,processing,2024-12-14 03:54:32
2185,903,1994,1,179.72,179.72,pending,2024-10-07 04:22:35
2186,1034,1667,4,148.69,594.76,pending,2024-11-09 20:06:02
2187,919,324,2,46.85,93.70,delivered,2024-08-18 13:07:50
2188,530,170,1,30.10,30.10,delivered,2024-05-20 11:27:40
2189,325,1698,3,187.25,561.75,cancelled,2025-03-27 02:02:22
2190,805,398,5,167.77,838.85,pending,2024-10-20 23:36:21
2191,187,507,3,99.66,298.98,processing,2025-03-13 09:00:15
2192,1055,994,3,67.97,203.91,processing,2024-08-10 06:02:31
2193,987,991,3,109.04,327.12,processing,2024-05-29 16:09:58
2194,756,769,2,183.51,367.02,cancelled,2024-08-18 16:51:01
2195,748,1862,5,109.34,546.70,delivered,2024-12-07 16:34:11
2196,852,1442,1,56.71,56.71,cancelled,2024-11-16 00:14:05
2197,241,1681,5,87.27,436.35,pending,2024-11-11 06:15:16
2198,1074,1550,3,82.52,247.56,processing,2024-11-29 11:59:23
2199,608,1336,1,79.30,79.30,delivered,2024-09-29 14:05:45
2200,122,1737,3,138.08,414.24,processing,2025-04-18 00:05:32
2201,497,100,5,179.65,898.25,processing,2025-03-19 18:02:45
2202,136,1014,1,128.32,128.32,cancelled,2025-04-21 12:06:18
2203,1472,35,1,156.72,156.72,shipped,2025-02-06 07:30:59
2204,1489,1347,2,15.26,30.52,cancelled,2025-03-21 16:20:44
2205,966,1629,2,36.78,73.56,processing,2024-10-15 11:37:50
2206,1204,1583,1,28.92,28.92,shipped,2024-11-07 20:13:20
2207,530,571,3,81.25,243.75,cancelled,2024-05-17 23:34:17
2208,1161,1878,3,82.03,246.09,processing,2024-09-05 22:49:28
2209,1288,895,5,146.03,730.15,pending,2025-04-02 08:38:22
2210,893,349,3,11.63,34.89,cancelled,2024-09-26 07:41:24
2211,923,1724,4,47.45,189.80,pending,2024-08-31 19:40:57
2212,1223,837,4,171.18,684.72,processing,2025-04-18 22:17:47
2213,1386,1615,3,151.78,455.34,shipped,2024-06-10 05:43:29
2214,377,149,2,183.60,367.20,shipped,2024-10-04 11:47:56
2215,466,559,2,100.50,201.00,pending,2025-04-18 09:52:35
2216,1463,766,1,25.97,25.97,cancelled,2024-05-28 23:03:40
2217,1250,619,3,153.59,460.77,shipped,2024-07-12 05:56:04
2218,1288,401,5,68.27,341.35,cancelled,2025-03-06 14:11:17
2219,366,388,1,157.61,157.61,cancelled,2024-06-28 03:09:27
2220,1018,1204,4,150.80,603.20,delivered,2024-09-16 20:29:46
2221,256,1718,1,56.40,56.40,pending,2025-02-26 13:00:58
2222,940,123,4,48.78,195.12,processing,2024-11-21 05:15:53
2223,1490,1367,2,122.80,245.60,cancelled,2025-02-03 10:50:25
2224,504,1659,3,119.98,359.94,pending,2025-01-27 09:49:13
2225,1119,680,3,127.02,381.06,pending,2025-03-18 18:22:36
2226,34,1976,4,173.91,695.64,pending,2024-10-02 14:48:11
2227,875,1096,5,107.97,539.85,shipped,2024-11-29 17:11:11
2228,1462,541,1,160.32,160.32,cancelled,2024-06-19 05:23:37
2229,904,417,3,114.03,342.09,delivered,2025-03-22 04:57:05
2230,647,926,4,164.05,656.20,cancelled,2024-11-19 07:12:00
2231,253,1045,5,10.03,50.15,processing,2025-01-26 12:25:48
2232,696,1472,3,52.77,158.31,shipped,2024-07-17 11:09:22
2233,109,540,2,79.38,158.76,pending,2024-09-04 10:47:39
2234,587,1370,4,34.87,139.48,delivered,2024-07-22 23:51:53
2235,1264,764,1,179.05,179.05,delivered,2024-09-28 02:22:35
2236,34,1860,3,89.79,269.37,processing,2025-02-08 00:58:07
2237,740,1060,5,76.47,382.35,cancelled,2024-06-24 04:22:07
2238,1235,1017,2,171.58,343.16,cancelled,2024-10-21 15:51:58
2239,434,1702,3,131.97,395.91,shipped,2025-01-29 00:22:15
2240,1075,126,4,102.29,409.16,pending,2024-09-12 00:19:04
2241,546,58,4,165.11,660.44,pending,2024-07-10 19:58:26
2242,768,1106,5,93.78,468.90,pending,2024-05-14 16:20:47
2243,1441,432,4,157.30,629.20,shipped,2024-10-19 04:24:16
2244,574,1269,3,134.27,402.81,shipped,2024-10-22 22:03:04
2245,1222,1491,3,151.73,455.19,shipped,2025-02-08 01:32:46
2246,991,1414,4,25.58,102.32,delivered,2024-11-24 22:16:36
2247,228,769,5,8.33,41.65,delivered,2024-12-14 12:50:27
2248,89,1794,1,52.46,52.46,processing,2024-12-08 09:54:10
2249,385,1836,4,8.79,35.16,processing,2025-04-19 23:21:20
2250,19,500,4,34.46,137.84,delivered,2024-08-18 13:36:33
2251,259,646,5,133.81,669.05,shipped,2024-09-18 14:54:05
2252,536,1084,4,62.47,249.88,cancelled,2024-12-13 13:32:43
2253,1275,1423,5,23.40,117.00,shipped,2024-12-26 17:26:21
2254,748,1308,4,191.02,764.08,delivered,2025-02-06 04:00:37
2255,46,912,5,119.24,596.20,delivered,2024-08-09 15:36:43
2256,1484,1456,3,66.83,200.49,delivered,2024-08-26 06:05:41
2257,1140,1461,2,49.04,98.08,processing,2024-10-16 08:50:44
2258,1313,1079,4,145.17,580.68,cancelled,2024-11-16 06:17:03
2259,376,767,1,56.90,56.90,cancelled,2025-03-10 19:34:44
2260,1497,1252,2,138.31,276.62,delivered,2025-01-26 10:00:05
2261,625,1045,5,185.75,928.75,cancelled,2024-11-18 21:17:28
2262,446,1351,5,196.10,980.50,pending,2025-03-22 15:16:29
2263,1192,1787,2,195.62,391.24,pending,2025-03-17 00:13:58
2264,500,782,3,16.74,50.22,shipped,2024-06-18 09:55:23
2265,225,444,1,36.58,36.58,processing,2024-10-25 16:32:15
2266,564,1232,2,63.18,126.36,cancelled,2024-07-01 20:20:54
2267,747,1236,4,114.79,459.16,cancelled,2025-04-11 12:59:01
2268,191,323,3,50.85,152.55,shipped,2024-06-30 15:16:04
2269,1282,399,5,13.10,65.50,cancelled,2024-12-02 05:57:51
2270,485,278,1,35.52,35.52,cancelled,2024-08-23 11:17:33
2271,717,1174,1,143.40,143.40,delivered,2024-11-12 16:31:24
2272,296,508,2,13.07,26.14,delivered,2025-02-24 16:18:29
2273,1396,719,4,83.35,333.40,delivered,2025-03-02 09:01:24
2274,1379,881,4,187.64,750.56,pending,2024-12-25 09:14:26
2275,787,926,1,101.63,101.63,pending,2024-10-02 06:40:54
2276,239,537,1,125.18,125.18,cancelled,2024-05-13 06:20:49
2277,433,1230,2,14.44,28.88,cancelled,2024-08-16 14:33:06
2278,735,1113,5,35.77,178.85,delivered,2024-10-28 14:47:43
2279,1092,223,4,24.95,99.80,pending,2024-10-24 20:17:34
2280,175,1001,4,6.51,26.04,pending,2024-08-27 18:53:54
2281,373,1417,5,26.48,132.40,cancelled,2024-12-06 01:16:08
2282,185,102,2,118.06,236.12,shipped,2025-03-01 21:46:47
2283,237,1845,5,174.43,872.15,processing,2024-07-19 20:31:17
2284,1498,1039,1,74.34,74.34,cancelled,2025-02-13 13:01:57
2285,1190,1547,2,25.41,50.82,delivered,2024-10-01 05:35:00
2286,877,539,3,24.55,73.65,delivered,2025-03-05 20:36:03
2287,813,1441,4,141.92,567.68,cancelled,2024-12-16 16:56:09
2288,250,543,2,156.58,313.16,delivered,2024-08-22 09:55:35
2289,57,1014,2,40.56,81.12,processing,2025-02-16 18:04:20
2290,1221,684,1,6.17,6.17,pending,2024-08-11 00:02:20
2291,435,792,3,176.33,528.99,delivered,2025-02-04 01:11:51
2292,547,283,1,175.89,175.89,processing,2024-08-04 10:48:40
2293,634,1957,2,148.50,297.00,delivered,2024-07-24 18:03:49
2294,584,1375,3,15.68,47.04,cancelled,2024-05-03 20:00:23
2295,1042,745,4,92.58,370.32,shipped,2024-06-09 06:16:16
2296,875,444,5,121.44,607.20,cancelled,2024-05-09 10:02:29
2297,1195,728,4,80.98,323.92,processing,2024-07-23 00:48:41
2298,396,1042,1,140.69,140.69,processing,2025-01-20 21:01:48
2299,187,1110,4,192.37,769.48,delivered,2024-12-10 17:01:58
2300,726,1170,1,180.44,180.44,processing,2025-02-16 16:52:52
2301,396,849,2,158.53,317.06,pending,2025-02-28 17:24:52
2302,394,1362,5,54.74,273.70,processing,2025-02-28 01:22:58
2303,345,13,2,31.15,62.30,delivered,2025-02-13 09:07:03
2304,784,1006,3,198.37,595.11,pending,2024-10-01 16:32:13
2305,1105,1222,1,165.15,165.15,shipped,2024-08-12 14:45:02
2306,1430,108,2,102.28,204.56,shipped,2025-04-09 14:13:23
2307,313,533,3,135.09,405.27,processing,2024-10-22 20:10:04
2308,674,1858,2,117.58,235.16,processing,2024-12-26 10:55:36
2309,1137,1840,4,7.53,30.12,cancelled,2024-11-12 20:22:04
2310,270,867,5,194.65,973.25,processing,2025-01-16 15:35:04
2311,752,1790,4,56.90,227.60,pending,2024-10-31 23:46:44
2312,1261,1471,4,168.59,674.36,delivered,2024-12-21 02:31:41
2313,952,1241,1,148.09,148.09,processing,2024-05-03 12:48:59
2314,577,1512,1,69.38,69.38,processing,2024-12-16 12:25:39
2315,175,1151,5,116.15,580.75,pending,2024-12-07 22:54:54
2316,1103,1906,1,63.50,63.50,pending,2024-06-30 23:50:29
2317,344,1735,1,196.65,196.65,cancelled,2025-04-25 23:04:03
2318,1003,1988,1,41.52,41.52,cancelled,2025-01-12 01:07:42
2319,1013,1796,1,101.30,101.30,processing,2024-09-17 18:15:46
2320,1143,201,4,90.03,360.12,delivered,2025-01-26 14:37:49
2321,1369,761,1,41.93,41.93,shipped,2025-04-04 14:45:02
2322,383,1542,5,193.94,969.70,delivered,2024-09-15 03:21:41
2323,1449,1279,1,63.99,63.99,cancelled,2024-12-11 07:35:05
2324,1343,1248,1,104.28,104.28,shipped,2024-10-01 08:34:53
2325,290,1948,5,82.93,414.65,cancelled,2024-11-14 04:33:31
2326,273,776,1,80.17,80.17,cancelled,2024-09-21 06:26:45
2327,719,1500,3,148.51,445.53,pending,2024-06-27 05:36:43
2328,784,1996,1,151.49,151.49,pending,2024-12-07 09:00:42
2329,1143,1542,2,18.74,37.48,delivered,2024-12-01 10:10:28
2330,396,51,4,104.51,418.04,shipped,2024-08-09 10:05:38
2331,777,1281,1,51.81,51.81,pending,2024-07-27 08:40:27
2332,934,342,2,56.72,113.44,shipped,2024-12-16 11:46:05
2333,878,1978,1,121.27,121.27,delivered,2024-07-24 05:43:59
2334,484,1141,5,188.34,941.70,processing,2024-11-29 21:52:42
2335,1456,1464,2,76.78,153.56,processing,2024-08-20 07:22:29
2336,1407,408,1,64.72,64.72,delivered,2025-03-31 21:38:04
2337,1218,1639,5,112.16,560.80,shipped,2025-04-26 07:14:10
2338,329,1855,1,23.60,23.60,pending,2025-04-06 14:26:32
2339,676,961,4,81.12,324.48,cancelled,2024-06-18 16:00:55
2340,892,1535,4,193.08,772.32,shipped,2024-06-20 09:16:57
2341,941,771,4,110.47,441.88,cancelled,2025-02-01 23:36:41
2342,165,1611,2,66.56,133.12,delivered,2024-05-03 12:56:59
2343,854,633,1,20.50,20.50,pending,2025-01-26 00:52:09
2344,1099,961,2,57.44,114.88,processing,2024-12-20 17:04:18
2345,1434,32,3,55.62,166.86,shipped,2024-09-26 08:20:27
2346,1329,915,4,100.59,402.36,processing,2024-05-20 17:25:29
2347,810,924,3,123.47,370.41,pending,2024-05-30 17:56:21
2348,611,410,2,39.79,79.58,shipped,2024-07-02 15:47:01
2349,198,1019,4,125.11,500.44,processing,2024-06-06 21:29:33
2350,922,762,4,185.72,742.88,shipped,2025-03-12 16:55:50
2351,764,366,5,25.23,126.15,cancelled,2025-04-17 17:30:04
2352,1199,162,5,174.59,872.95,cancelled,2025-04-26 20:13:49
2353,1028,503,4,191.58,766.32,shipped,2025-03-29 21:26:24
2354,1459,17,4,100.78,403.12,processing,2025-02-17 15:56:39
2355,998,583,3,65.29,195.87,pending,2025-02-16 23:39:43
2356,874,953,1,160.26,160.26,shipped,2025-02-06 08:37:49
2357,886,901,4,126.09,504.36,cancelled,2024-11-30 08:44:11
2358,1425,1609,5,64.00,320.00,processing,2024-10-03 12:00:57
2359,597,981,2,122.08,244.16,pending,2024-06-28 22:10:31
2360,194,1401,5,113.73,568.65,pending,2025-02-07 06:59:32
2361,1053,1660,2,54.34,108.68,shipped,2024-11-12 15:11:36
2362,1493,1819,5,57.55,287.75,pending,2025-03-01 07:46:27
2363,996,1527,3,141.23,423.69,shipped,2024-12-29 21:43:43
2364,1223,1279,2,58.89,117.78,cancelled,2024-12-03 22:46:51
2365,130,504,2,152.04,304.08,delivered,2024-05-20 21:16:01
2366,573,1956,3,142.52,427.56,delivered,2024-11-01 04:13:25
2367,1482,1327,1,76.67,76.67,processing,2025-01-14 19:48:17
2368,561,747,2,104.39,208.78,delivered,2024-10-20 22:46:02
2369,84,7,5,40.07,200.35,cancelled,2024-09-21 20:08:52
2370,1436,1747,1,7.42,7.42,processing,2024-07-05 17:34:55
2371,1242,938,3,55.37,166.11,shipped,2024-12-28 19:19:05
2372,789,712,1,38.75,38.75,processing,2024-08-15 16:57:25
2373,199,1539,2,71.32,142.64,processing,2024-07-11 15:39:25
2374,1262,1928,1,156.84,156.84,shipped,2025-02-07 17:34:24
2375,689,28,5,13.61,68.05,delivered,2024-06-17 00:44:41
2376,283,369,1,25.43,25.43,delivered,2024-06-23 17:38:37
2377,730,1229,2,136.71,273.42,processing,2025-03-21 13:45:02
2378,751,1731,3,196.57,589.71,cancelled,2025-03-29 23:54:13
2379,355,1199,2,78.75,157.50,shipped,2024-09-20 06:05:27
2380,278,1172,1,166.75,166.75,cancelled,2024-11-17 10:13:57
2381,1079,716,3,59.95,179.85,processing,2024-05-20 10:32:48
2382,746,1543,2,160.68,321.36,processing,2025-03-30 01:31:11
2383,502,1682,2,39.60,79.20,shipped,2024-05-05 05:06:10
2384,672,1357,2,7.52,15.04,cancelled,2025-03-31 13:36:38
2385,805,1018,3,153.80,461.40,processing,2025-03-28 01:30:09
2386,816,968,1,8.19,8.19,pending,2024-10-30 00:45:43
2387,1219,1757,1,134.45,134.45,shipped,2024-08-25 03:56:42
2388,73,1306,4,44.83,179.32,pending,2025-03-07 18:51:48
2389,1198,1146,5,89.10,445.50,processing,2024-05-10 10:02:07
2390,1332,525,4,14.37,57.48,pending,2025-03-12 20:18:00
2391,77,175,4,76.05,304.20,pending,2025-04-27 00:50:26
2392,1093,1844,5,84.87,424.35,shipped,2024-08-08 16:38:08
2393,1097,1678,2,10.98,21.96,pending,2025-01-08 01:43:03
2394,40,287,5,112.48,562.40,delivered,2024-10-13 01:16:43
2395,176,154,1,140.76,140.76,shipped,2024-05-08 19:59:50
2396,245,1491,1,17.41,17.41,cancelled,2025-03-20 02:39:07
2397,583,1773,4,135.14,540.56,delivered,2024-05-30 12:45:28
2398,825,541,3,132.68,398.04,processing,2024-12-29 09:35:44
2399,841,533,1,194.01,194.01,delivered,2024-10-26 22:41:27
2400,186,330,3,113.25,339.75,pending,2024-11-11 16:58:23
2401,458,335,4,85.53,342.12,cancelled,2025-01-16 18:23:33
2402,1186,574,5,74.23,371.15,pending,2024-07-06 22:19:13
2403,1224,545,3,155.58,466.74,processing,2024-08-19 13:59:13
2404,262,596,1,12.26,12.26,pending,2024-07-06 12:43:07
2405,1070,1429,5,79.13,395.65,cancelled,2025-03-15 01:08:54
2406,936,524,2,131.36,262.72,shipped,2024-10-11 18:02:41
2407,78,1070,3,46.47,139.41,shipped,2024-07-24 07:58:48
2408,868,946,2,59.94,119.88,pending,2024-10-06 07:57:36
2409,70,1573,2,16.31,32.62,delivered,2024-08-11 12:05:18
2410,1136,1038,4,151.93,607.72,processing,2025-01-16 08:04:53
2411,1016,913,4,76.11,304.44,cancelled,2024-07-12 22:06:47
2412,1091,587,5,135.71,678.55,processing,2024-05-04 02:42:25
2413,1241,873,2,152.93,305.86,cancelled,2024-11-22 14:51:21
2414,848,258,3,26.26,78.78,shipped,2024-11-05 05:00:16
2415,1135,466,4,8.47,33.88,cancelled,2024-08-09 08:48:36
2416,562,571,5,116.61,583.05,pending,2024-10-26 07:18:52
2417,1138,1247,5,142.28,711.40,processing,2024-06-21 17:32:24
2418,1289,46,1,169.83,169.83,delivered,2024-07-13 21:43:11
2419,1194,486,5,173.82,869.10,processing,2024-06-16 06:18:07
2420,1280,1902,5,9.91,49.55,shipped,2024-07-16 18:37:00
2421,664,1104,2,9.12,18.24,delivered,2024-07-01 01:31:34
2422,221,54,4,77.34,309.36,pending,2024-11-30 07:55:13
2423,434,1331,2,69.90,139.80,shipped,2024-10-25 04:32:48
2424,374,493,2,59.11,118.22,pending,2025-04-25 05:17:07
2425,40,195,3,33.28,99.84,delivered,2025-04-29 19:57:15
2426,451,1238,2,155.97,311.94,shipped,2025-04-09 01:44:13
2427,57,1014,4,42.76,171.04,pending,2024-10-16 16:31:11
2428,261,697,5,82.43,412.15,cancelled,2025-01-06 11:26:19
2429,257,1093,3,35.53,106.59,shipped,2024-09-23 13:35:19
2430,731,212,5,16.70,83.50,cancelled,2024-10-03 23:14:55
2431,1065,639,4,33.28,133.12,cancelled,2024-09-10 07:54:13
2432,476,538,4,62.18,248.72,pending,2024-09-18 09:44:11
2433,1140,1535,4,41.32,165.28,shipped,2024-07-30 09:18:04
2434,1062,1656,1,8.82,8.82,delivered,2024-05-25 00:55:50
2435,743,764,1,67.43,67.43,pending,2024-05-18 03:25:36
2436,574,162,4,154.88,619.52,processing,2024-05-03 19:07:37
2437,1417,210,5,119.80,599.00,shipped,2024-05-28 05:02:31
2438,1095,1927,3,115.46,346.38,cancelled,2024-11-29 04:08:11
2439,564,638,2,89.47,178.94,shipped,2024-09-10 08:04:32
2440,1486,1084,3,20.33,60.99,cancelled,2024-05-11 15:18:32
2441,1333,727,5,192.73,963.65,delivered,2025-03-30 13:36:09
2442,35,297,2,125.95,251.90,shipped,2025-04-09 12:23:09
2443,1424,160,1,143.96,143.96,cancelled,2024-12-02 01:09:38
2444,306,1689,4,100.69,402.76,delivered,2025-03-08 02:09:03
2445,1395,1586,2,176.12,352.24,shipped,2025-03-11 23:39:41
2446,596,918,3,54.18,162.54,delivered,2025-03-31 06:32:00
2447,478,1020,3,177.93,533.79,processing,2024-06-26 18:04:37
2448,516,1152,3,160.94,482.82,delivered,2024-07-06 15:46:33
2449,489,931,2,183.32,366.64,processing,2025-04-12 14:59:48
2450,1237,430,1,106.15,106.15,pending,2025-03-12 14:23:46
2451,1392,69,1,67.18,67.18,pending,2024-09-07 10:49:26
2452,1334,156,5,103.82,519.10,processing,2024-08-05 10:13:17
2453,537,1223,1,99.00,99.00,processing,2025-05-01 01:21:32
2454,835,1232,1,179.50,179.50,processing,2025-03-11 05:42:42
2455,3,732,4,125.23,500.92,processing,2024-08-11 19:27:06
2456,1041,1452,3,131.24,393.72,delivered,2025-02-15 14:14:55
2457,19,870,4,194.44,777.76,delivered,2024-08-30 14:01:57
2458,612,818,1,170.05,170.05,pending,2024-09-07 12:50:33
2459,1033,354,1,153.87,153.87,pending,2025-02-21 03:19:01
2460,461,515,1,108.67,108.67,delivered,2025-04-10 14:34:12
2461,681,1855,3,34.19,102.57,cancelled,2024-05-08 23:55:46
2462,204,1856,3,43.20,129.60,cancelled,2024-08-09 11:57:45
2463,1215,488,3,20.17,60.51,pending,2025-04-04 04:43:50
2464,1293,1733,1,74.20,74.20,shipped,2024-09-24 10:16:19
2465,205,942,2,185.64,371.28,cancelled,2025-03-21 11:14:15
2466,883,1016,2,5.84,11.68,processing,2024-07-18 21:44:15
2467,823,78,1,73.81,73.81,cancelled,2024-06-05 23:31:21
2468,1489,1347,3,108.58,325.74,processing,2024-08-30 14:04:30
2469,385,19,4,134.80,539.20,shipped,2024-08-26 02:48:35
2470,1403,1244,1,82.10,82.10,pending,2024-06-02 17:06:51
2471,1020,59,4,18.57,74.28,cancelled,2024-11-05 17:22:02
2472,725,1641,2,13.16,26.32,processing,2025-03-28 19:54:31
2473,341,487,1,58.85,58.85,cancelled,2024-07-20 16:56:06
2474,502,931,4,89.57,358.28,delivered,2024-05-08 17:36:06
2475,1395,634,1,165.93,165.93,processing,2025-03-19 07:00:49
2476,148,425,1,177.83,177.83,pending,2024-11-21 05:08:20
2477,606,426,5,81.31,406.55,cancelled,2025-02-19 09:19:06
2478,659,1274,3,178.02,534.06,shipped,2024-08-02 02:14:21
2479,59,526,5,37.91,189.55,pending,2024-11-11 17:21:36
2480,143,830,4,175.75,703.00,processing,2025-02-18 23:33:38
2481,1400,986,5,116.78,583.90,cancelled,2025-03-23 03:18:16
2482,921,1276,5,41.11,205.55,processing,2024-08-30 09:37:30
2483,266,1107,3,58.98,176.94,cancelled,2025-04-10 05:20:27
2484,981,576,5,120.31,601.55,pending,2025-04-01 21:06:55
2485,61,706,4,162.98,651.92,delivered,2025-02-01 07:29:54
2486,616,1975,4,12.03,48.12,delivered,2025-01-04 22:39:03
2487,1471,759,3,157.74,473.22,shipped,2024-10-21 14:15:56
2488,1224,1307,2,158.34,316.68,processing,2024-06-17 14:46:18
2489,1151,1014,3,31.36,94.08,pending,2024-07-14 09:18:29
2490,331,563,5,113.53,567.65,delivered,2024-06-30 21:07:01
2491,3,409,4,17.97,71.88,processing,2025-04-21 21:35:57
2492,1089,763,2,106.86,213.72,pending,2024-05-20 10:38:13
2493,677,1651,4,40.85,163.40,pending,2025-03-01 04:18:26
2494,817,1713,3,80.42,241.26,processing,2025-01-21 22:06:23
2495,1227,1526,4,40.06,160.24,processing,2024-10-01 01:11:29
2496,281,685,5,169.54,847.70,cancelled,2024-12-25 14:56:30
2497,148,622,5,69.97,349.85,pending,2024-06-15 12:22:34
2498,88,995,1,58.62,58.62,processing,2024-10-15 23:58:18
2499,1046,378,2,141.12,282.24,processing,2024-11-08 12:48:26
2500,667,1922,4,59.21,236.84,processing,2024-07-30 06:39:01
2501,505,375,4,170.48,681.92,shipped,2025-02-14 23:59:00
2502,843,1184,3,69.29,207.87,delivered,2025-03-25 23:34:24
2503,603,1156,1,164.69,164.69,pending,2024-05-16 21:27:17
2504,1199,1343,1,48.00,48.00,processing,2024-10-29 01:30:14
2505,916,366,4,82.86,331.44,processing,2024-11-24 22:29:02
2506,600,354,4,125.30,501.20,cancelled,2025-04-02 01:12:25
2507,217,1130,5,141.43,707.15,processing,2024-10-20 00:13:20
2508,1003,242,1,8.80,8.80,pending,2025-03-13 08:34:22
2509,538,1690,4,39.45,157.80,cancelled,2025-02-21 21:55:01
2510,174,1514,3,21.16,63.48,pending,2024-12-12 17:13:07
2511,1443,639,5,29.97,149.85,cancelled,2025-03-05 10:55:39
2512,514,1938,1,31.94,31.94,shipped,2025-04-17 03:03:00
2513,1066,265,4,106.86,427.44,delivered,2025-03-18 19:39:16
2514,159,1957,4,183.21,732.84,shipped,2024-07-05 11:04:58
2515,430,805,4,172.84,691.36,delivered,2025-02-27 03:37:30
2516,823,1062,4,169.91,679.64,processing,2025-04-05 01:59:33
2517,704,1002,4,42.30,169.20,delivered,2024-06-14 00:02:54
2518,1422,500,2,81.14,162.28,processing,2025-03-24 05:59:34
2519,999,540,1,66.17,66.17,processing,2024-11-02 11:45:36
2520,990,78,4,33.03,132.12,pending,2025-01-08 04:14:15
2521,595,1760,3,16.43,49.29,shipped,2025-01-13 15:21:09
2522,1335,1711,5,53.94,269.70,shipped,2024-10-13 18:41:19
2523,83,907,5,166.11,830.55,processing,2024-06-10 18:31:02
2524,902,1489,1,142.13,142.13,cancelled,2024-11-09 15:58:15
2525,1362,1217,3,183.46,550.38,processing,2024-12-13 04:29:08
2526,165,449,5,79.54,397.70,processing,2024-08-22 09:39:39
2527,588,1250,1,154.74,154.74,pending,2024-06-16 17:42:52
2528,634,1442,1,131.97,131.97,cancelled,2024-07-21 19:32:25
2529,22,1236,3,100.57,301.71,delivered,2025-02-07 21:08:34
2530,902,478,1,124.59,124.59,shipped,2025-03-11 20:47:27
2531,1286,1541,1,148.26,148.26,shipped,2024-11-26 11:34:33
2532,951,1937,3,145.73,437.19,processing,2024-11-01 23:21:00
2533,494,26,2,173.57,347.14,cancelled,2024-07-04 15:17:13
2534,886,1753,1,65.60,65.60,processing,2024-10-10 05:31:13
2535,1093,737,1,102.33,102.33,pending,2025-03-11 07:38:28
2536,624,653,1,67.16,67.16,pending,2024-09-27 11:17:53
2537,310,1900,5,13.92,69.60,cancelled,2024-09-29 04:17:02
2538,284,1501,5,35.64,178.20,shipped,2024-09-16 02:48:46
2539,628,1204,4,25.82,103.28,delivered,2025-01-09 08:27:52
2540,878,1420,2,192.83,385.66,processing,2024-05-04 00:24:44
2541,602,651,1,107.44,107.44,cancelled,2024-06-05 12:06:41
2542,1033,97,4,170.22,680.88,pending,2024-10-08 02:25:20
2543,209,1510,2,176.54,353.08,cancelled,2025-01-27 18:53:17
2544,1205,1408,2,43.07,86.14,shipped,2024-05-21 03:45:23
2545,1160,1868,4,113.68,454.72,shipped,2024-12-29 21:43:23
2546,575,469,5,182.08,910.40,shipped,2024-09-19 22:23:48
2547,250,254,5,152.40,762.00,delivered,2025-02-23 08:51:52
2548,1173,928,3,109.96,329.88,processing,2024-12-09 07:25:14
2549,646,198,3,183.62,550.86,shipped,2024-05-19 17:33:44
2550,1132,806,3,179.11,537.33,delivered,2025-03-27 04:25:12
2551,1038,1821,1,73.06,73.06,cancelled,2024-06-22 06:32:47
2552,1290,436,1,41.29,41.29,processing,2024-10-31 04:03:54
2553,258,1671,2,122.27,244.54,shipped,2025-03-14 10:29:08
2554,215,459,5,152.88,764.40,shipped,2024-06-28 09:41:00
2555,1430,1804,2,119.47,238.94,processing,2024-05-16 11:56:45
2556,814,1067,5,86.11,430.55,cancelled,2024-05-06 10:34:19
2557,1442,431,3,150.94,452.82,delivered,2025-02-06 15:54:17
2558,363,1136,5,82.02,410.10,cancelled,2024-10-05 10:13:18
2559,235,955,3,80.40,241.20,processing,2024-11-17 19:50:55
2560,1412,1605,4,176.57,706.28,processing,2024-05-01 20:18:33
2561,1381,1195,3,179.84,539.52,processing,2024-07-19 09:15:37
2562,496,907,2,11.02,22.04,delivered,2025-01-10 12:10:31
2563,552,19,1,17.98,17.98,pending,2024-12-23 02:46:36
2564,279,496,1,5.50,5.50,processing,2024-07-09 03:08:36
2565,601,1251,4,42.77,171.08,processing,2024-10-02 04:24:10
2566,744,697,3,40.36,121.08,delivered,2025-02-24 10:48:54
2567,553,1310,1,160.63,160.63,processing,2025-02-21 03:20:36
2568,1056,1191,2,119.33,238.66,delivered,2024-05-26 08:38:08
2569,1135,1735,4,79.65,318.60,pending,2025-04-28 19:52:30
2570,455,1112,1,194.87,194.87,shipped,2024-11-25 00:50:00
2571,908,1431,2,178.54,357.08,delivered,2025-04-29 16:09:49
2572,69,1498,3,44.48,133.44,pending,2024-10-17 10:28:39
2573,1028,1709,4,42.98,171.92,cancelled,2024-11-18 09:45:00
2574,251,1271,5,42.95,214.75,delivered,2024-07-07 13:31:16
2575,352,825,5,99.89,499.45,delivered,2024-06-06 20:26:50
2576,860,321,3,111.36,334.08,pending,2024-11-20 22:17:31
2577,625,1045,3,22.29,66.87,cancelled,2024-08-08 02:34:48
2578,208,1800,1,190.77,190.77,pending,2024-12-06 13:33:19
2579,82,1574,4,24.37,97.48,shipped,2024-06-16 13:56:53
2580,739,79,1,75.38,75.38,pending,2024-05-26 23:03:36
2581,297,921,1,80.05,80.05,processing,2024-09-21 00:58:41
2582,1014,358,4,191.89,767.56,cancelled,2024-07-22 22:06:28
2583,958,1816,1,118.51,118.51,cancelled,2024-08-20 00:09:11
2584,446,1120,5,5.14,25.70,cancelled,2025-03-15 14:30:00
2585,1122,86,3,70.22,210.66,processing,2024-09-26 12:20:31
2586,175,1884,4,97.27,389.08,delivered,2024-12-24 04:11:28
2587,724,729,3,89.79,269.37,processing,2025-03-08 13:08:42
2588,406,1728,5,139.89,699.45,delivered,2024-10-14 13:20:35
2589,238,38,3,31.18,93.54,pending,2024-06-23 03:32:33
2590,1289,1691,5,133.72,668.60,shipped,2024-12-23 18:13:18
2591,883,64,3,149.26,447.78,shipped,2025-01-19 17:48:41
2592,348,395,5,78.33,391.65,shipped,2024-08-15 04:24:17
2593,420,931,5,189.55,947.75,pending,2024-05-25 12:47:23
2594,726,1514,1,15.08,15.08,processing,2025-02-27 07:32:59
2595,836,1353,2,131.61,263.22,pending,2025-04-20 04:15:08
2596,1038,280,3,159.21,477.63,processing,2025-02-24 07:11:53
2597,760,913,2,121.06,242.12,delivered,2024-08-12 04:45:03
2598,579,1898,4,75.07,300.28,shipped,2024-07-11 11:50:52
2599,1310,908,2,22.15,44.30,shipped,2025-04-17 12:16:55
2600,222,1321,5,34.61,173.05,pending,2024-11-26 11:10:43
2601,1342,171,3,164.74,494.22,delivered,2025-02-26 00:44:51
2602,1332,295,1,162.89,162.89,shipped,2025-03-15 13:29:16
2603,1451,891,4,91.77,367.08,delivered,2025-04-15 06:10:37
2604,20,1140,4,98.85,395.40,shipped,2024-07-31 00:29:44
2605,208,1501,3,84.67,254.01,pending,2025-01-05 17:43:07
2606,1054,1808,3,97.23,291.69,pending,2025-01-30 14:09:27
2607,277,1794,1,12.65,12.65,processing,2025-02-13 19:28:09
2608,245,1128,5,107.08,535.40,shipped,2024-07-02 17:46:40
2609,573,1476,5,8.07,40.35,cancelled,2025-03-08 22:30:06
2610,1473,284,5,135.26,676.30,shipped,2025-01-06 17:52:55
2611,625,1754,5,27.65,138.25,cancelled,2024-08-08 10:15:30
2612,357,1275,1,111.17,111.17,cancelled,2024-09-06 05:15:15
2613,936,276,2,119.49,238.98,shipped,2025-02-07 12:16:59
2614,535,625,1,191.87,191.87,cancelled,2024-06-02 18:22:59
2615,45,486,4,66.18,264.72,shipped,2025-02-13 20:55:50
2616,46,654,5,173.29,866.45,pending,2024-06-14 18:26:45
2617,1485,1209,3,69.17,207.51,cancelled,2025-04-28 00:53:26
2618,879,1484,4,69.10,276.40,processing,2025-03-14 13:44:45
2619,271,832,1,75.19,75.19,processing,2024-11-22 18:55:34
2620,343,639,3,79.61,238.83,shipped,2024-09-17 13:45:05
2621,785,1976,2,31.55,63.10,delivered,2024-07-21 09:24:37
2622,1136,1656,4,198.48,793.92,delivered,2024-09-16 14:12:10
2623,668,520,5,33.90,169.50,pending,2024-10-05 15:30:34
2624,98,197,1,36.52,36.52,delivered,2025-04-06 12:56:17
2625,357,1919,1,10.24,10.24,pending,2024-12-27 14:30:34
2626,1144,1123,1,80.95,80.95,cancelled,2024-07-31 06:51:18
2627,28,897,3,82.94,248.82,shipped,2024-06-10 15:11:45
2628,639,82,2,89.21,178.42,shipped,2024-08-20 23:13:53
2629,1475,1429,5,31.06,155.30,cancelled,2025-02-06 04:53:26
2630,878,1420,5,179.84,899.20,delivered,2025-03-19 10:03:55
2631,672,1357,4,171.51,686.04,pending,2024-11-30 23:21:32
2632,130,818,1,70.73,70.73,cancelled,2024-05-14 23:10:32
2633,133,1046,4,7.71,30.84,delivered,2024-10-25 18:13:07
2634,10,1207,3,91.59,274.77,processing,2024-07-03 03:41:48
2635,352,274,2,115.81,231.62,processing,2024-08-10 18:46:29
2636,37,760,5,66.12,330.60,shipped,2024-08-24 12:39:44
2637,1432,1592,2,71.39,142.78,processing,2024-08-20 14:44:45
2638,293,1973,2,35.37,70.74,cancelled,2024-06-27 19:35:24
2639,708,1152,4,127.82,511.28,pending,2024-05-19 07:09:06
2640,1068,608,5,118.65,593.25,processing,2024-05-28 03:17:24
2641,650,1320,3,111.25,333.75,shipped,2024-06-03 02:07:02
2642,398,1160,2,189.99,379.98,cancelled,2025-04-14 07:43:28
2643,1048,473,1,179.28,179.28,processing,2025-02-11 12:53:51
2644,1137,1232,1,164.64,164.64,pending,2025-01-18 20:39:54
2645,886,1093,5,152.06,760.30,pending,2024-12-20 01:24:26
2646,657,462,4,159.65,638.60,pending,2024-05-21 02:21:46
2647,1222,1502,1,176.98,176.98,delivered,2025-03-26 05:36:47
2648,1073,1870,3,193.74,581.22,processing,2025-04-28 22:59:36
2649,328,1647,2,99.69,199.38,pending,2025-04-10 00:44:02
2650,95,1911,4,105.06,420.24,cancelled,2025-04-30 10:02:13
2651,488,1604,1,10.54,10.54,cancelled,2025-03-23 05:44:19
2652,1007,366,2,18.23,36.46,processing,2024-09-28 22:41:28
2653,1375,1274,1,72.33,72.33,pending,2024-08-11 08:49:44
2654,1404,1107,1,109.16,109.16,pending,2024-06-19 19:13:38
2655,1166,1600,2,11.37,22.74,shipped,2024-08-13 08:10:14
2656,797,700,1,84.44,84.44,delivered,2024-10-16 08:55:10
2657,727,306,5,70.89,354.45,shipped,2025-03-24 20:20:06
2658,882,625,5,197.08,985.40,shipped,2024-05-16 22:59:47
2659,297,992,2,110.67,221.34,shipped,2024-11-26 17:37:49
2660,333,807,2,115.56,231.12,processing,2025-02-01 14:42:10
2661,268,272,3,80.12,240.36,delivered,2025-04-16 08:16:41
2662,860,983,3,62.65,187.95,cancelled,2024-10-16 23:45:31
2663,340,1317,5,25.92,129.60,processing,2025-04-13 00:35:32
2664,500,1967,3,154.53,463.59,shipped,2024-07-18 14:02:28
2665,199,1117,3,153.98,461.94,shipped,2024-11-16 04:16:46
2666,347,1239,4,35.78,143.12,delivered,2024-12-06 23:52:24
2667,242,654,3,126.14,378.42,pending,2025-03-21 19:50:11
2668,362,286,1,122.38,122.38,shipped,2024-05-31 12:24:23
2669,782,729,3,165.96,497.88,cancelled,2024-12-31 00:59:57
2670,297,764,2,178.89,357.78,cancelled,2024-06-07 10:05:01
2671,371,1792,1,55.37,55.37,shipped,2024-07-23 18:05:25
2672,832,892,4,52.98,211.92,delivered,2024-06-28 10:49:24
2673,180,1451,3,114.19,342.57,shipped,2024-12-23 11:36:56
2674,55,1032,1,189.71,189.71,delivered,2024-06-30 16:44:55
2675,410,1200,1,146.56,146.56,delivered,2024-07-04 10:57:37
2676,869,1955,1,164.68,164.68,pending,2025-01-11 08:11:14
2677,590,1667,3,18.14,54.42,shipped,2024-12-09 01:53:04
2678,1385,846,3,177.04,531.12,processing,2024-05-01 08:17:18
2679,634,967,1,33.25,33.25,cancelled,2024-09-26 11:00:28
2680,764,402,3,62.42,187.26,pending,2025-02-25 04:55:28
2681,1346,610,1,141.81,141.81,delivered,2024-05-27 08:55:23
2682,689,76,5,139.50,697.50,cancelled,2025-03-21 15:00:10
2683,450,443,1,173.21,173.21,shipped,2025-02-04 21:13:42
2684,757,1860,3,51.84,155.52,shipped,2025-04-12 19:25:26
2685,499,1213,1,14.46,14.46,processing,2024-05-27 22:12:07
2686,1145,398,4,183.06,732.24,processing,2024-06-14 20:43:50
2687,647,558,1,75.95,75.95,shipped,2024-11-20 07:10:29
2688,1033,713,5,101.83,509.15,shipped,2025-03-06 01:40:42
2689,759,707,2,135.93,271.86,shipped,2024-09-07 10:57:29
2690,574,253,4,38.29,153.16,cancelled,2024-09-03 18:55:16
2691,1214,167,4,45.38,181.52,processing,2024-05-07 11:00:08
2692,1044,669,1,169.77,169.77,pending,2024-05-17 10:38:29
2693,834,455,3,146.85,440.55,processing,2024-05-16 16:55:05
2694,791,1759,1,150.57,150.57,shipped,2024-09-26 15:42:44
2695,1226,1136,1,115.48,115.48,delivered,2024-09-21 03:48:37
2696,831,595,2,65.48,130.96,shipped,2024-12-09 05:43:04
2697,1256,1040,4,133.76,535.04,shipped,2025-03-23 14:33:22
2698,361,959,2,136.21,272.42,processing,2025-03-12 17:05:36
2699,1158,828,3,69.19,207.57,cancelled,2024-12-12 16:53:01
2700,1250,1583,2,59.24,118.48,pending,2024-11-02 06:15:42
2701,1180,1232,4,31.56,126.24,delivered,2024-09-01 09:27:14
2702,621,1748,3,119.00,357.00,processing,2025-01-13 10:07:01
2703,1228,950,1,68.07,68.07,pending,2024-05-28 05:24:16
2704,705,1936,4,72.97,291.88,delivered,2025-01-02 16:38:41
2705,1057,977,4,71.74,286.96,delivered,2024-08-27 06:31:18
2706,861,1432,1,31.98,31.98,cancelled,2025-03-01 03:16:37
2707,692,1382,4,81.07,324.28,shipped,2025-03-18 01:52:55
2708,535,625,2,75.92,151.84,processing,2024-11-05 03:53:30
2709,1272,1273,5,132.15,660.75,pending,2024-05-22 01:03:37
2710,1462,963,2,151.81,303.62,cancelled,2025-03-26 16:10:24
2711,678,1626,5,90.79,453.95,processing,2024-07-11 17:44:20
2712,380,1050,5,154.10,770.50,cancelled,2024-10-19 21:28:08
2713,1030,630,5,28.31,141.55,shipped,2024-07-09 02:49:50
2714,837,1516,2,66.89,133.78,cancelled,2024-07-10 04:11:37
2715,110,1701,5,59.25,296.25,delivered,2024-06-03 13:00:38
2716,1431,950,1,14.51,14.51,cancelled,2024-07-24 09:19:11
2717,1458,1443,3,28.65,85.95,shipped,2024-10-27 06:07:01
2718,745,306,1,173.24,173.24,delivered,2024-08-20 18:28:06
2719,1053,1498,2,196.44,392.88,cancelled,2025-02-20 05:39:59
2720,667,296,3,112.23,336.69,pending,2024-11-09 01:41:02
2721,1459,1600,4,70.98,283.92,cancelled,2024-07-01 16:23:35
2722,1369,175,2,127.92,255.84,pending,2024-06-14 08:23:17
2723,353,1049,3,8.81,26.43,cancelled,2024-11-16 09:31:53
2724,627,1514,1,107.34,107.34,processing,2024-11-07 01:29:20
2725,1403,2000,1,167.17,167.17,cancelled,2025-04-04 17:41:57
2726,479,1049,3,102.01,306.03,cancelled,2025-04-16 00:55:18
2727,497,1740,1,142.01,142.01,delivered,2025-04-10 01:23:26
2728,872,545,5,11.44,57.20,cancelled,2025-03-16 11:37:57
2729,44,130,5,100.15,500.75,cancelled,2025-01-16 08:54:03
2730,621,452,5,33.52,167.60,pending,2024-06-03 20:41:38
2731,1134,1102,3,108.94,326.82,shipped,2024-09-13 08:57:40
2732,450,1579,1,10.58,10.58,delivered,2024-11-05 07:12:06
2733,714,691,3,36.43,109.29,processing,2024-05-03 03:31:45
2734,819,509,5,115.00,575.00,pending,2024-09-08 16:31:26
2735,547,1469,5,94.96,474.80,delivered,2025-01-04 06:43:41
2736,1302,57,5,198.34,991.70,cancelled,2024-07-05 13:31:23
2737,1428,1084,1,152.05,152.05,shipped,2025-03-29 16:27:20
2738,178,1709,4,105.98,423.92,cancelled,2024-06-16 03:39:27
2739,238,1908,1,92.98,92.98,cancelled,2024-07-22 05:11:08
2740,1306,9,5,192.36,961.80,processing,2024-07-27 15:58:30
2741,1215,1966,2,139.32,278.64,cancelled,2024-07-31 14:49:06
2742,355,1511,4,189.29,757.16,delivered,2024-10-20 00:25:50
2743,1181,1766,2,161.74,323.48,cancelled,2024-11-05 07:16:02
2744,1498,21,2,24.07,48.14,pending,2024-08-23 13:41:55
2745,477,717,1,80.39,80.39,delivered,2024-10-31 20:41:35
2746,1147,1936,5,198.07,990.35,pending,2025-01-18 16:28:12
2747,1424,708,1,150.86,150.86,cancelled,2024-07-19 18:18:07
2748,205,942,3,182.58,547.74,pending,2025-02-12 04:18:45
2749,732,190,5,24.53,122.65,pending,2025-04-09 10:05:50
2750,1151,1014,1,13.35,13.35,delivered,2024-07-31 17:22:01
2751,658,35,3,154.13,462.39,processing,2025-03-13 02:03:40
2752,644,594,1,119.12,119.12,processing,2025-02-02 05:52:41
2753,298,177,5,93.29,466.45,pending,2024-08-31 05:59:30
2754,155,370,1,65.79,65.79,delivered,2024-06-27 02:33:30
2755,69,1498,3,80.49,241.47,cancelled,2024-09-04 06:46:33
2756,344,466,5,146.12,730.60,shipped,2025-01-15 14:56:33
2757,767,1111,1,195.25,195.25,shipped,2024-06-12 10:45:59
2758,937,944,3,74.07,222.21,delivered,2025-01-05 02:16:27
2759,914,1480,2,26.40,52.80,pending,2025-02-25 23:25:00
2760,554,1566,5,123.03,615.15,shipped,2025-04-25 18:47:04
2761,1058,1121,5,85.91,429.55,cancelled,2025-02-08 12:44:42
2762,1061,1296,1,108.70,108.70,shipped,2025-04-01 18:45:14
2763,1248,212,4,97.39,389.56,pending,2025-01-22 05:25:14
2764,952,945,5,20.42,102.10,delivered,2024-06-11 01:47:32
2765,581,17,5,50.54,252.70,processing,2024-09-27 02:56:59
2766,1407,1054,3,96.60,289.80,shipped,2025-04-04 10:21:32
2767,1345,429,5,105.80,529.00,shipped,2024-05-15 06:38:24
2768,420,880,4,162.10,648.40,pending,2024-07-26 01:36:19
2769,1217,928,5,100.16,500.80,shipped,2024-05-01 20:15:41
2770,756,1715,5,47.44,237.20,processing,2024-10-09 00:23:56
2771,1258,34,3,138.40,415.20,processing,2024-11-05 20:33:53
2772,742,1737,1,65.99,65.99,processing,2024-08-16 01:07:25
2773,688,1107,4,46.47,185.88,processing,2025-02-21 01:15:20
2774,1159,1819,3,82.56,247.68,pending,2025-01-01 04:36:18
2775,708,1152,1,144.94,144.94,pending,2025-04-01 06:34:57
2776,1021,525,2,99.66,199.32,pending,2024-11-16 06:48:34
2777,816,546,5,87.72,438.60,pending,2025-03-10 22:35:39
2778,907,1402,5,96.74,483.70,processing,2024-06-20 17:27:09
2779,219,1530,3,199.30,597.90,processing,2025-03-08 02:17:22
2780,1251,892,3,61.77,185.31,pending,2024-09-29 12:16:57
2781,939,1543,4,165.01,660.04,delivered,2024-05-31 13:09:27
2782,219,1557,4,197.04,788.16,delivered,2024-08-21 12:21:09
2783,1203,636,4,16.69,66.76,cancelled,2025-03-21 11:01:34
2784,739,1355,3,87.70,263.10,delivered,2025-03-03 08:42:22
2785,930,1736,1,95.88,95.88,pending,2024-09-28 02:10:13
2786,150,1374,4,148.12,592.48,processing,2024-12-09 00:27:22
2787,1007,366,1,180.81,180.81,pending,2024-05-12 10:22:41
2788,239,136,4,80.03,320.12,cancelled,2024-11-30 07:42:20
2789,783,1010,4,34.44,137.76,shipped,2025-01-03 05:27:23
2790,846,737,1,50.18,50.18,processing,2024-08-01 20:18:57
2791,1330,761,3,132.74,398.22,processing,2025-04-28 20:52:40
2792,847,1964,5,48.46,242.30,processing,2024-12-14 03:44:40
2793,1317,291,3,126.05,378.15,shipped,2025-04-21 01:42:11
2794,746,1390,1,30.55,30.55,delivered,2024-05-13 06:49:29
2795,1004,444,4,40.79,163.16,pending,2024-09-10 11:48:11
2796,1036,79,2,19.57,39.14,shipped,2024-06-10 02:41:41
2797,1161,765,1,146.72,146.72,processing,2025-03-26 03:26:21
2798,1207,1377,2,165.16,330.32,processing,2024-12-14 07:15:00
2799,239,136,4,66.48,265.92,processing,2025-02-04 09:23:44
2800,456,540,3,90.54,271.62,shipped,2024-05-04 22:59:17
2801,967,110,2,73.64,147.28,pending,2024-05-02 12:50:10
2802,738,133,4,104.82,419.28,delivered,2025-03-01 18:02:44
2803,306,833,5,69.87,349.35,cancelled,2025-01-02 15:12:32
2804,1144,1660,2,134.40,268.80,cancelled,2025-01-01 02:29:03
2805,1323,114,4,57.93,231.72,shipped,2024-06-08 14:11:13
2806,1408,1998,4,123.77,495.08,delivered,2025-02-15 00:29:52
2807,728,1710,5,160.10,800.50,pending,2025-01-15 06:07:31
2808,431,885,3,61.39,184.17,pending,2024-05-23 06:52:19
2809,1388,1829,5,80.85,404.25,shipped,2025-01-16 11:48:26
2810,859,680,1,76.15,76.15,delivered,2024-05-05 07:15:47
2811,425,198,1,24.75,24.75,delivered,2024-05-01 17:43:24
2812,179,449,2,50.02,100.04,delivered,2024-07-04 17:45:19
2813,385,10,3,58.29,174.87,delivered,2024-09-06 17:57:22
2814,908,1687,4,51.91,207.64,cancelled,2025-03-01 00:02:56
2815,279,1531,5,159.06,795.30,shipped,2025-02-27 02:01:26
2816,919,1399,4,33.64,134.56,shipped,2024-08-24 14:31:16
2817,1067,315,1,28.41,28.41,shipped,2024-12-05 03:51:44
2818,1000,1770,5,21.92,109.60,shipped,2024-05-05 05:42:28
2819,1205,1572,5,76.01,380.05,delivered,2025-01-20 18:28:54
2820,561,1470,4,153.98,615.92,delivered,2024-12-05 11:14:43
2821,258,397,5,184.63,923.15,processing,2024-10-01 14:54:04
2822,108,1813,1,116.72,116.72,processing,2024-05-22 03:24:43
2823,1174,1069,2,10.39,20.78,processing,2024-08-16 22:27:48
2824,33,878,5,46.51,232.55,pending,2024-12-19 07:24:21
2825,513,568,4,45.75,183.00,delivered,2024-05-11 06:36:06
2826,333,485,1,190.22,190.22,delivered,2025-02-19 00:01:44
2827,1189,671,3,81.89,245.67,processing,2025-02-09 11:19:51
2828,81,275,5,149.92,749.60,delivered,2024-10-20 15:30:14
2829,1139,1409,2,45.15,90.30,delivered,2024-06-14 10:25:52
2830,549,328,3,81.56,244.68,cancelled,2024-06-07 07:08:40
2831,327,1369,3,109.07,327.21,pending,2025-03-16 08:59:01
2832,9,1772,1,38.35,38.35,shipped,2025-03-27 18:21:46
2833,1036,234,4,185.33,741.32,cancelled,2025-02-24 22:59:05
2834,1450,259,4,43.36,173.44,pending,2024-11-14 11:36:27
2835,501,242,1,73.72,73.72,pending,2025-04-05 08:54:07
2836,1189,1183,2,49.59,99.18,pending,2024-12-31 07:28:23
2837,153,616,3,151.05,453.15,delivered,2024-08-18 09:38:10
2838,953,714,5,35.94,179.70,processing,2025-03-24 15:29:30
2839,1469,817,2,62.98,125.96,processing,2024-09-21 15:56:33
2840,204,1856,3,138.38,415.14,cancelled,2024-08-23 10:47:04
2841,792,932,3,165.46,496.38,cancelled,2024-12-16 22:57:32
2842,858,949,2,135.33,270.66,pending,2024-12-07 19:12:06
2843,317,346,5,139.65,698.25,delivered,2024-09-10 09:21:16
2844,655,1031,3,185.00,555.00,cancelled,2024-12-06 13:03:09
2845,555,218,1,23.02,23.02,cancelled,2024-06-18 16:33:18
2846,489,1898,3,130.65,391.95,delivered,2024-12-05 21:13:33
2847,18,196,1,40.01,40.01,delivered,2025-01-08 14:00:25
2848,283,1874,5,21.73,108.65,processing,2024-10-24 09:14:34
2849,66,1618,5,119.15,595.75,processing,2024-07-11 10:19:02
2850,1309,945,1,35.98,35.98,cancelled,2025-02-26 15:26:17
2851,571,1992,3,11.66,34.98,processing,2024-08-17 11:24:06
2852,847,1964,4,21.55,86.20,pending,2024-07-25 17:16:21
2853,298,1626,2,102.34,204.68,processing,2024-10-04 12:08:19
2854,669,1867,5,97.51,487.55,pending,2025-03-18 05:44:54
2855,719,1500,2,13.03,26.06,cancelled,2024-11-16 16:34:24
2856,671,940,4,41.68,166.72,processing,2024-07-20 05:19:22
2857,1123,504,1,45.47,45.47,delivered,2024-08-17 10:27:03
2858,871,278,2,126.84,253.68,shipped,2024-11-07 07:55:56
2859,975,1684,5,181.95,909.75,pending,2024-12-26 10:17:16
2860,310,6,1,120.11,120.11,pending,2025-03-08 04:36:22
2861,857,1578,2,168.23,336.46,delivered,2025-02-08 05:09:29
2862,783,1122,3,170.17,510.51,pending,2024-12-05 04:20:16
2863,1471,217,2,35.52,71.04,shipped,2024-11-18 08:51:35
2864,587,1370,2,68.84,137.68,cancelled,2024-07-30 07:45:55
2865,1381,1624,4,124.08,496.32,cancelled,2024-12-23 09:59:28
2866,314,807,3,144.89,434.67,cancelled,2025-02-06 07:43:29
2867,83,440,4,91.77,367.08,delivered,2024-08-31 05:20:23
2868,1279,1970,1,56.58,56.58,processing,2024-08-08 02:37:29
2869,1173,529,4,165.32,661.28,processing,2024-07-12 18:38:17
2870,656,1987,1,11.57,11.57,pending,2024-10-07 09:39:03
2871,37,760,3,44.58,133.74,delivered,2024-06-23 01:08:24
2872,36,684,3,144.17,432.51,pending,2024-05-26 16:29:30
2873,1470,1850,3,191.66,574.98,delivered,2025-03-06 17:43:45
2874,1401,1054,4,189.42,757.68,delivered,2024-06-22 17:19:54
2875,732,482,4,24.71,98.84,pending,2024-08-15 03:56:08
2876,114,331,2,59.96,119.92,pending,2025-03-25 09:48:51
2877,293,1288,2,72.62,145.24,processing,2024-09-01 06:36:29
2878,553,1723,5,43.66,218.30,pending,2025-03-02 08:32:15
2879,1022,366,3,94.25,282.75,processing,2024-05-30 10:05:17
2880,36,1226,5,93.96,469.80,cancelled,2024-10-19 09:49:12
2881,229,805,4,95.44,381.76,delivered,2025-03-03 18:31:41
2882,1317,1875,1,179.77,179.77,shipped,2024-12-19 12:15:11
2883,912,995,5,36.52,182.60,cancelled,2024-08-27 21:35:02
2884,48,309,5,121.76,608.80,cancelled,2024-10-22 06:57:38
2885,1252,1916,2,197.69,395.38,shipped,2025-03-29 10:22:46
2886,1454,615,5,54.09,270.45,shipped,2024-06-14 06:02:48
2887,460,1760,1,142.13,142.13,pending,2024-05-14 13:13:55
2888,957,1865,4,195.99,783.96,processing,2024-05-14 02:52:15
2889,68,1882,5,56.97,284.85,shipped,2024-07-04 11:02:57
2890,38,666,4,29.73,118.92,cancelled,2025-04-03 02:03:24
2891,1121,1611,3,94.91,284.73,shipped,2024-11-08 00:32:24
2892,45,486,1,151.00,151.00,shipped,2025-04-09 01:10:58
2893,1071,1343,1,40.56,40.56,cancelled,2025-04-15 22:44:02
2894,709,496,4,100.57,402.28,processing,2025-04-16 04:12:18
2895,190,1242,4,83.57,334.28,cancelled,2024-09-14 16:22:41
2896,204,242,1,9.41,9.41,delivered,2024-12-17 09:24:04
2897,1168,1267,5,86.58,432.90,cancelled,2024-12-23 16:29:14
2898,728,803,3,121.77,365.31,delivered,2024-06-01 03:46:38
2899,1394,7,5,50.76,253.80,processing,2025-01-13 20:49:28
2900,855,352,3,58.28,174.84,delivered,2024-06-15 16:12:33
2901,117,840,3,180.49,541.47,shipped,2025-02-28 18:50:55
2902,144,247,5,163.21,816.05,cancelled,2025-04-02 21:41:58
2903,371,245,3,21.53,64.59,shipped,2024-06-28 20:55:44
2904,967,321,3,19.94,59.82,pending,2024-12-05 02:52:21
2905,385,1202,1,45.92,45.92,cancelled,2024-12-05 22:10:29
2906,881,366,1,59.23,59.23,processing,2024-09-19 20:19:52
2907,901,831,1,96.57,96.57,cancelled,2025-02-12 17:06:26
2908,573,1070,5,30.94,154.70,processing,2025-01-31 10:43:33
2909,1248,299,3,33.87,101.61,processing,2024-09-19 18:09:55
2910,1087,1152,3,32.10,96.30,processing,2024-09-07 21:24:09
2911,1424,1104,3,100.31,300.93,pending,2024-08-08 14:41:16
2912,65,1702,1,95.54,95.54,cancelled,2024-11-17 13:03:44
2913,536,238,1,165.91,165.91,pending,2025-02-04 06:15:11
2914,1175,1738,3,135.91,407.73,processing,2024-06-08 09:33:04
2915,837,389,5,18.28,91.40,delivered,2024-11-06 03:35:35
2916,313,533,4,13.06,52.24,processing,2025-04-17 17:30:44
2917,1298,225,1,138.07,138.07,pending,2024-09-08 23:51:06
2918,703,193,5,165.81,829.05,pending,2024-05-16 14:53:22
2919,464,873,4,83.08,332.32,delivered,2025-04-14 04:30:29
2920,529,1422,4,152.74,610.96,shipped,2024-05-01 13:29:30
2921,813,353,5,139.89,699.45,shipped,2024-11-08 02:42:26
2922,132,830,1,109.88,109.88,shipped,2024-08-20 07:09:52
2923,819,509,4,86.07,344.28,delivered,2024-09-10 00:31:14
2924,857,1537,3,148.79,446.37,processing,2024-11-20 06:59:20
2925,750,1893,4,14.99,59.96,delivered,2025-04-28 22:13:46
2926,168,242,3,56.79,170.37,processing,2025-01-02 13:45:48
2927,67,1502,5,121.08,605.40,shipped,2024-12-13 22:58:03
2928,840,926,2,31.22,62.44,processing,2024-08-22 16:38:59
2929,601,988,3,179.55,538.65,pending,2024-11-01 18:37:16
2930,319,1751,3,20.61,61.83,shipped,2024-05-09 10:26:04
2931,257,1270,1,194.54,194.54,delivered,2024-07-13 02:11:08
2932,1436,1747,3,9.71,29.13,pending,2024-12-18 03:08:20
2933,1082,116,4,7.82,31.28,delivered,2024-10-29 19:23:44
2934,308,1910,2,122.32,244.64,shipped,2024-08-04 15:45:38
2935,92,283,3,134.00,402.00,shipped,2024-05-26 19:42:50
2936,52,1,2,159.76,319.52,delivered,2024-08-17 18:09:37
2937,1194,1693,5,50.73,253.65,shipped,2025-02-16 20:52:16
2938,1177,803,1,57.64,57.64,processing,2024-08-04 11:05:22
2939,732,1853,1,77.49,77.49,shipped,2024-05-14 02:02:54
2940,715,1250,4,19.91,79.64,cancelled,2024-07-01 02:09:38
2941,606,993,1,78.75,78.75,delivered,2024-11-17 22:57:27
2942,1107,418,1,28.63,28.63,delivered,2025-03-24 03:44:02
2943,775,1260,4,35.04,140.16,delivered,2024-08-12 13:55:57
2944,538,723,1,29.06,29.06,delivered,2025-04-07 23:06:19
2945,1034,1667,4,136.46,545.84,cancelled,2025-01-02 19:25:59
2946,785,1976,5,27.70,138.50,shipped,2024-11-15 13:24:02
2947,886,682,5,125.16,625.80,cancelled,2024-06-07 14:46:05
2948,336,257,3,104.44,313.32,shipped,2024-06-03 10:48:40
2949,38,1021,5,175.64,878.20,pending,2025-04-15 15:57:54
2950,64,333,5,36.56,182.80,shipped,2024-12-28 18:19:42
2951,685,1207,3,159.26,477.78,processing,2025-04-27 13:01:18
2952,730,256,3,194.68,584.04,pending,2025-01-05 09:06:06
2953,940,1054,4,38.50,154.00,pending,2024-10-18 22:39:44
2954,681,1657,4,75.28,301.12,cancelled,2025-03-31 01:41:39
2955,837,1516,4,71.13,284.52,pending,2024-08-01 23:02:33
2956,246,1430,2,157.80,315.60,shipped,2025-03-12 03:11:15
2957,199,135,5,12.40,62.00,cancelled,2025-01-22 22:30:44
2958,239,537,4,137.88,551.52,processing,2024-05-17 00:53:22
2959,1033,1429,3,6.46,19.38,cancelled,2024-12-01 16:28:49
2960,547,283,2,172.12,344.24,shipped,2024-08-11 22:03:55
2961,684,938,3,78.08,234.24,pending,2025-03-27 23:26:26
2962,1374,1150,2,32.23,64.46,pending,2025-01-09 09:56:40
2963,351,967,1,124.59,124.59,delivered,2024-12-10 06:22:50
2964,447,1982,3,121.14,363.42,pending,2024-12-25 11:24:55
2965,1255,567,3,134.33,402.99,cancelled,2024-11-22 12:42:20
2966,421,807,4,125.36,501.44,delivered,2024-05-04 17:44:39
2967,709,749,2,66.84,133.68,shipped,2024-05-07 11:31:53
2968,654,1088,3,156.62,469.86,shipped,2025-03-05 11:22:19
2969,727,1510,3,92.86,278.58,cancelled,2024-12-07 13:20:59
2970,1203,1106,5,35.75,178.75,pending,2024-09-30 04:55:17
2971,1297,866,3,7.54,22.62,shipped,2025-03-14 21:34:47
2972,1305,1870,4,175.36,701.44,delivered,2025-02-24 06:42:37
2973,250,1154,4,81.86,327.44,delivered,2025-04-19 20:07:49
2974,871,1343,5,125.15,625.75,shipped,2025-03-26 11:10:27
2975,324,1651,3,59.84,179.52,delivered,2024-10-07 00:30:45
2976,1020,1272,5,54.71,273.55,shipped,2024-08-10 11:16:11
2977,1010,1124,2,49.81,99.62,cancelled,2024-07-22 06:33:10
2978,198,1019,4,29.85,119.40,processing,2024-10-02 22:33:11
2979,1114,1958,4,136.48,545.92,delivered,2025-04-16 18:03:30
2980,822,1952,2,75.20,150.40,processing,2024-11-19 06:21:35
2981,482,1001,5,28.69,143.45,delivered,2024-07-02 15:58:07
2982,1145,1209,3,130.80,392.40,delivered,2024-07-05 08:38:51
2983,454,1015,2,55.80,111.60,processing,2024-07-09 07:33:28
2984,1100,894,3,154.34,463.02,delivered,2024-06-03 02:26:48
2985,19,811,1,160.39,160.39,processing,2025-03-20 13:05:40
2986,361,959,5,73.36,366.80,shipped,2024-07-10 02:43:39
2987,741,52,3,80.95,242.85,processing,2024-10-02 05:05:00
2988,962,102,4,103.48,413.92,pending,2024-05-09 18:21:14
2989,1238,56,2,126.85,253.70,cancelled,2024-05-07 23:27:29
2990,1293,1303,4,34.91,139.64,shipped,2024-10-30 06:37:19
2991,1498,21,4,84.44,337.76,processing,2025-01-05 22:43:16
2992,609,1507,1,133.29,133.29,cancelled,2024-12-29 11:02:03
2993,62,1121,5,54.05,270.25,shipped,2024-12-12 05:43:39
2994,206,134,2,72.46,144.92,cancelled,2025-01-14 18:55:09
2995,1212,756,1,103.02,103.02,processing,2024-07-15 11:40:13
2996,101,1145,1,166.87,166.87,shipped,2024-06-29 19:29:26
2997,37,9,5,185.39,926.95,shipped,2024-06-20 10:38:12
2998,990,1089,1,166.74,166.74,processing,2025-04-20 17:37:08
2999,1009,1608,1,199.40,199.40,delivered,2024-07-23 17:34:00
3000,203,1523,2,26.94,53.88,cancelled,2025-03-06 17:04:13
3001,1479,399,2,8.72,17.44,cancelled,2025-04-20 19:18:19
3002,671,758,5,117.42,587.10,delivered,2024-07-20 00:10:39
3003,297,1372,2,112.92,225.84,cancelled,2024-08-30 19:18:59
3004,1359,1825,1,27.41,27.41,delivered,2024-10-24 15:34:17
3005,1490,1367,5,113.75,568.75,cancelled,2024-11-13 02:21:56
3006,1153,361,4,29.33,117.32,shipped,2025-03-10 23:25:52
3007,278,139,5,144.32,721.60,pending,2025-02-06 20:55:03
3008,904,1505,3,146.75,440.25,processing,2025-01-28 17:21:34
3009,1492,1331,1,5.38,5.38,processing,2024-09-27 22:36:33
3010,1071,253,5,85.28,426.40,pending,2025-04-28 06:11:53
3011,47,1290,3,194.71,584.13,shipped,2024-06-06 06:50:12
3012,1263,219,4,32.86,131.44,shipped,2024-08-14 20:46:36
3013,1408,1469,4,160.25,641.00,processing,2025-02-07 15:01:22
3014,352,1290,4,47.82,191.28,cancelled,2024-09-07 04:40:29
3015,973,1587,1,162.47,162.47,cancelled,2024-05-29 01:19:58
3016,1228,1188,2,120.43,240.86,shipped,2024-05-12 11:47:44
3017,553,7,5,63.28,316.40,cancelled,2024-05-22 07:35:14
3018,971,1025,4,41.38,165.52,pending,2025-04-19 12:24:20
3019,339,1880,2,34.77,69.54,delivered,2025-04-05 18:59:40
3020,438,83,5,46.02,230.10,pending,2024-05-01 06:51:50
3021,1358,1814,1,129.87,129.87,delivered,2025-04-26 04:48:53
3022,994,1021,4,122.88,491.52,cancelled,2024-10-03 18:11:25
3023,1158,1080,1,183.40,183.40,pending,2024-12-27 17:52:35
3024,708,1152,2,157.30,314.60,processing,2025-01-01 15:55:58
3025,101,1148,4,9.40,37.60,processing,2024-09-22 20:56:24
3026,1414,1913,5,69.45,347.25,cancelled,2024-06-21 11:58:48
3027,1389,913,5,31.96,159.80,cancelled,2024-06-26 10:59:46
3028,426,911,3,125.73,377.19,delivered,2024-06-18 23:54:38
3029,1114,716,3,191.93,575.79,delivered,2024-09-02 09:51:19
3030,1308,1249,5,174.18,870.90,shipped,2025-04-06 17:00:46
3031,1433,1816,4,69.40,277.60,delivered,2024-11-27 09:06:05
3032,431,394,2,185.23,370.46,cancelled,2024-06-02 12:15:57
3033,83,1264,3,136.36,409.08,processing,2025-04-28 11:29:20
3034,669,738,2,69.96,139.92,cancelled,2024-06-26 18:10:42
3035,345,456,2,8.47,16.94,shipped,2024-11-12 11:42:01
3036,1060,178,3,116.14,348.42,processing,2024-07-11 07:06:40
3037,283,1147,3,175.51,526.53,cancelled,2024-11-21 07:06:58
3038,844,277,5,176.19,880.95,delivered,2024-12-14 02:26:53
3039,1151,1014,3,166.98,500.94,cancelled,2024-09-03 01:06:42
3040,297,992,3,116.66,349.98,cancelled,2024-11-13 19:38:53
3041,671,340,3,119.97,359.91,pending,2024-08-24 08:43:18
3042,100,720,2,170.93,341.86,shipped,2025-04-08 07:25:20
3043,896,280,2,159.17,318.34,cancelled,2024-12-21 10:58:05
3044,1443,1957,2,70.02,140.04,processing,2025-01-05 05:30:08
3045,691,98,4,106.10,424.40,pending,2024-08-09 03:50:07
3046,234,561,5,92.10,460.50,processing,2024-08-19 14:08:26
3047,1099,291,2,148.39,296.78,processing,2024-11-01 18:46:08
3048,93,934,3,50.63,151.89,shipped,2024-06-19 04:20:58
3049,599,1385,5,10.70,53.50,cancelled,2024-05-13 07:01:54
3050,100,1814,1,37.54,37.54,cancelled,2025-01-06 02:54:15
3051,953,1588,5,67.39,336.95,pending,2025-04-29 09:58:18
3052,741,935,2,146.19,292.38,pending,2024-06-30 04:25:44
3053,1053,760,5,141.66,708.30,cancelled,2024-05-17 06:51:18
3054,454,1266,2,94.36,188.72,cancelled,2024-12-14 07:07:31
3055,52,548,2,158.68,317.36,delivered,2024-06-12 12:58:07
3056,1268,937,1,76.82,76.82,delivered,2024-12-12 08:26:34
3057,16,1228,4,54.18,216.72,delivered,2025-04-08 17:20:37
3058,726,1514,2,105.16,210.32,processing,2024-06-25 16:07:56
3059,339,828,5,21.23,106.15,shipped,2024-10-17 16:21:46
3060,195,32,2,170.94,341.88,delivered,2024-05-24 00:29:20
3061,1128,1103,3,166.09,498.27,processing,2024-07-04 11:02:17
3062,941,571,4,23.59,94.36,processing,2024-07-26 17:15:48
3063,670,928,4,17.04,68.16,processing,2025-04-27 12:36:19
3064,927,1227,2,124.96,249.92,cancelled,2024-11-25 04:43:37
3065,775,1260,5,117.69,588.45,pending,2025-03-14 18:31:17
3066,64,410,4,177.78,711.12,delivered,2025-03-28 04:30:49
3067,1459,1073,4,128.75,515.00,shipped,2025-03-20 14:06:44
3068,329,1855,4,194.52,778.08,shipped,2024-11-17 02:25:58
3069,85,1970,4,66.95,267.80,cancelled,2024-09-18 17:46:50
3070,928,1905,5,58.65,293.25,delivered,2024-08-18 08:28:28
3071,980,30,1,83.52,83.52,shipped,2024-09-19 19:23:17
3072,803,551,2,10.92,21.84,shipped,2024-08-22 10:13:31
3073,941,395,3,159.17,477.51,processing,2024-10-05 23:09:23
3074,318,1496,2,7.86,15.72,shipped,2024-10-05 21:52:10
3075,151,1906,1,8.49,8.49,cancelled,2024-05-07 00:30:39
3076,813,192,5,31.18,155.90,delivered,2024-08-27 05:39:35
3077,524,1350,3,22.58,67.74,pending,2024-10-18 14:10:12
3078,149,586,2,142.28,284.56,delivered,2025-03-28 01:07:06
3079,1297,1773,1,84.03,84.03,delivered,2024-07-30 21:08:49
3080,1265,1692,2,184.58,369.16,pending,2024-11-06 09:20:28
3081,831,728,3,107.28,321.84,cancelled,2024-07-30 00:04:00
3082,140,1231,3,102.57,307.71,cancelled,2024-06-28 23:46:20
3083,1312,1553,1,150.93,150.93,cancelled,2025-01-12 11:50:58
3084,1170,789,5,79.91,399.55,processing,2025-03-01 03:49:03
3085,191,1337,4,43.44,173.76,delivered,2024-06-29 06:30:09
3086,1124,880,2,86.10,172.20,shipped,2024-09-06 13:09:20
3087,671,340,1,128.44,128.44,processing,2025-04-11 05:45:59
3088,331,1630,3,6.30,18.90,cancelled,2025-04-02 16:47:04
3089,1272,544,3,54.30,162.90,cancelled,2025-04-30 09:01:22
3090,602,876,1,141.27,141.27,processing,2024-09-02 18:43:33
3091,351,639,4,81.23,324.92,delivered,2024-06-17 14:50:07
3092,707,249,1,193.00,193.00,cancelled,2024-10-26 00:43:31
3093,1344,1567,2,45.56,91.12,shipped,2024-12-30 10:31:41
3094,1450,700,3,85.49,256.47,shipped,2025-01-15 09:47:13
3095,1408,1998,4,165.01,660.04,shipped,2024-12-15 10:52:37
3096,1224,545,4,185.53,742.12,cancelled,2024-10-18 23:07:09
3097,720,315,3,14.18,42.54,cancelled,2025-02-09 02:59:52
3098,582,433,1,195.28,195.28,shipped,2024-09-18 12:01:09
3099,51,130,4,68.06,272.24,cancelled,2025-01-28 06:03:08
3100,619,1253,1,34.04,34.04,pending,2025-02-27 11:44:39
3101,298,1626,1,76.76,76.76,cancelled,2024-08-13 00:11:07
3102,1212,23,2,77.47,154.94,cancelled,2025-01-30 18:32:05
3103,537,1513,2,29.21,58.42,delivered,2025-01-26 17:02:13
3104,22,254,1,174.02,174.02,cancelled,2024-08-09 20:13:11
3105,448,348,5,173.99,869.95,shipped,2025-04-03 04:44:01
3106,550,1930,4,127.05,508.20,processing,2024-05-02 17:17:44
3107,643,1240,5,84.93,424.65,pending,2024-05-26 21:00:27
3108,1029,221,1,106.50,106.50,processing,2025-01-02 09:53:42
3109,1402,1270,2,58.55,117.10,cancelled,2025-01-25 13:17:03
3110,1148,1361,2,188.85,377.70,shipped,2024-12-15 16:16:00
3111,68,270,4,15.01,60.04,processing,2024-10-06 20:23:06
3112,976,387,3,33.17,99.51,cancelled,2024-09-08 16:34:52
3113,54,1967,4,43.58,174.32,cancelled,2024-10-08 08:21:29
3114,80,1727,5,157.98,789.90,shipped,2024-05-28 20:15:42
3115,429,1698,3,174.66,523.98,shipped,2025-02-02 03:05:40
3116,265,1606,3,185.71,557.13,cancelled,2024-11-17 08:15:12
3117,782,707,4,36.32,145.28,cancelled,2025-02-17 00:07:37
3118,416,614,4,31.24,124.96,processing,2024-12-16 02:46:28
3119,81,970,1,101.58,101.58,cancelled,2024-09-01 17:45:18
3120,1125,1439,2,47.16,94.32,delivered,2024-06-14 16:42:03
3121,1471,656,4,103.85,415.40,pending,2025-02-06 05:08:00
3122,1469,817,2,19.93,39.86,shipped,2024-09-30 06:17:55
3123,474,1545,4,79.30,317.20,processing,2024-12-22 03:05:20
3124,116,1168,2,156.65,313.30,pending,2024-06-09 13:03:02
3125,704,1002,4,89.77,359.08,processing,2024-12-03 08:01:12
3126,744,420,1,106.95,106.95,shipped,2025-01-26 07:14:53
3127,210,1496,2,85.92,171.84,shipped,2024-12-26 05:48:27
3128,1423,1905,1,8.07,8.07,shipped,2024-05-09 10:35:55
3129,52,200,3,36.21,108.63,cancelled,2024-12-14 07:25:59
3130,790,1351,4,6.16,24.64,shipped,2025-03-14 18:00:13
3131,1312,362,5,58.06,290.30,pending,2024-05-08 00:18:51
3132,673,1054,1,64.16,64.16,shipped,2025-03-02 12:03:37
3133,99,1945,4,185.92,743.68,delivered,2024-07-10 13:29:44
3134,1387,520,1,135.86,135.86,cancelled,2024-12-30 19:57:49
3135,1277,1046,3,10.61,31.83,processing,2024-08-22 21:05:23
3136,1178,434,2,101.89,203.78,cancelled,2025-03-15 16:05:41
3137,809,1542,2,98.97,197.94,delivered,2025-03-01 00:50:43
3138,790,1980,4,134.45,537.80,shipped,2025-01-12 12:30:56
3139,699,1980,3,31.97,95.91,pending,2025-04-26 11:25:04
3140,384,915,4,193.05,772.20,shipped,2024-07-03 14:32:46
3141,373,450,4,83.32,333.28,processing,2024-11-17 01:16:13
3142,672,120,1,62.43,62.43,delivered,2024-09-29 15:19:43
3143,1458,15,5,22.66,113.30,pending,2025-03-03 02:15:39
3144,1012,1278,2,94.92,189.84,delivered,2024-05-26 01:11:31
3145,1113,793,2,28.43,56.86,cancelled,2024-11-25 10:40:46
3146,354,572,1,127.93,127.93,pending,2025-03-02 06:04:13
3147,1354,607,3,120.32,360.96,cancelled,2025-01-21 14:34:56
3148,1166,1982,5,156.14,780.70,shipped,2024-11-04 17:50:46
3149,1006,967,1,42.23,42.23,cancelled,2025-02-06 04:00:57
3150,677,1248,5,65.98,329.90,delivered,2024-09-15 16:30:02
3151,1199,1902,5,65.18,325.90,delivered,2025-01-27 00:47:58
3152,170,653,3,170.27,510.81,shipped,2024-10-04 00:26:38
3153,1253,1613,4,12.53,50.12,processing,2024-07-04 04:04:05
3154,626,1687,3,32.36,97.08,shipped,2025-01-04 03:13:11
3155,1237,1131,1,12.06,12.06,pending,2024-11-09 02:41:38
3156,711,478,3,126.27,378.81,delivered,2025-03-25 10:21:53
3157,338,865,5,171.91,859.55,pending,2024-12-21 02:01:40
3158,1256,1964,4,168.52,674.08,pending,2024-07-05 13:38:13
3159,1345,520,3,35.80,107.40,delivered,2024-12-24 03:49:00
3160,412,1189,4,115.70,462.80,processing,2025-03-24 22:12:52
3161,982,877,4,21.60,86.40,cancelled,2024-11-09 18:11:06
3162,579,1898,1,57.25,57.25,processing,2024-07-09 22:04:22
3163,38,766,1,65.39,65.39,pending,2024-06-13 12:48:14
3164,56,1907,3,176.95,530.85,delivered,2025-02-23 03:52:17
3165,2,989,3,40.26,120.78,pending,2024-09-12 19:03:33
3166,1225,1180,5,51.15,255.75,delivered,2025-01-03 17:28:59
3167,770,1340,2,74.41,148.82,pending,2024-07-20 03:40:16
3168,394,899,1,162.23,162.23,shipped,2025-01-03 05:30:03
3169,1406,102,2,26.89,53.78,delivered,2024-06-01 21:47:11
3170,298,1703,1,18.55,18.55,pending,2025-04-07 15:42:13
3171,1422,870,3,86.10,258.30,shipped,2024-06-10 13:13:45
3172,1396,596,3,156.61,469.83,processing,2025-02-27 17:06:18
3173,759,707,4,106.41,425.64,pending,2024-06-27 02:42:33
3174,1095,65,1,100.25,100.25,processing,2025-03-30 22:10:15
3175,300,249,4,134.55,538.20,processing,2024-12-20 21:48:51
3176,52,987,4,152.41,609.64,delivered,2025-04-01 23:53:08
3177,52,1565,4,29.47,117.88,delivered,2024-09-30 03:36:15
3178,1385,1016,5,100.56,502.80,shipped,2024-11-23 01:43:52
3179,338,1601,3,41.58,124.74,delivered,2025-04-01 08:45:24
3180,720,561,3,171.14,513.42,processing,2024-06-21 10:06:59
3181,1490,310,3,111.31,333.93,cancelled,2024-11-06 13:28:51
3182,1141,1976,2,15.98,31.96,shipped,2024-09-22 07:36:21
3183,157,1862,3,93.47,280.41,cancelled,2024-11-08 11:04:55
3184,101,862,2,38.57,77.14,cancelled,2024-10-11 19:20:08
3185,1332,295,1,112.45,112.45,cancelled,2024-10-22 20:55:11
3186,585,1105,3,98.94,296.82,pending,2024-07-21 02:38:29
3187,1348,947,2,192.50,385.00,delivered,2024-05-10 11:18:44
3188,16,1676,4,117.76,471.04,processing,2024-08-06 21:12:04
3189,265,1606,3,171.23,513.69,shipped,2024-11-14 08:19:31
3190,370,1025,4,72.81,291.24,processing,2024-08-15 19:39:56
3191,136,1014,2,72.27,144.54,delivered,2024-11-01 10:37:13
3192,1076,1012,3,45.38,136.14,delivered,2025-03-16 22:40:50
3193,1398,1673,1,60.72,60.72,shipped,2024-11-28 00:39:23
3194,740,1213,4,140.88,563.52,pending,2024-05-01 08:51:26
3195,1218,73,5,195.28,976.40,cancelled,2024-09-15 01:51:36
3196,1093,1960,2,96.57,193.14,cancelled,2025-02-26 00:30:39
3197,990,439,4,82.39,329.56,delivered,2024-10-07 02:45:21
3198,937,1571,2,12.87,25.74,cancelled,2024-07-11 15:54:34
3199,10,399,5,123.91,619.55,pending,2024-07-20 07:54:27
3200,78,499,3,64.39,193.17,pending,2024-11-29 08:20:03
3201,597,729,4,80.30,321.20,cancelled,2025-03-14 14:32:04
3202,883,1100,2,196.58,393.16,delivered,2024-08-10 10:30:50
3203,1304,281,3,188.61,565.83,processing,2024-08-09 06:43:51
3204,820,294,1,30.29,30.29,shipped,2024-12-10 06:00:53
3205,526,457,5,100.03,500.15,pending,2024-09-16 20:45:03
3206,1126,793,3,14.07,42.21,shipped,2025-04-04 03:51:18
3207,545,1450,5,12.46,62.30,pending,2024-12-11 08:45:04
3208,197,1169,3,32.88,98.64,shipped,2024-10-01 05:40:23
3209,1138,1105,1,136.36,136.36,delivered,2024-08-21 13:14:13
3210,1234,1298,2,115.90,231.80,processing,2025-03-31 13:22:00
3211,687,111,2,88.82,177.64,delivered,2025-01-27 07:53:22
3212,1175,1738,4,21.66,86.64,shipped,2025-01-23 07:44:49
3213,1171,375,5,44.99,224.95,delivered,2025-01-10 13:38:47
3214,1476,732,1,31.54,31.54,cancelled,2025-02-22 01:57:26
3215,1442,431,4,129.84,519.36,cancelled,2024-10-24 15:08:39
3216,1095,892,5,162.49,812.45,pending,2024-07-29 22:46:32
3217,597,1951,3,153.68,461.04,processing,2024-08-11 11:44:13
3218,99,120,5,84.57,422.85,processing,2024-11-23 22:46:55
3219,46,7,3,106.05,318.15,delivered,2025-03-28 02:05:35
3220,173,997,5,85.39,426.95,shipped,2024-07-31 04:47:51
3221,678,608,4,175.13,700.52,delivered,2024-11-11 17:47:13
3222,106,862,3,70.56,211.68,cancelled,2024-12-13 15:31:33
3223,1347,1692,1,113.41,113.41,cancelled,2024-07-27 02:15:39
3224,222,973,1,193.08,193.08,processing,2024-05-29 08:32:28
3225,64,675,1,54.16,54.16,cancelled,2024-08-23 10:15:31
3226,942,484,5,50.29,251.45,delivered,2024-09-16 23:43:45
3227,381,854,3,87.95,263.85,cancelled,2024-06-27 19:26:42
3228,411,1433,2,196.38,392.76,shipped,2024-11-23 02:16:51
3229,475,664,5,62.61,313.05,processing,2025-02-09 10:53:26
3230,32,1926,4,23.89,95.56,shipped,2025-03-29 17:28:09
3231,693,880,2,123.18,246.36,cancelled,2025-02-04 05:07:08
3232,905,1420,2,114.28,228.56,processing,2024-08-09 11:00:18
3233,1447,1577,3,82.26,246.78,cancelled,2025-04-08 06:03:34
3234,349,1598,1,9.72,9.72,processing,2024-11-29 08:44:47
3235,555,1375,4,59.24,236.96,delivered,2024-09-19 07:32:10
3236,1163,286,4,180.86,723.44,delivered,2024-10-04 17:10:10
3237,512,1414,2,93.19,186.38,cancelled,2025-01-22 19:43:55
3238,878,1420,4,158.22,632.88,processing,2025-04-16 10:00:14
3239,690,50,4,122.23,488.92,shipped,2024-09-03 19:52:22
3240,677,1717,5,115.98,579.90,pending,2025-04-25 02:53:15
3241,812,1212,5,174.52,872.60,delivered,2025-04-17 08:25:15
3242,1231,1556,4,158.54,634.16,pending,2024-08-26 12:30:50
3243,1323,1500,2,163.26,326.52,pending,2025-02-27 17:25:51
3244,320,193,2,193.43,386.86,cancelled,2024-05-10 04:47:47
3245,879,726,1,157.54,157.54,cancelled,2025-02-02 01:04:09
3246,59,1999,2,196.00,392.00,shipped,2024-08-27 22:28:52
3247,1444,522,3,48.33,144.99,processing,2025-02-13 08:01:52
3248,770,1547,1,56.45,56.45,shipped,2025-02-16 17:37:12
3249,597,1611,2,95.58,191.16,shipped,2024-08-13 17:55:25
3250,730,1159,5,92.24,461.20,delivered,2024-05-26 14:10:13
3251,24,226,2,61.60,123.20,processing,2025-03-04 11:30:34
3252,1057,655,1,163.00,163.00,delivered,2024-12-21 05:15:14
3253,580,709,3,107.69,323.07,processing,2024-09-10 22:06:31
3254,49,1343,2,19.69,39.38,cancelled,2024-07-28 19:24:56
3255,978,1500,1,62.76,62.76,delivered,2024-11-05 14:54:41
3256,1288,448,2,192.32,384.64,delivered,2024-11-17 12:50:01
3257,653,1728,5,59.05,295.25,pending,2024-08-20 19:24:11
3258,779,586,3,69.98,209.94,pending,2025-02-06 00:43:29
3259,982,1132,1,54.84,54.84,pending,2024-11-01 22:46:23
3260,1346,114,1,73.04,73.04,processing,2024-07-22 07:38:08
3261,965,1259,2,31.65,63.30,delivered,2024-12-03 21:43:50
3262,657,27,2,74.49,148.98,pending,2025-01-11 20:34:54
3263,857,1070,3,170.28,510.84,processing,2024-09-26 14:17:04
3264,1066,664,4,62.92,251.68,pending,2024-05-31 16:45:16
3265,113,1344,3,110.25,330.75,processing,2025-02-20 21:10:31
3266,1017,169,5,124.25,621.25,processing,2024-05-18 01:32:06
3267,166,1168,1,121.51,121.51,cancelled,2024-11-24 03:51:28
3268,727,21,2,156.78,313.56,pending,2024-09-24 12:49:03
3269,1231,1701,3,143.46,430.38,cancelled,2024-08-08 01:39:35
3270,1382,28,2,6.88,13.76,processing,2024-06-29 08:16:14
3271,705,1936,3,134.80,404.40,delivered,2024-09-16 10:55:10
3272,859,516,3,130.62,391.86,processing,2024-09-17 02:39:57
3273,899,1495,1,164.89,164.89,delivered,2024-12-31 19:00:25
3274,401,1696,1,120.77,120.77,pending,2025-03-24 17:21:57
3275,448,1071,2,102.08,204.16,pending,2024-09-09 08:21:40
3276,68,536,5,132.79,663.95,cancelled,2024-12-23 23:23:41
3277,1269,555,2,147.74,295.48,shipped,2025-01-30 21:19:41
3278,1248,946,1,146.15,146.15,shipped,2025-02-01 02:44:49
3279,1416,74,3,89.60,268.80,pending,2025-02-13 17:06:08
3280,1162,511,1,158.66,158.66,pending,2024-11-17 03:49:22
3281,1103,832,4,65.61,262.44,pending,2024-09-14 23:54:32
3282,247,1965,2,62.09,124.18,cancelled,2024-07-14 05:27:39
3283,302,1505,1,84.47,84.47,delivered,2024-07-20 00:45:00
3284,941,1312,1,144.83,144.83,pending,2025-03-25 21:18:50
3285,99,387,5,80.49,402.45,pending,2025-01-07 13:30:45
3286,740,1078,5,46.26,231.30,shipped,2024-07-14 13:57:40
3287,320,1332,3,177.60,532.80,cancelled,2024-12-13 12:13:52
3288,189,1297,2,157.84,315.68,cancelled,2025-03-16 13:30:01
3289,897,903,5,53.90,269.50,delivered,2024-11-26 15:00:20
3290,1299,558,2,73.39,146.78,delivered,2024-08-29 14:02:09
3291,857,1578,1,141.39,141.39,cancelled,2024-12-15 04:10:00
3292,322,663,2,176.18,352.36,pending,2024-09-16 00:17:45
3293,225,696,4,54.37,217.48,cancelled,2025-03-09 06:32:13
3294,833,451,5,27.77,138.85,delivered,2024-08-01 01:09:53
3295,1231,1701,1,135.56,135.56,delivered,2024-07-03 05:08:17
3296,266,1597,2,9.53,19.06,delivered,2024-07-13 01:55:04
3297,496,1939,2,100.75,201.50,shipped,2025-03-07 17:45:09
3298,1356,1217,2,78.45,156.90,shipped,2024-06-16 03:24:46
3299,651,1530,2,79.35,158.70,processing,2025-03-19 07:15:56
3300,1194,617,4,32.61,130.44,processing,2024-07-15 11:17:56
3301,242,912,2,63.13,126.26,processing,2025-04-13 09:49:48
3302,356,75,2,58.79,117.58,pending,2024-10-28 01:33:40
3303,20,1140,4,169.35,677.40,processing,2025-02-11 08:30:02
3304,367,367,5,25.76,128.80,shipped,2024-09-20 01:50:26
3305,647,534,3,102.71,308.13,shipped,2024-06-01 05:50:14
3306,165,1714,5,181.18,905.90,delivered,2025-02-14 17:26:01
3307,227,1520,4,86.70,346.80,delivered,2024-11-02 18:57:08
3308,680,1035,4,180.56,722.24,processing,2024-12-16 16:40:12
3309,1096,1088,1,137.37,137.37,pending,2024-09-24 22:54:36
3310,1208,256,4,117.92,471.68,cancelled,2024-05-26 04:03:37
3311,1039,1382,4,160.93,643.72,delivered,2025-04-11 00:31:23
3312,656,343,2,27.21,54.42,pending,2024-11-04 09:54:50
3313,1496,1778,2,109.17,218.34,shipped,2025-03-30 05:57:22
3314,3,1478,5,62.70,313.50,pending,2024-06-10 04:38:28
3315,802,1083,4,52.83,211.32,pending,2024-12-30 18:13:20
3316,455,1349,3,117.64,352.92,pending,2024-06-11 00:34:08
3317,1231,71,1,93.63,93.63,cancelled,2024-08-26 20:38:25
3318,1012,1297,1,52.90,52.90,delivered,2024-05-03 01:10:38
3319,418,1382,1,171.37,171.37,processing,2024-12-09 17:18:52
3320,1252,195,5,41.68,208.40,processing,2024-08-25 19:00:14
3321,1003,1968,3,114.89,344.67,delivered,2025-01-26 22:02:28
3322,575,1273,4,130.68,522.72,cancelled,2024-11-05 08:43:52
3323,206,23,4,55.10,220.40,cancelled,2025-01-11 11:50:12
3324,260,1287,3,77.46,232.38,pending,2024-09-04 09:42:25
3325,831,753,2,25.61,51.22,cancelled,2024-07-04 01:18:31
3326,378,27,1,37.67,37.67,delivered,2024-07-13 07:27:53
3327,1244,667,3,195.35,586.05,pending,2025-04-06 19:20:58
3328,1082,1430,1,67.71,67.71,cancelled,2024-10-02 05:53:59
3329,672,120,1,11.83,11.83,delivered,2024-05-30 04:33:49
3330,853,967,2,199.72,399.44,shipped,2024-12-30 20:39:25
3331,484,1321,3,100.94,302.82,delivered,2024-07-02 14:33:38
3332,44,517,1,177.25,177.25,cancelled,2024-05-07 01:17:25
3333,903,943,3,20.57,61.71,cancelled,2025-03-13 19:11:01
3334,1296,326,2,34.36,68.72,shipped,2024-09-16 03:45:46
3335,1274,88,3,104.10,312.30,shipped,2025-01-03 22:08:12
3336,1435,396,2,43.90,87.80,cancelled,2024-10-29 18:38:46
3337,1454,615,3,34.72,104.16,delivered,2025-03-03 07:20:20
3338,301,1489,1,153.78,153.78,pending,2024-12-19 01:50:47
3339,1017,1522,4,7.29,29.16,pending,2025-04-16 04:06:36
3340,102,591,5,183.17,915.85,cancelled,2025-02-07 10:01:14
3341,1198,816,3,153.34,460.02,shipped,2024-07-07 21:14:07
3342,1226,205,1,79.55,79.55,cancelled,2024-11-30 08:18:57
3343,457,837,1,93.00,93.00,shipped,2024-07-12 19:40:50
3344,164,1349,5,79.07,395.35,processing,2024-06-19 20:33:14
3345,386,1175,4,23.04,92.16,delivered,2025-04-11 03:34:31
3346,969,100,5,120.05,600.25,delivered,2024-11-10 22:45:18
3347,463,42,2,194.08,388.16,delivered,2024-12-16 13:47:30
3348,345,683,5,179.54,897.70,shipped,2024-11-25 14:28:27
3349,469,1398,1,145.91,145.91,pending,2024-12-14 05:11:48
3350,1433,922,4,134.28,537.12,pending,2025-05-01 00:00:05
3351,944,291,3,121.88,365.64,shipped,2024-05-12 23:04:30
3352,1376,1247,3,122.75,368.25,delivered,2025-04-13 21:26:57
3353,561,1334,1,52.83,52.83,shipped,2024-08-09 22:28:15
3354,519,1907,3,161.79,485.37,shipped,2025-01-04 10:26:06
3355,733,920,3,134.84,404.52,delivered,2024-08-25 16:51:43
3356,427,262,4,65.21,260.84,delivered,2025-03-26 01:48:37
3357,958,208,1,179.56,179.56,delivered,2025-03-12 05:01:18
3358,578,7,2,113.89,227.78,pending,2024-06-22 22:53:48
3359,487,1228,2,186.78,373.56,processing,2025-03-15 09:05:53
3360,381,1922,3,76.06,228.18,shipped,2024-08-06 00:32:16
3361,966,1265,3,169.69,509.07,processing,2024-10-28 08:52:08
3362,736,1087,2,16.64,33.28,shipped,2024-11-08 16:16:40
3363,257,1024,5,5.92,29.60,shipped,2024-10-12 14:18:07
3364,1311,643,1,135.63,135.63,pending,2025-01-25 11:44:39
3365,844,900,3,70.34,211.02,shipped,2024-09-29 17:25:36
3366,473,1826,1,23.72,23.72,processing,2024-07-07 05:31:31
3367,615,1634,1,52.66,52.66,pending,2024-12-12 04:59:16
3368,973,1587,3,175.01,525.03,shipped,2025-04-09 20:50:13
3369,176,454,1,6.21,6.21,cancelled,2024-08-26 21:55:03
3370,1061,569,4,170.10,680.40,processing,2025-01-01 08:31:18
3371,1024,733,3,46.58,139.74,processing,2024-11-15 07:30:59
3372,792,83,5,195.63,978.15,delivered,2024-11-22 00:11:57
3373,814,1067,2,198.51,397.02,delivered,2024-09-09 11:35:03
3374,651,1763,2,19.38,38.76,pending,2024-12-03 13:25:24
3375,1220,960,5,155.94,779.70,pending,2024-08-01 07:24:53
3376,445,571,5,37.87,189.35,cancelled,2024-05-10 21:44:33
3377,838,1101,2,8.91,17.82,shipped,2024-08-02 17:53:10
3378,935,747,1,187.90,187.90,delivered,2024-09-30 23:07:23
3379,1168,806,1,59.52,59.52,shipped,2025-04-18 09:24:38
3380,1065,282,3,120.10,360.30,processing,2025-04-15 04:07:51
3381,978,411,4,33.87,135.48,delivered,2024-12-17 12:28:09
3382,171,1620,3,78.83,236.49,processing,2025-01-04 17:07:45
3383,232,1695,4,10.53,42.12,delivered,2024-05-10 20:47:07
3384,267,1765,5,33.45,167.25,delivered,2024-08-13 11:58:26
3385,239,1257,3,95.34,286.02,processing,2025-04-12 19:42:16
3386,78,1578,1,37.69,37.69,shipped,2024-10-15 02:03:25
3387,392,106,3,191.12,573.36,processing,2024-09-09 06:20:06
3388,1044,34,2,57.07,114.14,cancelled,2024-11-03 05:57:24
3389,593,667,5,171.99,859.95,processing,2024-12-31 17:38:56
3390,23,646,3,128.56,385.68,shipped,2025-04-06 02:44:42
3391,299,1530,3,164.25,492.75,processing,2024-12-10 15:03:32
3392,677,1857,1,178.24,178.24,cancelled,2024-08-28 09:25:05
3393,346,243,1,174.22,174.22,pending,2024-08-15 12:50:33
3394,310,156,3,82.45,247.35,delivered,2025-04-21 20:55:41
3395,1003,1856,2,76.55,153.10,shipped,2024-06-14 22:31:15
3396,627,483,5,155.74,778.70,shipped,2024-07-11 12:31:03
3397,1003,1235,5,127.73,638.65,shipped,2025-04-20 09:01:33
3398,828,1349,3,143.63,430.89,cancelled,2024-05-27 21:26:58
3399,22,154,2,86.98,173.96,pending,2024-11-07 23:02:18
3400,1251,1681,3,122.51,367.53,delivered,2024-06-11 09:21:52
3401,1347,434,4,37.36,149.44,pending,2025-02-15 07:56:51
3402,691,1136,3,8.68,26.04,delivered,2024-09-23 06:53:51
3403,758,1413,1,127.31,127.31,delivered,2025-02-26 06:32:28
3404,102,1148,3,189.40,568.20,cancelled,2024-10-29 04:53:07
3405,1221,997,5,62.71,313.55,shipped,2024-07-09 14:41:08
3406,838,672,5,108.60,543.00,cancelled,2025-01-12 09:37:33
3407,1419,1899,3,111.61,334.83,pending,2024-05-16 09:11:16
3408,891,1345,2,6.34,12.68,delivered,2024-11-08 05:51:07
3409,553,1723,4,154.84,619.36,delivered,2024-11-04 23:13:47
3410,11,1036,1,26.70,26.70,cancelled,2024-11-18 04:29:43
3411,313,1335,4,21.46,85.84,cancelled,2024-09-25 19:09:28
3412,1426,438,5,57.73,288.65,cancelled,2025-04-17 05:44:33
3413,1251,1261,4,148.30,593.20,shipped,2024-06-22 11:43:04
3414,665,228,5,197.68,988.40,processing,2024-08-08 09:56:41
3415,285,394,4,168.47,673.88,shipped,2024-12-13 22:07:21
3416,831,196,3,16.78,50.34,delivered,2024-05-11 05:40:09
3417,907,498,5,50.92,254.60,delivered,2024-12-26 16:17:38
3418,1099,1989,5,108.68,543.40,delivered,2025-02-06 11:08:47
3419,150,1142,2,93.88,187.76,processing,2025-03-20 04:25:04
3420,967,321,5,136.45,682.25,cancelled,2024-10-10 14:05:35
3421,869,1044,4,70.12,280.48,pending,2024-11-28 17:44:58
3422,756,1371,2,39.78,79.56,cancelled,2024-05-21 04:12:12
3423,160,94,4,133.94,535.76,delivered,2024-12-04 20:08:13
3424,607,798,5,42.46,212.30,pending,2024-12-26 01:11:32
3425,41,1091,3,169.46,508.38,delivered,2024-05-16 13:51:43
3426,115,1404,1,157.16,157.16,cancelled,2025-02-02 02:27:18
3427,451,321,2,37.83,75.66,cancelled,2025-04-02 03:20:02
3428,434,304,2,194.74,389.48,processing,2025-03-13 09:46:09
3429,29,357,1,101.24,101.24,pending,2024-07-16 19:22:31
3430,301,478,4,187.05,748.20,pending,2025-01-22 15:23:37
3431,597,1611,5,63.91,319.55,cancelled,2024-12-19 12:27:56
3432,1056,864,4,182.77,731.08,shipped,2025-02-14 12:39:37
3433,660,462,4,128.86,515.44,pending,2025-04-13 04:17:36
3434,867,248,5,15.38,76.90,shipped,2024-10-10 13:35:09
3435,1346,610,2,10.62,21.24,pending,2024-12-07 20:18:09
3436,317,945,1,110.28,110.28,delivered,2025-02-08 06:54:31
3437,78,1855,4,39.18,156.72,shipped,2025-03-08 10:20:02
3438,1447,781,3,139.43,418.29,cancelled,2025-02-13 16:05:51
3439,595,1760,1,26.78,26.78,cancelled,2024-06-14 01:15:20
3440,3,7,4,160.65,642.60,processing,2024-08-13 15:54:51
3441,218,109,5,64.85,324.25,processing,2024-12-12 10:37:00
3442,258,1671,4,107.56,430.24,delivered,2025-04-15 06:27:24
3443,1470,1964,2,92.26,184.52,cancelled,2025-03-21 05:07:03
3444,775,235,5,196.83,984.15,shipped,2025-01-01 11:56:29
3445,144,446,4,152.23,608.92,shipped,2025-03-14 02:30:28
3446,1012,1519,5,92.59,462.95,processing,2024-05-05 10:32:54
3447,760,1543,1,47.73,47.73,cancelled,2024-05-01 14:08:35
3448,232,1880,2,177.23,354.46,delivered,2024-11-19 02:19:08
3449,427,868,2,113.87,227.74,pending,2024-08-14 14:02:32
3450,1274,840,3,187.13,561.39,delivered,2024-12-17 10:18:59
3451,532,659,2,190.77,381.54,delivered,2025-01-11 07:09:57
3452,698,1297,5,161.03,805.15,delivered,2024-05-29 11:52:28
3453,713,350,4,13.64,54.56,shipped,2024-12-08 08:40:04
3454,192,1660,4,12.87,51.48,delivered,2024-06-18 18:38:42
3455,24,721,5,87.59,437.95,cancelled,2024-08-24 00:37:03
3456,770,1076,1,187.74,187.74,delivered,2024-07-11 20:20:18
3457,1357,204,4,38.06,152.24,shipped,2024-06-12 14:05:38
3458,307,1483,2,102.62,205.24,cancelled,2024-08-03 13:05:02
3459,939,799,5,59.39,296.95,processing,2025-01-03 00:50:37
3460,73,1306,3,77.96,233.88,cancelled,2024-10-26 21:32:53
3461,589,561,5,180.77,903.85,cancelled,2024-06-28 17:55:52
3462,1412,16,5,130.08,650.40,cancelled,2025-03-19 05:36:38
3463,17,1731,1,34.24,34.24,cancelled,2025-04-16 05:33:32
3464,699,1794,4,182.21,728.84,cancelled,2025-02-14 20:56:30
3465,1009,1718,2,10.29,20.58,delivered,2024-10-03 19:29:28
3466,944,339,1,184.14,184.14,processing,2024-10-03 15:34:32
3467,266,74,4,85.27,341.08,cancelled,2024-05-01 04:06:23
3468,847,1040,3,184.51,553.53,delivered,2024-09-24 20:23:53
3469,108,490,2,143.74,287.48,processing,2024-06-02 15:48:34
3470,1042,1287,3,122.94,368.82,shipped,2024-08-16 01:50:28
3471,28,137,5,189.30,946.50,cancelled,2024-06-02 15:11:57
3472,885,1136,5,43.46,217.30,delivered,2025-04-25 02:34:19
3473,499,1213,2,73.42,146.84,delivered,2024-12-16 09:23:45
3474,497,1740,4,156.05,624.20,delivered,2025-03-09 14:07:07
3475,1326,517,2,161.97,323.94,processing,2024-11-20 21:47:53
3476,1049,172,3,37.01,111.03,cancelled,2025-03-16 09:37:36
3477,1094,904,4,51.83,207.32,delivered,2025-02-28 13:01:27
3478,1220,513,3,12.12,36.36,cancelled,2024-06-19 05:41:02
3479,49,1902,1,101.22,101.22,delivered,2024-06-20 07:41:35
3480,88,1062,5,187.18,935.90,processing,2024-10-28 09:18:07
3481,1004,998,3,86.52,259.56,processing,2024-12-28 15:16:41
3482,1007,1661,2,19.98,39.96,cancelled,2024-06-02 07:41:13
3483,687,1155,5,125.44,627.20,pending,2025-02-08 22:58:52
3484,755,1314,3,72.44,217.32,processing,2024-12-29 21:46:44
3485,1055,645,2,86.47,172.94,delivered,2024-12-31 16:42:49
3486,1380,1949,1,34.81,34.81,processing,2024-08-31 20:39:29
3487,707,1239,4,157.96,631.84,shipped,2024-08-28 09:03:36
3488,757,1767,5,147.74,738.70,pending,2024-08-18 14:11:48
3489,472,1915,1,139.56,139.56,cancelled,2024-08-31 14:12:21
3490,759,449,3,97.64,292.92,delivered,2024-08-29 03:03:44
3491,421,1937,5,73.95,369.75,processing,2024-08-06 22:07:45
3492,994,666,4,149.64,598.56,processing,2024-10-02 17:36:41
3493,173,1226,2,62.80,125.60,delivered,2025-03-21 20:16:54
3494,717,1174,3,144.20,432.60,pending,2025-02-15 01:06:04
3495,572,197,1,119.27,119.27,pending,2024-06-14 09:06:38
3496,1345,1439,4,35.74,142.96,cancelled,2024-09-02 00:17:31
3497,1062,600,1,110.09,110.09,cancelled,2025-03-22 09:54:51
3498,1443,639,5,184.46,922.30,delivered,2025-04-29 23:14:32
3499,164,1869,5,66.02,330.10,delivered,2024-10-04 14:35:57
3500,232,1569,1,157.43,157.43,delivered,2025-03-08 02:21:29
3501,396,849,5,113.89,569.45,cancelled,2024-07-02 06:24:09
3502,1024,733,1,72.19,72.19,cancelled,2024-11-07 12:20:18
3503,1378,208,1,160.62,160.62,delivered,2024-11-22 01:20:56
3504,602,150,2,158.51,317.02,shipped,2025-04-24 02:43:10
3505,1300,1330,2,73.83,147.66,processing,2024-06-08 09:29:21
3506,1260,1674,1,109.67,109.67,pending,2024-12-18 17:50:58
3507,404,366,4,59.11,236.44,processing,2025-02-06 00:06:43
3508,1144,1123,5,134.27,671.35,shipped,2024-05-27 06:36:26
3509,782,707,2,80.61,161.22,pending,2025-03-28 16:17:23
3510,244,1984,1,196.01,196.01,pending,2024-10-08 08:07:28
3511,395,1990,1,12.51,12.51,processing,2025-03-31 06:24:55
3512,1493,730,5,68.78,343.90,cancelled,2025-03-26 10:47:48
3513,1434,999,1,93.53,93.53,pending,2025-02-18 17:28:53
3514,918,43,2,25.46,50.92,shipped,2025-02-06 21:34:38
3515,115,1522,2,140.23,280.46,shipped,2025-04-17 19:45:13
3516,535,1899,1,133.10,133.10,delivered,2024-07-10 06:29:04
3517,556,720,5,164.54,822.70,processing,2025-04-15 20:18:33
3518,1116,1525,5,58.22,291.10,pending,2024-05-09 15:21:17
3519,1136,30,3,99.15,297.45,shipped,2024-05-25 18:00:00
3520,271,1906,4,10.23,40.92,delivered,2024-06-26 20:58:52
3521,581,1333,5,165.15,825.75,delivered,2024-07-10 11:02:03
3522,988,633,1,130.30,130.30,cancelled,2024-07-25 23:52:41
3523,1134,1784,5,130.31,651.55,shipped,2025-03-26 10:44:08
3524,867,1711,1,100.77,100.77,shipped,2024-08-11 00:57:36
3525,1408,1634,3,97.73,293.19,delivered,2024-06-19 18:34:59
3526,145,1354,5,99.62,498.10,pending,2025-01-19 05:01:43
3527,995,1608,2,154.27,308.54,shipped,2024-10-10 16:27:24
3528,512,1280,5,24.54,122.70,shipped,2025-03-29 13:43:30
3529,36,997,5,34.61,173.05,shipped,2025-01-17 20:57:02
3530,188,1513,4,16.17,64.68,processing,2025-03-06 16:20:43
3531,924,1484,4,56.70,226.80,delivered,2025-03-02 13:46:42
3532,534,1699,4,174.75,699.00,cancelled,2024-10-21 04:28:03
3533,644,665,3,177.82,533.46,processing,2024-12-22 19:07:19
3534,860,983,3,53.22,159.66,cancelled,2024-05-01 15:39:08
3535,1329,181,1,44.38,44.38,processing,2024-06-19 17:29:34
3536,761,409,2,41.81,83.62,delivered,2024-07-28 01:00:52
3537,238,1908,2,115.46,230.92,delivered,2025-03-07 00:59:51
3538,89,1750,1,179.03,179.03,cancelled,2024-11-09 17:08:28
3539,948,147,5,153.90,769.50,shipped,2024-12-11 08:26:59
3540,202,1442,4,42.88,171.52,cancelled,2025-04-13 05:02:17
3541,283,1874,4,109.12,436.48,processing,2024-10-08 21:24:40
3542,657,54,5,101.01,505.05,pending,2024-06-14 00:13:29
3543,709,1531,3,148.68,446.04,processing,2024-10-30 20:36:28
3544,523,1303,3,141.49,424.47,processing,2025-04-14 07:36:46
3545,916,1738,5,172.69,863.45,pending,2025-02-25 22:06:31
3546,1389,673,4,144.05,576.20,processing,2024-10-27 13:35:38
3547,1275,1423,2,54.80,109.60,delivered,2024-05-10 14:40:44
3548,1477,566,2,74.47,148.94,delivered,2024-05-18 06:23:22
3549,809,1742,1,170.56,170.56,cancelled,2024-06-18 05:12:22
3550,1042,1287,4,180.12,720.48,pending,2024-09-06 01:54:44
3551,1068,1703,3,151.51,454.53,shipped,2024-11-21 11:11:09
3552,1219,1521,4,36.42,145.68,delivered,2024-12-22 07:48:49
3553,1065,282,2,109.28,218.56,cancelled,2024-12-17 14:26:41
3554,823,1089,3,185.91,557.73,cancelled,2025-01-11 05:13:52
3555,534,1699,2,115.33,230.66,delivered,2025-02-19 22:34:45
3556,135,173,1,54.75,54.75,processing,2025-04-03 07:51:57
3557,102,862,4,54.86,219.44,cancelled,2025-01-08 21:01:38
3558,6,1640,3,5.97,17.91,pending,2025-02-02 01:01:12
3559,1081,1079,2,145.90,291.80,delivered,2025-04-08 03:32:56
3560,1180,1938,1,36.47,36.47,delivered,2025-04-05 06:16:21
3561,78,1712,3,198.41,595.23,cancelled,2024-05-18 20:28:53
3562,1378,922,4,29.74,118.96,pending,2025-01-22 14:19:58
3563,406,1369,3,46.06,138.18,processing,2025-03-02 07:28:16
3564,1153,1119,5,184.33,921.65,delivered,2024-07-04 17:27:49
3565,1125,351,5,5.05,25.25,processing,2025-01-03 22:18:48
3566,1134,1246,5,6.04,30.20,processing,2025-04-04 07:31:04
3567,2,1340,1,13.55,13.55,processing,2025-04-14 12:24:17
3568,644,1772,2,6.92,13.84,cancelled,2025-02-10 12:11:14
3569,344,70,4,166.88,667.52,cancelled,2024-12-16 00:07:23
3570,119,909,2,84.50,169.00,cancelled,2024-09-26 06:21:25
3571,1061,1809,1,172.44,172.44,pending,2024-05-10 09:29:38
3572,718,985,3,51.26,153.78,shipped,2025-02-12 10:47:49
3573,110,71,2,33.36,66.72,cancelled,2024-05-03 10:35:02
3574,297,1180,1,59.12,59.12,pending,2025-03-13 12:57:50
3575,1129,1309,1,181.60,181.60,delivered,2024-08-20 12:30:22
3576,511,511,2,146.11,292.22,pending,2024-06-27 20:59:15
3577,447,1608,3,151.70,455.10,processing,2024-11-07 21:50:32
3578,172,1282,1,179.97,179.97,delivered,2024-05-02 17:04:52
3579,1232,1664,3,116.57,349.71,delivered,2025-03-06 23:43:56
3580,741,1636,2,122.72,245.44,processing,2024-07-14 11:44:35
3581,1433,1845,5,67.16,335.80,processing,2025-03-16 13:14:15
3582,88,1864,1,132.92,132.92,cancelled,2024-12-14 18:41:23
3583,462,511,1,39.92,39.92,cancelled,2024-08-21 07:05:33
3584,1092,929,5,71.91,359.55,pending,2024-05-01 03:03:04
3585,806,994,5,191.79,958.95,shipped,2024-07-12 07:56:13
3586,1229,97,5,33.88,169.40,shipped,2024-11-23 06:39:19
3587,592,487,2,110.56,221.12,pending,2024-10-19 23:08:57
3588,1283,152,1,14.78,14.78,cancelled,2024-05-02 14:59:16
3589,1284,1043,2,150.64,301.28,shipped,2024-11-19 23:42:50
3590,62,921,3,84.52,253.56,pending,2024-09-24 15:39:25
3591,1282,399,4,139.20,556.80,pending,2024-12-18 15:01:17
3592,56,1192,1,145.23,145.23,processing,2024-11-27 01:54:41
3593,454,905,3,160.37,481.11,pending,2024-08-29 13:49:18
3594,687,509,1,43.95,43.95,delivered,2024-10-18 03:54:20
3595,247,573,4,40.89,163.56,cancelled,2024-09-20 02:51:15
3596,851,1894,5,192.72,963.60,cancelled,2025-02-11 22:45:42
3597,587,1370,5,126.15,630.75,processing,2025-04-07 08:39:34
3598,552,1202,5,9.79,48.95,shipped,2024-12-08 15:09:56
3599,260,419,4,60.31,241.24,pending,2024-07-17 05:32:06
3600,925,1322,1,90.47,90.47,processing,2025-01-21 12:18:43
3601,285,1153,1,87.31,87.31,cancelled,2024-11-28 06:16:25
3602,92,1839,4,19.45,77.80,cancelled,2024-05-01 12:15:33
3603,347,1038,2,44.86,89.72,cancelled,2025-02-06 11:56:35
3604,902,1489,4,35.38,141.52,pending,2024-09-13 10:37:35
3605,648,1377,4,142.07,568.28,processing,2024-05-12 00:29:35
3606,708,1014,4,31.75,127.00,cancelled,2024-07-04 16:57:20
3607,276,1992,1,47.00,47.00,pending,2024-06-22 14:50:57
3608,385,884,1,148.18,148.18,pending,2025-01-16 10:09:46
3609,346,912,1,163.12,163.12,delivered,2024-06-09 10:54:43
3610,931,632,4,177.21,708.84,processing,2024-06-27 07:04:25
3611,879,1621,4,27.67,110.68,shipped,2025-04-28 08:51:35
3612,520,1200,2,34.45,68.90,shipped,2024-06-08 04:21:19
3613,32,285,4,158.32,633.28,delivered,2024-08-22 02:41:30
3614,455,1877,2,154.43,308.86,cancelled,2024-08-12 12:55:59
3615,441,647,5,52.87,264.35,shipped,2024-11-20 06:00:03
3616,677,1857,3,116.76,350.28,shipped,2024-10-17 08:28:55
3617,260,1287,2,184.07,368.14,delivered,2024-05-16 23:40:14
3618,807,1022,3,187.32,561.96,shipped,2024-12-28 08:44:13
3619,4,1152,3,184.35,553.05,cancelled,2025-01-20 17:51:01
3620,866,746,4,116.40,465.60,cancelled,2024-09-25 10:39:52
3621,525,524,5,187.26,936.30,delivered,2025-04-01 10:46:03
3622,969,100,5,32.37,161.85,pending,2024-10-13 04:42:02
3623,332,784,1,70.20,70.20,shipped,2024-05-22 02:53:43
3624,191,1430,3,77.10,231.30,cancelled,2024-05-13 10:01:21
3625,1290,497,2,116.46,232.92,processing,2025-01-14 13:39:46
3626,95,878,2,127.20,254.40,pending,2025-03-31 18:34:53
3627,1122,102,1,170.62,170.62,pending,2024-05-01 20:56:49
3628,216,810,2,191.23,382.46,processing,2025-04-11 21:21:16
3629,852,1957,5,119.38,596.90,processing,2025-04-29 07:32:26
3630,310,989,5,159.87,799.35,shipped,2024-08-19 21:16:25
3631,152,941,1,58.43,58.43,delivered,2024-06-18 09:10:25
3632,1186,870,5,72.99,364.95,shipped,2025-02-20 01:57:54
3633,1034,982,3,155.86,467.58,shipped,2025-01-23 10:18:19
3634,913,1150,4,127.61,510.44,shipped,2024-07-13 01:14:36
3635,1419,1544,1,125.99,125.99,cancelled,2024-09-16 15:25:59
3636,483,1791,2,13.39,26.78,processing,2024-09-03 04:52:44
3637,2,906,1,107.87,107.87,delivered,2024-11-27 04:50:26
3638,1446,315,1,174.63,174.63,delivered,2024-09-15 01:41:52
3639,510,136,5,172.80,864.00,processing,2024-11-18 04:50:39
3640,1313,944,2,112.56,225.12,processing,2025-03-21 10:37:43
3641,149,1313,2,34.52,69.04,delivered,2025-04-25 07:25:05
3642,958,1713,5,82.03,410.15,shipped,2024-10-18 09:49:44
3643,393,1626,2,109.76,219.52,processing,2024-06-25 13:59:07
3644,427,868,4,104.02,416.08,delivered,2024-09-03 15:20:59
3645,1117,11,4,137.16,548.64,cancelled,2024-09-08 17:55:13
3646,769,1232,5,76.46,382.30,pending,2025-01-15 17:28:55
3647,642,86,5,137.71,688.55,cancelled,2025-02-17 09:48:53
3648,1003,1981,1,151.80,151.80,pending,2025-01-07 04:46:23
3649,341,542,5,176.23,881.15,cancelled,2024-05-02 22:51:06
3650,414,1497,3,118.92,356.76,shipped,2024-06-21 15:14:20
3651,188,994,3,135.11,405.33,pending,2024-06-20 03:32:42
3652,1045,1861,2,137.24,274.48,cancelled,2024-10-03 18:07:20
3653,719,610,1,100.14,100.14,cancelled,2024-05-19 19:58:56
3654,1161,1782,4,176.50,706.00,delivered,2024-12-22 23:00:44
3655,17,184,5,83.01,415.05,pending,2024-11-15 03:03:12
3656,1049,172,3,66.44,199.32,cancelled,2024-06-06 16:40:28
3657,499,194,4,158.28,633.12,shipped,2024-09-16 18:43:30
3658,1082,1430,4,73.72,294.88,delivered,2024-12-20 01:10:29
3659,1459,187,3,6.43,19.29,processing,2024-08-21 16:42:54
3660,717,584,4,44.49,177.96,pending,2024-06-11 05:19:41
3661,1335,38,5,44.51,222.55,delivered,2025-04-03 05:51:15
3662,39,1008,3,65.46,196.38,cancelled,2024-11-17 14:21:37
3663,1044,668,3,83.78,251.34,shipped,2024-06-15 22:14:24
3664,1023,728,5,91.77,458.85,delivered,2025-02-08 12:40:42
3665,756,521,5,39.59,197.95,processing,2024-07-03 04:19:36
3666,833,451,1,172.52,172.52,delivered,2024-05-26 04:48:37
3667,1128,954,5,171.14,855.70,pending,2025-03-27 02:41:58
3668,1163,1265,1,157.74,157.74,processing,2025-01-09 00:01:05
3669,779,1622,5,132.73,663.65,pending,2024-05-06 19:49:10
3670,795,692,3,28.17,84.51,shipped,2024-10-17 23:24:57
3671,679,887,5,71.78,358.90,cancelled,2025-02-14 19:27:33
3672,1174,1879,4,157.50,630.00,shipped,2024-06-01 16:26:35
3673,49,1343,1,165.50,165.50,pending,2024-07-09 02:09:30
3674,298,1107,5,73.92,369.60,delivered,2024-07-28 06:32:35
3675,943,83,5,76.83,384.15,processing,2024-12-25 14:59:47
3676,141,1344,2,101.95,203.90,delivered,2025-03-31 05:54:29
3677,1159,522,2,125.38,250.76,delivered,2024-06-08 23:00:56
3678,1267,378,5,44.31,221.55,shipped,2024-11-18 13:09:24
3679,1164,305,3,124.34,373.02,cancelled,2025-02-07 01:04:38
3680,217,1941,5,67.87,339.35,processing,2025-03-22 12:39:09
3681,11,1954,5,43.33,216.65,shipped,2025-01-21 11:37:41
3682,1371,1015,5,130.12,650.60,processing,2024-05-31 18:29:00
3683,170,1648,4,161.00,644.00,pending,2024-08-23 04:16:25
3684,443,689,5,147.82,739.10,delivered,2025-04-24 19:37:21
3685,524,679,1,132.76,132.76,pending,2024-06-27 05:36:07
3686,1224,1879,5,142.61,713.05,shipped,2025-01-27 09:25:06
3687,1242,866,3,167.80,503.40,cancelled,2024-06-04 10:55:38
3688,1325,859,1,178.74,178.74,cancelled,2024-06-22 06:57:00
3689,1434,1263,1,7.11,7.11,delivered,2025-03-24 18:06:57
3690,326,1893,1,155.35,155.35,processing,2025-01-06 05:19:13
3691,721,536,3,48.42,145.26,shipped,2025-04-27 23:39:38
3692,515,1828,3,7.28,21.84,shipped,2024-07-29 00:32:37
3693,523,115,1,84.93,84.93,shipped,2025-01-20 08:38:59
3694,265,307,1,135.70,135.70,processing,2024-06-21 07:27:14
3695,1143,225,1,174.36,174.36,cancelled,2024-08-31 01:28:23
3696,1291,560,3,14.28,42.84,pending,2024-12-22 12:01:07
3697,841,782,2,192.17,384.34,processing,2025-03-26 06:55:50
3698,73,272,3,41.40,124.20,pending,2024-12-11 11:47:34
3699,446,1980,1,37.62,37.62,processing,2024-12-20 19:03:28
3700,884,1015,1,107.69,107.69,processing,2024-08-25 12:22:43
3701,740,593,4,110.38,441.52,shipped,2024-09-11 06:10:34
3702,97,1978,5,158.06,790.30,cancelled,2025-02-22 22:45:29
3703,804,1264,5,103.11,515.55,processing,2025-03-13 12:54:43
3704,333,1097,2,101.64,203.28,pending,2024-09-08 13:32:46
3705,52,987,2,121.15,242.30,processing,2024-11-07 17:11:45
3706,1288,448,3,63.68,191.04,cancelled,2024-07-21 03:10:39
3707,599,1385,5,172.16,860.80,shipped,2025-03-09 20:57:08
3708,1483,1093,2,53.92,107.84,delivered,2024-10-17 01:32:15
3709,623,1769,3,31.46,94.38,cancelled,2024-09-02 02:31:23
3710,925,603,1,141.86,141.86,shipped,2024-09-08 05:42:50
3711,229,538,5,81.86,409.30,pending,2024-05-12 07:43:28
3712,691,205,4,54.33,217.32,delivered,2025-04-05 06:18:51
3713,22,543,3,196.33,588.99,processing,2025-01-05 06:38:02
3714,776,1120,3,156.00,468.00,pending,2024-05-13 17:56:17
3715,1328,1628,2,81.89,163.78,delivered,2024-07-29 16:54:03
3716,1234,1640,2,61.45,122.90,cancelled,2024-12-23 16:02:51
3717,1180,36,5,54.94,274.70,cancelled,2024-10-21 15:55:16
3718,700,1984,3,148.97,446.91,shipped,2024-06-13 13:38:15
3719,3,654,2,17.25,34.50,cancelled,2024-12-25 12:23:53
3720,1261,677,4,74.54,298.16,cancelled,2024-12-01 15:59:35
3721,141,126,5,159.40,797.00,shipped,2024-09-16 02:46:57
3722,423,95,5,166.09,830.45,pending,2024-09-10 23:30:21
3723,223,1725,2,157.40,314.80,processing,2025-01-27 15:16:07
3724,65,776,3,118.98,356.94,pending,2025-01-18 17:02:52
3725,168,1988,1,44.81,44.81,cancelled,2024-11-20 11:52:56
3726,1304,1897,2,21.56,43.12,shipped,2024-11-16 04:09:39
3727,517,65,3,115.04,345.12,pending,2025-03-12 18:10:15
3728,1163,1767,5,17.17,85.85,shipped,2024-12-24 18:08:57
3729,335,1651,3,147.48,442.44,pending,2025-02-15 02:19:48
3730,532,787,4,49.52,198.08,shipped,2024-06-24 09:23:17
3731,37,760,5,46.11,230.55,processing,2025-02-13 11:08:33
3732,1421,701,2,102.68,205.36,processing,2025-04-08 18:52:36
3733,621,1315,5,163.44,817.20,pending,2024-08-14 03:16:32
3734,614,613,5,123.75,618.75,processing,2024-08-27 01:26:31
3735,587,1726,2,8.74,17.48,cancelled,2024-12-01 06:45:30
3736,156,1209,2,29.49,58.98,processing,2024-07-04 01:24:27
3737,255,1844,5,185.96,929.80,shipped,2024-06-29 02:24:48
3738,656,1336,5,13.16,65.80,cancelled,2025-01-22 08:09:29
3739,74,1020,3,187.34,562.02,processing,2024-06-19 22:45:10
3740,430,1317,4,18.90,75.60,shipped,2024-11-21 21:38:54
3741,277,678,2,25.11,50.22,processing,2024-05-12 12:44:49
3742,1010,1529,2,12.19,24.38,cancelled,2024-09-03 07:33:22
3743,1106,1718,5,195.74,978.70,pending,2024-06-12 17:49:28
3744,450,491,3,34.03,102.09,cancelled,2024-06-11 13:25:29
3745,726,1942,3,195.12,585.36,delivered,2024-10-19 11:05:02
3746,712,1065,2,146.27,292.54,cancelled,2024-09-15 15:49:47
3747,854,398,1,150.20,150.20,delivered,2024-12-04 11:46:18
3748,358,771,3,94.23,282.69,pending,2024-10-02 17:10:09
3749,1296,986,3,163.64,490.92,cancelled,2024-07-18 02:08:08
3750,280,896,1,8.94,8.94,shipped,2025-02-28 19:17:16
3751,37,1498,5,45.16,225.80,pending,2024-05-06 04:09:56
3752,241,334,1,141.35,141.35,cancelled,2024-10-09 23:18:12
3753,703,939,5,154.66,773.30,shipped,2025-03-18 19:08:00
3754,636,1049,4,20.20,80.80,processing,2024-08-12 03:37:14
3755,406,924,4,88.84,355.36,cancelled,2024-11-12 05:35:26
3756,906,821,3,127.23,381.69,processing,2024-12-12 12:57:16
3757,1324,312,2,184.77,369.54,pending,2025-02-20 08:07:57
3758,283,611,3,104.38,313.14,pending,2025-02-01 00:46:00
3759,460,1052,1,132.31,132.31,shipped,2024-10-12 04:47:00
3760,1260,1409,2,184.09,368.18,shipped,2025-01-02 14:16:36
3761,378,1761,5,10.44,52.20,delivered,2024-08-15 17:13:58
3762,1216,1864,4,138.46,553.84,processing,2024-10-22 06:45:25
3763,1030,1791,1,25.39,25.39,shipped,2024-11-12 07:12:10
3764,914,1037,4,107.79,431.16,cancelled,2024-08-14 08:22:24
3765,696,71,3,121.89,365.67,delivered,2025-03-16 03:56:57
3766,1339,914,2,53.37,106.74,shipped,2024-07-04 04:50:10
3767,122,1737,1,38.02,38.02,delivered,2024-07-03 00:36:00
3768,534,5,5,170.92,854.60,processing,2024-08-21 07:24:34
3769,355,217,2,181.91,363.82,processing,2025-04-24 01:12:32
3770,1048,4,3,76.41,229.23,processing,2025-01-06 12:17:48
3771,1078,1011,4,41.10,164.40,cancelled,2024-07-17 06:20:08
3772,729,30,2,92.76,185.52,processing,2024-05-12 02:52:08
3773,219,109,1,92.58,92.58,processing,2025-01-19 16:08:38
3774,1227,963,2,9.57,19.14,shipped,2025-04-15 14:41:47
3775,279,540,3,111.62,334.86,pending,2024-08-27 13:21:04
3776,688,608,3,121.55,364.65,shipped,2024-07-04 07:50:27
3777,1233,1,2,31.05,62.10,pending,2024-08-11 20:40:29
3778,900,1874,2,29.15,58.30,processing,2024-10-06 20:22:39
3779,1415,869,2,15.69,31.38,processing,2024-09-18 05:01:40
3780,742,27,2,154.53,309.06,cancelled,2024-12-23 17:15:04
3781,261,697,5,124.82,624.10,delivered,2024-11-10 00:44:55
3782,355,656,3,155.05,465.15,pending,2025-01-25 19:19:58
3783,658,1757,3,145.66,436.98,delivered,2024-08-01 14:54:51
3784,1469,811,3,121.41,364.23,shipped,2024-12-05 08:45:48
3785,143,830,5,119.79,598.95,delivered,2024-11-07 02:33:10
3786,1465,896,5,194.92,974.60,shipped,2024-06-09 20:59:28
3787,1404,74,3,110.60,331.80,delivered,2024-08-22 12:23:25
3788,144,412,5,163.96,819.80,cancelled,2025-02-16 05:36:03
3789,884,1990,4,118.42,473.68,shipped,2024-11-07 20:42:25
3790,1313,976,5,119.30,596.50,processing,2024-04-30 23:10:33
3791,1206,1583,2,164.90,329.80,processing,2025-04-19 18:13:53
3792,786,1779,5,91.02,455.10,processing,2025-02-14 07:19:13
3793,63,1796,3,83.77,251.31,processing,2025-01-30 08:13:52
3794,1094,1065,5,71.01,355.05,cancelled,2024-05-14 14:56:28
3795,614,222,1,150.26,150.26,processing,2024-10-07 03:14:49
3796,678,74,4,157.01,628.04,processing,2024-12-28 03:27:30
3797,1352,1622,5,77.80,389.00,pending,2024-07-06 11:54:16
3798,914,1887,5,71.76,358.80,shipped,2024-12-21 09:05:08
3799,175,288,3,66.44,199.32,processing,2024-05-14 14:17:50
3800,1175,402,3,184.79,554.37,shipped,2025-03-08 21:03:54
3801,970,434,3,116.01,348.03,pending,2025-03-01 17:37:27
3802,856,1736,3,197.65,592.95,shipped,2025-02-23 03:10:45
3803,1458,741,2,124.71,249.42,cancelled,2024-08-25 17:53:57
3804,1263,658,3,16.46,49.38,processing,2024-06-28 13:02:45
3805,1055,879,1,183.10,183.10,shipped,2024-08-17 07:53:53
3806,923,1850,4,70.79,283.16,cancelled,2025-02-19 09:55:17
3807,1343,930,3,51.55,154.65,cancelled,2024-09-10 13:39:28
3808,528,1042,2,145.68,291.36,processing,2024-07-30 07:57:11
3809,1363,639,4,148.56,594.24,shipped,2024-07-04 06:37:45
3810,583,1924,3,182.32,546.96,pending,2025-03-18 00:59:17
3811,695,17,4,34.17,136.68,delivered,2025-03-08 13:11:55
3812,495,591,1,62.48,62.48,cancelled,2025-01-26 04:22:28
3813,1093,1114,1,42.60,42.60,processing,2024-11-27 09:03:30
3814,1231,881,4,155.94,623.76,shipped,2025-04-11 17:53:41
3815,1127,454,1,71.94,71.94,shipped,2024-08-15 16:51:39
3816,1240,381,5,193.03,965.15,shipped,2024-08-23 06:35:37
3817,542,1906,1,62.65,62.65,pending,2024-05-24 08:52:36
3818,194,1401,4,94.32,377.28,cancelled,2025-04-08 14:44:12
3819,1364,791,1,42.42,42.42,cancelled,2025-04-16 14:05:36
3820,1223,1507,3,114.74,344.22,delivered,2024-10-14 12:04:22
3821,487,1730,4,192.30,769.20,delivered,2025-02-24 04:49:43
3822,81,275,3,177.83,533.49,delivered,2024-08-12 05:56:58
3823,691,292,5,40.65,203.25,pending,2025-02-01 07:48:46
3824,298,1992,5,107.89,539.45,shipped,2024-06-11 22:01:47
3825,382,1262,3,102.93,308.79,delivered,2024-10-02 13:58:14
3826,429,1226,1,194.88,194.88,processing,2024-07-09 04:37:07
3827,964,100,3,16.52,49.56,pending,2024-09-17 14:56:25
3828,1006,967,1,138.47,138.47,pending,2024-11-15 02:08:14
3829,137,297,2,93.41,186.82,cancelled,2024-06-07 07:15:57
3830,1309,609,5,163.26,816.30,pending,2025-01-11 16:26:32
3831,1258,668,1,13.07,13.07,delivered,2024-11-08 10:02:29
3832,402,1565,3,41.90,125.70,processing,2024-06-29 22:33:58
3833,853,282,4,190.67,762.68,processing,2024-07-21 00:37:30
3834,1238,138,1,196.85,196.85,delivered,2024-06-09 10:34:44
3835,1224,790,4,92.56,370.24,pending,2024-09-25 00:21:21
3836,1198,829,1,32.08,32.08,shipped,2024-11-12 13:10:52
3837,1041,1473,2,159.81,319.62,delivered,2024-11-20 20:49:39
3838,42,1067,4,25.99,103.96,delivered,2024-11-13 06:46:34
3839,947,1629,1,131.13,131.13,shipped,2024-06-29 02:54:59
3840,313,1335,3,87.95,263.85,delivered,2024-09-05 07:53:11
3841,450,978,1,142.71,142.71,pending,2024-05-02 15:39:43
3842,703,1332,5,39.30,196.50,pending,2024-10-03 07:37:01
3843,236,1436,1,79.74,79.74,processing,2024-06-13 17:35:34
3844,391,1294,2,148.33,296.66,delivered,2024-10-30 16:02:18
3845,1445,1752,2,140.98,281.96,processing,2025-03-22 08:14:46
3846,644,665,4,44.63,178.52,processing,2024-05-30 08:51:30
3847,75,1700,2,133.10,266.20,shipped,2025-01-05 16:03:48
3848,1402,1024,5,117.61,588.05,pending,2024-12-31 11:26:01
3849,527,809,5,27.96,139.80,pending,2024-12-13 17:27:04
3850,629,1245,4,31.93,127.72,shipped,2024-09-01 04:19:08
3851,1329,896,1,67.86,67.86,pending,2024-12-07 16:38:09
3852,1469,489,2,35.46,70.92,cancelled,2025-03-18 22:12:56
3853,351,1019,5,123.73,618.65,pending,2024-06-30 00:11:22
3854,1026,1002,5,154.90,774.50,delivered,2024-05-08 15:28:00
3855,568,1610,2,130.19,260.38,delivered,2025-04-09 09:16:18
3856,905,1168,2,166.03,332.06,delivered,2025-01-04 20:41:58
3857,1106,1333,1,52.22,52.22,pending,2025-04-10 14:37:30
3858,118,1025,3,74.07,222.21,cancelled,2025-04-15 02:22:43
3859,254,375,1,167.20,167.20,delivered,2024-05-11 01:53:16
3860,1047,63,4,9.59,38.36,pending,2024-10-25 20:28:52
3861,1,106,5,54.82,274.10,delivered,2024-09-28 18:24:43
3862,196,1801,4,165.49,661.96,delivered,2024-09-15 13:54:25
3863,135,173,3,119.62,358.86,shipped,2025-04-09 14:08:03
3864,201,540,4,28.62,114.48,pending,2025-01-20 00:04:46
3865,546,553,1,56.78,56.78,delivered,2024-07-23 16:35:51
3866,1027,899,4,177.58,710.32,pending,2024-08-01 20:06:56
3867,96,785,1,91.08,91.08,cancelled,2024-09-16 14:17:58
3868,946,43,2,50.59,101.18,processing,2024-12-30 04:40:14
3869,362,1629,4,37.62,150.48,delivered,2025-04-30 17:59:39
3870,779,939,2,140.51,281.02,shipped,2025-04-11 13:20:13
3871,425,856,1,13.82,13.82,processing,2025-01-29 16:47:25
3872,523,1528,5,179.52,897.60,processing,2025-03-26 19:40:28
3873,852,1442,4,137.96,551.84,cancelled,2025-04-01 07:58:25
3874,508,556,5,161.82,809.10,pending,2024-12-07 21:11:19
3875,194,112,5,118.89,594.45,delivered,2025-02-26 10:10:12
3876,1107,971,2,129.72,259.44,pending,2024-10-25 09:19:58
3877,182,1549,4,96.17,384.68,cancelled,2024-12-07 04:27:39
3878,4,1152,2,165.83,331.66,shipped,2025-01-16 04:25:14
3879,722,141,4,22.70,90.80,pending,2025-01-02 10:16:18
3880,393,857,5,130.94,654.70,delivered,2025-04-21 07:59:41
3881,180,1995,1,88.67,88.67,pending,2024-11-29 14:43:23
3882,746,913,3,109.38,328.14,cancelled,2025-03-12 04:21:34
3883,32,285,5,107.89,539.45,delivered,2024-07-04 18:47:31
3884,1248,934,1,149.12,149.12,cancelled,2024-05-26 00:26:23
3885,46,959,4,58.57,234.28,processing,2025-04-10 09:36:55
3886,1008,1304,4,81.11,324.44,shipped,2024-10-19 00:15:13
3887,39,1764,5,57.99,289.95,shipped,2024-10-24 23:08:26
3888,938,1848,3,48.46,145.38,cancelled,2024-11-16 08:44:21
3889,1262,253,2,154.64,309.28,shipped,2024-10-26 23:36:51
3890,326,1719,3,122.69,368.07,delivered,2024-08-24 06:58:45
3891,823,1163,2,113.34,226.68,processing,2024-08-01 12:49:09
3892,865,1958,2,166.67,333.34,pending,2024-07-26 13:10:20
3893,1284,1442,4,97.45,389.80,cancelled,2024-07-08 13:22:44
3894,271,832,2,172.48,344.96,processing,2024-11-21 21:56:48
3895,1489,855,1,170.04,170.04,delivered,2025-04-03 16:09:57
3896,1133,22,1,91.17,91.17,pending,2025-01-30 16:40:14
3897,151,414,2,129.65,259.30,delivered,2024-05-19 17:43:39
3898,1465,915,2,95.51,191.02,pending,2025-03-11 18:58:31
3899,1284,1019,5,196.61,983.05,processing,2024-08-07 11:26:00
3900,143,175,5,173.51,867.55,cancelled,2024-12-23 14:47:02
3901,931,699,2,108.96,217.92,processing,2025-03-20 14:01:38
3902,971,1110,1,139.73,139.73,pending,2024-10-25 21:56:44
3903,190,1450,5,187.22,936.10,processing,2024-11-28 15:25:06
3904,1075,1937,5,173.42,867.10,delivered,2024-12-19 15:15:29
3905,161,107,5,170.16,850.80,cancelled,2025-03-21 21:57:11
3906,760,1390,2,147.78,295.56,shipped,2024-05-23 09:02:11
3907,350,174,5,139.88,699.40,pending,2024-11-17 06:53:48
3908,551,73,1,37.32,37.32,shipped,2024-10-23 07:31:09
3909,282,677,1,31.89,31.89,pending,2025-04-27 00:51:26
3910,327,924,1,141.02,141.02,shipped,2025-04-24 22:01:27
3911,664,1214,3,173.89,521.67,processing,2024-06-27 04:34:19
3912,75,1526,2,102.21,204.42,shipped,2025-03-26 16:37:34
3913,1420,1658,1,43.08,43.08,cancelled,2024-05-01 21:32:09
3914,1397,84,5,145.78,728.90,pending,2025-02-01 15:51:58
3915,424,701,3,112.32,336.96,processing,2024-10-23 11:05:15
3916,1184,822,5,125.90,629.50,cancelled,2024-10-06 04:57:27
3917,1026,1685,1,156.33,156.33,processing,2024-06-16 18:52:20
3918,133,455,4,47.70,190.80,processing,2025-03-05 08:26:09
3919,125,300,4,143.27,573.08,shipped,2025-04-19 02:32:38
3920,1379,1701,4,15.33,61.32,pending,2024-12-21 03:46:36
3921,228,1169,1,57.70,57.70,cancelled,2024-08-06 08:42:15
3922,112,1392,5,195.39,976.95,delivered,2024-10-22 08:43:25
3923,120,1213,2,136.89,273.78,cancelled,2024-05-16 19:39:53
3924,585,1803,2,15.97,31.94,delivered,2024-08-08 07:48:48
3925,812,398,3,150.21,450.63,pending,2024-06-25 09:40:50
3926,444,1761,5,123.13,615.65,delivered,2025-01-04 08:08:47
3927,517,892,2,52.88,105.76,cancelled,2024-10-02 08:13:17
3928,1381,559,1,109.28,109.28,pending,2024-09-25 13:54:44
3929,892,1966,1,149.45,149.45,shipped,2024-07-16 14:58:20
3930,1032,152,5,196.19,980.95,cancelled,2024-06-06 12:49:09
3931,30,1535,1,187.40,187.40,processing,2024-06-20 07:50:54
3932,277,1351,5,75.25,376.25,pending,2024-12-28 08:44:09
3933,1238,612,5,143.12,715.60,processing,2024-05-18 03:09:40
3934,1236,1731,5,173.88,869.40,delivered,2024-10-04 01:30:12
3935,402,207,5,151.22,756.10,processing,2025-01-21 02:07:41
3936,1116,1367,3,113.80,341.40,processing,2025-02-16 14:40:27
3937,604,670,5,175.07,875.35,delivered,2025-02-14 23:03:01
3938,1164,937,3,194.90,584.70,delivered,2024-09-30 20:55:59
3939,424,673,2,138.62,277.24,shipped,2024-12-11 07:22:09
3940,926,1665,1,41.40,41.40,cancelled,2024-07-30 11:33:30
3941,723,1506,5,9.79,48.95,processing,2024-06-01 09:27:06
3942,1241,420,1,21.14,21.14,shipped,2025-04-16 00:14:14
3943,30,695,5,77.22,386.10,delivered,2024-06-08 06:19:57
3944,768,341,3,113.96,341.88,shipped,2024-06-05 17:05:09
3945,1157,717,3,123.12,369.36,pending,2024-08-18 03:17:29
3946,353,1329,4,20.74,82.96,cancelled,2024-09-24 22:31:27
3947,533,260,2,130.76,261.52,delivered,2025-03-12 02:18:17
3948,466,714,2,176.74,353.48,pending,2025-01-29 17:06:02
3949,787,1389,4,35.61,142.44,shipped,2025-02-28 10:04:41
3950,796,1199,1,95.00,95.00,pending,2025-04-10 21:51:08
3951,1149,1050,2,133.35,266.70,delivered,2024-11-09 05:57:19
3952,555,883,3,78.01,234.03,cancelled,2024-11-07 21:25:39
3953,841,1967,5,119.92,599.60,cancelled,2025-02-20 17:21:45
3954,1274,713,4,45.25,181.00,processing,2025-01-31 01:42:01
3955,1293,1303,3,56.70,170.10,shipped,2024-06-13 14:11:22
3956,532,1691,5,154.48,772.40,cancelled,2024-12-04 15:22:07
3957,1355,1430,4,176.43,705.72,delivered,2024-05-16 17:57:39
3958,598,1978,3,182.09,546.27,shipped,2024-09-17 08:59:20
3959,1284,1043,2,38.54,77.08,pending,2025-03-18 07:52:37
3960,1330,1986,5,184.96,924.80,shipped,2024-06-22 23:09:08
3961,1221,702,4,62.96,251.84,pending,2024-07-30 17:53:00
3962,243,1502,4,131.74,526.96,delivered,2025-01-12 16:03:30
3963,677,1248,3,168.48,505.44,processing,2024-09-20 01:00:39
3964,4,1014,2,59.59,119.18,processing,2025-02-06 03:51:09
3965,993,1060,5,69.74,348.70,delivered,2024-10-23 08:58:06
3966,945,349,5,13.00,65.00,shipped,2024-08-17 19:57:22
3967,1372,1534,3,26.71,80.13,cancelled,2024-11-05 12:02:12
3968,1016,814,3,98.17,294.51,pending,2025-04-01 12:09:35
3969,499,1623,5,72.64,363.20,pending,2024-10-28 12:25:46
3970,709,749,3,43.89,131.67,shipped,2024-10-31 09:57:51
3971,4,1152,3,189.50,568.50,shipped,2025-04-16 16:12:20
3972,64,1496,5,67.30,336.50,pending,2024-09-16 01:47:47
3973,140,691,2,60.51,121.02,pending,2024-12-24 23:25:03
3974,305,988,5,181.59,907.95,pending,2024-07-15 03:18:07
3975,910,608,5,66.69,333.45,pending,2024-12-28 07:54:39
3976,91,881,5,187.42,937.10,delivered,2024-08-11 19:07:15
3977,434,128,1,150.91,150.91,processing,2024-06-27 03:09:19
3978,975,1757,1,180.06,180.06,shipped,2024-11-11 06:32:38
3979,1116,1367,3,172.28,516.84,shipped,2024-06-09 10:29:19
3980,37,1660,5,9.55,47.75,cancelled,2025-04-06 18:58:30
3981,59,1292,3,35.23,105.69,delivered,2025-01-05 03:37:16
3982,891,1535,4,135.13,540.52,shipped,2024-08-28 03:21:21
3983,492,337,5,138.89,694.45,pending,2024-12-13 21:48:33
3984,1476,654,3,139.63,418.89,cancelled,2025-04-16 20:16:57
3985,879,858,5,16.33,81.65,shipped,2024-12-03 05:08:08
3986,656,1226,1,143.57,143.57,shipped,2024-11-04 23:16:48
3987,903,520,1,168.96,168.96,pending,2025-01-17 09:10:19
3988,367,1909,1,150.64,150.64,pending,2024-11-14 14:05:40
3989,792,932,1,145.70,145.70,processing,2024-10-07 07:36:21
3990,280,915,1,68.78,68.78,shipped,2024-09-23 15:25:05
3991,1428,1810,2,183.20,366.40,processing,2024-12-16 10:43:33
3992,209,1963,5,81.58,407.90,pending,2024-08-14 03:14:38
3993,1480,810,4,122.47,489.88,delivered,2025-01-26 18:48:24
3994,1466,88,3,134.86,404.58,shipped,2024-06-28 18:50:24
3995,385,594,4,31.73,126.92,cancelled,2025-02-07 02:43:15
3996,141,126,5,164.35,821.75,processing,2024-07-29 20:23:00
3997,187,267,2,130.11,260.22,processing,2024-06-16 05:29:24
3998,109,749,1,22.28,22.28,pending,2024-12-06 11:45:55
3999,197,1169,2,118.15,236.30,delivered,2024-07-14 07:24:51
4000,1313,944,3,135.73,407.19,pending,2024-05-16 19:44:59
